publication	class	subject	voicing	pair	vowel_duration	target	acoustic_cue	dur
Baer_Henney_unpublished	tut5	PaMe	voiceless	alveolar_a	0.238649168	alveolar a	preceding vowel duration in ms	238.6491683
Baer_Henney_unpublished	tut4	SvBo	voiceless	alveolar_a	0.234640524	alveolar a	preceding vowel duration in ms	234.6405235
Baer_Henney_unpublished	tut4	SvBo	voiceless	alveolar_a	0.154245619	alveolar a	preceding vowel duration in ms	154.245619
Baer_Henney_unpublished	tut3	MaKo	voiced	alveolar_a	0.211806622	alveolar a	preceding vowel duration in ms	211.8066217
Baer_Henney_unpublished	tut7	AnHu	voiced	alveolar_a	0.164582979	alveolar a	preceding vowel duration in ms	164.5829787
Baer_Henney_unpublished	tut7	BeNi	voiced	alveolar_a	0.112206762	alveolar a	preceding vowel duration in ms	112.2067617
Baer_Henney_unpublished	tut7	BeNi	voiced	alveolar_a	0.112206762	alveolar a	preceding vowel duration in ms	112.2067617
Baer_Henney_unpublished	tut1	CaMu	voiced	alveolar_a	0.202883031	alveolar a	preceding vowel duration in ms	202.8830313
Baer_Henney_unpublished	tut9	EdGr	voiced	alveolar_a	0.118078154	alveolar a	preceding vowel duration in ms	118.0781539
Baer_Henney_unpublished	tut7	FrSc	voiced	alveolar_a	0.287877996	alveolar a	preceding vowel duration in ms	287.8779963
Baer_Henney_unpublished	tut1	HaSa	voiced	alveolar_a	0.116098884	alveolar a	preceding vowel duration in ms	116.0988835
Baer_Henney_unpublished	tut8	JeHa	voiced	alveolar_a	0.138387386	alveolar a	preceding vowel duration in ms	138.3873856
Baer_Henney_unpublished	tut7	JuSo	voiced	alveolar_a	0.155811768	alveolar a	preceding vowel duration in ms	155.8117677
Baer_Henney_unpublished	tut1	KaTh	voiced	alveolar_a	0.190202842	alveolar a	preceding vowel duration in ms	190.2028418
Baer_Henney_unpublished	tut6	MaHo	voiced	alveolar_a	0.12984314	alveolar a	preceding vowel duration in ms	129.8431398
Baer_Henney_unpublished	tut7	MaMe	voiced	alveolar_a	0.237047865	alveolar a	preceding vowel duration in ms	237.0478648
Baer_Henney_unpublished	tut7	MaRe	voiced	alveolar_a	0.19476471	alveolar a	preceding vowel duration in ms	194.7647096
Baer_Henney_unpublished	tut9	MaRo	voiced	alveolar_a	0.151728	alveolar a	preceding vowel duration in ms	151.7279998
Baer_Henney_unpublished	tut7	MiMi	voiced	alveolar_a	0.251907586	alveolar a	preceding vowel duration in ms	251.9075857
Baer_Henney_unpublished	tut6	MlHa	voiced	alveolar_a	0.212099733	alveolar a	preceding vowel duration in ms	212.0997325
Baer_Henney_unpublished	tut7	SaBa	voiced	alveolar_a	0.217639532	alveolar a	preceding vowel duration in ms	217.6395321
Baer_Henney_unpublished	tut8	SoBe	voiced	alveolar_a	0.185026474	alveolar a	preceding vowel duration in ms	185.0264741
Baer_Henney_unpublished	tut9	VaHu	voiced	alveolar_a	0.110285233	alveolar a	preceding vowel duration in ms	110.285233
Baer_Henney_unpublished	tut7	VaMa	voiced	alveolar_a	0.097806917	alveolar a	preceding vowel duration in ms	97.8069172
Baer_Henney_unpublished	tut7	VaSc	voiced	alveolar_a	0.114619221	alveolar a	preceding vowel duration in ms	114.6192211
Baer_Henney_unpublished	tut7	YuVo	voiced	alveolar_a	0.1762522	alveolar a	preceding vowel duration in ms	176.2521996
Baer_Henney_unpublished	tut1	ImNi	voiced	alveolar_a	0.16314134	alveolar a	preceding vowel duration in ms	163.1413397
Baer_Henney_unpublished	tut8	NiBi	voiced	alveolar_a	0.165569368	alveolar a	preceding vowel duration in ms	165.5693676
Baer_Henney_unpublished	tut7	PiSt	voiced	alveolar_a	0.157941161	alveolar a	preceding vowel duration in ms	157.9411611
Baer_Henney_unpublished	tut1	SaBe	voiced	alveolar_a	0.144295175	alveolar a	preceding vowel duration in ms	144.295175
Baer_Henney_unpublished	tut8	ViCo	voiced	alveolar_a	0.146408262	alveolar a	preceding vowel duration in ms	146.4082621
Baer_Henney_unpublished	tut8	ViGr	voiced	alveolar_a	0.207043001	alveolar a	preceding vowel duration in ms	207.0430006
Baer_Henney_unpublished	tut1	LeVe	voiced	alveolar_a	0.171486854	alveolar a	preceding vowel duration in ms	171.4868537
Baer_Henney_unpublished	tut9	AnKu	voiced	alveolar_a	0.101441126	alveolar a	preceding vowel duration in ms	101.4411261
Baer_Henney_unpublished	tut9	DaHe	voiced	alveolar_a	0.075471324	alveolar a	preceding vowel duration in ms	75.4713238
Baer_Henney_unpublished	tut4	CoLa	voiced	alveolar_a	0.102223502	alveolar a	preceding vowel duration in ms	102.2235022
Baer_Henney_unpublished	tut4	HaAl	voiced	alveolar_a	0.152352278	alveolar a	preceding vowel duration in ms	152.3522777
Baer_Henney_unpublished	tut4	MaKu	voiced	alveolar_a	0.185901353	alveolar a	preceding vowel duration in ms	185.9013525
Baer_Henney_unpublished	tut3	JuEh	voiced	alveolar_a	0.195662373	alveolar a	preceding vowel duration in ms	195.6623732
Baer_Henney_unpublished	tut3	LaKu	voiced	alveolar_a	0.355045305	alveolar a	preceding vowel duration in ms	355.0453048
Baer_Henney_unpublished	tut3	LaKu	voiced	alveolar_a	0.355045305	alveolar a	preceding vowel duration in ms	355.0453048
Baer_Henney_unpublished	tut6	AnHo	voiced	alveolar_a	0.324607849	alveolar a	preceding vowel duration in ms	324.6078494
Baer_Henney_unpublished	tut7	AnHu	voiced	alveolar_a	0.135702152	alveolar a	preceding vowel duration in ms	135.7021519
Baer_Henney_unpublished	tut7	BeNi	voiced	alveolar_a	0.35064613	alveolar a	preceding vowel duration in ms	350.6461304
Baer_Henney_unpublished	tut7	BeNi	voiced	alveolar_a	0.35064613	alveolar a	preceding vowel duration in ms	350.6461304
Baer_Henney_unpublished	tut2	DaAr	voiced	alveolar_a	0.184026661	alveolar a	preceding vowel duration in ms	184.0266606
Baer_Henney_unpublished	tut10	DiTu	voiced	alveolar_a	0.157059852	alveolar a	preceding vowel duration in ms	157.0598518
Baer_Henney_unpublished	tut7	FrSc	voiced	alveolar_a	0.321872903	alveolar a	preceding vowel duration in ms	321.8729031
Baer_Henney_unpublished	tut2	JeMe	voiced	alveolar_a	0.175778289	alveolar a	preceding vowel duration in ms	175.7782889
Baer_Henney_unpublished	tut10	JoTh	voiced	alveolar_a	0.142760175	alveolar a	preceding vowel duration in ms	142.7601754
Baer_Henney_unpublished	tut2	MaGe	voiced	alveolar_a	0.166215355	alveolar a	preceding vowel duration in ms	166.2153552
Baer_Henney_unpublished	tut7	MaMe	voiced	alveolar_a	0.208706935	alveolar a	preceding vowel duration in ms	208.7069354
Baer_Henney_unpublished	tut7	MaRe	voiced	alveolar_a	0.178534317	alveolar a	preceding vowel duration in ms	178.5343172
Baer_Henney_unpublished	tut2	MaSc	voiced	alveolar_a	0.092914316	alveolar a	preceding vowel duration in ms	92.9143162
Baer_Henney_unpublished	tut7	MiMi	voiced	alveolar_a	0.152934426	alveolar a	preceding vowel duration in ms	152.9344255
Baer_Henney_unpublished	tut2	MiPa	voiced	alveolar_a	0.137146816	alveolar a	preceding vowel duration in ms	137.1468164
Baer_Henney_unpublished	tut2	MoSc	voiced	alveolar_a	0.230403567	alveolar a	preceding vowel duration in ms	230.4035668
Baer_Henney_unpublished	tut10	PhLu	voiced	alveolar_a	0.126707809	alveolar a	preceding vowel duration in ms	126.7078087
Baer_Henney_unpublished	tut7	SaBa	voiced	alveolar_a	0.201972661	alveolar a	preceding vowel duration in ms	201.9726611
Baer_Henney_unpublished	tut2	SeUc	voiced	alveolar_a	0.140489288	alveolar a	preceding vowel duration in ms	140.4892878
Baer_Henney_unpublished	tut2	SiCa	voiced	alveolar_a	0.183085272	alveolar a	preceding vowel duration in ms	183.085272
Baer_Henney_unpublished	tut7	TcQu	voiced	alveolar_a	0.157238011	alveolar a	preceding vowel duration in ms	157.2380114
Baer_Henney_unpublished	tut7	VaMa	voiced	alveolar_a	0.103995631	alveolar a	preceding vowel duration in ms	103.9956306
Baer_Henney_unpublished	tut7	VaSc	voiced	alveolar_a	0.120210403	alveolar a	preceding vowel duration in ms	120.2104027
Baer_Henney_unpublished	tut7	YuVo	voiced	alveolar_a	0.229804136	alveolar a	preceding vowel duration in ms	229.8041358
Baer_Henney_unpublished	tut10	ClGo	voiced	alveolar_a	0.140489288	alveolar a	preceding vowel duration in ms	140.4892878
Baer_Henney_unpublished	tut7	AnHu	voiced	alveolar_a	0.145652635	alveolar a	preceding vowel duration in ms	145.6526349
Baer_Henney_unpublished	tut7	BeNi	voiced	alveolar_a	0.210387678	alveolar a	preceding vowel duration in ms	210.3876782
Baer_Henney_unpublished	tut7	BeNi	voiced	alveolar_a	0.210387678	alveolar a	preceding vowel duration in ms	210.3876782
Baer_Henney_unpublished	tut2	DaAr	voiced	alveolar_a	0.211210119	alveolar a	preceding vowel duration in ms	211.2101185
Baer_Henney_unpublished	tut7	FrSc	voiced	alveolar_a	0.331477732	alveolar a	preceding vowel duration in ms	331.4777322
Baer_Henney_unpublished	tut2	JeMe	voiced	alveolar_a	0.18627419	alveolar a	preceding vowel duration in ms	186.2741904
Baer_Henney_unpublished	tut7	JuSo	voiced	alveolar_a	0.155811768	alveolar a	preceding vowel duration in ms	155.8117677
Baer_Henney_unpublished	tut2	MaGe	voiced	alveolar_a	0.172623752	alveolar a	preceding vowel duration in ms	172.6237517
Baer_Henney_unpublished	tut7	MaMe	voiced	alveolar_a	0.616001934	alveolar a	preceding vowel duration in ms	616.0019343
Baer_Henney_unpublished	tut7	MaRe	voiced	alveolar_a	0.142827454	alveolar a	preceding vowel duration in ms	142.8274537
Baer_Henney_unpublished	tut2	MaSc	voiced	alveolar_a	0.282024591	alveolar a	preceding vowel duration in ms	282.0245909
Baer_Henney_unpublished	tut7	MiMi	voiced	alveolar_a	0.240211343	alveolar a	preceding vowel duration in ms	240.2113431
Baer_Henney_unpublished	tut2	MiPa	voiced	alveolar_a	0.146885052	alveolar a	preceding vowel duration in ms	146.8850518
Baer_Henney_unpublished	tut2	MoSc	voiced	alveolar_a	0.298310133	alveolar a	preceding vowel duration in ms	298.3101327
Baer_Henney_unpublished	tut7	SaBa	voiced	alveolar_a	0.288571365	alveolar a	preceding vowel duration in ms	288.5713654
Baer_Henney_unpublished	tut2	SeUc	voiced	alveolar_a	0.153660159	alveolar a	preceding vowel duration in ms	153.6601585
Baer_Henney_unpublished	tut2	SiCa	voiced	alveolar_a	0.219987282	alveolar a	preceding vowel duration in ms	219.9872819
Baer_Henney_unpublished	tut7	VaMa	voiced	alveolar_a	0.138625624	alveolar a	preceding vowel duration in ms	138.6256238
Baer_Henney_unpublished	tut7	VaSc	voiced	alveolar_a	0.114750976	alveolar a	preceding vowel duration in ms	114.7509762
Baer_Henney_unpublished	tut7	YuVo	voiced	alveolar_a	0.181148094	alveolar a	preceding vowel duration in ms	181.1480941
Baer_Henney_unpublished	tut7	Beck	voiced	alveolar_a	0.134450878	alveolar a	preceding vowel duration in ms	134.4508777
Baer_Henney_unpublished	tut1	KaTh	voiced	alveolar_a	0.215563221	alveolar a	preceding vowel duration in ms	215.5632208
Baer_Henney_unpublished	tut3	AnRu	voiced	alveolar_a	0.125854093	alveolar a	preceding vowel duration in ms	125.8540931
Baer_Henney_unpublished	tut1	HaSa	voiced	alveolar_a	0.120012329	alveolar a	preceding vowel duration in ms	120.0123291
Baer_Henney_unpublished	tut3	JeJe	voiced	alveolar_a	0.101441516	alveolar a	preceding vowel duration in ms	101.4415157
Baer_Henney_unpublished	tut3	LiRi	voiced	alveolar_a	0.142827454	alveolar a	preceding vowel duration in ms	142.8274537
Baer_Henney_unpublished	tut3	MaKo	voiced	alveolar_a	0.233717652	alveolar a	preceding vowel duration in ms	233.7176516
Baer_Henney_unpublished	tut3	MeDo	voiced	alveolar_a	0.126801895	alveolar a	preceding vowel duration in ms	126.8018946
Baer_Henney_unpublished	tut3	KiSt	voiced	alveolar_a	0.306143585	alveolar a	preceding vowel duration in ms	306.1435851
Baer_Henney_unpublished	tut3	LaKu	voiced	alveolar_a	0.355045305	alveolar a	preceding vowel duration in ms	355.0453048
Baer_Henney_unpublished	tut3	AnRu	voiced	alveolar_a	0.12853184	alveolar a	preceding vowel duration in ms	128.5318398
Baer_Henney_unpublished	tut1	HaSa	voiced	alveolar_a	0.112185438	alveolar a	preceding vowel duration in ms	112.185438
Baer_Henney_unpublished	tut9	KaKe	voiced	alveolar_a	0.24755641	alveolar a	preceding vowel duration in ms	247.5564096
Baer_Henney_unpublished	tut3	LiRi	voiced	alveolar_a	0.149319611	alveolar a	preceding vowel duration in ms	149.3196107
Baer_Henney_unpublished	tut3	MeDo	voiced	alveolar_a	0.085591279	alveolar a	preceding vowel duration in ms	85.5912788
Baer_Henney_unpublished	tut3	KiSt	voiced	alveolar_a	0.262077463	alveolar a	preceding vowel duration in ms	262.077463
Baer_Henney_unpublished	tut3	LaKu	voiced	alveolar_a	0.355045305	alveolar a	preceding vowel duration in ms	355.0453048
Baer_Henney_unpublished	tut1	HaSa	voiced	alveolar_a	0.128491461	alveolar a	preceding vowel duration in ms	128.491461
Baer_Henney_unpublished	tut9	KaKe	voiced	alveolar_a	0.114083373	alveolar a	preceding vowel duration in ms	114.0833728
Baer_Henney_unpublished	tut4	CoLa	voiced	alveolar_a	0.141540234	alveolar a	preceding vowel duration in ms	141.5402338
Baer_Henney_unpublished	tut4	HaAl	voiced	alveolar_a	0.183896582	alveolar a	preceding vowel duration in ms	183.8965819
Baer_Henney_unpublished	tut4	KaRe	voiced	alveolar_a	0.162438386	alveolar a	preceding vowel duration in ms	162.4383857
Baer_Henney_unpublished	tut4	MaKu	voiced	alveolar_a	0.145153971	alveolar a	preceding vowel duration in ms	145.1539712
Baer_Henney_unpublished	tut4	StKa	voiced	alveolar_a	0.192349591	alveolar a	preceding vowel duration in ms	192.3495913
Baer_Henney_unpublished	tut4	CoLa	voiced	alveolar_a	0.192651985	alveolar a	preceding vowel duration in ms	192.6519849
Baer_Henney_unpublished	tut4	HaAl	voiced	alveolar_a	0.152352772	alveolar a	preceding vowel duration in ms	152.3527722
Baer_Henney_unpublished	tut4	KaGr	voiced	alveolar_a	0.212393173	alveolar a	preceding vowel duration in ms	212.3931734
Baer_Henney_unpublished	tut4	KaRe	voiced	alveolar_a	0.130710617	alveolar a	preceding vowel duration in ms	130.7106174
Baer_Henney_unpublished	tut4	MaKu	voiced	alveolar_a	0.13280628	alveolar a	preceding vowel duration in ms	132.8062799
Baer_Henney_unpublished	tut4	StKa	voiced	alveolar_a	0.200306992	alveolar a	preceding vowel duration in ms	200.3069923
Baer_Henney_unpublished	tut4	SvBo	voiced	alveolar_a	0.284185207	alveolar a	preceding vowel duration in ms	284.185207
Baer_Henney_unpublished	tut3	JeJe	voiced	alveolar_a	0.069741042	alveolar a	preceding vowel duration in ms	69.741042
Baer_Henney_unpublished	tut6	AnHo	voiceless	alveolar_a	0.305131378	alveolar a	preceding vowel duration in ms	305.1313784
Baer_Henney_unpublished	tut7	AnHu	voiceless	alveolar_a	0.146185351	alveolar a	preceding vowel duration in ms	146.185351
Baer_Henney_unpublished	tut7	Beck	voiceless	alveolar_a	0.291490221	alveolar a	preceding vowel duration in ms	291.4902206
Baer_Henney_unpublished	tut1	CaMu	voiceless	alveolar_a	0.198920472	alveolar a	preceding vowel duration in ms	198.9204721
Baer_Henney_unpublished	tut9	EdGr	voiceless	alveolar_a	0.109395937	alveolar a	preceding vowel duration in ms	109.3959367
Baer_Henney_unpublished	tut7	FrSc	voiceless	alveolar_a	0.300943344	alveolar a	preceding vowel duration in ms	300.9433437
Baer_Henney_unpublished	tut8	JeHa	voiceless	alveolar_a	0.191465355	alveolar a	preceding vowel duration in ms	191.4653552
Baer_Henney_unpublished	tut7	JuSo	voiceless	alveolar_a	0.202013245	alveolar a	preceding vowel duration in ms	202.013245
Baer_Henney_unpublished	tut1	KaTh	voiceless	alveolar_a	0.133141989	alveolar a	preceding vowel duration in ms	133.1419893
Baer_Henney_unpublished	tut6	MaHo	voiceless	alveolar_a	0.145262013	alveolar a	preceding vowel duration in ms	145.2620126
Baer_Henney_unpublished	tut7	MaMe	voiceless	alveolar_a	0.08589725	alveolar a	preceding vowel duration in ms	85.8972501
Baer_Henney_unpublished	tut9	MaRo	voiceless	alveolar_a	0.206368742	alveolar a	preceding vowel duration in ms	206.3687415
Baer_Henney_unpublished	tut7	MiMi	voiceless	alveolar_a	0.162895223	alveolar a	preceding vowel duration in ms	162.8952227
Baer_Henney_unpublished	tut6	MlHa	voiceless	alveolar_a	0.182641436	alveolar a	preceding vowel duration in ms	182.6414364
Baer_Henney_unpublished	tut8	PaNu	voiceless	alveolar_a	0.188042099	alveolar a	preceding vowel duration in ms	188.0420991
Baer_Henney_unpublished	tut7	SaBa	voiceless	alveolar_a	0.175152142	alveolar a	preceding vowel duration in ms	175.1521417
Baer_Henney_unpublished	tut8	SoBe	voiceless	alveolar_a	0.227225405	alveolar a	preceding vowel duration in ms	227.225405
Baer_Henney_unpublished	tut7	TcQu	voiceless	alveolar_a	0.165031492	alveolar a	preceding vowel duration in ms	165.0314916
Baer_Henney_unpublished	tut9	VaHu	voiceless	alveolar_a	0.093222495	alveolar a	preceding vowel duration in ms	93.2224949
Baer_Henney_unpublished	tut7	VaMa	voiceless	alveolar_a	0.110155939	alveolar a	preceding vowel duration in ms	110.155939
Baer_Henney_unpublished	tut7	VaSc	voiceless	alveolar_a	0.131392766	alveolar a	preceding vowel duration in ms	131.3927657
Baer_Henney_unpublished	tut9	ViBe	voiceless	alveolar_a	0.155044209	alveolar a	preceding vowel duration in ms	155.0442094
Baer_Henney_unpublished	tut7	YuVo	voiceless	alveolar_a	0.137882482	alveolar a	preceding vowel duration in ms	137.8824815
Baer_Henney_unpublished	tut9	AnKu	voiceless	alveolar_a	0.171181815	alveolar a	preceding vowel duration in ms	171.1818153
Baer_Henney_unpublished	tut9	DaHe	voiceless	alveolar_a	0.118481863	alveolar a	preceding vowel duration in ms	118.4818632
Baer_Henney_unpublished	tut5	ClFi	voiceless	alveolar_a	0.235003084	alveolar a	preceding vowel duration in ms	235.0030844
Baer_Henney_unpublished	tut4	CoLa	voiceless	alveolar_a	0.142523152	alveolar a	preceding vowel duration in ms	142.5231521
Baer_Henney_unpublished	tut5	DaDr	voiceless	alveolar_a	0.091963053	alveolar a	preceding vowel duration in ms	91.9630534
Baer_Henney_unpublished	tut5	IsRa	voiceless	alveolar_a	0.219827871	alveolar a	preceding vowel duration in ms	219.8278706
Baer_Henney_unpublished	tut5	JeSc	voiceless	alveolar_a	0.190574831	alveolar a	preceding vowel duration in ms	190.5748311
Baer_Henney_unpublished	tut4	KaGr	voiceless	alveolar_a	0.147407202	alveolar a	preceding vowel duration in ms	147.4072024
Baer_Henney_unpublished	tut4	KaRe	voiceless	alveolar_a	0.121358762	alveolar a	preceding vowel duration in ms	121.358762
Baer_Henney_unpublished	tut4	MaKu	voiceless	alveolar_a	0.11442194	alveolar a	preceding vowel duration in ms	114.4219395
Baer_Henney_unpublished	tut4	StKa	voiceless	alveolar_a	0.189880053	alveolar a	preceding vowel duration in ms	189.880053
Baer_Henney_unpublished	tut2	SeUc	voiceless	alveolar_a	0.105366966	alveolar a	preceding vowel duration in ms	105.3669658
Baer_Henney_unpublished	tut3	LaKu	voiceless	alveolar_a	0.355045305	alveolar a	preceding vowel duration in ms	355.0453048
Baer_Henney_unpublished	tut6	AnHo	voiceless	alveolar_a	0.311623535	alveolar a	preceding vowel duration in ms	311.6235354
Baer_Henney_unpublished	tut3	LaKu	voiceless	alveolar_a	0.405766063	alveolar a	preceding vowel duration in ms	405.7660626
Baer_Henney_unpublished	tut7	AnHu	voiceless	alveolar_a	0.12595923	alveolar a	preceding vowel duration in ms	125.9592296
Baer_Henney_unpublished	tut7	BeNi	voiceless	alveolar_a	0.308568595	alveolar a	preceding vowel duration in ms	308.5685948
Baer_Henney_unpublished	tut7	BeNi	voiceless	alveolar_a	0.308568595	alveolar a	preceding vowel duration in ms	308.5685948
Baer_Henney_unpublished	tut2	DaAr	voiceless	alveolar_a	0.183550246	alveolar a	preceding vowel duration in ms	183.5502461
Baer_Henney_unpublished	tut10	DiTu	voiceless	alveolar_a	0.198851887	alveolar a	preceding vowel duration in ms	198.8518868
Baer_Henney_unpublished	tut7	FrSc	voiceless	alveolar_a	0.319673778	alveolar a	preceding vowel duration in ms	319.6737775
Baer_Henney_unpublished	tut2	JeMe	voiceless	alveolar_a	0.179033018	alveolar a	preceding vowel duration in ms	179.0330177
Baer_Henney_unpublished	tut10	JoTh	voiceless	alveolar_a	0.112851393	alveolar a	preceding vowel duration in ms	112.8513927
Baer_Henney_unpublished	tut7	JuSo	voiceless	alveolar_a	0.181780396	alveolar a	preceding vowel duration in ms	181.7803957
Baer_Henney_unpublished	tut2	MaGe	voiceless	alveolar_a	0.14816147	alveolar a	preceding vowel duration in ms	148.1614702
Baer_Henney_unpublished	tut7	MaMe	voiceless	alveolar_a	0.193755433	alveolar a	preceding vowel duration in ms	193.7554327
Baer_Henney_unpublished	tut7	MaRe	voiceless	alveolar_a	0.249948044	alveolar a	preceding vowel duration in ms	249.948044
Baer_Henney_unpublished	tut2	MaSc	voiceless	alveolar_a	0.294166366	alveolar a	preceding vowel duration in ms	294.1663662
Baer_Henney_unpublished	tut7	MiMi	voiceless	alveolar_a	0.168665533	alveolar a	preceding vowel duration in ms	168.6655331
Baer_Henney_unpublished	tut2	MiPa	voiceless	alveolar_a	0.125785542	alveolar a	preceding vowel duration in ms	125.7855416
Baer_Henney_unpublished	tut2	MoSc	voiceless	alveolar_a	0.200357552	alveolar a	preceding vowel duration in ms	200.3575518
Baer_Henney_unpublished	tut10	PhLu	voiceless	alveolar_a	0.090029459	alveolar a	preceding vowel duration in ms	90.0294586
Baer_Henney_unpublished	tut2	RoBe	voiceless	alveolar_a	0.165939451	alveolar a	preceding vowel duration in ms	165.9394513
Baer_Henney_unpublished	tut2	RoBe	voiceless	alveolar_a	0.165939451	alveolar a	preceding vowel duration in ms	165.9394513
Baer_Henney_unpublished	tut7	SaBa	voiceless	alveolar_a	0.176850376	alveolar a	preceding vowel duration in ms	176.8503758
Baer_Henney_unpublished	tut2	SeUc	voiceless	alveolar_a	0.147074723	alveolar a	preceding vowel duration in ms	147.0747231
Baer_Henney_unpublished	tut2	SiCa	voiceless	alveolar_a	0.17452805	alveolar a	preceding vowel duration in ms	174.5280495
Baer_Henney_unpublished	tut7	TcQu	voiceless	alveolar_a	0.114557794	alveolar a	preceding vowel duration in ms	114.5577942
Baer_Henney_unpublished	tut7	VaMa	voiceless	alveolar_a	0.097256432	alveolar a	preceding vowel duration in ms	97.2564317
Baer_Henney_unpublished	tut7	VaSc	voiceless	alveolar_a	0.139779538	alveolar a	preceding vowel duration in ms	139.779538
Baer_Henney_unpublished	tut7	YuVo	voiceless	alveolar_a	0.225335722	alveolar a	preceding vowel duration in ms	225.3357221
Baer_Henney_unpublished	tut10	ClGo	voiceless	alveolar_a	0.123629288	alveolar a	preceding vowel duration in ms	123.6292875
Baer_Henney_unpublished	tut7	AnHu	voiceless	alveolar_a	0.112358779	alveolar a	preceding vowel duration in ms	112.3587791
Baer_Henney_unpublished	tut7	Beck	voiceless	alveolar_a	0.21357109	alveolar a	preceding vowel duration in ms	213.5710904
Baer_Henney_unpublished	tut2	DaAr	voiceless	alveolar_a	0.176651685	alveolar a	preceding vowel duration in ms	176.6516853
Baer_Henney_unpublished	tut2	JeMe	voiceless	alveolar_a	0.217692647	alveolar a	preceding vowel duration in ms	217.6926468
Baer_Henney_unpublished	tut7	JuSo	voiceless	alveolar_a	0.259731315	alveolar a	preceding vowel duration in ms	259.731315
Baer_Henney_unpublished	tut7	MaMe	voiceless	alveolar_a	0.102314783	alveolar a	preceding vowel duration in ms	102.3147832
Baer_Henney_unpublished	tut7	MaRe	voiceless	alveolar_a	0.189387417	alveolar a	preceding vowel duration in ms	189.3874172
Baer_Henney_unpublished	tut2	MaSc	voiceless	alveolar_a	0.203380508	alveolar a	preceding vowel duration in ms	203.3805075
Baer_Henney_unpublished	tut7	MiMi	voiceless	alveolar_a	0.16487418	alveolar a	preceding vowel duration in ms	164.8741798
Baer_Henney_unpublished	tut2	MiPa	voiceless	alveolar_a	0.126597061	alveolar a	preceding vowel duration in ms	126.5970613
Baer_Henney_unpublished	tut2	MoSc	voiceless	alveolar_a	0.204809942	alveolar a	preceding vowel duration in ms	204.8099418
Baer_Henney_unpublished	tut2	RoBe	voiceless	alveolar_a	0.162332072	alveolar a	preceding vowel duration in ms	162.3320719
Baer_Henney_unpublished	tut7	SaBa	voiceless	alveolar_a	0.28115643	alveolar a	preceding vowel duration in ms	281.1564299
Baer_Henney_unpublished	tut2	SeUc	voiceless	alveolar_a	0.162440739	alveolar a	preceding vowel duration in ms	162.440739
Baer_Henney_unpublished	tut2	SiCa	voiceless	alveolar_a	0.19852524	alveolar a	preceding vowel duration in ms	198.5252396
Baer_Henney_unpublished	tut7	TcQu	voiceless	alveolar_a	0.077544918	alveolar a	preceding vowel duration in ms	77.5449177
Baer_Henney_unpublished	tut7	VaSc	voiceless	alveolar_a	0.123005993	alveolar a	preceding vowel duration in ms	123.0059934
Baer_Henney_unpublished	tut7	YuVo	voiceless	alveolar_a	0.109795309	alveolar a	preceding vowel duration in ms	109.7953093
Baer_Henney_unpublished	tut1	CaMu	voiceless	alveolar_a	0.206053079	alveolar a	preceding vowel duration in ms	206.0530787
Baer_Henney_unpublished	tut1	HaSa	voiceless	alveolar_a	0.138275075	alveolar a	preceding vowel duration in ms	138.2750748
Baer_Henney_unpublished	tut1	KaTh	voiceless	alveolar_a	0.183862747	alveolar a	preceding vowel duration in ms	183.8627471
Baer_Henney_unpublished	tut3	AnRu	voiceless	alveolar_a	0.082474597	alveolar a	preceding vowel duration in ms	82.4745972
Baer_Henney_unpublished	tut7	Beck	voiceless	alveolar_a	0.209474139	alveolar a	preceding vowel duration in ms	209.4741391
Baer_Henney_unpublished	tut3	LiRi	voiceless	alveolar_a	0.168796082	alveolar a	preceding vowel duration in ms	168.7960817
Baer_Henney_unpublished	tut3	MaKo	voiceless	alveolar_a	0.142421694	alveolar a	preceding vowel duration in ms	142.4216939
Baer_Henney_unpublished	tut3	MeDo	voiceless	alveolar_a	0.016642749	alveolar a	preceding vowel duration in ms	16.6427487
Baer_Henney_unpublished	tut3	KiSt	voiceless	alveolar_a	0.231926958	alveolar a	preceding vowel duration in ms	231.9269584
Baer_Henney_unpublished	tut3	LaKu	voiceless	alveolar_a	0.405766063	alveolar a	preceding vowel duration in ms	405.7660626
Baer_Henney_unpublished	tut3	AnRu	voiceless	alveolar_a	0.124424359	alveolar a	preceding vowel duration in ms	124.424359
Baer_Henney_unpublished	tut3	LiRi	voiceless	alveolar_a	0.155811768	alveolar a	preceding vowel duration in ms	155.8117677
Baer_Henney_unpublished	tut3	MaKo	voiceless	alveolar_a	0.189895592	alveolar a	preceding vowel duration in ms	189.8955919
Baer_Henney_unpublished	tut3	MeDo	voiceless	alveolar_a	0.110951658	alveolar a	preceding vowel duration in ms	110.9516577
Baer_Henney_unpublished	tut2	RoBe	voiceless	alveolar_a	0.137080416	alveolar a	preceding vowel duration in ms	137.0804163
Baer_Henney_unpublished	tut3	KiSt	voiceless	alveolar_a	0.292227968	alveolar a	preceding vowel duration in ms	292.2279676
Baer_Henney_unpublished	tut3	LaKu	voiceless	alveolar_a	0.405766063	alveolar a	preceding vowel duration in ms	405.7660626
Baer_Henney_unpublished	tut2	SeUc	voiceless	alveolar_a	0.061464063	alveolar a	preceding vowel duration in ms	61.4640634
Baer_Henney_unpublished	tut4	CoLa	voiceless	alveolar_a	0.169061946	alveolar a	preceding vowel duration in ms	169.0619459
Baer_Henney_unpublished	tut4	HaAl	voiceless	alveolar_a	0.201347276	alveolar a	preceding vowel duration in ms	201.3472761
Baer_Henney_unpublished	tut4	KaGr	voiceless	alveolar_a	0.207408288	alveolar a	preceding vowel duration in ms	207.4082877
Baer_Henney_unpublished	tut4	KaRe	voiceless	alveolar_a	0.137520277	alveolar a	preceding vowel duration in ms	137.5202766
Baer_Henney_unpublished	tut4	MaKu	voiceless	alveolar_a	0.115656709	alveolar a	preceding vowel duration in ms	115.6567086
Baer_Henney_unpublished	tut4	StKa	voiceless	alveolar_a	0.1520138	alveolar a	preceding vowel duration in ms	152.0137997
Baer_Henney_unpublished	tut5	ClFi	voiceless	alveolar_a	0.180078363	alveolar a	preceding vowel duration in ms	180.078363
Baer_Henney_unpublished	tut4	CoLa	voiceless	alveolar_a	0.145471907	alveolar a	preceding vowel duration in ms	145.471907
Baer_Henney_unpublished	tut5	DaDr	voiceless	alveolar_a	0.100618776	alveolar a	preceding vowel duration in ms	100.6187758
Baer_Henney_unpublished	tut4	HaAl	voiceless	alveolar_a	0.144298413	alveolar a	preceding vowel duration in ms	144.2984128
Baer_Henney_unpublished	tut5	IsRa	voiceless	alveolar_a	0.200502344	alveolar a	preceding vowel duration in ms	200.5023435
Baer_Henney_unpublished	tut4	KaGr	voiceless	alveolar_a	0.154539809	alveolar a	preceding vowel duration in ms	154.539809
Baer_Henney_unpublished	tut4	KaGr	voiceless	alveolar_a	0.105229205	alveolar a	preceding vowel duration in ms	105.2292048
Baer_Henney_unpublished	tut4	KaRe	voiceless	alveolar_a	0.113044265	alveolar a	preceding vowel duration in ms	113.0442646
Baer_Henney_unpublished	tut4	MaKu	voiceless	alveolar_a	0.131708707	alveolar a	preceding vowel duration in ms	131.7087073
Baer_Henney_unpublished	tut4	StKa	voiceless	alveolar_a	0.172318892	alveolar a	preceding vowel duration in ms	172.318892
Baer_Henney_unpublished	tut5	JeSc	voiceless	alveolar_a	0.177827596	alveolar a	preceding vowel duration in ms	177.8275956
Baer_Henney_unpublished	tut7	VaMa	voiceless	alveolar_a	0.096148753	alveolar a	preceding vowel duration in ms	96.1487531
Baer_Henney_unpublished	tut7	BeNi	voiceless	alveolar_a	0.210387678	alveolar a	preceding vowel duration in ms	210.3876782
Baer_Henney_unpublished	tut7	BeNi	voiceless	alveolar_a	0.210387678	alveolar a	preceding vowel duration in ms	210.3876782
Baer_Henney_unpublished	tut9	KaKe	voiceless	alveolar_a	0.194798486	alveolar a	preceding vowel duration in ms	194.7984863
Baer_Henney_unpublished	tut7	BeNi	voiceless	alveolar_a	0.188720312	alveolar a	preceding vowel duration in ms	188.7203117
Baer_Henney_unpublished	tut7	BeNi	voiceless	alveolar_a	0.188720312	alveolar a	preceding vowel duration in ms	188.7203117
Baer_Henney_unpublished	tut7	FrSc	voiceless	alveolar_a	0.255829778	alveolar a	preceding vowel duration in ms	255.8297779
Baer_Henney_unpublished	tut9	KaKe	voiceless	alveolar_a	0.141589641	alveolar a	preceding vowel duration in ms	141.5896405
Baer_Henney_unpublished	tut2	SiCa	voiced	labial_a	0.170941578	labial a	preceding vowel duration in ms	170.9415782
Baer_Henney_unpublished	tut7	AnHu	voiced	labial_a	0.140383957	labial a	preceding vowel duration in ms	140.3839568
Baer_Henney_unpublished	tut3	AnRu	voiced	labial_a	0.102825472	labial a	preceding vowel duration in ms	102.8254718
Baer_Henney_unpublished	tut7	Beck	voiced	labial_a	0.18651662	labial a	preceding vowel duration in ms	186.5166198
Baer_Henney_unpublished	tut7	BeNi	voiced	labial_a	0.182335988	labial a	preceding vowel duration in ms	182.3359878
Baer_Henney_unpublished	tut7	BeNi	voiced	labial_a	0.182335988	labial a	preceding vowel duration in ms	182.3359878
Baer_Henney_unpublished	tut10	DiTu	voiced	labial_a	0.13404398	labial a	preceding vowel duration in ms	134.0439804
Baer_Henney_unpublished	tut7	FrSc	voiced	labial_a	0.252358477	labial a	preceding vowel duration in ms	252.3584765
Baer_Henney_unpublished	tut8	JeHa	voiced	labial_a	0.147579193	labial a	preceding vowel duration in ms	147.5791925
Baer_Henney_unpublished	tut10	JoTh	voiced	labial_a	0.102785087	labial a	preceding vowel duration in ms	102.7850873
Baer_Henney_unpublished	tut3	JuEh	voiced	labial_a	0.142966714	labial a	preceding vowel duration in ms	142.9667136
Baer_Henney_unpublished	tut7	JuSo	voiced	labial_a	0.181780396	labial a	preceding vowel duration in ms	181.7803957
Baer_Henney_unpublished	tut1	KaTh	voiced	labial_a	0.202883031	labial a	preceding vowel duration in ms	202.8830313
Baer_Henney_unpublished	tut3	LiRi	voiced	labial_a	0.142827454	labial a	preceding vowel duration in ms	142.8274537
Baer_Henney_unpublished	tut3	MaKo	voiced	labial_a	0.226413975	labial a	preceding vowel duration in ms	226.4139749
Baer_Henney_unpublished	tut7	MaMe	voiced	labial_a	0.278732703	labial a	preceding vowel duration in ms	278.7327034
Baer_Henney_unpublished	tut7	MaRe	voiced	labial_a	0.181780396	labial a	preceding vowel duration in ms	181.7803957
Baer_Henney_unpublished	tut3	MeDo	voiced	labial_a	0.101441516	labial a	preceding vowel duration in ms	101.4415157
Baer_Henney_unpublished	tut7	MiMi	voiced	labial_a	0.200966646	labial a	preceding vowel duration in ms	200.9666461
Baer_Henney_unpublished	tut8	PaNu	voiced	labial_a	0.202797876	labial a	preceding vowel duration in ms	202.7978764
Baer_Henney_unpublished	tut8	PaNu	voiced	labial_a	0.19716769	labial a	preceding vowel duration in ms	197.1676899
Baer_Henney_unpublished	tut10	PhLu	voiced	labial_a	0.124419407	labial a	preceding vowel duration in ms	124.4194074
Baer_Henney_unpublished	tut7	SaBa	voiced	labial_a	0.199058622	labial a	preceding vowel duration in ms	199.0586224
Baer_Henney_unpublished	tut8	SoBe	voiced	labial_a	0.233717559	labial a	preceding vowel duration in ms	233.7175594
Baer_Henney_unpublished	tut8	SoBe	voiced	labial_a	0.207748942	labial a	preceding vowel duration in ms	207.7489417
Baer_Henney_unpublished	tut7	VaMa	voiced	labial_a	0.131576206	labial a	preceding vowel duration in ms	131.5762064
Baer_Henney_unpublished	tut7	VaSc	voiced	labial_a	0.078276541	labial a	preceding vowel duration in ms	78.2765413
Baer_Henney_unpublished	tut7	YuVo	voiced	labial_a	0.215419355	labial a	preceding vowel duration in ms	215.4193551
Baer_Henney_unpublished	tut3	KiSt	voiced	labial_a	0.227288419	labial a	preceding vowel duration in ms	227.2884192
Baer_Henney_unpublished	tut10	ClGo	voiced	labial_a	0.15188741	labial a	preceding vowel duration in ms	151.8874103
Baer_Henney_unpublished	tut3	LaKu	voiced	labial_a	0.405766063	labial a	preceding vowel duration in ms	405.7660626
Baer_Henney_unpublished	tut4	HaAl	voiced	labial_a	0.104336071	labial a	preceding vowel duration in ms	104.3360707
Baer_Henney_unpublished	tut3	JeJe	voiced	labial_a	0.10778161	labial a	preceding vowel duration in ms	107.7816104
Baer_Henney_unpublished	tut4	CoLa	voiced	labial_a	0.092394319	labial a	preceding vowel duration in ms	92.3943193
Baer_Henney_unpublished	tut8	JeHa	voiced	labial_a	0.14313604	labial a	preceding vowel duration in ms	143.1360397
Baer_Henney_unpublished	tut6	AnHo	voiced	labial_a	0.17204216	labial a	preceding vowel duration in ms	172.0421602
Baer_Henney_unpublished	tut9	KaKe	voiced	labial_a	0.142491485	labial a	preceding vowel duration in ms	142.4914853
Baer_Henney_unpublished	tut6	MaHo	voiced	labial_a	0.119699145	labial a	preceding vowel duration in ms	119.6991445
Baer_Henney_unpublished	tut6	MlHa	voiced	labial_a	0.194424755	labial a	preceding vowel duration in ms	194.4247548
Baer_Henney_unpublished	tut3	LaKu	voiced	labial_a	0.355045305	labial a	preceding vowel duration in ms	355.0453048
Baer_Henney_unpublished	tut3	LaKu	voiced	labial_a	0.355045305	labial a	preceding vowel duration in ms	355.0453048
Baer_Henney_unpublished	tut7	AnHu	voiced	labial_a	0.096191384	labial a	preceding vowel duration in ms	96.1913841
Baer_Henney_unpublished	tut3	AnRu	voiced	labial_a	0.15209601	labial a	preceding vowel duration in ms	152.0960104
Baer_Henney_unpublished	tut7	BeNi	voiced	labial_a	0.224413524	labial a	preceding vowel duration in ms	224.4135235
Baer_Henney_unpublished	tut7	BeNi	voiced	labial_a	0.224413524	labial a	preceding vowel duration in ms	224.4135235
Baer_Henney_unpublished	tut2	DaAr	voiced	labial_a	0.16272172	labial a	preceding vowel duration in ms	162.7217199
Baer_Henney_unpublished	tut10	DiTu	voiced	labial_a	0.147768896	labial a	preceding vowel duration in ms	147.768896
Baer_Henney_unpublished	tut9	EdGr	voiced	labial_a	0.10071372	labial a	preceding vowel duration in ms	100.7137195
Baer_Henney_unpublished	tut7	FrSc	voiced	labial_a	0.243617434	labial a	preceding vowel duration in ms	243.6174342
Baer_Henney_unpublished	tut2	JeMe	voiced	labial_a	0.161070555	labial a	preceding vowel duration in ms	161.0705546
Baer_Henney_unpublished	tut10	JoTh	voiced	labial_a	0.111504686	labial a	preceding vowel duration in ms	111.5046861
Baer_Henney_unpublished	tut7	JuSo	voiced	labial_a	0.207749024	labial a	preceding vowel duration in ms	207.7490236
Baer_Henney_unpublished	tut1	KaTh	voiced	labial_a	0.22824341	labial a	preceding vowel duration in ms	228.2434102
Baer_Henney_unpublished	tut3	LiRi	voiced	labial_a	0.10712059	labial a	preceding vowel duration in ms	107.1205903
Baer_Henney_unpublished	tut2	MaGe	voiced	labial_a	0.171480892	labial a	preceding vowel duration in ms	171.480892
Baer_Henney_unpublished	tut3	MaKo	voiced	labial_a	0.164332724	labial a	preceding vowel duration in ms	164.3327237
Baer_Henney_unpublished	tut7	MaMe	voiced	labial_a	0.206111245	labial a	preceding vowel duration in ms	206.1112453
Baer_Henney_unpublished	tut7	MaRe	voiced	labial_a	0.155811768	labial a	preceding vowel duration in ms	155.8117677
Baer_Henney_unpublished	tut9	MaRo	voiced	labial_a	0.164194442	labial a	preceding vowel duration in ms	164.194442
Baer_Henney_unpublished	tut2	MaSc	voiced	labial_a	0.122973237	labial a	preceding vowel duration in ms	122.9732369
Baer_Henney_unpublished	tut3	MeDo	voiced	labial_a	0.177522652	labial a	preceding vowel duration in ms	177.5226524
Baer_Henney_unpublished	tut7	MiMi	voiced	labial_a	0.193479838	labial a	preceding vowel duration in ms	193.4798375
Baer_Henney_unpublished	tut2	MiPa	voiced	labial_a	0.127408581	labial a	preceding vowel duration in ms	127.4085809
Baer_Henney_unpublished	tut2	MoSc	voiced	labial_a	0.242655257	labial a	preceding vowel duration in ms	242.6552572
Baer_Henney_unpublished	tut10	PhLu	voiced	labial_a	0.104224317	labial a	preceding vowel duration in ms	104.2243165
Baer_Henney_unpublished	tut2	RoBe	voiced	labial_a	0.158724693	labial a	preceding vowel duration in ms	158.7246925
Baer_Henney_unpublished	tut7	SaBa	voiced	labial_a	0.173941463	labial a	preceding vowel duration in ms	173.9414633
Baer_Henney_unpublished	tut2	SeUc	voiced	labial_a	0.131708707	labial a	preceding vowel duration in ms	131.7087073
Baer_Henney_unpublished	tut2	SiCa	voiced	labial_a	0.179334203	labial a	preceding vowel duration in ms	179.3342028
Baer_Henney_unpublished	tut7	TcQu	voiced	labial_a	0.100051813	labial a	preceding vowel duration in ms	100.051813
Baer_Henney_unpublished	tut9	VaHu	voiced	labial_a	0.124748791	labial a	preceding vowel duration in ms	124.7487907
Baer_Henney_unpublished	tut7	VaMa	voiced	labial_a	0.09511243	labial a	preceding vowel duration in ms	95.1124301
Baer_Henney_unpublished	tut7	VaSc	voiced	labial_a	0.11182363	labial a	preceding vowel duration in ms	111.8236304
Baer_Henney_unpublished	tut9	ViBe	voiced	labial_a	0.12856552	labial a	preceding vowel duration in ms	128.5655204
Baer_Henney_unpublished	tut7	YuVo	voiced	labial_a	0.149936767	labial a	preceding vowel duration in ms	149.936767
Baer_Henney_unpublished	tut10	RuYi	voiced	labial_a	0.229267507	labial a	preceding vowel duration in ms	229.2675065
Baer_Henney_unpublished	tut10	SeGu	voiced	labial_a	0.261964463	labial a	preceding vowel duration in ms	261.9644628
Baer_Henney_unpublished	tut3	KiSt	voiced	labial_a	0.208734263	labial a	preceding vowel duration in ms	208.7342626
Baer_Henney_unpublished	tut9	AnKu	voiced	labial_a	0.142651584	labial a	preceding vowel duration in ms	142.6515835
Baer_Henney_unpublished	tut10	ClGo	voiced	labial_a	0.155419676	labial a	preceding vowel duration in ms	155.4196757
Baer_Henney_unpublished	tut9	DaHe	voiced	labial_a	0.094947795	labial a	preceding vowel duration in ms	94.9477945
Baer_Henney_unpublished	tut9	DaHe	voiced	labial_a	0.091701716	labial a	preceding vowel duration in ms	91.701716
Baer_Henney_unpublished	tut3	LaKu	voiced	labial_a	0.355045305	labial a	preceding vowel duration in ms	355.0453048
Baer_Henney_unpublished	tut9	AnKu	voiced	labial_a	0.126801345	labial a	preceding vowel duration in ms	126.8013447
Baer_Henney_unpublished	tut5	ClFi	voiced	labial_a	0.221973776	labial a	preceding vowel duration in ms	221.9737759
Baer_Henney_unpublished	tut2	DaAr	voiced	labial_a	0.183555031	labial a	preceding vowel duration in ms	183.555031
Baer_Henney_unpublished	tut5	DaDr	voiced	labial_a	0.120512037	labial a	preceding vowel duration in ms	120.5120373
Baer_Henney_unpublished	tut10	DiTu	voiced	labial_a	0.18589392	labial a	preceding vowel duration in ms	185.8939201
Baer_Henney_unpublished	tut9	EdGr	voiced	labial_a	0.11113238	labial a	preceding vowel duration in ms	111.1323802
Baer_Henney_unpublished	tut4	HaAl	voiced	labial_a	0.155036899	labial a	preceding vowel duration in ms	155.0368993
Baer_Henney_unpublished	tut5	IsRa	voiced	labial_a	0.133089218	labial a	preceding vowel duration in ms	133.0892182
Baer_Henney_unpublished	tut2	JeMe	voiced	labial_a	0.143438902	labial a	preceding vowel duration in ms	143.438902
Baer_Henney_unpublished	tut5	JeSc	voiced	labial_a	0.126124796	labial a	preceding vowel duration in ms	126.1247956
Baer_Henney_unpublished	tut10	JoTh	voiced	labial_a	0.140134825	labial a	preceding vowel duration in ms	140.1348251
Baer_Henney_unpublished	tut4	KaGr	voiced	labial_a	0.1952078	labial a	preceding vowel duration in ms	195.2078002
Baer_Henney_unpublished	tut4	KaRe	voiced	labial_a	0.131787957	labial a	preceding vowel duration in ms	131.7879572
Baer_Henney_unpublished	tut2	MaGe	voiced	labial_a	0.150875219	labial a	preceding vowel duration in ms	150.8752191
Baer_Henney_unpublished	tut9	MaRo	voiced	labial_a	0.18148684	labial a	preceding vowel duration in ms	181.4868401
Baer_Henney_unpublished	tut2	MaSc	voiced	labial_a	0.242517958	labial a	preceding vowel duration in ms	242.5179583
Baer_Henney_unpublished	tut2	MiPa	voiced	labial_a	0.121727944	labial a	preceding vowel duration in ms	121.7279435
Baer_Henney_unpublished	tut2	MoSc	voiced	labial_a	0.195905164	labial a	preceding vowel duration in ms	195.905164
Baer_Henney_unpublished	tut10	PhLu	voiced	labial_a	0.093095449	labial a	preceding vowel duration in ms	93.0954488
Baer_Henney_unpublished	tut2	RoBe	voiced	labial_a	0.137080416	labial a	preceding vowel duration in ms	137.0804163
Baer_Henney_unpublished	tut2	SeUc	voiced	labial_a	0.086708232	labial a	preceding vowel duration in ms	86.7082323
Baer_Henney_unpublished	tut9	VaHu	voiced	labial_a	0.076374509	labial a	preceding vowel duration in ms	76.3745086
Baer_Henney_unpublished	tut9	ViBe	voiced	labial_a	0.264948819	labial a	preceding vowel duration in ms	264.9488187
Baer_Henney_unpublished	tut10	RuYi	voiced	labial_a	0.227068255	labial a	preceding vowel duration in ms	227.0682547
Baer_Henney_unpublished	tut10	SeGu	voiced	labial_a	0.371684898	labial a	preceding vowel duration in ms	371.6848982
Baer_Henney_unpublished	tut10	ClGo	voiced	labial_a	0.169548737	labial a	preceding vowel duration in ms	169.5487371
Baer_Henney_unpublished	tut9	DaHe	voiced	labial_a	0.105497549	labial a	preceding vowel duration in ms	105.4975494
Baer_Henney_unpublished	tut2	DaAr	voiced	labial_a	0.312698063	labial a	preceding vowel duration in ms	312.6980626
Baer_Henney_unpublished	tut10	DiTu	voiced	labial_a	0.167869616	labial a	preceding vowel duration in ms	167.8696163
Baer_Henney_unpublished	tut2	JeMe	voiced	labial_a	0.157734647	labial a	preceding vowel duration in ms	157.7346467
Baer_Henney_unpublished	tut10	JoTh	voiced	labial_a	0.135677517	labial a	preceding vowel duration in ms	135.6775171
Baer_Henney_unpublished	tut2	MaGe	voiced	labial_a	0.173939668	labial a	preceding vowel duration in ms	173.9396681
Baer_Henney_unpublished	tut2	MaSc	voiced	labial_a	0.190387366	labial a	preceding vowel duration in ms	190.3873662
Baer_Henney_unpublished	tut2	MiPa	voiced	labial_a	0.075471325	labial a	preceding vowel duration in ms	75.471325
Baer_Henney_unpublished	tut2	MoSc	voiced	labial_a	0.280500576	labial a	preceding vowel duration in ms	280.5005757
Baer_Henney_unpublished	tut10	PhLu	voiced	labial_a	0.095900945	labial a	preceding vowel duration in ms	95.9009451
Baer_Henney_unpublished	tut2	RoBe	voiced	labial_a	0.165939451	labial a	preceding vowel duration in ms	165.9394513
Baer_Henney_unpublished	tut2	SiCa	voiced	labial_a	0.192475994	labial a	preceding vowel duration in ms	192.4759942
Baer_Henney_unpublished	tut10	ClGo	voiced	labial_a	0.158951941	labial a	preceding vowel duration in ms	158.9519411
Baer_Henney_unpublished	tut3	JeJe	voiced	labial_a	0.082421232	labial a	preceding vowel duration in ms	82.4212315
Baer_Henney_unpublished	tut2	JeMe	voiced	labial_a	0.109483195	labial a	preceding vowel duration in ms	109.4831948
Baer_Henney_unpublished	tut2	MaGe	voiced	labial_a	0.085802981	labial a	preceding vowel duration in ms	85.8029809
Baer_Henney_unpublished	tut6	MaHo	voiced	labial_a	0.130654659	labial a	preceding vowel duration in ms	130.6546594
Baer_Henney_unpublished	tut2	MaSc	voiced	labial_a	0.057661847	labial a	preceding vowel duration in ms	57.6618472
Baer_Henney_unpublished	tut2	MiPa	voiced	labial_a	0.110772429	labial a	preceding vowel duration in ms	110.7724286
Baer_Henney_unpublished	tut6	MlHa	voiced	labial_a	0.226828881	labial a	preceding vowel duration in ms	226.8288806
Baer_Henney_unpublished	tut2	MoSc	voiced	labial_a	0.158059848	labial a	preceding vowel duration in ms	158.0598482
Baer_Henney_unpublished	tut2	RoBe	voiced	labial_a	0.090184484	labial a	preceding vowel duration in ms	90.1844844
Baer_Henney_unpublished	tut2	SeUc	voiced	labial_a	0.057073773	labial a	preceding vowel duration in ms	57.0737732
Baer_Henney_unpublished	tut3	JeJe	voiced	labial_a	0.126801895	labial a	preceding vowel duration in ms	126.8018946
Baer_Henney_unpublished	tut4	SvBo	voiced	labial_a	0.222131665	labial a	preceding vowel duration in ms	222.1316647
Baer_Henney_unpublished	tut3	AnRu	voiceless	labial_a	0.094705165	labial a	preceding vowel duration in ms	94.705165
Baer_Henney_unpublished	tut7	BeNi	voiceless	labial_a	0.105193839	labial a	preceding vowel duration in ms	105.1938391
Baer_Henney_unpublished	tut7	BeNi	voiceless	labial_a	0.105193839	labial a	preceding vowel duration in ms	105.1938391
Baer_Henney_unpublished	tut10	DiTu	voiceless	labial_a	0.111941489	labial a	preceding vowel duration in ms	111.9414887
Baer_Henney_unpublished	tut7	FrSc	voiceless	labial_a	0.273021594	labial a	preceding vowel duration in ms	273.0215943
Baer_Henney_unpublished	tut8	JeHa	voiceless	labial_a	0.162770906	labial a	preceding vowel duration in ms	162.7709063
Baer_Henney_unpublished	tut10	JoTh	voiceless	labial_a	0.119818309	labial a	preceding vowel duration in ms	119.8183091
Baer_Henney_unpublished	tut7	JuSo	voiceless	labial_a	0.181780396	labial a	preceding vowel duration in ms	181.7803957
Baer_Henney_unpublished	tut1	KaTh	voiceless	labial_a	0.209223126	labial a	preceding vowel duration in ms	209.223126
Baer_Henney_unpublished	tut3	LiRi	voiceless	labial_a	0.131466179	labial a	preceding vowel duration in ms	131.466179
Baer_Henney_unpublished	tut3	MaKo	voiceless	labial_a	0.186243754	labial a	preceding vowel duration in ms	186.2437536
Baer_Henney_unpublished	tut7	MaMe	voiceless	labial_a	0.214794392	labial a	preceding vowel duration in ms	214.7943918
Baer_Henney_unpublished	tut7	MaRe	voiceless	labial_a	0.181780396	labial a	preceding vowel duration in ms	181.7803957
Baer_Henney_unpublished	tut3	MeDo	voiceless	labial_a	0.085591279	labial a	preceding vowel duration in ms	85.5912788
Baer_Henney_unpublished	tut7	MiMi	voiceless	labial_a	0.220024349	labial a	preceding vowel duration in ms	220.0243487
Baer_Henney_unpublished	tut8	PaNu	voiceless	labial_a	0.193430196	labial a	preceding vowel duration in ms	193.4301962
Baer_Henney_unpublished	tut10	PhLu	voiceless	labial_a	0.143570536	labial a	preceding vowel duration in ms	143.5705361
Baer_Henney_unpublished	tut7	SaBa	voiceless	labial_a	0.233009938	labial a	preceding vowel duration in ms	233.0099378
Baer_Henney_unpublished	tut8	SoBe	voiceless	labial_a	0.220733251	labial a	preceding vowel duration in ms	220.7332506
Baer_Henney_unpublished	tut7	VaMa	voiceless	labial_a	0.092069081	labial a	preceding vowel duration in ms	92.0690809
Baer_Henney_unpublished	tut7	VaSc	voiceless	labial_a	0.100641267	labial a	preceding vowel duration in ms	100.6412673
Baer_Henney_unpublished	tut7	YuVo	voiceless	labial_a	0.239898827	labial a	preceding vowel duration in ms	239.8988273
Baer_Henney_unpublished	tut10	RuYi	voiceless	labial_a	0.254624281	labial a	preceding vowel duration in ms	254.6242814
Baer_Henney_unpublished	tut10	SeGu	voiceless	labial_a	0.26999752	labial a	preceding vowel duration in ms	269.9975204
Baer_Henney_unpublished	tut3	KiSt	voiceless	labial_a	0.234246228	labial a	preceding vowel duration in ms	234.246228
Baer_Henney_unpublished	tut10	ClGo	voiceless	labial_a	0.137758349	labial a	preceding vowel duration in ms	137.7583489
Baer_Henney_unpublished	tut3	LaKu	voiceless	labial_a	0.312726614	labial a	preceding vowel duration in ms	312.7266135
Baer_Henney_unpublished	tut6	AnHo	voiceless	labial_a	0.240209809	labial a	preceding vowel duration in ms	240.2098085
Baer_Henney_unpublished	tut6	AnHo	voiceless	labial_a	0.248909177	labial a	preceding vowel duration in ms	248.9091769
Baer_Henney_unpublished	tut6	MaHo	voiceless	labial_a	0.093730517	labial a	preceding vowel duration in ms	93.7305165
Baer_Henney_unpublished	tut3	MeDo	voiceless	labial_a	0.053890805	labial a	preceding vowel duration in ms	53.8908052
Baer_Henney_unpublished	tut6	MlHa	voiceless	labial_a	0.182641436	labial a	preceding vowel duration in ms	182.6414364
Baer_Henney_unpublished	tut3	LaKu	voiceless	labial_a	0.355045305	labial a	preceding vowel duration in ms	355.0453048
Baer_Henney_unpublished	tut3	LaKu	voiceless	labial_a	0.364847716	labial a	preceding vowel duration in ms	364.8477157
Baer_Henney_unpublished	tut7	AnHu	voiceless	labial_a	0.108877247	labial a	preceding vowel duration in ms	108.8772472
Baer_Henney_unpublished	tut3	AnRu	voiceless	labial_a	0.134953682	labial a	preceding vowel duration in ms	134.953682
Baer_Henney_unpublished	tut1	CaMu	voiceless	labial_a	0.167219999	labial a	preceding vowel duration in ms	167.2199985
Baer_Henney_unpublished	tut2	DaAr	voiceless	labial_a	0.164940652	labial a	preceding vowel duration in ms	164.9406524
Baer_Henney_unpublished	tut10	DiTu	voiceless	labial_a	0.175984858	labial a	preceding vowel duration in ms	175.9848581
Baer_Henney_unpublished	tut9	EdGr	voiceless	labial_a	0.115473489	labial a	preceding vowel duration in ms	115.4734888
Baer_Henney_unpublished	tut7	FrSc	voiceless	labial_a	0.278802287	labial a	preceding vowel duration in ms	278.8022865
Baer_Henney_unpublished	tut1	HaSa	voiceless	labial_a	0.09914062	labial a	preceding vowel duration in ms	99.1406197
Baer_Henney_unpublished	tut2	JeMe	voiceless	labial_a	0.166265933	labial a	preceding vowel duration in ms	166.2659326
Baer_Henney_unpublished	tut10	JoTh	voiceless	labial_a	0.149984677	labial a	preceding vowel duration in ms	149.9846769
Baer_Henney_unpublished	tut3	JuEh	voiceless	labial_a	0.14249325	labial a	preceding vowel duration in ms	142.49325
Baer_Henney_unpublished	tut7	JuSo	voiceless	labial_a	0.181780396	labial a	preceding vowel duration in ms	181.7803957
Baer_Henney_unpublished	tut1	KaTh	voiceless	labial_a	0.196542937	labial a	preceding vowel duration in ms	196.5429366
Baer_Henney_unpublished	tut3	LiRi	voiceless	labial_a	0.115235787	labial a	preceding vowel duration in ms	115.2357865
Baer_Henney_unpublished	tut2	MaGe	voiceless	labial_a	0.155673374	labial a	preceding vowel duration in ms	155.6733742
Baer_Henney_unpublished	tut3	MaKo	voiceless	labial_a	0.157029047	labial a	preceding vowel duration in ms	157.0290471
Baer_Henney_unpublished	tut7	MaMe	voiceless	labial_a	0.191107153	labial a	preceding vowel duration in ms	191.107153
Baer_Henney_unpublished	tut7	MaRe	voiceless	labial_a	0.090890198	labial a	preceding vowel duration in ms	90.8901978
Baer_Henney_unpublished	tut9	MaRo	voiceless	labial_a	0.111244868	labial a	preceding vowel duration in ms	111.244868
Baer_Henney_unpublished	tut2	MaSc	voiceless	labial_a	0.110008022	labial a	preceding vowel duration in ms	110.0080222
Baer_Henney_unpublished	tut3	MeDo	voiceless	labial_a	0.098271468	labial a	preceding vowel duration in ms	98.2714683
Baer_Henney_unpublished	tut7	MiMi	voiceless	labial_a	0.215193074	labial a	preceding vowel duration in ms	215.1930739
Baer_Henney_unpublished	tut2	MiPa	voiceless	labial_a	0.142421694	labial a	preceding vowel duration in ms	142.4216939
Baer_Henney_unpublished	tut10	PhLu	voiceless	labial_a	0.108976758	labial a	preceding vowel duration in ms	108.9767583
Baer_Henney_unpublished	tut2	RoBe	voiceless	labial_a	0.164135762	labial a	preceding vowel duration in ms	164.1357616
Baer_Henney_unpublished	tut7	SaBa	voiceless	labial_a	0.208244519	labial a	preceding vowel duration in ms	208.2445193
Baer_Henney_unpublished	tut2	SeUc	voiceless	labial_a	0.107562111	labial a	preceding vowel duration in ms	107.562111
Baer_Henney_unpublished	tut2	SiCa	voiceless	labial_a	0.185159893	labial a	preceding vowel duration in ms	185.1598926
Baer_Henney_unpublished	tut7	TcQu	voiceless	labial_a	0.137707858	labial a	preceding vowel duration in ms	137.7078578
Baer_Henney_unpublished	tut9	VaHu	voiceless	labial_a	0.098838548	labial a	preceding vowel duration in ms	98.8385482
Baer_Henney_unpublished	tut7	VaMa	voiceless	labial_a	0.135728362	labial a	preceding vowel duration in ms	135.7283624
Baer_Henney_unpublished	tut7	VaSc	voiceless	labial_a	0.07268536	labial a	preceding vowel duration in ms	72.6853597
Baer_Henney_unpublished	tut7	YuVo	voiceless	labial_a	0.242346775	labial a	preceding vowel duration in ms	242.3467745
Baer_Henney_unpublished	tut10	RuYi	voiceless	labial_a	0.257036654	labial a	preceding vowel duration in ms	257.0366538
Baer_Henney_unpublished	tut3	KiSt	voiceless	labial_a	0.227288419	labial a	preceding vowel duration in ms	227.2884192
Baer_Henney_unpublished	tut9	AnKu	voiceless	labial_a	0.171181815	labial a	preceding vowel duration in ms	171.1818153
Baer_Henney_unpublished	tut10	ClGo	voiceless	labial_a	0.105526428	labial a	preceding vowel duration in ms	105.5264275
Baer_Henney_unpublished	tut3	LaKu	voiceless	labial_a	0.304324547	labial a	preceding vowel duration in ms	304.324547
Baer_Henney_unpublished	tut1	CaMu	voiceless	labial_a	0.141067108	labial a	preceding vowel duration in ms	141.0671077
Baer_Henney_unpublished	tut5	ClFi	voiceless	labial_a	0.202870212	labial a	preceding vowel duration in ms	202.8702124
Baer_Henney_unpublished	tut5	ClFi	voiceless	labial_a	0.183364128	labial a	preceding vowel duration in ms	183.3641283
Baer_Henney_unpublished	tut4	CoLa	voiceless	labial_a	0.095343074	labial a	preceding vowel duration in ms	95.3430742
Baer_Henney_unpublished	tut2	DaAr	voiceless	labial_a	0.16808414	labial a	preceding vowel duration in ms	168.0841402
Baer_Henney_unpublished	tut5	DaDr	voiceless	labial_a	0.136228581	labial a	preceding vowel duration in ms	136.2285806
Baer_Henney_unpublished	tut10	DiTu	voiceless	labial_a	0.149090798	labial a	preceding vowel duration in ms	149.0907976
Baer_Henney_unpublished	tut9	EdGr	voiceless	labial_a	0.070325959	labial a	preceding vowel duration in ms	70.3259593
Baer_Henney_unpublished	tut4	HaAl	voiceless	labial_a	0.17248694	labial a	preceding vowel duration in ms	172.4869399
Baer_Henney_unpublished	tut1	HaSa	voiceless	labial_a	0.114142161	labial a	preceding vowel duration in ms	114.1421608
Baer_Henney_unpublished	tut5	IsRa	voiceless	labial_a	0.159435599	labial a	preceding vowel duration in ms	159.4355985
Baer_Henney_unpublished	tut2	JeMe	voiceless	labial_a	0.155098852	labial a	preceding vowel duration in ms	155.0988522
Baer_Henney_unpublished	tut5	JeSc	voiceless	labial_a	0.131203448	labial a	preceding vowel duration in ms	131.203448
Baer_Henney_unpublished	tut10	JoTh	voiceless	labial_a	0.11258363	labial a	preceding vowel duration in ms	112.5836304
Baer_Henney_unpublished	tut4	KaGr	voiceless	labial_a	0.163944044	labial a	preceding vowel duration in ms	163.9440436
Baer_Henney_unpublished	tut4	KaRe	voiceless	labial_a	0.137799047	labial a	preceding vowel duration in ms	137.7990465
Baer_Henney_unpublished	tut2	MaGe	voiceless	labial_a	0.141672693	labial a	preceding vowel duration in ms	141.6726934
Baer_Henney_unpublished	tut4	MaKu	voiceless	labial_a	0.15681568	labial a	preceding vowel duration in ms	156.8156796
Baer_Henney_unpublished	tut4	MaKu	voiceless	labial_a	0.139117322	labial a	preceding vowel duration in ms	139.1173221
Baer_Henney_unpublished	tut9	MaRo	voiceless	labial_a	0.085616945	labial a	preceding vowel duration in ms	85.6169446
Baer_Henney_unpublished	tut2	MaSc	voiceless	labial_a	0.227143039	labial a	preceding vowel duration in ms	227.1430391
Baer_Henney_unpublished	tut2	MiPa	voiceless	labial_a	0.172042157	labial a	preceding vowel duration in ms	172.0421566
Baer_Henney_unpublished	tut2	MoSc	voiceless	labial_a	0.209262332	labial a	preceding vowel duration in ms	209.2623319
Baer_Henney_unpublished	tut10	PhLu	voiceless	labial_a	0.090444913	labial a	preceding vowel duration in ms	90.4449134
Baer_Henney_unpublished	tut2	RoBe	voiceless	labial_a	0.140687796	labial a	preceding vowel duration in ms	140.6877956
Baer_Henney_unpublished	tut2	SeUc	voiceless	labial_a	0.127318417	labial a	preceding vowel duration in ms	127.3184171
Baer_Henney_unpublished	tut2	SiCa	voiceless	labial_a	0.179534481	labial a	preceding vowel duration in ms	179.5344811
Baer_Henney_unpublished	tut9	VaHu	voiceless	labial_a	0.071414163	labial a	preceding vowel duration in ms	71.4141628
Baer_Henney_unpublished	tut10	RuYi	voiceless	labial_a	0.322736606	labial a	preceding vowel duration in ms	322.7366057
Baer_Henney_unpublished	tut10	SeGu	voiceless	labial_a	0.26999752	labial a	preceding vowel duration in ms	269.9975204
Baer_Henney_unpublished	tut9	AnKu	voiceless	labial_a	0.202882252	labial a	preceding vowel duration in ms	202.8822522
Baer_Henney_unpublished	tut10	ClGo	voiceless	labial_a	0.105526428	labial a	preceding vowel duration in ms	105.5264275
Baer_Henney_unpublished	tut9	DaHe	voiceless	labial_a	0.097382353	labial a	preceding vowel duration in ms	97.3823533
Baer_Henney_unpublished	tut2	DaAr	voiceless	labial_a	0.138066494	labial a	preceding vowel duration in ms	138.0664938
Baer_Henney_unpublished	tut10	DiTu	voiceless	labial_a	0.143017467	labial a	preceding vowel duration in ms	143.0174672
Baer_Henney_unpublished	tut2	JeMe	voiceless	labial_a	0.167487128	labial a	preceding vowel duration in ms	167.4871279
Baer_Henney_unpublished	tut10	JoTh	voiceless	labial_a	0.051919003	labial a	preceding vowel duration in ms	51.9190028
Baer_Henney_unpublished	tut2	MaGe	voiceless	labial_a	0.133138943	labial a	preceding vowel duration in ms	133.138943
Baer_Henney_unpublished	tut2	MaSc	voiceless	labial_a	0.265576171	labial a	preceding vowel duration in ms	265.5761708
Baer_Henney_unpublished	tut2	MiPa	voiceless	labial_a	0.114018507	labial a	preceding vowel duration in ms	114.0185071
Baer_Henney_unpublished	tut2	MoSc	voiceless	labial_a	0.260464817	labial a	preceding vowel duration in ms	260.4648173
Baer_Henney_unpublished	tut10	PhLu	voiceless	labial_a	0.115472567	labial a	preceding vowel duration in ms	115.4725665
Baer_Henney_unpublished	tut2	RoBe	voiceless	labial_a	0.147902554	labial a	preceding vowel duration in ms	147.9025544
Baer_Henney_unpublished	tut2	SeUc	voiceless	labial_a	0.087805805	labial a	preceding vowel duration in ms	87.8058049
Baer_Henney_unpublished	tut2	SiCa	voiceless	labial_a	0.143294961	labial a	preceding vowel duration in ms	143.2949612
Baer_Henney_unpublished	tut10	ClGo	voiceless	labial_a	0.15188741	labial a	preceding vowel duration in ms	151.8874103
Baer_Henney_unpublished	tut6	AlSt	voiceless	labial_a	0.136178571	labial a	preceding vowel duration in ms	136.1785714
Baer_Henney_unpublished	tut6	AnHo	voiceless	labial_a	0.131669347	labial a	preceding vowel duration in ms	131.6693472
Baer_Henney_unpublished	tut2	JeMe	voiceless	labial_a	0.115582284	labial a	preceding vowel duration in ms	115.5822839
Baer_Henney_unpublished	tut2	MaGe	voiceless	labial_a	0.06011996	labial a	preceding vowel duration in ms	60.1199596
Baer_Henney_unpublished	tut6	MaHo	voiceless	labial_a	0.114018507	labial a	preceding vowel duration in ms	114.0185071
Baer_Henney_unpublished	tut2	MaSc	voiceless	labial_a	0.08922083	labial a	preceding vowel duration in ms	89.2208296
Baer_Henney_unpublished	tut2	MiPa	voiceless	labial_a	0.153782969	labial a	preceding vowel duration in ms	153.7829686
Baer_Henney_unpublished	tut6	MlHa	voiceless	labial_a	0.123724844	labial a	preceding vowel duration in ms	123.724844
Baer_Henney_unpublished	tut2	MoSc	voiceless	labial_a	0.113535946	labial a	preceding vowel duration in ms	113.535946
Baer_Henney_unpublished	tut2	RoBe	voiceless	labial_a	0.082969726	labial a	preceding vowel duration in ms	82.9697256
Baer_Henney_unpublished	tut2	SeUc	voiceless	labial_a	0.032927177	labial a	preceding vowel duration in ms	32.9271768
Baer_Henney_unpublished	tut2	MoSc	voiceless	labial_a	0.276353459	labial a	preceding vowel duration in ms	276.3534587
Baer_Henney_unpublished	tut1	HaSa	voiceless	labial_a	0.133057147	labial a	preceding vowel duration in ms	133.0571474
Baer_Henney_unpublished	tut9	ViBe	voiceless	labial_a	0.225697267	labial a	preceding vowel duration in ms	225.6972668
Baer_Henney_unpublished	tut9	ViBe	voiceless	labial_a	0.218318808	labial a	preceding vowel duration in ms	218.3188081
Baer_Henney_unpublished	tut10	SeGu	voiceless	labial_a	0.265614444	labial a	preceding vowel duration in ms	265.6144438
Baer_Henney_unpublished	tut2	MaGe	voiced	velar_a	0.178509897	velar a	preceding vowel duration in ms	178.5098973
Baer_Henney_unpublished	tut4	SvBo	voiceless	velar_a	0.100960159	velar a	preceding vowel duration in ms	100.9601585
Baer_Henney_unpublished	tut4	SvBo	voiceless	velar_a	0.194443053	velar a	preceding vowel duration in ms	194.4430525
Baer_Henney_unpublished	tut4	SvBo	voiceless	velar_a	0.182487089	velar a	preceding vowel duration in ms	182.4870891
Baer_Henney_unpublished	tut6	AnHo	voiced	velar_a	0.266946074	velar a	preceding vowel duration in ms	266.9460738
Baer_Henney_unpublished	tut7	AnHu	voiced	velar_a	0.138265561	velar a	preceding vowel duration in ms	138.265561
Baer_Henney_unpublished	tut3	AnRu	voiced	velar_a	0.086758992	velar a	preceding vowel duration in ms	86.7589918
Baer_Henney_unpublished	tut7	BeNi	voiced	velar_a	0.252465214	velar a	preceding vowel duration in ms	252.4652139
Baer_Henney_unpublished	tut7	BeNi	voiced	velar_a	0.252465214	velar a	preceding vowel duration in ms	252.4652139
Baer_Henney_unpublished	tut1	CaMu	voiced	velar_a	0.191787866	velar a	preceding vowel duration in ms	191.7878655
Baer_Henney_unpublished	tut4	CoLa	voiced	velar_a	0.133676888	velar a	preceding vowel duration in ms	133.6768875
Baer_Henney_unpublished	tut2	DaAr	voiced	velar_a	0.165680297	velar a	preceding vowel duration in ms	165.6802966
Baer_Henney_unpublished	tut10	DiTu	voiced	velar_a	0.173992297	velar a	preceding vowel duration in ms	173.9922965
Baer_Henney_unpublished	tut7	FrSc	voiced	velar_a	0.286536764	velar a	preceding vowel duration in ms	286.5367639
Baer_Henney_unpublished	tut4	HaAl	voiced	velar_a	0.223494751	velar a	preceding vowel duration in ms	223.494751
Baer_Henney_unpublished	tut2	JeMe	voiced	velar_a	0.149447067	velar a	preceding vowel duration in ms	149.4470669
Baer_Henney_unpublished	tut10	JoTh	voiced	velar_a	0.092145436	velar a	preceding vowel duration in ms	92.145436
Baer_Henney_unpublished	tut7	JuSo	voiced	velar_a	0.181780396	velar a	preceding vowel duration in ms	181.7803957
Baer_Henney_unpublished	tut4	KaRe	voiced	velar_a	0.150064591	velar a	preceding vowel duration in ms	150.0645907
Baer_Henney_unpublished	tut1	KaTh	voiced	velar_a	0.234583505	velar a	preceding vowel duration in ms	234.5835049
Baer_Henney_unpublished	tut3	LiRi	voiced	velar_a	0.142827454	velar a	preceding vowel duration in ms	142.8274537
Baer_Henney_unpublished	tut2	MaGe	voiced	velar_a	0.230694608	velar a	preceding vowel duration in ms	230.6946079
Baer_Henney_unpublished	tut6	MaHo	voiced	velar_a	0.115032907	velar a	preceding vowel duration in ms	115.0329066
Baer_Henney_unpublished	tut3	MaKo	voiced	velar_a	0.167984562	velar a	preceding vowel duration in ms	167.9845621
Baer_Henney_unpublished	tut4	MaKu	voiced	velar_a	0.133903852	velar a	preceding vowel duration in ms	133.9038524
Baer_Henney_unpublished	tut7	MaMe	voiced	velar_a	0.219886483	velar a	preceding vowel duration in ms	219.8864834
Baer_Henney_unpublished	tut7	MaRe	voiced	velar_a	0.207749024	velar a	preceding vowel duration in ms	207.7490236
Baer_Henney_unpublished	tut2	MaSc	voiced	velar_a	0.280509135	velar a	preceding vowel duration in ms	280.5091354
Baer_Henney_unpublished	tut3	MeDo	voiced	velar_a	0.053890805	velar a	preceding vowel duration in ms	53.8908052
Baer_Henney_unpublished	tut7	MiMi	voiced	velar_a	0.194126466	velar a	preceding vowel duration in ms	194.1264659
Baer_Henney_unpublished	tut2	MiPa	voiced	velar_a	0.14363897	velar a	preceding vowel duration in ms	143.6389704
Baer_Henney_unpublished	tut6	MlHa	voiced	velar_a	0.188533096	velar a	preceding vowel duration in ms	188.5330956
Baer_Henney_unpublished	tut2	MoSc	voiced	velar_a	0.244881452	velar a	preceding vowel duration in ms	244.8814522
Baer_Henney_unpublished	tut8	PaNu	voiced	velar_a	0.161596079	velar a	preceding vowel duration in ms	161.5960786
Baer_Henney_unpublished	tut10	PhLu	voiced	velar_a	0.146057748	velar a	preceding vowel duration in ms	146.0577482
Baer_Henney_unpublished	tut2	RoBe	voiced	velar_a	0.140687796	velar a	preceding vowel duration in ms	140.6877956
Baer_Henney_unpublished	tut7	SaBa	voiced	velar_a	0.161382169	velar a	preceding vowel duration in ms	161.3821692
Baer_Henney_unpublished	tut2	SeUc	voiced	velar_a	0.127318417	velar a	preceding vowel duration in ms	127.3184171
Baer_Henney_unpublished	tut2	SiCa	voiced	velar_a	0.21795486	velar a	preceding vowel duration in ms	217.9548601
Baer_Henney_unpublished	tut8	SoBe	voiced	velar_a	0.204502865	velar a	preceding vowel duration in ms	204.5028645
Baer_Henney_unpublished	tut4	StKa	voiced	velar_a	0.23680128	velar a	preceding vowel duration in ms	236.80128
Baer_Henney_unpublished	tut7	TcQu	voiced	velar_a	0.156933306	velar a	preceding vowel duration in ms	156.9333055
Baer_Henney_unpublished	tut7	VaMa	voiced	velar_a	0.110292498	velar a	preceding vowel duration in ms	110.2924982
Baer_Henney_unpublished	tut7	VaSc	voiced	velar_a	0.167735446	velar a	preceding vowel duration in ms	167.7354456
Baer_Henney_unpublished	tut7	YuVo	voiced	velar_a	0.190939883	velar a	preceding vowel duration in ms	190.9398829
Baer_Henney_unpublished	tut10	RuYi	voiced	velar_a	0.218702184	velar a	preceding vowel duration in ms	218.7021836
Baer_Henney_unpublished	tut10	SeGu	voiced	velar_a	0.412885819	velar a	preceding vowel duration in ms	412.8858186
Baer_Henney_unpublished	tut3	KiSt	voiced	velar_a	0.250481115	velar a	preceding vowel duration in ms	250.4811151
Baer_Henney_unpublished	tut10	ClGo	voiced	velar_a	0.166016472	velar a	preceding vowel duration in ms	166.0164718
Baer_Henney_unpublished	tut3	LaKu	voiced	velar_a	0.507207578	velar a	preceding vowel duration in ms	507.2075783
Baer_Henney_unpublished	tut9	EdGr	voiced	velar_a	0.11113238	velar a	preceding vowel duration in ms	111.1323802
Baer_Henney_unpublished	tut9	MaRo	voiced	velar_a	0.196235647	velar a	preceding vowel duration in ms	196.2356473
Baer_Henney_unpublished	tut9	VaHu	voiced	velar_a	0.152162273	velar a	preceding vowel duration in ms	152.1622727
Baer_Henney_unpublished	tut9	AnKu	voiced	velar_a	0.161671581	velar a	preceding vowel duration in ms	161.6715807
Baer_Henney_unpublished	tut9	DaHe	voiced	velar_a	0.12497402	velar a	preceding vowel duration in ms	124.9740201
Baer_Henney_unpublished	tut2	JeMe	voiced	velar_a	0.085330749	velar a	preceding vowel duration in ms	85.3307485
Baer_Henney_unpublished	tut4	KaGr	voiced	velar_a	0.202070575	velar a	preceding vowel duration in ms	202.0705745
Baer_Henney_unpublished	tut2	MaGe	voiced	velar_a	0.083912836	velar a	preceding vowel duration in ms	83.9128356
Baer_Henney_unpublished	tut2	MaSc	voiced	velar_a	0.064667815	velar a	preceding vowel duration in ms	64.6678147
Baer_Henney_unpublished	tut2	MiPa	voiced	velar_a	0.077905884	velar a	preceding vowel duration in ms	77.9058839
Baer_Henney_unpublished	tut2	MoSc	voiced	velar_a	0.133571701	velar a	preceding vowel duration in ms	133.5717012
Baer_Henney_unpublished	tut2	RoBe	voiced	velar_a	0.126258278	velar a	preceding vowel duration in ms	126.2582781
Baer_Henney_unpublished	tut2	SeUc	voiced	velar_a	0.054878628	velar a	preceding vowel duration in ms	54.878628
Baer_Henney_unpublished	tut1	HaSa	voiced	velar_a	0.133057147	velar a	preceding vowel duration in ms	133.0571474
Baer_Henney_unpublished	tut9	KaKe	voiced	velar_a	0.193896641	velar a	preceding vowel duration in ms	193.8966414
Baer_Henney_unpublished	tut9	KaKe	voiced	velar_a	0.067412902	velar a	preceding vowel duration in ms	67.4129021
Baer_Henney_unpublished	tut3	LaKu	voiced	velar_a	0.304324547	velar a	preceding vowel duration in ms	304.324547
Baer_Henney_unpublished	tut2	DaAr	voiced	velar_a	0.218934176	velar a	preceding vowel duration in ms	218.9341756
Baer_Henney_unpublished	tut2	JeMe	voiced	velar_a	0.201043095	velar a	preceding vowel duration in ms	201.0430952
Baer_Henney_unpublished	tut2	MaGe	voiced	velar_a	0.181376019	velar a	preceding vowel duration in ms	181.3760191
Baer_Henney_unpublished	tut2	MaSc	voiced	velar_a	0.22916786	velar a	preceding vowel duration in ms	229.1678599
Baer_Henney_unpublished	tut2	MiPa	voiced	velar_a	0.173665199	velar a	preceding vowel duration in ms	173.6651994
Baer_Henney_unpublished	tut2	MoSc	voiced	velar_a	0.325364437	velar a	preceding vowel duration in ms	325.3644365
Baer_Henney_unpublished	tut2	RoBe	voiced	velar_a	0.155117313	velar a	preceding vowel duration in ms	155.1173132
Baer_Henney_unpublished	tut2	SeUc	voiced	velar_a	0.118537837	velar a	preceding vowel duration in ms	118.5378366
Baer_Henney_unpublished	tut2	SiCa	voiced	velar_a	0.219909788	velar a	preceding vowel duration in ms	219.9097884
Baer_Henney_unpublished	tut6	AlSt	voiced	velar_a	0.129865658	velar a	preceding vowel duration in ms	129.8656575
Baer_Henney_unpublished	tut6	AnHo	voiced	velar_a	0.220951987	velar a	preceding vowel duration in ms	220.9519868
Baer_Henney_unpublished	tut7	AnHu	voiced	velar_a	0.085310405	velar a	preceding vowel duration in ms	85.3104045
Baer_Henney_unpublished	tut3	AnRu	voiced	velar_a	0.13908541	velar a	preceding vowel duration in ms	139.0854104
Baer_Henney_unpublished	tut7	BeNi	voiced	velar_a	0.126232607	velar a	preceding vowel duration in ms	126.2326069
Baer_Henney_unpublished	tut7	BeNi	voiced	velar_a	0.126232607	velar a	preceding vowel duration in ms	126.2326069
Baer_Henney_unpublished	tut4	CoLa	voiced	velar_a	0.104189339	velar a	preceding vowel duration in ms	104.1893388
Baer_Henney_unpublished	tut2	DaAr	voiced	velar_a	0.179329461	velar a	preceding vowel duration in ms	179.3294609
Baer_Henney_unpublished	tut5	DaDr	voiced	velar_a	0.141420067	velar a	preceding vowel duration in ms	141.4200672
Baer_Henney_unpublished	tut10	DiTu	voiced	velar_a	0.162264054	velar a	preceding vowel duration in ms	162.264054
Baer_Henney_unpublished	tut9	EdGr	voiced	velar_a	0.103318385	velar a	preceding vowel duration in ms	103.3183847
Baer_Henney_unpublished	tut7	FrSc	voiced	velar_a	0.27250597	velar a	preceding vowel duration in ms	272.5059702
Baer_Henney_unpublished	tut4	HaAl	voiced	velar_a	0.251684095	velar a	preceding vowel duration in ms	251.6840951
Baer_Henney_unpublished	tut8	JeHa	voiced	velar_a	0.145940101	velar a	preceding vowel duration in ms	145.9401006
Baer_Henney_unpublished	tut2	JeMe	voiced	velar_a	0.220205925	velar a	preceding vowel duration in ms	220.2059249
Baer_Henney_unpublished	tut5	JeSc	voiced	velar_a	0.190743678	velar a	preceding vowel duration in ms	190.7436777
Baer_Henney_unpublished	tut10	JoTh	voiced	velar_a	0.071651123	velar a	preceding vowel duration in ms	71.6511234
Baer_Henney_unpublished	tut7	JuSo	voiced	velar_a	0.233717652	velar a	preceding vowel duration in ms	233.7176516
Baer_Henney_unpublished	tut4	KaRe	voiced	velar_a	0.166787824	velar a	preceding vowel duration in ms	166.7878236
Baer_Henney_unpublished	tut1	KaTh	voiced	velar_a	0.196542937	velar a	preceding vowel duration in ms	196.5429366
Baer_Henney_unpublished	tut3	LiRi	voiced	velar_a	0.19476471	velar a	preceding vowel duration in ms	194.7647096
Baer_Henney_unpublished	tut6	MaHo	voiced	velar_a	0.124162502	velar a	preceding vowel duration in ms	124.1625024
Baer_Henney_unpublished	tut3	MaKo	voiced	velar_a	0.200851107	velar a	preceding vowel duration in ms	200.8511068
Baer_Henney_unpublished	tut4	MaKu	voiced	velar_a	0.132257494	velar a	preceding vowel duration in ms	132.2574936
Baer_Henney_unpublished	tut7	MaMe	voiced	velar_a	0.256398711	velar a	preceding vowel duration in ms	256.3987109
Baer_Henney_unpublished	tut7	MaRe	voiced	velar_a	0.090890198	velar a	preceding vowel duration in ms	90.8901978
Baer_Henney_unpublished	tut9	MaRo	voiced	velar_a	0.189568772	velar a	preceding vowel duration in ms	189.5687719
Baer_Henney_unpublished	tut2	MaSc	voiced	velar_a	0.234536299	velar a	preceding vowel duration in ms	234.5362992
Baer_Henney_unpublished	tut3	MeDo	voiced	velar_a	0.117291753	velar a	preceding vowel duration in ms	117.2917525
Baer_Henney_unpublished	tut7	MiMi	voiced	velar_a	0.194090143	velar a	preceding vowel duration in ms	194.0901429
Baer_Henney_unpublished	tut2	MiPa	voiced	velar_a	0.188678313	velar a	preceding vowel duration in ms	188.6783125
Baer_Henney_unpublished	tut6	MlHa	voiced	velar_a	0.147291481	velar a	preceding vowel duration in ms	147.2914809
Baer_Henney_unpublished	tut2	MoSc	voiced	velar_a	0.293857743	velar a	preceding vowel duration in ms	293.8577426
Baer_Henney_unpublished	tut8	PaNu	voiced	velar_a	0.199766216	velar a	preceding vowel duration in ms	199.7662163
Baer_Henney_unpublished	tut10	PhLu	voiced	velar_a	0.119093857	velar a	preceding vowel duration in ms	119.0938569
Baer_Henney_unpublished	tut2	RoBe	voiced	velar_a	0.162332072	velar a	preceding vowel duration in ms	162.3320719
Baer_Henney_unpublished	tut7	SaBa	voiced	velar_a	0.239480455	velar a	preceding vowel duration in ms	239.4804551
Baer_Henney_unpublished	tut2	SeUc	voiced	velar_a	0.173416465	velar a	preceding vowel duration in ms	173.4164646
Baer_Henney_unpublished	tut2	SiCa	voiced	velar_a	0.222795963	velar a	preceding vowel duration in ms	222.7959627
Baer_Henney_unpublished	tut8	SoBe	voiced	velar_a	0.23696373	velar a	preceding vowel duration in ms	236.96373
Baer_Henney_unpublished	tut4	StKa	voiced	velar_a	0.191526412	velar a	preceding vowel duration in ms	191.5264119
Baer_Henney_unpublished	tut4	SvBo	voiced	velar_a	0.272967243	velar a	preceding vowel duration in ms	272.9672429
Baer_Henney_unpublished	tut9	VaHu	voiced	velar_a	0.084545162	velar a	preceding vowel duration in ms	84.5451624
Baer_Henney_unpublished	tut7	VaMa	voiced	velar_a	0.120962915	velar a	preceding vowel duration in ms	120.9629146
Baer_Henney_unpublished	tut7	VaSc	voiced	velar_a	0.058707406	velar a	preceding vowel duration in ms	58.7074059
Baer_Henney_unpublished	tut9	ViBe	voiced	velar_a	0.329714086	velar a	preceding vowel duration in ms	329.7140855
Baer_Henney_unpublished	tut3	KiSt	voiced	velar_a	0.236565498	velar a	preceding vowel duration in ms	236.5654976
Baer_Henney_unpublished	tut7	YuVo	voiced	velar_a	0.146876833	velar a	preceding vowel duration in ms	146.876833
Baer_Henney_unpublished	tut9	AnKu	voiced	velar_a	0.145821426	velar a	preceding vowel duration in ms	145.8214258
Baer_Henney_unpublished	tut10	ClGo	voiced	velar_a	0.137758349	velar a	preceding vowel duration in ms	137.7583489
Baer_Henney_unpublished	tut9	DaHe	voiced	velar_a	0.168796079	velar a	preceding vowel duration in ms	168.796079
Baer_Henney_unpublished	tut3	LaKu	voiced	velar_a	0.312726614	velar a	preceding vowel duration in ms	312.7266135
Baer_Henney_unpublished	tut7	AnHu	voiced	velar_a	0.137590126	velar a	preceding vowel duration in ms	137.5901255
Baer_Henney_unpublished	tut3	AnRu	voiced	velar_a	0.113000909	velar a	preceding vowel duration in ms	113.0009091
Baer_Henney_unpublished	tut7	BeNi	voiced	velar_a	0.280516904	velar a	preceding vowel duration in ms	280.5169043
Baer_Henney_unpublished	tut7	BeNi	voiced	velar_a	0.280516904	velar a	preceding vowel duration in ms	280.5169043
Baer_Henney_unpublished	tut1	CaMu	voiced	velar_a	0.21080815	velar a	preceding vowel duration in ms	210.8081497
Baer_Henney_unpublished	tut5	ClFi	voiced	velar_a	0.215618743	velar a	preceding vowel duration in ms	215.6187429
Baer_Henney_unpublished	tut5	DaDr	voiced	velar_a	0.121532029	velar a	preceding vowel duration in ms	121.5320293
Baer_Henney_unpublished	tut7	FrSc	voiced	velar_a	0.34343642	velar a	preceding vowel duration in ms	343.4364204
Baer_Henney_unpublished	tut4	HaAl	voiced	velar_a	0.2221572	velar a	preceding vowel duration in ms	222.1571995
Baer_Henney_unpublished	tut1	HaSa	voiced	velar_a	0.120012329	velar a	preceding vowel duration in ms	120.0123291
Baer_Henney_unpublished	tut5	IsRa	voiced	velar_a	0.16426698	velar a	preceding vowel duration in ms	164.2669802
Baer_Henney_unpublished	tut5	IsRa	voiced	velar_a	0.147357144	velar a	preceding vowel duration in ms	147.357144
Baer_Henney_unpublished	tut8	JeHa	voiced	velar_a	0.139892567	velar a	preceding vowel duration in ms	139.8925671
Baer_Henney_unpublished	tut5	JeSc	voiced	velar_a	0.169319802	velar a	preceding vowel duration in ms	169.3198018
Baer_Henney_unpublished	tut7	JuSo	voiced	velar_a	0.207749024	velar a	preceding vowel duration in ms	207.7490236
Baer_Henney_unpublished	tut1	KaTh	voiced	velar_a	0.202883031	velar a	preceding vowel duration in ms	202.8830313
Baer_Henney_unpublished	tut3	LiRi	voiced	velar_a	0.168796082	velar a	preceding vowel duration in ms	168.7960817
Baer_Henney_unpublished	tut3	MaKo	voiced	velar_a	0.19354743	velar a	preceding vowel duration in ms	193.5474302
Baer_Henney_unpublished	tut7	MaMe	voiced	velar_a	0.184502452	velar a	preceding vowel duration in ms	184.5024516
Baer_Henney_unpublished	tut7	MaRe	voiced	velar_a	0.155811768	velar a	preceding vowel duration in ms	155.8117677
Baer_Henney_unpublished	tut3	MeDo	voiced	velar_a	0.079251184	velar a	preceding vowel duration in ms	79.2511841
Baer_Henney_unpublished	tut7	MiMi	voiced	velar_a	0.171087419	velar a	preceding vowel duration in ms	171.0874189
Baer_Henney_unpublished	tut8	PaNu	voiced	velar_a	0.215713597	velar a	preceding vowel duration in ms	215.7135968
Baer_Henney_unpublished	tut7	SaBa	voiced	velar_a	0.218982281	velar a	preceding vowel duration in ms	218.9822806
Baer_Henney_unpublished	tut8	SoBe	voiced	velar_a	0.246701868	velar a	preceding vowel duration in ms	246.7018683
Baer_Henney_unpublished	tut7	TcQu	voiced	velar_a	0.098362756	velar a	preceding vowel duration in ms	98.3627556
Baer_Henney_unpublished	tut7	TcQu	voiced	velar_a	0.052460136	velar a	preceding vowel duration in ms	52.4601363
Baer_Henney_unpublished	tut7	VaMa	voiced	velar_a	0.109118209	velar a	preceding vowel duration in ms	109.1182087
Baer_Henney_unpublished	tut7	VaSc	voiced	velar_a	0.047525043	velar a	preceding vowel duration in ms	47.5250429
Baer_Henney_unpublished	tut7	YuVo	voiced	velar_a	0.219703263	velar a	preceding vowel duration in ms	219.7032627
Baer_Henney_unpublished	tut3	KiSt	voiced	velar_a	0.269035272	velar a	preceding vowel duration in ms	269.0352717
Baer_Henney_unpublished	tut3	LaKu	voiced	velar_a	0.355045305	velar a	preceding vowel duration in ms	355.0453048
Baer_Henney_unpublished	tut3	AnRu	voiced	velar_a	0.126801895	velar a	preceding vowel duration in ms	126.8018946
Baer_Henney_unpublished	tut3	JuEh	voiced	velar_a	0.174394724	velar a	preceding vowel duration in ms	174.3947239
Baer_Henney_unpublished	tut1	KaTh	voiced	velar_a	0.22824341	velar a	preceding vowel duration in ms	228.2434102
Baer_Henney_unpublished	tut3	LiRi	voiced	velar_a	0.154188729	velar a	preceding vowel duration in ms	154.1887285
Baer_Henney_unpublished	tut3	MaKo	voiced	velar_a	0.23736949	velar a	preceding vowel duration in ms	237.3694899
Baer_Henney_unpublished	tut3	MeDo	voiced	velar_a	0.152162274	velar a	preceding vowel duration in ms	152.1622735
Baer_Henney_unpublished	tut3	KiSt	voiced	velar_a	0.245842576	velar a	preceding vowel duration in ms	245.8425759
Baer_Henney_unpublished	tut3	LaKu	voiced	velar_a	0.557928336	velar a	preceding vowel duration in ms	557.9283361
Baer_Henney_unpublished	tut1	HaSa	voiced	velar_a	0.130448184	velar a	preceding vowel duration in ms	130.4481838
Baer_Henney_unpublished	tut2	SeUc	voiced	velar_a	0.133903852	velar a	preceding vowel duration in ms	133.9038524
Baer_Henney_unpublished	tut6	AnHo	voiceless	velar_a	0.266178437	velar a	preceding vowel duration in ms	266.1784365
Baer_Henney_unpublished	tut7	AnHu	voiceless	velar_a	0.130140525	velar a	preceding vowel duration in ms	130.1405248
Baer_Henney_unpublished	tut3	AnRu	voiceless	velar_a	0.121254312	velar a	preceding vowel duration in ms	121.2543117
Baer_Henney_unpublished	tut7	Beck	voiceless	velar_a	0.197201917	velar a	preceding vowel duration in ms	197.2019168
Baer_Henney_unpublished	tut1	CaMu	voiceless	velar_a	0.197335448	velar a	preceding vowel duration in ms	197.3354484
Baer_Henney_unpublished	tut4	CoLa	voiceless	velar_a	0.153335253	velar a	preceding vowel duration in ms	153.3352533
Baer_Henney_unpublished	tut2	DaAr	voiceless	velar_a	0.122780934	velar a	preceding vowel duration in ms	122.7809341
Baer_Henney_unpublished	tut10	DiTu	voiceless	velar_a	0.205776476	velar a	preceding vowel duration in ms	205.7764759
Baer_Henney_unpublished	tut7	FrSc	voiceless	velar_a	0.28514192	velar a	preceding vowel duration in ms	285.1419203
Baer_Henney_unpublished	tut4	HaAl	voiceless	velar_a	0.197990845	velar a	preceding vowel duration in ms	197.9908454
Baer_Henney_unpublished	tut8	JeHa	voiceless	velar_a	0.180145556	velar a	preceding vowel duration in ms	180.1455564
Baer_Henney_unpublished	tut2	JeMe	voiceless	velar_a	0.191636588	velar a	preceding vowel duration in ms	191.6365882
Baer_Henney_unpublished	tut10	JoTh	voiceless	velar_a	0.078028769	velar a	preceding vowel duration in ms	78.0287686
Baer_Henney_unpublished	tut3	JuEh	voiceless	velar_a	0.159507369	velar a	preceding vowel duration in ms	159.5073694
Baer_Henney_unpublished	tut7	JuSo	voiceless	velar_a	0.233717652	velar a	preceding vowel duration in ms	233.7176516
Baer_Henney_unpublished	tut4	KaGr	voiceless	velar_a	0.156917345	velar a	preceding vowel duration in ms	156.9173445
Baer_Henney_unpublished	tut4	KaRe	voiceless	velar_a	0.143640653	velar a	preceding vowel duration in ms	143.6406534
Baer_Henney_unpublished	tut1	KaTh	voiceless	velar_a	0.139482084	velar a	preceding vowel duration in ms	139.482084
Baer_Henney_unpublished	tut3	LiRi	voiceless	velar_a	0.162303925	velar a	preceding vowel duration in ms	162.3039247
Baer_Henney_unpublished	tut2	MaGe	voiceless	velar_a	0.134085325	velar a	preceding vowel duration in ms	134.0853246
Baer_Henney_unpublished	tut6	MaHo	voiceless	velar_a	0.113815627	velar a	preceding vowel duration in ms	113.8156272
Baer_Henney_unpublished	tut3	MaKo	voiceless	velar_a	0.189895592	velar a	preceding vowel duration in ms	189.8955919
Baer_Henney_unpublished	tut4	MaKu	voiceless	velar_a	0.128964776	velar a	preceding vowel duration in ms	128.9647759
Baer_Henney_unpublished	tut7	MaMe	voiceless	velar_a	0.175966412	velar a	preceding vowel duration in ms	175.9664116
Baer_Henney_unpublished	tut7	MaRe	voiceless	velar_a	0.19476471	velar a	preceding vowel duration in ms	194.7647096
Baer_Henney_unpublished	tut2	MaSc	voiceless	velar_a	0.195122864	velar a	preceding vowel duration in ms	195.1228638
Baer_Henney_unpublished	tut3	MeDo	voiceless	velar_a	0.10778161	velar a	preceding vowel duration in ms	107.7816104
Baer_Henney_unpublished	tut7	MiMi	voiceless	velar_a	0.197104105	velar a	preceding vowel duration in ms	197.1041049
Baer_Henney_unpublished	tut2	MiPa	voiceless	velar_a	0.17285368	velar a	preceding vowel duration in ms	172.8536798
Baer_Henney_unpublished	tut6	MlHa	voiceless	velar_a	0.194424755	velar a	preceding vowel duration in ms	194.4247548
Baer_Henney_unpublished	tut2	MoSc	voiceless	velar_a	0.273821988	velar a	preceding vowel duration in ms	273.8219875
Baer_Henney_unpublished	tut8	PaNu	voiceless	velar_a	0.181802574	velar a	preceding vowel duration in ms	181.802574
Baer_Henney_unpublished	tut10	PhLu	voiceless	velar_a	0.122616137	velar a	preceding vowel duration in ms	122.6161368
Baer_Henney_unpublished	tut2	RoBe	voiceless	velar_a	0.165939451	velar a	preceding vowel duration in ms	165.9394513
Baer_Henney_unpublished	tut7	SaBa	voiceless	velar_a	0.140686919	velar a	preceding vowel duration in ms	140.686919
Baer_Henney_unpublished	tut2	SeUc	voiceless	velar_a	0.133903852	velar a	preceding vowel duration in ms	133.9038524
Baer_Henney_unpublished	tut2	SiCa	voiceless	velar_a	0.227300391	velar a	preceding vowel duration in ms	227.3003912
Baer_Henney_unpublished	tut8	SoBe	voiceless	velar_a	0.220733251	velar a	preceding vowel duration in ms	220.7332506
Baer_Henney_unpublished	tut8	SoBe	voiceless	velar_a	0.207748942	velar a	preceding vowel duration in ms	207.7489417
Baer_Henney_unpublished	tut4	StKa	voiceless	velar_a	0.176434789	velar a	preceding vowel duration in ms	176.4347891
Baer_Henney_unpublished	tut7	VaMa	voiceless	velar_a	0.113513004	velar a	preceding vowel duration in ms	113.5130038
Baer_Henney_unpublished	tut7	VaSc	voiceless	velar_a	0.128597175	velar a	preceding vowel duration in ms	128.5971749
Baer_Henney_unpublished	tut3	KiSt	voiceless	velar_a	0.271354541	velar a	preceding vowel duration in ms	271.3545413
Baer_Henney_unpublished	tut10	ClGo	voiceless	velar_a	0.162484206	velar a	preceding vowel duration in ms	162.4842064
Baer_Henney_unpublished	tut3	LaKu	voiceless	velar_a	0.355045305	velar a	preceding vowel duration in ms	355.0453048
Baer_Henney_unpublished	tut7	Beck	voiceless	velar_a	0.223099808	velar a	preceding vowel duration in ms	223.099808
Baer_Henney_unpublished	tut9	EdGr	voiceless	velar_a	0.070325959	velar a	preceding vowel duration in ms	70.3259593
Baer_Henney_unpublished	tut9	MaRo	voiceless	velar_a	0.14921839	velar a	preceding vowel duration in ms	149.21839
Baer_Henney_unpublished	tut2	MoSc	voiceless	velar_a	0.25156004	velar a	preceding vowel duration in ms	251.5600401
Baer_Henney_unpublished	tut2	SeUc	voiceless	velar_a	0.087805805	velar a	preceding vowel duration in ms	87.8058049
Baer_Henney_unpublished	tut9	VaHu	voiceless	velar_a	0.148253318	velar a	preceding vowel duration in ms	148.2533178
Baer_Henney_unpublished	tut9	ViBe	voiceless	velar_a	0.202146136	velar a	preceding vowel duration in ms	202.1461357
Baer_Henney_unpublished	tut9	AnKu	voiceless	velar_a	0.177522617	velar a	preceding vowel duration in ms	177.5226167
Baer_Henney_unpublished	tut9	DaHe	voiceless	velar_a	0.082166362	velar a	preceding vowel duration in ms	82.1663619
Baer_Henney_unpublished	tut1	HaSa	voiceless	velar_a	0.091313729	velar a	preceding vowel duration in ms	91.3137286
Baer_Henney_unpublished	tut3	LaKu	voiceless	velar_a	0.405766063	velar a	preceding vowel duration in ms	405.7660626
Baer_Henney_unpublished	tut6	AnHo	voiceless	velar_a	0.337592163	velar a	preceding vowel duration in ms	337.5921634
Baer_Henney_unpublished	tut2	DaAr	voiceless	velar_a	0.241158655	velar a	preceding vowel duration in ms	241.1586546
Baer_Henney_unpublished	tut2	MaGe	voiceless	velar_a	0.169393657	velar a	preceding vowel duration in ms	169.3936572
Baer_Henney_unpublished	tut2	MaSc	voiceless	velar_a	0.207339148	velar a	preceding vowel duration in ms	207.3391479
Baer_Henney_unpublished	tut2	MiPa	voiceless	velar_a	0.110507957	velar a	preceding vowel duration in ms	110.5079571
Baer_Henney_unpublished	tut2	RoBe	voiceless	velar_a	0.182172659	velar a	preceding vowel duration in ms	182.1726585
Baer_Henney_unpublished	tut2	SiCa	voiceless	velar_a	0.183273185	velar a	preceding vowel duration in ms	183.2731846
Baer_Henney_unpublished	tut6	AlSt	voiceless	velar_a	0.140687796	velar a	preceding vowel duration in ms	140.6877956
Baer_Henney_unpublished	tut6	AnHo	voiceless	velar_a	0.252516556	velar a	preceding vowel duration in ms	252.5165563
Baer_Henney_unpublished	tut7	AnHu	voiceless	velar_a	0.107682577	velar a	preceding vowel duration in ms	107.6825765
Baer_Henney_unpublished	tut3	AnRu	voiceless	velar_a	0.114607557	velar a	preceding vowel duration in ms	114.6075571
Baer_Henney_unpublished	tut7	Beck	voiceless	velar_a	0.207939199	velar a	preceding vowel duration in ms	207.9391993
Baer_Henney_unpublished	tut7	BeNi	voiceless	velar_a	0.154284297	velar a	preceding vowel duration in ms	154.2842974
Baer_Henney_unpublished	tut7	BeNi	voiceless	velar_a	0.154284297	velar a	preceding vowel duration in ms	154.2842974
Baer_Henney_unpublished	tut1	CaMu	voiceless	velar_a	0.187825306	velar a	preceding vowel duration in ms	187.8253063
Baer_Henney_unpublished	tut5	ClFi	voiceless	velar_a	0.200952658	velar a	preceding vowel duration in ms	200.9526577
Baer_Henney_unpublished	tut10	ClGo	voiceless	velar_a	0.152770477	velar a	preceding vowel duration in ms	152.7704767
Baer_Henney_unpublished	tut4	CoLa	voiceless	velar_a	0.152352335	velar a	preceding vowel duration in ms	152.352335
Baer_Henney_unpublished	tut2	DaAr	voiceless	velar_a	0.161187051	velar a	preceding vowel duration in ms	161.1870507
Baer_Henney_unpublished	tut5	DaDr	voiceless	velar_a	0.076184168	velar a	preceding vowel duration in ms	76.1841678
Baer_Henney_unpublished	tut10	DiTu	voiceless	velar_a	0.138472215	velar a	preceding vowel duration in ms	138.4722149
Baer_Henney_unpublished	tut9	EdGr	voiceless	velar_a	0.096372611	velar a	preceding vowel duration in ms	96.3726109
Baer_Henney_unpublished	tut7	FrSc	voiceless	velar_a	0.296230447	velar a	preceding vowel duration in ms	296.2304469
Baer_Henney_unpublished	tut4	HaAl	voiceless	velar_a	0.263775548	velar a	preceding vowel duration in ms	263.7755483
Baer_Henney_unpublished	tut1	HaSa	voiceless	velar_a	0.112185438	velar a	preceding vowel duration in ms	112.185438
Baer_Henney_unpublished	tut5	IsRa	voiceless	velar_a	0.188423889	velar a	preceding vowel duration in ms	188.4238891
Baer_Henney_unpublished	tut8	JeHa	voiceless	velar_a	0.184426303	velar a	preceding vowel duration in ms	184.4263026
Baer_Henney_unpublished	tut2	JeMe	voiceless	velar_a	0.14792678	velar a	preceding vowel duration in ms	147.9267804
Baer_Henney_unpublished	tut5	JeSc	voiceless	velar_a	0.179472187	velar a	preceding vowel duration in ms	179.472187
Baer_Henney_unpublished	tut10	JoTh	voiceless	velar_a	0.081914668	velar a	preceding vowel duration in ms	81.9146681
Baer_Henney_unpublished	tut7	JuSo	voiceless	velar_a	0.155811765	velar a	preceding vowel duration in ms	155.811765
Baer_Henney_unpublished	tut4	KaGr	voiceless	velar_a	0.269454026	velar a	preceding vowel duration in ms	269.4540259
Baer_Henney_unpublished	tut4	KaGr	voiceless	velar_a	0.193372889	velar a	preceding vowel duration in ms	193.3728892
Baer_Henney_unpublished	tut1	KaTh	voiceless	velar_a	0.177522652	velar a	preceding vowel duration in ms	177.5226524
Baer_Henney_unpublished	tut3	LiRi	voiceless	velar_a	0.155811768	velar a	preceding vowel duration in ms	155.8117677
Baer_Henney_unpublished	tut2	MaGe	voiceless	velar_a	0.183112366	velar a	preceding vowel duration in ms	183.1123658
Baer_Henney_unpublished	tut6	MaHo	voiceless	velar_a	0.132683458	velar a	preceding vowel duration in ms	132.6834584
Baer_Henney_unpublished	tut3	MaKo	voiceless	velar_a	0.182591915	velar a	preceding vowel duration in ms	182.5919153
Baer_Henney_unpublished	tut7	MaMe	voiceless	velar_a	0.204635195	velar a	preceding vowel duration in ms	204.6351949
Baer_Henney_unpublished	tut7	MaRe	voiceless	velar_a	0.155811768	velar a	preceding vowel duration in ms	155.8117677
Baer_Henney_unpublished	tut9	MaRo	voiceless	velar_a	0.155237715	velar a	preceding vowel duration in ms	155.2377148
Baer_Henney_unpublished	tut2	MaSc	voiceless	velar_a	0.183527725	velar a	preceding vowel duration in ms	183.527725
Baer_Henney_unpublished	tut3	MeDo	voiceless	velar_a	0.082421232	velar a	preceding vowel duration in ms	82.4212315
Baer_Henney_unpublished	tut7	MiMi	voiceless	velar_a	0.144427267	velar a	preceding vowel duration in ms	144.4272666
Baer_Henney_unpublished	tut2	MiPa	voiceless	velar_a	0.122945223	velar a	preceding vowel duration in ms	122.945223
Baer_Henney_unpublished	tut6	MlHa	voiceless	velar_a	0.094266548	velar a	preceding vowel duration in ms	94.2665478
Baer_Henney_unpublished	tut2	MoSc	voiceless	velar_a	0.243768355	velar a	preceding vowel duration in ms	243.7683547
Baer_Henney_unpublished	tut8	PaNu	voiceless	velar_a	0.199418843	velar a	preceding vowel duration in ms	199.4188432
Baer_Henney_unpublished	tut10	PhLu	voiceless	velar_a	0.104921762	velar a	preceding vowel duration in ms	104.9217621
Baer_Henney_unpublished	tut2	RoBe	voiceless	velar_a	0.183976348	velar a	preceding vowel duration in ms	183.9763482
Baer_Henney_unpublished	tut7	SaBa	voiceless	velar_a	0.229606975	velar a	preceding vowel duration in ms	229.6069754
Baer_Henney_unpublished	tut2	SeUc	voiceless	velar_a	0.092196095	velar a	preceding vowel duration in ms	92.1960951
Baer_Henney_unpublished	tut2	SiCa	voiceless	velar_a	0.219590619	velar a	preceding vowel duration in ms	219.5906187
Baer_Henney_unpublished	tut8	SoBe	voiceless	velar_a	0.240209714	velar a	preceding vowel duration in ms	240.2097138
Baer_Henney_unpublished	tut9	VaHu	voiceless	velar_a	0.089074258	velar a	preceding vowel duration in ms	89.0742582
Baer_Henney_unpublished	tut7	VaMa	voiceless	velar_a	0.132843356	velar a	preceding vowel duration in ms	132.8433563
Baer_Henney_unpublished	tut7	VaSc	voiceless	velar_a	0.106232449	velar a	preceding vowel duration in ms	106.2324489
Baer_Henney_unpublished	tut9	ViBe	voiceless	velar_a	0.443543948	velar a	preceding vowel duration in ms	443.5439483
Baer_Henney_unpublished	tut9	ViBe	voiceless	velar_a	0.15308154	velar a	preceding vowel duration in ms	153.0815397
Baer_Henney_unpublished	tut10	RuYi	voiceless	velar_a	0.352705005	velar a	preceding vowel duration in ms	352.7050048
Baer_Henney_unpublished	tut10	SeGu	voiceless	velar_a	0.2287966	velar a	preceding vowel duration in ms	228.7966001
Baer_Henney_unpublished	tut3	KiSt	voiceless	velar_a	0.271354541	velar a	preceding vowel duration in ms	271.3545413
Baer_Henney_unpublished	tut9	AnKu	voiceless	velar_a	0.15850155	velar a	preceding vowel duration in ms	158.5015497
Baer_Henney_unpublished	tut9	DaHe	voiceless	velar_a	0.111178187	velar a	preceding vowel duration in ms	111.1781867
Baer_Henney_unpublished	tut4	StKa	voiceless	velar_a	0.126357997	velar a	preceding vowel duration in ms	126.3579965
Baer_Henney_unpublished	tut3	LaKu	voiceless	velar_a	0.405766063	velar a	preceding vowel duration in ms	405.7660626
Baer_Henney_unpublished	tut7	AnHu	voiceless	velar_a	0.081051106	velar a	preceding vowel duration in ms	81.051106
Baer_Henney_unpublished	tut3	AnRu	voiceless	velar_a	0.123631847	velar a	preceding vowel duration in ms	123.6318472
Baer_Henney_unpublished	tut5	ClFi	voiceless	velar_a	0.22088556	velar a	preceding vowel duration in ms	220.88556
Baer_Henney_unpublished	tut5	DaDr	voiceless	velar_a	0.122484233	velar a	preceding vowel duration in ms	122.484233
Baer_Henney_unpublished	tut7	FrSc	voiceless	velar_a	0.334886093	velar a	preceding vowel duration in ms	334.8860926
Baer_Henney_unpublished	tut5	IsRa	voiceless	velar_a	0.152188526	velar a	preceding vowel duration in ms	152.1885258
Baer_Henney_unpublished	tut8	JeHa	voiceless	velar_a	0.162277264	velar a	preceding vowel duration in ms	162.2772643
Baer_Henney_unpublished	tut5	JeSc	voiceless	velar_a	0.154731379	velar a	preceding vowel duration in ms	154.7313786
Baer_Henney_unpublished	tut3	JuEh	voiceless	velar_a	0.15100031	velar a	preceding vowel duration in ms	151.0003097
Baer_Henney_unpublished	tut7	JuSo	voiceless	velar_a	0.181780396	velar a	preceding vowel duration in ms	181.7803957
Baer_Henney_unpublished	tut1	KaTh	voiceless	velar_a	0.183862747	velar a	preceding vowel duration in ms	183.8627471
Baer_Henney_unpublished	tut3	LiRi	voiceless	velar_a	0.160680885	velar a	preceding vowel duration in ms	160.6808854
Baer_Henney_unpublished	tut3	MaKo	voiceless	velar_a	0.204502945	velar a	preceding vowel duration in ms	204.5029451
Baer_Henney_unpublished	tut7	MaMe	voiceless	velar_a	0.17923721	velar a	preceding vowel duration in ms	179.2372097
Baer_Henney_unpublished	tut7	MaRe	voiceless	velar_a	0.220733338	velar a	preceding vowel duration in ms	220.7333376
Baer_Henney_unpublished	tut3	MeDo	voiceless	velar_a	0.098271468	velar a	preceding vowel duration in ms	98.2714683
Baer_Henney_unpublished	tut7	MiMi	voiceless	velar_a	0.1630328	velar a	preceding vowel duration in ms	163.0327996
Baer_Henney_unpublished	tut8	PaNu	voiceless	velar_a	0.168840721	velar a	preceding vowel duration in ms	168.8407213
Baer_Henney_unpublished	tut7	SaBa	voiceless	velar_a	0.177751137	velar a	preceding vowel duration in ms	177.7511367
Baer_Henney_unpublished	tut8	SoBe	voiceless	velar_a	0.217487259	velar a	preceding vowel duration in ms	217.4872591
Baer_Henney_unpublished	tut7	TcQu	voiceless	velar_a	0.121903627	velar a	preceding vowel duration in ms	121.9036268
Baer_Henney_unpublished	tut7	VaMa	voiceless	velar_a	0.11143546	velar a	preceding vowel duration in ms	111.4354597
Baer_Henney_unpublished	tut7	VaSc	voiceless	velar_a	0.171928832	velar a	preceding vowel duration in ms	171.9288317
Baer_Henney_unpublished	tut7	YuVo	voiceless	velar_a	0.183843309	velar a	preceding vowel duration in ms	183.8433087
Baer_Henney_unpublished	tut3	KiSt	voiceless	velar_a	0.282950889	velar a	preceding vowel duration in ms	282.9508892
Baer_Henney_unpublished	tut3	LaKu	voiceless	velar_a	0.45648682	velar a	preceding vowel duration in ms	456.4868204
Baer_Henney_unpublished	tut3	AnRu	voiceless	velar_a	0.095863331	velar a	preceding vowel duration in ms	95.8633305
Baer_Henney_unpublished	tut1	CaMu	voiceless	velar_a	0.186240283	velar a	preceding vowel duration in ms	186.2402826
Baer_Henney_unpublished	tut1	HaSa	voiceless	velar_a	0.07826891	velar a	preceding vowel duration in ms	78.2689103
Baer_Henney_unpublished	tut3	JeJe	voiceless	velar_a	0.076081137	velar a	preceding vowel duration in ms	76.0811367
Baer_Henney_unpublished	tut1	KaTh	voiceless	velar_a	0.190202842	velar a	preceding vowel duration in ms	190.2028418
Baer_Henney_unpublished	tut3	LiRi	voiceless	velar_a	0.149319611	velar a	preceding vowel duration in ms	149.3196107
Baer_Henney_unpublished	tut3	MaKo	voiceless	velar_a	0.226413975	velar a	preceding vowel duration in ms	226.4139749
Baer_Henney_unpublished	tut3	MeDo	voiceless	velar_a	0.16801251	velar a	preceding vowel duration in ms	168.0125103
Baer_Henney_unpublished	tut3	LaKu	voiceless	velar_a	0.45648682	velar a	preceding vowel duration in ms	456.4868204
Baer_Henney_unpublished	tut4	HaAl	voiceless	velar_a	0.214103162	velar a	preceding vowel duration in ms	214.103162
Baer_Henney_unpublished	tut1	HaSa	voiceless	velar_a	0.128491461	velar a	preceding vowel duration in ms	128.491461
Baer_Henney_unpublished	tut7	Beck	voiceless	velar_a	0.127555961	velar a	preceding vowel duration in ms	127.5559609
Baer_Henney_unpublished	tut7	BeNi	voiceless	velar_a	0.112206762	velar a	preceding vowel duration in ms	112.2067617
Baer_Henney_unpublished	tut7	BeNi	voiceless	velar_a	0.112206762	velar a	preceding vowel duration in ms	112.2067617
Baer_Henney_unpublished	tut7	BeNi	voiceless	velar_a	0.168310143	velar a	preceding vowel duration in ms	168.3101426
Baer_Henney_unpublished	tut7	BeNi	voiceless	velar_a	0.168310143	velar a	preceding vowel duration in ms	168.3101426
Baer_Henney_unpublished	tut9	ViBe	voiceless	velar_a	0.208615797	velar a	preceding vowel duration in ms	208.6157967
Baer_Henney_unpublished	tut2	JeMe	voiceless	velar_a	0.108471321	velar a	preceding vowel duration in ms	108.4713212
Baer_Henney_unpublished	tut9	KaKe	voiceless	velar_a	0.220050142	velar a	preceding vowel duration in ms	220.0501419
Baer_Henney_unpublished	tut9	KaKe	voiceless	velar_a	0.193896641	velar a	preceding vowel duration in ms	193.8966414
Baer_Henney_unpublished	tut9	KaKe	voiceless	velar_a	0.202013245	velar a	preceding vowel duration in ms	202.013245
Baer_Henney_unpublished	tut7	BeNi	voiceless	alveolar_ai	0.112206762	alveolar ai	preceding vowel duration in ms	112.2067617
Baer_Henney_unpublished	tut7	BeNi	voiceless	alveolar_ai	0.112206762	alveolar ai	preceding vowel duration in ms	112.2067617
Baer_Henney_unpublished	tut7	Beck	voiced	alveolar_ai	0.778809546	alveolar ai	preceding vowel duration in ms	778.809546
Baer_Henney_unpublished	tut1	CaMu	voiced	alveolar_ai	0.195750425	alveolar ai	preceding vowel duration in ms	195.7504247
Baer_Henney_unpublished	tut1	KaTh	voiced	alveolar_ai	0.209223126	alveolar ai	preceding vowel duration in ms	209.223126
Baer_Henney_unpublished	tut8	JeHa	voiced	alveolar_ai	0.119651621	alveolar ai	preceding vowel duration in ms	119.6516205
Baer_Henney_unpublished	tut7	AnHu	voiced	alveolar_ai	0.135830315	alveolar ai	preceding vowel duration in ms	135.830315
Baer_Henney_unpublished	tut9	AnKu	voiced	alveolar_ai	0.22824242	alveolar ai	preceding vowel duration in ms	228.2424204
Baer_Henney_unpublished	tut3	AnRu	voiced	alveolar_ai	0.122105248	alveolar ai	preceding vowel duration in ms	122.1052478
Baer_Henney_unpublished	tut7	BeNi	voiced	alveolar_ai	0.126232607	alveolar ai	preceding vowel duration in ms	126.2326069
Baer_Henney_unpublished	tut7	BeNi	voiced	alveolar_ai	0.126232607	alveolar ai	preceding vowel duration in ms	126.2326069
Baer_Henney_unpublished	tut7	FrSc	voiced	alveolar_ai	0.389962639	alveolar ai	preceding vowel duration in ms	389.9626386
Baer_Henney_unpublished	tut3	JuEh	voiced	alveolar_ai	0.202651846	alveolar ai	preceding vowel duration in ms	202.6518464
Baer_Henney_unpublished	tut7	JuSo	voiced	alveolar_ai	0.207749024	alveolar ai	preceding vowel duration in ms	207.7490236
Baer_Henney_unpublished	tut1	KaTh	voiced	alveolar_ai	0.177522652	alveolar ai	preceding vowel duration in ms	177.5226524
Baer_Henney_unpublished	tut3	LiRi	voiced	alveolar_ai	0.149319611	alveolar ai	preceding vowel duration in ms	149.3196107
Baer_Henney_unpublished	tut3	MaKo	voiced	alveolar_ai	0.178940077	alveolar ai	preceding vowel duration in ms	178.940077
Baer_Henney_unpublished	tut7	MaMe	voiced	alveolar_ai	0.096754229	alveolar ai	preceding vowel duration in ms	96.7542293
Baer_Henney_unpublished	tut7	MaRe	voiced	alveolar_ai	0.189895592	alveolar ai	preceding vowel duration in ms	189.8955919
Baer_Henney_unpublished	tut9	MaRo	voiced	alveolar_ai	0.222979442	alveolar ai	preceding vowel duration in ms	222.9794415
Baer_Henney_unpublished	tut3	MeDo	voiced	alveolar_ai	0.101441516	alveolar ai	preceding vowel duration in ms	101.4415157
Baer_Henney_unpublished	tut7	MiMi	voiced	alveolar_ai	0.197936596	alveolar ai	preceding vowel duration in ms	197.9365963
Baer_Henney_unpublished	tut7	SaBa	voiced	alveolar_ai	0.209855349	alveolar ai	preceding vowel duration in ms	209.8553494
Baer_Henney_unpublished	tut7	TcQu	voiced	alveolar_ai	0.094101045	alveolar ai	preceding vowel duration in ms	94.1010452
Baer_Henney_unpublished	tut7	VaMa	voiced	alveolar_ai	0.099572439	alveolar ai	preceding vowel duration in ms	99.5724389
Baer_Henney_unpublished	tut7	VaSc	voiced	alveolar_ai	0.131392766	alveolar ai	preceding vowel duration in ms	131.3927657
Baer_Henney_unpublished	tut9	ViBe	voiced	alveolar_ai	0.16878221	alveolar ai	preceding vowel duration in ms	168.7822104
Baer_Henney_unpublished	tut7	YuVo	voiced	alveolar_ai	0.197886895	alveolar ai	preceding vowel duration in ms	197.8868948
Baer_Henney_unpublished	tut3	KiSt	voiced	alveolar_ai	0.255119654	alveolar ai	preceding vowel duration in ms	255.1196542
Baer_Henney_unpublished	tut9	DaHe	voiced	alveolar_ai	0.138769853	alveolar ai	preceding vowel duration in ms	138.7698534
Baer_Henney_unpublished	tut6	AnHo	voiced	alveolar_ai	0.22906859	alveolar ai	preceding vowel duration in ms	229.0685904
Baer_Henney_unpublished	tut9	EdGr	voiced	alveolar_ai	0.114605267	alveolar ai	preceding vowel duration in ms	114.6052671
Baer_Henney_unpublished	tut6	MaHo	voiced	alveolar_ai	0.139987135	alveolar ai	preceding vowel duration in ms	139.987135
Baer_Henney_unpublished	tut6	MlHa	voiced	alveolar_ai	0.206208073	alveolar ai	preceding vowel duration in ms	206.2080733
Baer_Henney_unpublished	tut8	PaNu	voiced	alveolar_ai	0.197366459	alveolar ai	preceding vowel duration in ms	197.3664594
Baer_Henney_unpublished	tut8	SoBe	voiced	alveolar_ai	0.249947946	alveolar ai	preceding vowel duration in ms	249.9479455
Baer_Henney_unpublished	tut9	VaHu	voiced	alveolar_ai	0.43803027	alveolar ai	preceding vowel duration in ms	438.0302699
Baer_Henney_unpublished	tut1	HaSa	voiced	alveolar_ai	0.153928857	alveolar ai	preceding vowel duration in ms	153.9288568
Baer_Henney_unpublished	tut3	JeJe	voiced	alveolar_ai	0.139482084	alveolar ai	preceding vowel duration in ms	139.482084
Baer_Henney_unpublished	tut1	HaSa	voiceless	alveolar_ai	0.151319893	alveolar ai	preceding vowel duration in ms	151.3198932
Baer_Henney_unpublished	tut1	CaMu	voiceless	alveolar_ai	0.192580377	alveolar ai	preceding vowel duration in ms	192.5803774
Baer_Henney_unpublished	tut1	KaTh	voiceless	alveolar_ai	0.145822179	alveolar ai	preceding vowel duration in ms	145.8221787
Baer_Henney_unpublished	tut3	LiRi	voiceless	alveolar_ai	0.188272553	alveolar ai	preceding vowel duration in ms	188.2725526
Baer_Henney_unpublished	tut7	AnHu	voiceless	alveolar_ai	0.107211147	alveolar ai	preceding vowel duration in ms	107.2111473
Baer_Henney_unpublished	tut9	AnKu	voiceless	alveolar_ai	0.171181985	alveolar ai	preceding vowel duration in ms	171.1819852
Baer_Henney_unpublished	tut3	AnRu	voiceless	alveolar_ai	0.126389642	alveolar ai	preceding vowel duration in ms	126.3896424
Baer_Henney_unpublished	tut7	FrSc	voiceless	alveolar_ai	0.250401755	alveolar ai	preceding vowel duration in ms	250.4017546
Baer_Henney_unpublished	tut7	JuSo	voiceless	alveolar_ai	0.155811768	alveolar ai	preceding vowel duration in ms	155.8117677
Baer_Henney_unpublished	tut1	KaTh	voiceless	alveolar_ai	0.202883031	alveolar ai	preceding vowel duration in ms	202.8830313
Baer_Henney_unpublished	tut3	LiRi	voiceless	alveolar_ai	0.160680885	alveolar ai	preceding vowel duration in ms	160.6808854
Baer_Henney_unpublished	tut3	MaKo	voiceless	alveolar_ai	0.204502945	alveolar ai	preceding vowel duration in ms	204.5029451
Baer_Henney_unpublished	tut7	MaMe	voiceless	alveolar_ai	0.206086511	alveolar ai	preceding vowel duration in ms	206.086511
Baer_Henney_unpublished	tut7	MaRe	voiceless	alveolar_ai	0.19476471	alveolar ai	preceding vowel duration in ms	194.7647096
Baer_Henney_unpublished	tut9	MaRo	voiceless	alveolar_ai	0.255764566	alveolar ai	preceding vowel duration in ms	255.7645655
Baer_Henney_unpublished	tut3	MeDo	voiceless	alveolar_ai	0.152162274	alveolar ai	preceding vowel duration in ms	152.1622735
Baer_Henney_unpublished	tut7	MiMi	voiceless	alveolar_ai	0.307375667	alveolar ai	preceding vowel duration in ms	307.3756674
Baer_Henney_unpublished	tut7	SaBa	voiceless	alveolar_ai	0.219257673	alveolar ai	preceding vowel duration in ms	219.2576725
Baer_Henney_unpublished	tut7	VaMa	voiceless	alveolar_ai	0.08872757	alveolar ai	preceding vowel duration in ms	88.7275704
Baer_Henney_unpublished	tut7	VaSc	voiceless	alveolar_ai	0.089458904	alveolar ai	preceding vowel duration in ms	89.4589043
Baer_Henney_unpublished	tut7	YuVo	voiceless	alveolar_ai	0.22398717	alveolar ai	preceding vowel duration in ms	223.9871704
Baer_Henney_unpublished	tut3	KiSt	voiceless	alveolar_ai	0.243523306	alveolar ai	preceding vowel duration in ms	243.5233063
Baer_Henney_unpublished	tut9	DaHe	voiceless	alveolar_ai	0.113612747	alveolar ai	preceding vowel duration in ms	113.6127473
Baer_Henney_unpublished	tut9	EdGr	voiceless	alveolar_ai	0.131969702	alveolar ai	preceding vowel duration in ms	131.9697015
Baer_Henney_unpublished	tut8	JeHa	voiceless	alveolar_ai	0.186759893	alveolar ai	preceding vowel duration in ms	186.7598929
Baer_Henney_unpublished	tut6	MaHo	voiceless	alveolar_ai	0.119090505	alveolar ai	preceding vowel duration in ms	119.0905047
Baer_Henney_unpublished	tut6	MlHa	voiceless	alveolar_ai	0.206208073	alveolar ai	preceding vowel duration in ms	206.2080733
Baer_Henney_unpublished	tut8	PaNu	voiceless	alveolar_ai	0.189033851	alveolar ai	preceding vowel duration in ms	189.0338513
Baer_Henney_unpublished	tut8	SoBe	voiceless	alveolar_ai	0.240209714	alveolar ai	preceding vowel duration in ms	240.2097138
Baer_Henney_unpublished	tut1	HaSa	voiceless	alveolar_ai	0.140884039	alveolar ai	preceding vowel duration in ms	140.8840385
Baer_Henney_unpublished	tut3	JuEh	voiceless	alveolar_ai	0.180775019	alveolar ai	preceding vowel duration in ms	180.7750187
Baer_Henney_unpublished	tut1	HaSa	voiceless	alveolar_ai	0.116098884	alveolar ai	preceding vowel duration in ms	116.0988835
Baer_Henney_unpublished	tut7	Beck	voiced	labial_ai	0.206161433	labial ai	preceding vowel duration in ms	206.1614325
Baer_Henney_unpublished	tut4	CoLa	voiced	labial_ai	0.147929203	labial ai	preceding vowel duration in ms	147.9292027
Baer_Henney_unpublished	tut4	KaGr	voiced	labial_ai	0.183769843	labial ai	preceding vowel duration in ms	183.7698432
Baer_Henney_unpublished	tut4	KaGr	voiced	labial_ai	0.172767581	labial ai	preceding vowel duration in ms	172.7675813
Baer_Henney_unpublished	tut4	StKa	voiced	labial_ai	0.087531381	labial ai	preceding vowel duration in ms	87.5313808
Baer_Henney_unpublished	tut4	SvBo	voiced	labial_ai	0.321805831	labial ai	preceding vowel duration in ms	321.805831
Baer_Henney_unpublished	tut9	KaKe	voiced	labial_ai	0.138884106	labial ai	preceding vowel duration in ms	138.884106
Baer_Henney_unpublished	tut3	AnRu	voiced	labial_ai	0.14459832	labial ai	preceding vowel duration in ms	144.5983197
Baer_Henney_unpublished	tut5	ClFi	voiced	labial_ai	0.26854335	labial ai	preceding vowel duration in ms	268.5433498
Baer_Henney_unpublished	tut5	IsRa	voiced	labial_ai	0.144941453	labial ai	preceding vowel duration in ms	144.9414531
Baer_Henney_unpublished	tut2	JeMe	voiced	labial_ai	0.155053884	labial ai	preceding vowel duration in ms	155.0538838
Baer_Henney_unpublished	tut3	LiRi	voiced	labial_ai	0.17204216	labial ai	preceding vowel duration in ms	172.0421602
Baer_Henney_unpublished	tut2	MaGe	voiced	labial_ai	0.165112307	labial ai	preceding vowel duration in ms	165.1123074
Baer_Henney_unpublished	tut2	MaSc	voiced	labial_ai	0.220485805	labial ai	preceding vowel duration in ms	220.4858052
Baer_Henney_unpublished	tut3	MeDo	voiced	labial_ai	0.093516397	labial ai	preceding vowel duration in ms	93.5163972
Baer_Henney_unpublished	tut2	MoSc	voiced	labial_ai	0.260783033	labial ai	preceding vowel duration in ms	260.783033
Baer_Henney_unpublished	tut2	RoBe	voiced	labial_ai	0.138507332	labial ai	preceding vowel duration in ms	138.5073321
Baer_Henney_unpublished	tut2	SeUc	voiced	labial_ai	0.096586385	labial ai	preceding vowel duration in ms	96.5863854
Baer_Henney_unpublished	tut2	SiCa	voiced	labial_ai	0.201132752	labial ai	preceding vowel duration in ms	201.1327524
Baer_Henney_unpublished	tut3	KiSt	voiced	labial_ai	0.252800385	labial ai	preceding vowel duration in ms	252.8003847
Baer_Henney_unpublished	tut5	JeSc	voiced	labial_ai	0.144318883	labial ai	preceding vowel duration in ms	144.3188831
Baer_Henney_unpublished	tut5	DaDr	voiced	labial_ai	0.092909789	labial ai	preceding vowel duration in ms	92.9097886
Baer_Henney_unpublished	tut1	HaSa	voiced	labial_ai	0.115446643	labial ai	preceding vowel duration in ms	115.4466426
Baer_Henney_unpublished	tut9	AnKu	voiced	labial_ai	0.196542182	labial ai	preceding vowel duration in ms	196.5421818
Baer_Henney_unpublished	tut3	AnRu	voiced	labial_ai	0.087830091	labial ai	preceding vowel duration in ms	87.8300905
Baer_Henney_unpublished	tut2	DaAr	voiced	labial_ai	0.150887413	labial ai	preceding vowel duration in ms	150.887413
Baer_Henney_unpublished	tut10	DiTu	voiced	labial_ai	0.148826514	labial ai	preceding vowel duration in ms	148.8265136
Baer_Henney_unpublished	tut2	JeMe	voiced	labial_ai	0.159535077	labial ai	preceding vowel duration in ms	159.5350773
Baer_Henney_unpublished	tut10	JoTh	voiced	labial_ai	0.123830973	labial ai	preceding vowel duration in ms	123.8309728
Baer_Henney_unpublished	tut3	JuEh	voiced	labial_ai	0.183219478	labial ai	preceding vowel duration in ms	183.2194776
Baer_Henney_unpublished	tut3	KiSt	voiced	labial_ai	0.33629409	labial ai	preceding vowel duration in ms	336.2940897
Baer_Henney_unpublished	tut3	LiRi	voiced	labial_ai	0.170419121	labial ai	preceding vowel duration in ms	170.4191209
Baer_Henney_unpublished	tut2	MaGe	voiced	labial_ai	0.138122436	labial ai	preceding vowel duration in ms	138.1224364
Baer_Henney_unpublished	tut3	MaKo	voiced	labial_ai	0.169810481	labial ai	preceding vowel duration in ms	169.8104812
Baer_Henney_unpublished	tut9	MaRo	voiced	labial_ai	0.157481795	labial ai	preceding vowel duration in ms	157.4817946
Baer_Henney_unpublished	tut2	MaSc	voiced	labial_ai	0.159547565	labial ai	preceding vowel duration in ms	159.5475651
Baer_Henney_unpublished	tut3	MeDo	voiced	labial_ai	0.139482084	labial ai	preceding vowel duration in ms	139.482084
Baer_Henney_unpublished	tut2	MiPa	voiced	labial_ai	0.148508088	labial ai	preceding vowel duration in ms	148.508088
Baer_Henney_unpublished	tut2	MoSc	voiced	labial_ai	0.249333842	labial ai	preceding vowel duration in ms	249.3338422
Baer_Henney_unpublished	tut10	PhLu	voiced	labial_ai	0.125742486	labial ai	preceding vowel duration in ms	125.7424858
Baer_Henney_unpublished	tut2	RoBe	voiced	labial_ai	0.097399243	labial ai	preceding vowel duration in ms	97.3992431
Baer_Henney_unpublished	tut2	SeUc	voiced	labial_ai	0.111952401	labial ai	preceding vowel duration in ms	111.9524012
Baer_Henney_unpublished	tut2	SiCa	voiced	labial_ai	0.208978136	labial ai	preceding vowel duration in ms	208.978136
Baer_Henney_unpublished	tut9	ViBe	voiced	labial_ai	0.266834099	labial ai	preceding vowel duration in ms	266.8340988
Baer_Henney_unpublished	tut10	RuYi	voiced	labial_ai	0.268562961	labial ai	preceding vowel duration in ms	268.5629611
Baer_Henney_unpublished	tut10	SeGu	voiced	labial_ai	0.326977517	labial ai	preceding vowel duration in ms	326.9775166
Baer_Henney_unpublished	tut3	KiSt	voiced	labial_ai	0.308462855	labial ai	preceding vowel duration in ms	308.4628547
Baer_Henney_unpublished	tut10	ClGo	voiced	labial_ai	0.164691872	labial ai	preceding vowel duration in ms	164.6918723
Baer_Henney_unpublished	tut9	DaHe	voiced	labial_ai	0.126597059	labial ai	preceding vowel duration in ms	126.5970593
Baer_Henney_unpublished	tut9	EdGr	voiced	labial_ai	0.151070579	labial ai	preceding vowel duration in ms	151.0705793
Baer_Henney_unpublished	tut8	JeHa	voiced	labial_ai	0.203836859	labial ai	preceding vowel duration in ms	203.8368591
Baer_Henney_unpublished	tut8	PaNu	voiced	labial_ai	0.192035317	labial ai	preceding vowel duration in ms	192.0353165
Baer_Henney_unpublished	tut8	SoBe	voiced	labial_ai	0.262932254	labial ai	preceding vowel duration in ms	262.9322543
Baer_Henney_unpublished	tut9	VaHu	voiced	labial_ai	0.097629488	labial ai	preceding vowel duration in ms	97.6294884
Baer_Henney_unpublished	tut2	SeUc	voiced	labial_ai	0.14158686	labial ai	preceding vowel duration in ms	141.5868603
Baer_Henney_unpublished	tut1	HaSa	voiced	labial_ai	0.090009247	labial ai	preceding vowel duration in ms	90.0092468
Baer_Henney_unpublished	tut3	JeJe	voiced	labial_ai	0.133141989	labial ai	preceding vowel duration in ms	133.1419893
Baer_Henney_unpublished	tut7	Beck	voiced	labial_ai	0.15379495	labial ai	preceding vowel duration in ms	153.7949498
Baer_Henney_unpublished	tut3	MaKo	voiced	labial_ai	0.211806622	labial ai	preceding vowel duration in ms	211.8066217
Baer_Henney_unpublished	tut3	JeJe	voiced	labial_ai	0.114121705	labial ai	preceding vowel duration in ms	114.1217051
Baer_Henney_unpublished	tut1	HaSa	voiced	labial_ai	0.170887121	labial ai	preceding vowel duration in ms	170.8871207
Baer_Henney_unpublished	tut2	MoSc	voiceless	labial_ai	0.26491721	labial ai	preceding vowel duration in ms	264.9172104
Baer_Henney_unpublished	tut4	CoLa	voiceless	labial_ai	0.172010701	labial ai	preceding vowel duration in ms	172.0107008
Baer_Henney_unpublished	tut4	MaKu	voiceless	labial_ai	0.148721082	labial ai	preceding vowel duration in ms	148.721082
Baer_Henney_unpublished	tut7	Beck	voiceless	labial_ai	0.246465915	labial ai	preceding vowel duration in ms	246.4659149
Baer_Henney_unpublished	tut3	AnRu	voiceless	labial_ai	0.155309306	labial ai	preceding vowel duration in ms	155.3093064
Baer_Henney_unpublished	tut5	ClFi	voiceless	labial_ai	0.289756299	labial ai	preceding vowel duration in ms	289.7562994
Baer_Henney_unpublished	tut2	DaAr	voiceless	labial_ai	0.161519798	labial ai	preceding vowel duration in ms	161.5197981
Baer_Henney_unpublished	tut5	IsRa	voiceless	labial_ai	0.13527869	labial ai	preceding vowel duration in ms	135.2786896
Baer_Henney_unpublished	tut2	JeMe	voiceless	labial_ai	0.152612927	labial ai	preceding vowel duration in ms	152.6129269
Baer_Henney_unpublished	tut2	MaGe	voiceless	labial_ai	0.146320952	labial ai	preceding vowel duration in ms	146.3209524
Baer_Henney_unpublished	tut3	MaKo	voiceless	labial_ai	0.211806622	labial ai	preceding vowel duration in ms	211.8066217
Baer_Henney_unpublished	tut2	MaSc	voiceless	labial_ai	0.202697158	labial ai	preceding vowel duration in ms	202.6971581
Baer_Henney_unpublished	tut2	MiPa	voiceless	labial_ai	0.15175417	labial ai	preceding vowel duration in ms	151.7541696
Baer_Henney_unpublished	tut2	MiPa	voiceless	labial_ai	0.135929534	labial ai	preceding vowel duration in ms	135.9295341
Baer_Henney_unpublished	tut2	MoSc	voiceless	labial_ai	0.233750477	labial ai	preceding vowel duration in ms	233.7504771
Baer_Henney_unpublished	tut2	RoBe	voiceless	labial_ai	0.147902554	labial ai	preceding vowel duration in ms	147.9025544
Baer_Henney_unpublished	tut2	SeUc	voiceless	labial_ai	0.116342691	labial ai	preceding vowel duration in ms	116.3426914
Baer_Henney_unpublished	tut2	SiCa	voiceless	labial_ai	0.188152136	labial ai	preceding vowel duration in ms	188.1521362
Baer_Henney_unpublished	tut3	KiSt	voiceless	labial_ai	0.245842576	labial ai	preceding vowel duration in ms	245.8425759
Baer_Henney_unpublished	tut5	JeSc	voiceless	labial_ai	0.117429207	labial ai	preceding vowel duration in ms	117.4292072
Baer_Henney_unpublished	tut5	DaDr	voiceless	labial_ai	0.150471815	labial ai	preceding vowel duration in ms	150.4718147
Baer_Henney_unpublished	tut9	AnKu	voiceless	labial_ai	0.126801729	labial ai	preceding vowel duration in ms	126.8017293
Baer_Henney_unpublished	tut3	AnRu	voiceless	labial_ai	0.120065544	labial ai	preceding vowel duration in ms	120.0655439
Baer_Henney_unpublished	tut7	Beck	voiceless	labial_ai	0.185433133	labial ai	preceding vowel duration in ms	185.4331329
Baer_Henney_unpublished	tut10	ClGo	voiceless	labial_ai	0.177806755	labial ai	preceding vowel duration in ms	177.8067548
Baer_Henney_unpublished	tut2	DaAr	voiceless	labial_ai	0.299254624	labial ai	preceding vowel duration in ms	299.2546241
Baer_Henney_unpublished	tut10	DiTu	voiceless	labial_ai	0.132819843	labial ai	preceding vowel duration in ms	132.819843
Baer_Henney_unpublished	tut10	JoTh	voiceless	labial_ai	0.105370579	labial ai	preceding vowel duration in ms	105.3705788
Baer_Henney_unpublished	tut3	LiRi	voiceless	labial_ai	0.17204216	labial ai	preceding vowel duration in ms	172.0421602
Baer_Henney_unpublished	tut2	MaGe	voiceless	labial_ai	0.135424519	labial ai	preceding vowel duration in ms	135.4245194
Baer_Henney_unpublished	tut3	MaKo	voiceless	labial_ai	0.211806622	labial ai	preceding vowel duration in ms	211.8066217
Baer_Henney_unpublished	tut9	MaRo	voiceless	labial_ai	0.221681048	labial ai	preceding vowel duration in ms	221.681048
Baer_Henney_unpublished	tut2	MaSc	voiceless	labial_ai	0.151841975	labial ai	preceding vowel duration in ms	151.8419753
Baer_Henney_unpublished	tut3	MeDo	voiceless	labial_ai	0.139482084	labial ai	preceding vowel duration in ms	139.482084
Baer_Henney_unpublished	tut2	MiPa	voiceless	labial_ai	0.096165075	labial ai	preceding vowel duration in ms	96.1650754
Baer_Henney_unpublished	tut2	MoSc	voiceless	labial_ai	0.23375048	labial ai	preceding vowel duration in ms	233.7504797
Baer_Henney_unpublished	tut10	PhLu	voiceless	labial_ai	0.145787227	labial ai	preceding vowel duration in ms	145.7872272
Baer_Henney_unpublished	tut2	RoBe	voiceless	labial_ai	0.151509934	labial ai	preceding vowel duration in ms	151.5099338
Baer_Henney_unpublished	tut2	SeUc	voiceless	labial_ai	0.127318417	labial ai	preceding vowel duration in ms	127.3184171
Baer_Henney_unpublished	tut2	SiCa	voiceless	labial_ai	0.168390211	labial ai	preceding vowel duration in ms	168.3902113
Baer_Henney_unpublished	tut3	KiSt	voiceless	labial_ai	0.257438924	labial ai	preceding vowel duration in ms	257.4389238
Baer_Henney_unpublished	tut9	DaHe	voiceless	labial_ai	0.133900738	labial ai	preceding vowel duration in ms	133.9007379
Baer_Henney_unpublished	tut9	EdGr	voiceless	labial_ai	0.130233258	labial ai	preceding vowel duration in ms	130.233258
Baer_Henney_unpublished	tut8	JeHa	voiceless	labial_ai	0.248446684	labial ai	preceding vowel duration in ms	248.4466835
Baer_Henney_unpublished	tut8	PaNu	voiceless	labial_ai	0.199400161	labial ai	preceding vowel duration in ms	199.4001614
Baer_Henney_unpublished	tut8	SoBe	voiceless	labial_ai	0.188272553	labial ai	preceding vowel duration in ms	188.2725526
Baer_Henney_unpublished	tut9	VaHu	voiceless	labial_ai	0.068702757	labial ai	preceding vowel duration in ms	68.702757
Baer_Henney_unpublished	tut7	Beck	voiceless	labial_ai	0.171004881	labial ai	preceding vowel duration in ms	171.004881
Baer_Henney_unpublished	tut3	JeJe	voiceless	labial_ai	0.101441516	labial ai	preceding vowel duration in ms	101.4415157
Baer_Henney_unpublished	tut3	JeJe	voiceless	labial_ai	0.101441516	labial ai	preceding vowel duration in ms	101.4415157
Baer_Henney_unpublished	tut9	KaKe	voiceless	labial_ai	0.164586684	labial ai	preceding vowel duration in ms	164.586684
Baer_Henney_unpublished	tut2	JeMe	voiceless	labial_ai	0.172341694	labial ai	preceding vowel duration in ms	172.3416942
Baer_Henney_unpublished	tut9	ViBe	voiceless	labial_ai	0.082476013	labial ai	preceding vowel duration in ms	82.4760127
Baer_Henney_unpublished	tut9	KaKe	voiceless	labial_ai	0.170899598	labial ai	preceding vowel duration in ms	170.8995979
Baer_Henney_unpublished	tut9	KaKe	voiceless	labial_ai	0.184878193	labial ai	preceding vowel duration in ms	184.878193
Baer_Henney_unpublished	tut4	SvBo	voiceless	velar_ai	0.181353853	velar ai	preceding vowel duration in ms	181.3538528
Baer_Henney_unpublished	tut7	Beck	voiced	velar_ai	0.229810496	velar ai	preceding vowel duration in ms	229.8104955
Baer_Henney_unpublished	tut2	DaAr	voiced	velar_ai	0.189464388	velar ai	preceding vowel duration in ms	189.4643877
Baer_Henney_unpublished	tut2	JeMe	voiced	velar_ai	0.170063737	velar ai	preceding vowel duration in ms	170.0637367
Baer_Henney_unpublished	tut2	MaGe	voiced	velar_ai	0.173581364	velar ai	preceding vowel duration in ms	173.5813639
Baer_Henney_unpublished	tut2	MaSc	voiced	velar_ai	0.29474531	velar ai	preceding vowel duration in ms	294.7453096
Baer_Henney_unpublished	tut2	MiPa	voiced	velar_ai	0.151754166	velar ai	preceding vowel duration in ms	151.7541664
Baer_Henney_unpublished	tut2	MoSc	voiced	velar_ai	0.212601624	velar ai	preceding vowel duration in ms	212.6016244
Baer_Henney_unpublished	tut2	RoBe	voiced	velar_ai	0.205620624	velar ai	preceding vowel duration in ms	205.6206244
Baer_Henney_unpublished	tut2	SeUc	voiced	velar_ai	0.147074723	velar ai	preceding vowel duration in ms	147.0747231
Baer_Henney_unpublished	tut2	SiCa	voiced	velar_ai	0.222622757	velar ai	preceding vowel duration in ms	222.6227566
Baer_Henney_unpublished	tut1	KaTh	voiced	velar_ai	0.183862747	velar ai	preceding vowel duration in ms	183.8627471
Baer_Henney_unpublished	tut7	AnHu	voiced	velar_ai	0.121238015	velar ai	preceding vowel duration in ms	121.2380152
Baer_Henney_unpublished	tut7	BeNi	voiced	velar_ai	0.098180917	velar ai	preceding vowel duration in ms	98.1809165
Baer_Henney_unpublished	tut7	BeNi	voiced	velar_ai	0.098180917	velar ai	preceding vowel duration in ms	98.1809165
Baer_Henney_unpublished	tut1	CaMu	voiced	velar_ai	0.253603789	velar ai	preceding vowel duration in ms	253.6037891
Baer_Henney_unpublished	tut7	FrSc	voiced	velar_ai	0.276283594	velar ai	preceding vowel duration in ms	276.2835938
Baer_Henney_unpublished	tut7	JuSo	voiced	velar_ai	0.181780396	velar ai	preceding vowel duration in ms	181.7803957
Baer_Henney_unpublished	tut1	KaTh	voiced	velar_ai	0.171182558	velar ai	preceding vowel duration in ms	171.1825577
Baer_Henney_unpublished	tut7	MaMe	voiced	velar_ai	0.186695351	velar ai	preceding vowel duration in ms	186.6953506
Baer_Henney_unpublished	tut7	MaRe	voiced	velar_ai	0.19476471	velar ai	preceding vowel duration in ms	194.7647096
Baer_Henney_unpublished	tut7	MiMi	voiced	velar_ai	0.251494749	velar ai	preceding vowel duration in ms	251.4947488
Baer_Henney_unpublished	tut7	SaBa	voiced	velar_ai	0.28169027	velar ai	preceding vowel duration in ms	281.6902697
Baer_Henney_unpublished	tut7	VaMa	voiced	velar_ai	0.126825039	velar ai	preceding vowel duration in ms	126.8250394
Baer_Henney_unpublished	tut7	VaSc	voiced	velar_ai	0.11182363	velar ai	preceding vowel duration in ms	111.8236304
Baer_Henney_unpublished	tut7	YuVo	voiced	velar_ai	0.200731672	velar ai	preceding vowel duration in ms	200.7316718
Baer_Henney_unpublished	tut7	AnHu	voiced	velar_ai	0.1350286	velar ai	preceding vowel duration in ms	135.0285998
Baer_Henney_unpublished	tut3	AnRu	voiced	velar_ai	0.106196587	velar ai	preceding vowel duration in ms	106.1965867
Baer_Henney_unpublished	tut7	Beck	voiced	velar_ai	0.242846996	velar ai	preceding vowel duration in ms	242.8469956
Baer_Henney_unpublished	tut7	BeNi	voiced	velar_ai	0.168310143	velar ai	preceding vowel duration in ms	168.3101426
Baer_Henney_unpublished	tut7	BeNi	voiced	velar_ai	0.168310143	velar ai	preceding vowel duration in ms	168.3101426
Baer_Henney_unpublished	tut7	FrSc	voiced	velar_ai	0.267492238	velar ai	preceding vowel duration in ms	267.492238
Baer_Henney_unpublished	tut3	JeJe	voiced	velar_ai	0.114121705	velar ai	preceding vowel duration in ms	114.1217051
Baer_Henney_unpublished	tut3	JuEh	voiced	velar_ai	0.161634134	velar ai	preceding vowel duration in ms	161.6341344
Baer_Henney_unpublished	tut7	JuSo	voiced	velar_ai	0.233717652	velar ai	preceding vowel duration in ms	233.7176516
Baer_Henney_unpublished	tut3	LiRi	voiced	velar_ai	0.159057846	velar ai	preceding vowel duration in ms	159.0578462
Baer_Henney_unpublished	tut3	MaKo	voiced	velar_ai	0.204502945	velar ai	preceding vowel duration in ms	204.5029451
Baer_Henney_unpublished	tut7	MaMe	voiced	velar_ai	0.20143295	velar ai	preceding vowel duration in ms	201.43295
Baer_Henney_unpublished	tut7	MaRe	voiced	velar_ai	0.199633827	velar ai	preceding vowel duration in ms	199.6338274
Baer_Henney_unpublished	tut3	MeDo	voiced	velar_ai	0.148992226	velar ai	preceding vowel duration in ms	148.9922261
Baer_Henney_unpublished	tut7	MiMi	voiced	velar_ai	0.244036232	velar ai	preceding vowel duration in ms	244.0362321
Baer_Henney_unpublished	tut7	SaBa	voiced	velar_ai	0.145001606	velar ai	preceding vowel duration in ms	145.0016062
Baer_Henney_unpublished	tut7	TcQu	voiced	velar_ai	0.139570819	velar ai	preceding vowel duration in ms	139.5708191
Baer_Henney_unpublished	tut7	VaMa	voiced	velar_ai	0.097532594	velar ai	preceding vowel duration in ms	97.532594
Baer_Henney_unpublished	tut7	VaSc	voiced	velar_ai	0.134188356	velar ai	preceding vowel duration in ms	134.1883564
Baer_Henney_unpublished	tut7	YuVo	voiced	velar_ai	0.211930481	velar ai	preceding vowel duration in ms	211.9304808
Baer_Henney_unpublished	tut3	KiSt	voiced	velar_ai	0.306143585	velar ai	preceding vowel duration in ms	306.1435851
Baer_Henney_unpublished	tut4	CoLa	voiced	velar_ai	0.1611986	velar ai	preceding vowel duration in ms	161.1985996
Baer_Henney_unpublished	tut4	HaAl	voiced	velar_ai	0.191279291	velar ai	preceding vowel duration in ms	191.2792914
Baer_Henney_unpublished	tut8	JeHa	voiced	velar_ai	0.169902669	velar ai	preceding vowel duration in ms	169.9026694
Baer_Henney_unpublished	tut4	KaRe	voiced	velar_ai	0.134507603	velar ai	preceding vowel duration in ms	134.5076033
Baer_Henney_unpublished	tut4	MaKu	voiced	velar_ai	0.148035099	velar ai	preceding vowel duration in ms	148.0350991
Baer_Henney_unpublished	tut8	PaNu	voiced	velar_ai	0.200657418	velar ai	preceding vowel duration in ms	200.6574178
Baer_Henney_unpublished	tut8	SoBe	voiced	velar_ai	0.207748942	velar ai	preceding vowel duration in ms	207.7489417
Baer_Henney_unpublished	tut5	ClFi	voiced	velar_ai	0.265522061	velar ai	preceding vowel duration in ms	265.5220612
Baer_Henney_unpublished	tut5	IsRa	voiced	velar_ai	0.147357144	velar ai	preceding vowel duration in ms	147.357144
Baer_Henney_unpublished	tut5	JeSc	voiced	velar_ai	0.206881539	velar ai	preceding vowel duration in ms	206.8815388
Baer_Henney_unpublished	tut4	CoLa	voiced	velar_ai	0.14940358	velar ai	preceding vowel duration in ms	149.4035801
Baer_Henney_unpublished	tut5	DaDr	voiced	velar_ai	0.06173763	velar ai	preceding vowel duration in ms	61.7376296
Baer_Henney_unpublished	tut4	HaAl	voiced	velar_ai	0.324846177	velar ai	preceding vowel duration in ms	324.8461769
Baer_Henney_unpublished	tut4	KaGr	voiced	velar_ai	0.148199714	velar ai	preceding vowel duration in ms	148.1997143
Baer_Henney_unpublished	tut4	KaRe	voiced	velar_ai	0.115826043	velar ai	preceding vowel duration in ms	115.826043
Baer_Henney_unpublished	tut6	MaHo	voiced	velar_ai	0.136741057	velar ai	preceding vowel duration in ms	136.7410566
Baer_Henney_unpublished	tut4	MaKu	voiced	velar_ai	0.119909802	velar ai	preceding vowel duration in ms	119.9098023
Baer_Henney_unpublished	tut6	MlHa	voiced	velar_ai	0.241558029	velar ai	preceding vowel duration in ms	241.5580287
Baer_Henney_unpublished	tut4	StKa	voiced	velar_ai	0.228843879	velar ai	preceding vowel duration in ms	228.8438789
Baer_Henney_unpublished	tut4	SvBo	voiced	velar_ai	0.318774983	velar ai	preceding vowel duration in ms	318.7749833
Baer_Henney_unpublished	tut6	AnHo	voiced	velar_ai	0.262932358	velar ai	preceding vowel duration in ms	262.932358
Baer_Henney_unpublished	tut1	HaSa	voiceless	velar_ai	0.117403365	velar ai	preceding vowel duration in ms	117.4033654
Baer_Henney_unpublished	tut2	DaAr	voiceless	velar_ai	0.272523164	velar ai	preceding vowel duration in ms	272.5231635
Baer_Henney_unpublished	tut2	MaGe	voiceless	velar_ai	0.168736387	velar ai	preceding vowel duration in ms	168.7363869
Baer_Henney_unpublished	tut2	MaSc	voiceless	velar_ai	0.225875065	velar ai	preceding vowel duration in ms	225.875065
Baer_Henney_unpublished	tut2	MiPa	voiceless	velar_ai	0.148508091	velar ai	preceding vowel duration in ms	148.5080911
Baer_Henney_unpublished	tut2	RoBe	voiceless	velar_ai	0.151509934	velar ai	preceding vowel duration in ms	151.5099338
Baer_Henney_unpublished	tut2	SiCa	voiceless	velar_ai	0.195604791	velar ai	preceding vowel duration in ms	195.604791
Baer_Henney_unpublished	tut1	CaMu	voiceless	velar_ai	0.194165401	velar ai	preceding vowel duration in ms	194.1654011
Baer_Henney_unpublished	tut1	KaTh	voiceless	velar_ai	0.190202842	velar ai	preceding vowel duration in ms	190.2028418
Baer_Henney_unpublished	tut7	AnHu	voiceless	velar_ai	0.127669046	velar ai	preceding vowel duration in ms	127.6690456
Baer_Henney_unpublished	tut7	Beck	voiceless	velar_ai	0.262495426	velar ai	preceding vowel duration in ms	262.4954261
Baer_Henney_unpublished	tut1	CaMu	voiceless	velar_ai	0.20209052	velar ai	preceding vowel duration in ms	202.0905195
Baer_Henney_unpublished	tut7	FrSc	voiceless	velar_ai	0.308088451	velar ai	preceding vowel duration in ms	308.0884514
Baer_Henney_unpublished	tut7	JuSo	voiceless	velar_ai	0.181780396	velar ai	preceding vowel duration in ms	181.7803957
Baer_Henney_unpublished	tut1	KaTh	voiceless	velar_ai	0.196542937	velar ai	preceding vowel duration in ms	196.5429366
Baer_Henney_unpublished	tut7	MaMe	voiceless	velar_ai	0.135147567	velar ai	preceding vowel duration in ms	135.1475666
Baer_Henney_unpublished	tut7	MaRe	voiceless	velar_ai	0.184878193	velar ai	preceding vowel duration in ms	184.878193
Baer_Henney_unpublished	tut7	MiMi	voiceless	velar_ai	0.17264429	velar ai	preceding vowel duration in ms	172.6442898
Baer_Henney_unpublished	tut7	SaBa	voiceless	velar_ai	0.192031413	velar ai	preceding vowel duration in ms	192.0314134
Baer_Henney_unpublished	tut7	TcQu	voiceless	velar_ai	0.152484696	velar ai	preceding vowel duration in ms	152.4846957
Baer_Henney_unpublished	tut7	VaMa	voiceless	velar_ai	0.107831356	velar ai	preceding vowel duration in ms	107.8313559
Baer_Henney_unpublished	tut7	YuVo	voiceless	velar_ai	0.145542619	velar ai	preceding vowel duration in ms	145.5426194
Baer_Henney_unpublished	tut7	AnHu	voiceless	velar_ai	0.15068186	velar ai	preceding vowel duration in ms	150.68186
Baer_Henney_unpublished	tut3	AnRu	voiceless	velar_ai	0.122640797	velar ai	preceding vowel duration in ms	122.6407971
Baer_Henney_unpublished	tut7	Beck	voiceless	velar_ai	0.24531129	velar ai	preceding vowel duration in ms	245.31129
Baer_Henney_unpublished	tut7	FrSc	voiceless	velar_ai	0.240228162	velar ai	preceding vowel duration in ms	240.2281615
Baer_Henney_unpublished	tut4	HaAl	voiceless	velar_ai	0.202017778	velar ai	preceding vowel duration in ms	202.0177779
Baer_Henney_unpublished	tut7	JuSo	voiceless	velar_ai	0.181780396	velar ai	preceding vowel duration in ms	181.7803957
Baer_Henney_unpublished	tut3	LiRi	voiceless	velar_ai	0.17204216	velar ai	preceding vowel duration in ms	172.0421602
Baer_Henney_unpublished	tut7	MaMe	voiceless	velar_ai	0.186493777	velar ai	preceding vowel duration in ms	186.4937769
Baer_Henney_unpublished	tut7	MaRe	voiceless	velar_ai	0.19476471	velar ai	preceding vowel duration in ms	194.7647096
Baer_Henney_unpublished	tut3	MeDo	voiceless	velar_ai	0.104611563	velar ai	preceding vowel duration in ms	104.611563
Baer_Henney_unpublished	tut7	MiMi	voiceless	velar_ai	0.213448987	velar ai	preceding vowel duration in ms	213.4489868
Baer_Henney_unpublished	tut7	SaBa	voiceless	velar_ai	0.213637263	velar ai	preceding vowel duration in ms	213.6372629
Baer_Henney_unpublished	tut7	TcQu	voiceless	velar_ai	0.132469073	velar ai	preceding vowel duration in ms	132.4690727
Baer_Henney_unpublished	tut7	VaMa	voiceless	velar_ai	0.121355134	velar ai	preceding vowel duration in ms	121.3551338
Baer_Henney_unpublished	tut7	VaSc	voiceless	velar_ai	0.136983947	velar ai	preceding vowel duration in ms	136.9839472
Baer_Henney_unpublished	tut7	YuVo	voiceless	velar_ai	0.154479447	velar ai	preceding vowel duration in ms	154.4794469
Baer_Henney_unpublished	tut3	KiSt	voiceless	velar_ai	0.264396733	velar ai	preceding vowel duration in ms	264.3967326
Baer_Henney_unpublished	tut4	CoLa	voiceless	velar_ai	0.124830623	velar ai	preceding vowel duration in ms	124.8306229
Baer_Henney_unpublished	tut8	JeHa	voiceless	velar_ai	0.147395453	velar ai	preceding vowel duration in ms	147.3954531
Baer_Henney_unpublished	tut4	MaKu	voiceless	velar_ai	0.127044024	velar ai	preceding vowel duration in ms	127.0440239
Baer_Henney_unpublished	tut8	PaNu	voiceless	velar_ai	0.203984473	velar ai	preceding vowel duration in ms	203.9844733
Baer_Henney_unpublished	tut8	SoBe	voiceless	velar_ai	0.210995019	velar ai	preceding vowel duration in ms	210.9950189
Baer_Henney_unpublished	tut4	HaAl	voiceless	velar_ai	0.199333156	velar ai	preceding vowel duration in ms	199.3331563
Baer_Henney_unpublished	tut5	IsRa	voiceless	velar_ai	0.149772835	velar ai	preceding vowel duration in ms	149.7728349
Baer_Henney_unpublished	tut5	JeSc	voiceless	velar_ai	0.164032705	velar ai	preceding vowel duration in ms	164.0327048
Baer_Henney_unpublished	tut5	ClFi	voiceless	velar_ai	0.198809268	velar ai	preceding vowel duration in ms	198.8092682
Baer_Henney_unpublished	tut4	CoLa	voiceless	velar_ai	0.142523152	velar ai	preceding vowel duration in ms	142.5231521
Baer_Henney_unpublished	tut5	DaDr	voiceless	velar_ai	0.076760084	velar ai	preceding vowel duration in ms	76.7600835
Baer_Henney_unpublished	tut4	KaGr	voiceless	velar_ai	0.183007313	velar ai	preceding vowel duration in ms	183.0073127
Baer_Henney_unpublished	tut4	KaRe	voiceless	velar_ai	0.143840823	velar ai	preceding vowel duration in ms	143.8408225
Baer_Henney_unpublished	tut6	MaHo	voiceless	velar_ai	0.126597061	velar ai	preceding vowel duration in ms	126.5970613
Baer_Henney_unpublished	tut4	MaKu	voiceless	velar_ai	0.129513562	velar ai	preceding vowel duration in ms	129.5135622
Baer_Henney_unpublished	tut6	MlHa	voiceless	velar_ai	0.212099733	velar ai	preceding vowel duration in ms	212.0997325
Baer_Henney_unpublished	tut4	StKa	voiceless	velar_ai	0.204422889	velar ai	preceding vowel duration in ms	204.4228894
Baer_Henney_unpublished	tut3	Pred	voiceless	velar_ai	0.172485329	velar ai	preceding vowel duration in ms	172.4853285
Baer_Henney_unpublished	tut2	JeMe	voiceless	velar_ai	0.137108694	velar ai	preceding vowel duration in ms	137.1086944
Baer_Henney_unpublished	tut7	BeNi	voiceless	velar_ai	0.245452291	velar ai	preceding vowel duration in ms	245.4522913
Baer_Henney_unpublished	tut7	BeNi	voiceless	velar_ai	0.245452291	velar ai	preceding vowel duration in ms	245.4522913
Baer_Henney_unpublished	tut7	BeNi	voiceless	velar_ai	0.140258452	velar ai	preceding vowel duration in ms	140.2584522
Baer_Henney_unpublished	tut7	BeNi	voiceless	velar_ai	0.140258452	velar ai	preceding vowel duration in ms	140.2584522
Baer_Henney_unpublished	tut3	JeJe	voiced	alveolar_au	0.101441516	alveolar au	preceding vowel duration in ms	101.4415157
Baer_Henney_unpublished	tut1	HaSa	voiced	alveolar_au	0.133057147	alveolar au	preceding vowel duration in ms	133.0571474
Baer_Henney_unpublished	tut1	CaMu	voiced	alveolar_au	0.205260567	alveolar au	preceding vowel duration in ms	205.2605668
Baer_Henney_unpublished	tut1	KaTh	voiced	alveolar_au	0.266283979	alveolar au	preceding vowel duration in ms	266.2839786
Baer_Henney_unpublished	tut4	CoLa	voiced	alveolar_au	0.20149825	alveolar au	preceding vowel duration in ms	201.4982495
Baer_Henney_unpublished	tut4	HaAl	voiced	alveolar_au	0.175842717	alveolar au	preceding vowel duration in ms	175.842717
Baer_Henney_unpublished	tut4	HaAl	voiced	alveolar_au	0.116786121	alveolar au	preceding vowel duration in ms	116.7861206
Baer_Henney_unpublished	tut8	JeHa	voiced	alveolar_au	0.146646196	alveolar au	preceding vowel duration in ms	146.6461957
Baer_Henney_unpublished	tut4	KaGr	voiced	alveolar_au	0.170390046	alveolar au	preceding vowel duration in ms	170.3900458
Baer_Henney_unpublished	tut4	MaKu	voiced	alveolar_au	0.17122132	alveolar au	preceding vowel duration in ms	171.2213195
Baer_Henney_unpublished	tut8	PaNu	voiced	alveolar_au	0.15423401	alveolar au	preceding vowel duration in ms	154.2340101
Baer_Henney_unpublished	tut8	SoBe	voiced	alveolar_au	0.246701868	alveolar au	preceding vowel duration in ms	246.7018683
Baer_Henney_unpublished	tut4	StKa	voiced	alveolar_au	0.165733398	alveolar au	preceding vowel duration in ms	165.7333982
Baer_Henney_unpublished	tut7	AnHu	voiced	alveolar_au	0.126646735	alveolar au	preceding vowel duration in ms	126.6467345
Baer_Henney_unpublished	tut9	AnKu	voiced	alveolar_au	0.168011643	alveolar au	preceding vowel duration in ms	168.0116427
Baer_Henney_unpublished	tut3	AnRu	voiced	alveolar_au	0.139242826	alveolar au	preceding vowel duration in ms	139.2428264
Baer_Henney_unpublished	tut7	BeNi	voiced	alveolar_au	0.196361833	alveolar au	preceding vowel duration in ms	196.361833
Baer_Henney_unpublished	tut7	BeNi	voiced	alveolar_au	0.196361833	alveolar au	preceding vowel duration in ms	196.361833
Baer_Henney_unpublished	tut4	CoLa	voiced	alveolar_au	0.200515331	alveolar au	preceding vowel duration in ms	200.5153312
Baer_Henney_unpublished	tut7	FrSc	voiced	alveolar_au	0.29436863	alveolar au	preceding vowel duration in ms	294.3686296
Baer_Henney_unpublished	tut4	HaAl	voiced	alveolar_au	0.191283389	alveolar au	preceding vowel duration in ms	191.2833893
Baer_Henney_unpublished	tut8	JeHa	voiced	alveolar_au	0.232460815	alveolar au	preceding vowel duration in ms	232.4608146
Baer_Henney_unpublished	tut3	JuEh	voiced	alveolar_au	0.202651846	alveolar au	preceding vowel duration in ms	202.6518464
Baer_Henney_unpublished	tut7	JuSo	voiced	alveolar_au	0.155811768	alveolar au	preceding vowel duration in ms	155.8117677
Baer_Henney_unpublished	tut4	KaRe	voiced	alveolar_au	0.167750876	alveolar au	preceding vowel duration in ms	167.7508759
Baer_Henney_unpublished	tut3	LiRi	voiced	alveolar_au	0.191518631	alveolar au	preceding vowel duration in ms	191.5186311
Baer_Henney_unpublished	tut3	MaKo	voiced	alveolar_au	0.144247613	alveolar au	preceding vowel duration in ms	144.2476131
Baer_Henney_unpublished	tut4	MaKu	voiced	alveolar_au	0.194270343	alveolar au	preceding vowel duration in ms	194.2703433
Baer_Henney_unpublished	tut7	MaMe	voiced	alveolar_au	0.215882874	alveolar au	preceding vowel duration in ms	215.882874
Baer_Henney_unpublished	tut7	MaRe	voiced	alveolar_au	0.136335297	alveolar au	preceding vowel duration in ms	136.3352967
Baer_Henney_unpublished	tut9	MaRo	voiced	alveolar_au	0.214784242	alveolar au	preceding vowel duration in ms	214.784242
Baer_Henney_unpublished	tut3	MeDo	voiced	alveolar_au	0.171182558	alveolar au	preceding vowel duration in ms	171.1825577
Baer_Henney_unpublished	tut7	MiMi	voiced	alveolar_au	0.26079275	alveolar au	preceding vowel duration in ms	260.7927499
Baer_Henney_unpublished	tut8	PaNu	voiced	alveolar_au	0.184388625	alveolar au	preceding vowel duration in ms	184.388625
Baer_Henney_unpublished	tut7	SaBa	voiced	alveolar_au	0.18880248	alveolar au	preceding vowel duration in ms	188.8024801
Baer_Henney_unpublished	tut8	SoBe	voiced	alveolar_au	0.210995102	alveolar au	preceding vowel duration in ms	210.9951021
Baer_Henney_unpublished	tut4	StKa	voiced	alveolar_au	0.252715993	alveolar au	preceding vowel duration in ms	252.7159929
Baer_Henney_unpublished	tut4	SvBo	voiced	alveolar_au	0.245860226	alveolar au	preceding vowel duration in ms	245.8602263
Baer_Henney_unpublished	tut7	TcQu	voiced	alveolar_au	0.123996686	alveolar au	preceding vowel duration in ms	123.9966858
Baer_Henney_unpublished	tut9	VaHu	voiced	alveolar_au	0.143763376	alveolar au	preceding vowel duration in ms	143.763376
Baer_Henney_unpublished	tut7	VaMa	voiced	alveolar_au	0.171957425	alveolar au	preceding vowel duration in ms	171.957425
Baer_Henney_unpublished	tut7	VaSc	voiced	alveolar_au	0.111124733	alveolar au	preceding vowel duration in ms	111.1247327
Baer_Henney_unpublished	tut9	ViBe	voiced	alveolar_au	0.278686906	alveolar au	preceding vowel duration in ms	278.6869056
Baer_Henney_unpublished	tut7	YuVo	voiced	alveolar_au	0.239898827	alveolar au	preceding vowel duration in ms	239.8988273
Baer_Henney_unpublished	tut3	KiSt	voiced	alveolar_au	0.292227968	alveolar au	preceding vowel duration in ms	292.2279676
Baer_Henney_unpublished	tut9	DaHe	voiced	alveolar_au	0.105497549	alveolar au	preceding vowel duration in ms	105.4975494
Baer_Henney_unpublished	tut4	HaAl	voiced	alveolar_au	0.185910048	alveolar au	preceding vowel duration in ms	185.9100481
Baer_Henney_unpublished	tut3	JeJe	voiced	alveolar_au	0.114121705	alveolar au	preceding vowel duration in ms	114.1217051
Baer_Henney_unpublished	tut4	MaKu	voiced	alveolar_au	0.163538312	alveolar au	preceding vowel duration in ms	163.5383116
Baer_Henney_unpublished	tut3	JeJe	voiced	alveolar_au	0.095101421	alveolar au	preceding vowel duration in ms	95.1014209
Baer_Henney_unpublished	tut7	Beck	voiced	alveolar_au	0.154249139	alveolar au	preceding vowel duration in ms	154.2491388
Baer_Henney_unpublished	tut1	HaSa	voiceless	alveolar_au	0.081530115	alveolar au	preceding vowel duration in ms	81.5301148
Baer_Henney_unpublished	tut1	CaMu	voiceless	alveolar_au	0.215563221	alveolar au	preceding vowel duration in ms	215.5632208
Baer_Henney_unpublished	tut1	KaTh	voiceless	alveolar_au	0.152162274	alveolar au	preceding vowel duration in ms	152.1622735
Baer_Henney_unpublished	tut4	CoLa	voiceless	alveolar_au	0.151369417	alveolar au	preceding vowel duration in ms	151.3694167
Baer_Henney_unpublished	tut8	JeHa	voiceless	alveolar_au	0.2037117	alveolar au	preceding vowel duration in ms	203.7116996
Baer_Henney_unpublished	tut4	MaKu	voiceless	alveolar_au	0.121967751	alveolar au	preceding vowel duration in ms	121.9677508
Baer_Henney_unpublished	tut8	SoBe	voiceless	alveolar_au	0.227225495	alveolar au	preceding vowel duration in ms	227.2254946
Baer_Henney_unpublished	tut7	AnHu	voiceless	alveolar_au	0.166768668	alveolar au	preceding vowel duration in ms	166.7686681
Baer_Henney_unpublished	tut9	AnKu	voiceless	alveolar_au	0.202882767	alveolar au	preceding vowel duration in ms	202.8827669
Baer_Henney_unpublished	tut3	AnRu	voiceless	alveolar_au	0.106038768	alveolar au	preceding vowel duration in ms	106.0387678
Baer_Henney_unpublished	tut4	CoLa	voiceless	alveolar_au	0.184788639	alveolar au	preceding vowel duration in ms	184.7886386
Baer_Henney_unpublished	tut9	EdGr	voiceless	alveolar_au	0.105054828	alveolar au	preceding vowel duration in ms	105.0548281
Baer_Henney_unpublished	tut7	FrSc	voiceless	alveolar_au	0.290720526	alveolar au	preceding vowel duration in ms	290.7205255
Baer_Henney_unpublished	tut4	HaAl	voiceless	alveolar_au	0.198662001	alveolar au	preceding vowel duration in ms	198.6620009
Baer_Henney_unpublished	tut8	JeHa	voiceless	alveolar_au	0.17017018	alveolar au	preceding vowel duration in ms	170.1701804
Baer_Henney_unpublished	tut3	JuEh	voiceless	alveolar_au	0.161011056	alveolar au	preceding vowel duration in ms	161.011056
Baer_Henney_unpublished	tut7	JuSo	voiceless	alveolar_au	0.207749024	alveolar au	preceding vowel duration in ms	207.7490236
Baer_Henney_unpublished	tut4	KaGr	voiceless	alveolar_au	0.175382008	alveolar au	preceding vowel duration in ms	175.382008
Baer_Henney_unpublished	tut4	KaRe	voiceless	alveolar_au	0.133863404	alveolar au	preceding vowel duration in ms	133.8634039
Baer_Henney_unpublished	tut3	MaKo	voiceless	alveolar_au	0.15155129	alveolar au	preceding vowel duration in ms	151.5512897
Baer_Henney_unpublished	tut4	MaKu	voiceless	alveolar_au	0.134727032	alveolar au	preceding vowel duration in ms	134.7270318
Baer_Henney_unpublished	tut7	MaRe	voiceless	alveolar_au	0.116858826	alveolar au	preceding vowel duration in ms	116.8588258
Baer_Henney_unpublished	tut9	MaRo	voiceless	alveolar_au	0.187266602	alveolar au	preceding vowel duration in ms	187.266602
Baer_Henney_unpublished	tut3	MeDo	voiceless	alveolar_au	0.101441516	alveolar au	preceding vowel duration in ms	101.4415157
Baer_Henney_unpublished	tut7	MiMi	voiceless	alveolar_au	0.176937217	alveolar au	preceding vowel duration in ms	176.937217
Baer_Henney_unpublished	tut8	PaNu	voiceless	alveolar_au	0.182566287	alveolar au	preceding vowel duration in ms	182.5662868
Baer_Henney_unpublished	tut7	SaBa	voiceless	alveolar_au	0.230761786	alveolar au	preceding vowel duration in ms	230.7617863
Baer_Henney_unpublished	tut8	SoBe	voiceless	alveolar_au	0.17204216	alveolar au	preceding vowel duration in ms	172.0421602
Baer_Henney_unpublished	tut4	StKa	voiceless	alveolar_au	0.201404565	alveolar au	preceding vowel duration in ms	201.4045649
Baer_Henney_unpublished	tut9	VaHu	voiceless	alveolar_au	0.04700715	alveolar au	preceding vowel duration in ms	47.0071496
Baer_Henney_unpublished	tut7	VaMa	voiceless	alveolar_au	0.149064684	alveolar au	preceding vowel duration in ms	149.0646841
Baer_Henney_unpublished	tut7	VaSc	voiceless	alveolar_au	0.14537072	alveolar au	preceding vowel duration in ms	145.3707195
Baer_Henney_unpublished	tut7	YuVo	voiceless	alveolar_au	0.21627609	alveolar au	preceding vowel duration in ms	216.2760899
Baer_Henney_unpublished	tut3	KiSt	voiceless	alveolar_au	0.308462855	alveolar au	preceding vowel duration in ms	308.4628547
Baer_Henney_unpublished	tut9	DaHe	voiceless	alveolar_au	0.082775002	alveolar au	preceding vowel duration in ms	82.7750016
Baer_Henney_unpublished	tut5	DaDr	voiceless	alveolar_au	0.147103931	alveolar au	preceding vowel duration in ms	147.1039311
Baer_Henney_unpublished	tut5	DaDr	voiceless	alveolar_au	0.126573613	alveolar au	preceding vowel duration in ms	126.5736127
Baer_Henney_unpublished	tut5	IsRa	voiceless	alveolar_au	0.173929744	alveolar au	preceding vowel duration in ms	173.9297438
Baer_Henney_unpublished	tut5	IsRa	voiceless	alveolar_au	0.171514053	alveolar au	preceding vowel duration in ms	171.5140529
Baer_Henney_unpublished	tut3	LiRi	voiceless	alveolar_au	0.188272553	alveolar au	preceding vowel duration in ms	188.2725526
Baer_Henney_unpublished	tut5	JeSc	voiceless	alveolar_au	0.152455707	alveolar au	preceding vowel duration in ms	152.4557073
Baer_Henney_unpublished	tut5	JeSc	voiceless	alveolar_au	0.138333127	alveolar au	preceding vowel duration in ms	138.3331266
Baer_Henney_unpublished	tut7	Beck	voiceless	alveolar_au	0.192454365	alveolar au	preceding vowel duration in ms	192.4543653
Baer_Henney_unpublished	tut3	JeJe	voiceless	alveolar_au	0.133141989	alveolar au	preceding vowel duration in ms	133.1419893
Baer_Henney_unpublished	tut7	MaMe	voiceless	alveolar_au	0.229549412	alveolar au	preceding vowel duration in ms	229.5494119
Baer_Henney_unpublished	tut1	HaSa	voiceless	alveolar_au	0.126534738	alveolar au	preceding vowel duration in ms	126.5347382
Baer_Henney_unpublished	tut1	HaSa	voiceless	alveolar_au	0.136970593	alveolar au	preceding vowel duration in ms	136.9705929
Baer_Henney_unpublished	tut9	KaKe	voiceless	alveolar_au	0.149706244	alveolar au	preceding vowel duration in ms	149.7062441
Baer_Henney_unpublished	tut4	SvBo	voiceless	labial_au	0.157051399	labial au	preceding vowel duration in ms	157.0513993
Baer_Henney_unpublished	tut4	SvBo	voiceless	labial_au	0.131809096	labial au	preceding vowel duration in ms	131.8090958
Baer_Henney_unpublished	tut4	SvBo	voiceless	labial_au	0.198180476	labial au	preceding vowel duration in ms	198.1804759
Baer_Henney_unpublished	tut4	SvBo	voiceless	labial_au	0.200050103	labial au	preceding vowel duration in ms	200.050103
Baer_Henney_unpublished	tut9	KaKe	voiced	labial_au	0.16007746	labial au	preceding vowel duration in ms	160.0774598
Baer_Henney_unpublished	tut6	AnHo	voiced	labial_au	0.292147064	labial au	preceding vowel duration in ms	292.1470644
Baer_Henney_unpublished	tut5	ClFi	voiced	labial_au	0.211548688	labial au	preceding vowel duration in ms	211.5486877
Baer_Henney_unpublished	tut4	CoLa	voiced	labial_au	0.092394319	labial au	preceding vowel duration in ms	92.3943193
Baer_Henney_unpublished	tut5	DaDr	voiced	labial_au	0.071888515	labial au	preceding vowel duration in ms	71.8885148
Baer_Henney_unpublished	tut4	HaAl	voiced	labial_au	0.157050366	labial au	preceding vowel duration in ms	157.0503655
Baer_Henney_unpublished	tut5	IsRa	voiced	labial_au	0.123350983	labial au	preceding vowel duration in ms	123.3509828
Baer_Henney_unpublished	tut4	KaRe	voiced	labial_au	0.1060262	labial au	preceding vowel duration in ms	106.0262
Baer_Henney_unpublished	tut4	MaKu	voiced	labial_au	0.110306042	labial au	preceding vowel duration in ms	110.3060424
Baer_Henney_unpublished	tut4	StKa	voiced	labial_au	0.194544736	labial au	preceding vowel duration in ms	194.5447364
Baer_Henney_unpublished	tut5	JeSc	voiced	labial_au	0.143816893	labial au	preceding vowel duration in ms	143.8168932
Baer_Henney_unpublished	tut5	ClFi	voiced	labial_au	0.238599285	labial au	preceding vowel duration in ms	238.5992851
Baer_Henney_unpublished	tut4	CoLa	voiced	labial_au	0.142523152	labial au	preceding vowel duration in ms	142.5231521
Baer_Henney_unpublished	tut5	DaDr	voiced	labial_au	0.117616915	labial au	preceding vowel duration in ms	117.616915
Baer_Henney_unpublished	tut4	HaAl	voiced	labial_au	0.184567737	labial au	preceding vowel duration in ms	184.5677373
Baer_Henney_unpublished	tut5	IsRa	voiced	labial_au	0.142525762	labial au	preceding vowel duration in ms	142.5257623
Baer_Henney_unpublished	tut8	JeHa	voiced	labial_au	0.143520762	labial au	preceding vowel duration in ms	143.5207619
Baer_Henney_unpublished	tut4	KaGr	voiced	labial_au	0.189107557	labial au	preceding vowel duration in ms	189.1075565
Baer_Henney_unpublished	tut4	KaRe	voiced	labial_au	0.169607218	labial au	preceding vowel duration in ms	169.6072182
Baer_Henney_unpublished	tut4	MaKu	voiced	labial_au	0.115245119	labial au	preceding vowel duration in ms	115.2451189
Baer_Henney_unpublished	tut8	PaNu	voiced	labial_au	0.216011819	labial au	preceding vowel duration in ms	216.0118188
Baer_Henney_unpublished	tut8	SoBe	voiced	labial_au	0.2564401	labial au	preceding vowel duration in ms	256.4400999
Baer_Henney_unpublished	tut4	StKa	voiced	labial_au	0.240093998	labial au	preceding vowel duration in ms	240.0939977
Baer_Henney_unpublished	tut5	JeSc	voiced	labial_au	0.135880489	labial au	preceding vowel duration in ms	135.8804887
Baer_Henney_unpublished	tut9	AnKu	voiced	labial_au	0.164842048	labial au	preceding vowel duration in ms	164.842048
Baer_Henney_unpublished	tut10	DiTu	voiced	labial_au	0.179875116	labial au	preceding vowel duration in ms	179.8751164
Baer_Henney_unpublished	tut9	EdGr	voiced	labial_au	0.147597692	labial au	preceding vowel duration in ms	147.5976924
Baer_Henney_unpublished	tut4	HaAl	voiced	labial_au	0.246314035	labial au	preceding vowel duration in ms	246.3140348
Baer_Henney_unpublished	tut8	JeHa	voiced	labial_au	0.136214841	labial au	preceding vowel duration in ms	136.214841
Baer_Henney_unpublished	tut3	JeJe	voiced	labial_au	0.10778161	labial au	preceding vowel duration in ms	107.7816104
Baer_Henney_unpublished	tut10	JoTh	voiced	labial_au	0.124256446	labial au	preceding vowel duration in ms	124.2564461
Baer_Henney_unpublished	tut1	KaTh	voiced	labial_au	0.209223126	labial au	preceding vowel duration in ms	209.223126
Baer_Henney_unpublished	tut4	MaKu	voiced	labial_au	0.145977151	labial au	preceding vowel duration in ms	145.9771506
Baer_Henney_unpublished	tut9	MaRo	voiced	labial_au	0.176340434	labial au	preceding vowel duration in ms	176.3404343
Baer_Henney_unpublished	tut8	PaNu	voiced	labial_au	0.141440959	labial au	preceding vowel duration in ms	141.4409594
Baer_Henney_unpublished	tut10	PhLu	voiced	labial_au	0.122813274	labial au	preceding vowel duration in ms	122.8132741
Baer_Henney_unpublished	tut8	SoBe	voiced	labial_au	0.266178332	labial au	preceding vowel duration in ms	266.1783316
Baer_Henney_unpublished	tut9	VaHu	voiced	labial_au	0.088590341	labial au	preceding vowel duration in ms	88.5903409
Baer_Henney_unpublished	tut9	ViBe	voiced	labial_au	0.247428038	labial au	preceding vowel duration in ms	247.428038
Baer_Henney_unpublished	tut10	RuYi	voiced	labial_au	0.210249925	labial au	preceding vowel duration in ms	210.2499253
Baer_Henney_unpublished	tut10	SeGu	voiced	labial_au	0.37694459	labial au	preceding vowel duration in ms	376.9445902
Baer_Henney_unpublished	tut10	ClGo	voiced	labial_au	0.155419676	labial au	preceding vowel duration in ms	155.4196757
Baer_Henney_unpublished	tut9	DaHe	voiced	labial_au	0.120916424	labial au	preceding vowel duration in ms	120.9164239
Baer_Henney_unpublished	tut6	AlSt	voiced	labial_au	0.202013245	labial au	preceding vowel duration in ms	202.013245
Baer_Henney_unpublished	tut6	AnHo	voiced	labial_au	0.328271523	labial au	preceding vowel duration in ms	328.2715232
Baer_Henney_unpublished	tut7	AnHu	voiced	labial_au	0.145749744	labial au	preceding vowel duration in ms	145.7497435
Baer_Henney_unpublished	tut7	BeNi	voiced	labial_au	0.196361833	labial au	preceding vowel duration in ms	196.361833
Baer_Henney_unpublished	tut7	BeNi	voiced	labial_au	0.196361833	labial au	preceding vowel duration in ms	196.361833
Baer_Henney_unpublished	tut1	CaMu	voiced	labial_au	0.170390046	labial au	preceding vowel duration in ms	170.3900458
Baer_Henney_unpublished	tut7	FrSc	voiced	labial_au	0.2671001	labial au	preceding vowel duration in ms	267.1000997
Baer_Henney_unpublished	tut7	JuSo	voiced	labial_au	0.155811768	labial au	preceding vowel duration in ms	155.8117677
Baer_Henney_unpublished	tut1	KaTh	voiced	labial_au	0.215563221	labial au	preceding vowel duration in ms	215.5632208
Baer_Henney_unpublished	tut6	MaHo	voiced	labial_au	0.112224493	labial au	preceding vowel duration in ms	112.2244929
Baer_Henney_unpublished	tut7	MaMe	voiced	labial_au	0.179398467	labial au	preceding vowel duration in ms	179.3984668
Baer_Henney_unpublished	tut7	MaRe	voiced	labial_au	0.223167896	labial au	preceding vowel duration in ms	223.1678964
Baer_Henney_unpublished	tut7	MiMi	voiced	labial_au	0.200203094	labial au	preceding vowel duration in ms	200.2030939
Baer_Henney_unpublished	tut6	MlHa	voiced	labial_au	0.176749777	labial au	preceding vowel duration in ms	176.7497771
Baer_Henney_unpublished	tut7	SaBa	voiced	labial_au	0.17141748	labial au	preceding vowel duration in ms	171.4174797
Baer_Henney_unpublished	tut7	TcQu	voiced	labial_au	0.088800888	labial au	preceding vowel duration in ms	88.8008875
Baer_Henney_unpublished	tut7	VaMa	voiced	labial_au	0.091547848	labial au	preceding vowel duration in ms	91.5478484
Baer_Henney_unpublished	tut7	VaSc	voiced	labial_au	0.14537072	labial au	preceding vowel duration in ms	145.3707195
Baer_Henney_unpublished	tut7	YuVo	voiced	labial_au	0.153202757	labial au	preceding vowel duration in ms	153.2027572
Baer_Henney_unpublished	tut3	JeJe	voiced	labial_au	0.050720758	labial au	preceding vowel duration in ms	50.7207578
Baer_Henney_unpublished	tut4	StKa	voiced	labial_au	0.221160871	labial au	preceding vowel duration in ms	221.160871
Baer_Henney_unpublished	tut3	AnRu	voiced	labial_au	0.122839335	labial au	preceding vowel duration in ms	122.8393354
Baer_Henney_unpublished	tut3	LiRi	voiced	labial_au	0.154188729	labial au	preceding vowel duration in ms	154.1887285
Baer_Henney_unpublished	tut3	MaKo	voiced	labial_au	0.219110283	labial au	preceding vowel duration in ms	219.1102826
Baer_Henney_unpublished	tut3	MeDo	voiced	labial_au	0.129971942	labial au	preceding vowel duration in ms	129.9719419
Baer_Henney_unpublished	tut3	KiSt	voiced	labial_au	0.250481115	labial au	preceding vowel duration in ms	250.4811151
Baer_Henney_unpublished	tut3	LaKu	voiced	labial_au	0.312726607	labial au	preceding vowel duration in ms	312.7266068
Baer_Henney_unpublished	tut2	SiCa	voiced	labial_au	0.18845917	labial au	preceding vowel duration in ms	188.45917
Baer_Henney_unpublished	tut1	HaSa	voiced	labial_au	0.138275075	labial au	preceding vowel duration in ms	138.2750748
Baer_Henney_unpublished	tut7	Beck	voiced	labial_au	0.188249013	labial au	preceding vowel duration in ms	188.2490132
Baer_Henney_unpublished	tut9	KaKe	voiced	labial_au	0.160979305	labial au	preceding vowel duration in ms	160.9793046
Baer_Henney_unpublished	tut5	ClFi	voiceless	labial_au	0.261556712	labial au	preceding vowel duration in ms	261.5567119
Baer_Henney_unpublished	tut4	CoLa	voiceless	labial_au	0.112052685	labial au	preceding vowel duration in ms	112.0526851
Baer_Henney_unpublished	tut5	DaDr	voiceless	labial_au	0.114118829	labial au	preceding vowel duration in ms	114.1188291
Baer_Henney_unpublished	tut4	HaAl	voiceless	labial_au	0.124163751	labial au	preceding vowel duration in ms	124.1637505
Baer_Henney_unpublished	tut5	IsRa	voiceless	labial_au	0.137694381	labial au	preceding vowel duration in ms	137.6943805
Baer_Henney_unpublished	tut4	KaGr	voiceless	labial_au	0.185294904	labial au	preceding vowel duration in ms	185.2949041
Baer_Henney_unpublished	tut4	KaGr	voiceless	labial_au	0.139543076	labial au	preceding vowel duration in ms	139.5430759
Baer_Henney_unpublished	tut4	KaRe	voiceless	labial_au	0.125281563	labial au	preceding vowel duration in ms	125.2815631
Baer_Henney_unpublished	tut4	MaKu	voiceless	labial_au	0.142684433	labial au	preceding vowel duration in ms	142.6844329
Baer_Henney_unpublished	tut4	StKa	voiceless	labial_au	0.218142547	labial au	preceding vowel duration in ms	218.1425465
Baer_Henney_unpublished	tut5	JeSc	voiceless	labial_au	0.150037191	labial au	preceding vowel duration in ms	150.0371911
Baer_Henney_unpublished	tut5	ClFi	voiceless	labial_au	0.281985805	labial au	preceding vowel duration in ms	281.9858047
Baer_Henney_unpublished	tut4	CoLa	voiceless	labial_au	0.142523152	labial au	preceding vowel duration in ms	142.5231521
Baer_Henney_unpublished	tut5	DaDr	voiceless	labial_au	0.119202018	labial au	preceding vowel duration in ms	119.2020179
Baer_Henney_unpublished	tut4	HaAl	voiceless	labial_au	0.195306224	labial au	preceding vowel duration in ms	195.3062238
Baer_Henney_unpublished	tut5	IsRa	voiceless	labial_au	0.142525762	labial au	preceding vowel duration in ms	142.5257623
Baer_Henney_unpublished	tut8	JeHa	voiceless	labial_au	0.277574698	labial au	preceding vowel duration in ms	277.5746977
Baer_Henney_unpublished	tut4	KaGr	voiceless	labial_au	0.163181521	labial au	preceding vowel duration in ms	163.1815205
Baer_Henney_unpublished	tut4	MaKu	voiceless	labial_au	0.105915752	labial au	preceding vowel duration in ms	105.9157521
Baer_Henney_unpublished	tut8	PaNu	voiceless	labial_au	0.191836925	labial au	preceding vowel duration in ms	191.8369247
Baer_Henney_unpublished	tut8	SoBe	voiceless	labial_au	0.27916264	labial au	preceding vowel duration in ms	279.1626404
Baer_Henney_unpublished	tut4	StKa	voiceless	labial_au	0.173416465	labial au	preceding vowel duration in ms	173.4164646
Baer_Henney_unpublished	tut5	JeSc	voiceless	labial_au	0.124200283	labial au	preceding vowel duration in ms	124.2002834
Baer_Henney_unpublished	tut9	AnKu	voiceless	labial_au	0.126801722	labial au	preceding vowel duration in ms	126.8017222
Baer_Henney_unpublished	tut10	DiTu	voiceless	labial_au	0.137923254	labial au	preceding vowel duration in ms	137.9232542
Baer_Henney_unpublished	tut9	EdGr	voiceless	labial_au	0.128496815	labial au	preceding vowel duration in ms	128.4968146
Baer_Henney_unpublished	tut4	HaAl	voiceless	labial_au	0.196648535	labial au	preceding vowel duration in ms	196.6485346
Baer_Henney_unpublished	tut8	JeHa	voiceless	labial_au	0.160459321	labial au	preceding vowel duration in ms	160.4593212
Baer_Henney_unpublished	tut1	KaTh	voiceless	labial_au	0.2409236	labial au	preceding vowel duration in ms	240.9235997
Baer_Henney_unpublished	tut9	MaRo	voiceless	labial_au	0.177213087	labial au	preceding vowel duration in ms	177.2130872
Baer_Henney_unpublished	tut8	PaNu	voiceless	labial_au	0.151161047	labial au	preceding vowel duration in ms	151.1610471
Baer_Henney_unpublished	tut10	PhLu	voiceless	labial_au	0.122099275	labial au	preceding vowel duration in ms	122.099275
Baer_Henney_unpublished	tut8	SoBe	voiceless	labial_au	0.236963637	labial au	preceding vowel duration in ms	236.9636366
Baer_Henney_unpublished	tut9	VaHu	voiceless	labial_au	0.121133809	labial au	preceding vowel duration in ms	121.1338085
Baer_Henney_unpublished	tut10	RuYi	voiceless	labial_au	0.37691025	labial au	preceding vowel duration in ms	376.9102502
Baer_Henney_unpublished	tut10	SeGu	voiceless	labial_au	0.330483978	labial au	preceding vowel duration in ms	330.4839779
Baer_Henney_unpublished	tut9	DaHe	voiceless	labial_au	0.12984314	labial au	preceding vowel duration in ms	129.8431398
Baer_Henney_unpublished	tut10	ClGo	voiceless	labial_au	0.148134378	labial au	preceding vowel duration in ms	148.1343784
Baer_Henney_unpublished	tut7	AnHu	voiceless	labial_au	0.139248139	labial au	preceding vowel duration in ms	139.2481385
Baer_Henney_unpublished	tut7	BeNi	voiceless	labial_au	0.105193839	labial au	preceding vowel duration in ms	105.1938391
Baer_Henney_unpublished	tut7	BeNi	voiceless	labial_au	0.105193839	labial au	preceding vowel duration in ms	105.1938391
Baer_Henney_unpublished	tut1	CaMu	voiceless	labial_au	0.161672416	labial au	preceding vowel duration in ms	161.6724156
Baer_Henney_unpublished	tut7	FrSc	voiceless	labial_au	0.21986604	labial au	preceding vowel duration in ms	219.8660395
Baer_Henney_unpublished	tut7	JuSo	voiceless	labial_au	0.181780396	labial au	preceding vowel duration in ms	181.7803957
Baer_Henney_unpublished	tut1	KaTh	voiceless	labial_au	0.234583505	labial au	preceding vowel duration in ms	234.5835049
Baer_Henney_unpublished	tut6	MaHo	voiceless	labial_au	0.068979168	labial au	preceding vowel duration in ms	68.979168
Baer_Henney_unpublished	tut7	MaMe	voiceless	labial_au	0.179001286	labial au	preceding vowel duration in ms	179.0012863
Baer_Henney_unpublished	tut7	MaRe	voiceless	labial_au	0.155811768	labial au	preceding vowel duration in ms	155.8117677
Baer_Henney_unpublished	tut7	MiMi	voiceless	labial_au	0.190111435	labial au	preceding vowel duration in ms	190.1114354
Baer_Henney_unpublished	tut6	MlHa	voiceless	labial_au	0.217991392	labial au	preceding vowel duration in ms	217.9913918
Baer_Henney_unpublished	tut7	SaBa	voiceless	labial_au	0.181620049	labial au	preceding vowel duration in ms	181.6200485
Baer_Henney_unpublished	tut7	SaBa	voiceless	labial_au	0.162680438	labial au	preceding vowel duration in ms	162.680438
Baer_Henney_unpublished	tut7	TcQu	voiceless	labial_au	0.088335961	labial au	preceding vowel duration in ms	88.3359614
Baer_Henney_unpublished	tut7	VaMa	voiceless	labial_au	0.083697488	labial au	preceding vowel duration in ms	83.6974875
Baer_Henney_unpublished	tut7	VaMa	voiceless	labial_au	0.081214103	labial au	preceding vowel duration in ms	81.2141033
Baer_Henney_unpublished	tut7	VaSc	voiceless	labial_au	0.118812607	labial au	preceding vowel duration in ms	118.8126073
Baer_Henney_unpublished	tut7	YuVo	voiceless	labial_au	0.194056826	labial au	preceding vowel duration in ms	194.0568258
Baer_Henney_unpublished	tut3	AnRu	voiceless	labial_au	0.109252064	labial au	preceding vowel duration in ms	109.2520638
Baer_Henney_unpublished	tut3	JuEh	voiceless	labial_au	0.151294872	labial au	preceding vowel duration in ms	151.2948716
Baer_Henney_unpublished	tut3	LiRi	voiceless	labial_au	0.155811768	labial au	preceding vowel duration in ms	155.8117677
Baer_Henney_unpublished	tut3	MaKo	voiceless	labial_au	0.133292098	labial au	preceding vowel duration in ms	133.2920982
Baer_Henney_unpublished	tut3	MeDo	voiceless	labial_au	0.196542937	labial au	preceding vowel duration in ms	196.5429366
Baer_Henney_unpublished	tut3	KiSt	voiceless	labial_au	0.296866507	labial au	preceding vowel duration in ms	296.8665068
Baer_Henney_unpublished	tut3	LaKu	voiceless	labial_au	0.45648682	labial au	preceding vowel duration in ms	456.4868204
Baer_Henney_unpublished	tut1	HaSa	voiceless	labial_au	0.12066457	labial au	preceding vowel duration in ms	120.66457
Baer_Henney_unpublished	tut2	SiCa	voiceless	labial_au	0.162456265	labial au	preceding vowel duration in ms	162.456265
Baer_Henney_unpublished	tut6	AnHo	voiceless	labial_au	0.253194123	labial au	preceding vowel duration in ms	253.1941225
Baer_Henney_unpublished	tut9	ViBe	voiceless	labial_au	0.288666044	labial au	preceding vowel duration in ms	288.6660443
Baer_Henney_unpublished	tut9	KaKe	voiceless	labial_au	0.158724693	labial au	preceding vowel duration in ms	158.7246925
Baer_Henney_unpublished	tut10	JoTh	voiceless	labial_au	0.114292681	labial au	preceding vowel duration in ms	114.2926813
Baer_Henney_unpublished	tut4	SvBo	voiceless	velar_au	0.189302498	velar au	preceding vowel duration in ms	189.3024978
Baer_Henney_unpublished	tut9	KaKe	voiced	velar_au	0.225461211	velar au	preceding vowel duration in ms	225.461211
Baer_Henney_unpublished	tut1	HaSa	voiced	velar_au	0.178714012	velar au	preceding vowel duration in ms	178.7140117
Baer_Henney_unpublished	tut9	KaKe	voiced	velar_au	0.221853832	velar au	preceding vowel duration in ms	221.8538316
Baer_Henney_unpublished	tut4	CoLa	voiced	velar_au	0.139574397	velar au	preceding vowel duration in ms	139.5743972
Baer_Henney_unpublished	tut4	HaAl	voiced	velar_au	0.232219771	velar au	preceding vowel duration in ms	232.2197713
Baer_Henney_unpublished	tut8	JeHa	voiced	velar_au	0.16675078	velar au	preceding vowel duration in ms	166.7507798
Baer_Henney_unpublished	tut4	KaRe	voiced	velar_au	0.175247388	velar au	preceding vowel duration in ms	175.2473884
Baer_Henney_unpublished	tut4	MaKu	voiced	velar_au	0.157227269	velar au	preceding vowel duration in ms	157.2272693
Baer_Henney_unpublished	tut8	PaNu	voiced	velar_au	0.181856912	velar au	preceding vowel duration in ms	181.8569122
Baer_Henney_unpublished	tut2	SiCa	voiced	velar_au	0.183933076	velar au	preceding vowel duration in ms	183.9330759
Baer_Henney_unpublished	tut8	SoBe	voiced	velar_au	0.292146949	velar au	preceding vowel duration in ms	292.1469493
Baer_Henney_unpublished	tut5	ClFi	voiced	velar_au	0.251402925	velar au	preceding vowel duration in ms	251.402925
Baer_Henney_unpublished	tut4	CoLa	voiced	velar_au	0.1611986	velar au	preceding vowel duration in ms	161.1985996
Baer_Henney_unpublished	tut2	DaAr	voiced	velar_au	0.159763143	velar au	preceding vowel duration in ms	159.7631432
Baer_Henney_unpublished	tut5	DaDr	voiced	velar_au	0.128061841	velar au	preceding vowel duration in ms	128.0618409
Baer_Henney_unpublished	tut4	HaAl	voiced	velar_au	0.210742798	velar au	preceding vowel duration in ms	210.7427982
Baer_Henney_unpublished	tut5	IsRa	voiced	velar_au	0.169098362	velar au	preceding vowel duration in ms	169.098362
Baer_Henney_unpublished	tut8	JeHa	voiced	velar_au	0.174319361	velar au	preceding vowel duration in ms	174.3193608
Baer_Henney_unpublished	tut2	JeMe	voiced	velar_au	0.179091305	velar au	preceding vowel duration in ms	179.0913049
Baer_Henney_unpublished	tut4	KaGr	voiced	velar_au	0.17919466	velar au	preceding vowel duration in ms	179.1946604
Baer_Henney_unpublished	tut2	MaGe	voiced	velar_au	0.177324387	velar au	preceding vowel duration in ms	177.3243869
Baer_Henney_unpublished	tut4	MaKu	voiced	velar_au	0.10920847	velar au	preceding vowel duration in ms	109.2084698
Baer_Henney_unpublished	tut2	MaSc	voiced	velar_au	0.158407556	velar au	preceding vowel duration in ms	158.4075557
Baer_Henney_unpublished	tut2	MiPa	voiced	velar_au	0.191924387	velar au	preceding vowel duration in ms	191.924387
Baer_Henney_unpublished	tut2	MoSc	voiced	velar_au	0.26380411	velar au	preceding vowel duration in ms	263.8041099
Baer_Henney_unpublished	tut8	PaNu	voiced	velar_au	0.174904985	velar au	preceding vowel duration in ms	174.9049852
Baer_Henney_unpublished	tut2	RoBe	voiced	velar_au	0.093791864	velar au	preceding vowel duration in ms	93.7918638
Baer_Henney_unpublished	tut2	SeUc	voiced	velar_au	0.129513562	velar au	preceding vowel duration in ms	129.5135622
Baer_Henney_unpublished	tut2	SiCa	voiced	velar_au	0.168762412	velar au	preceding vowel duration in ms	168.7624123
Baer_Henney_unpublished	tut8	SoBe	voiced	velar_au	0.233717559	velar au	preceding vowel duration in ms	233.7175594
Baer_Henney_unpublished	tut4	StKa	voiced	velar_au	0.218142547	velar au	preceding vowel duration in ms	218.1425465
Baer_Henney_unpublished	tut5	JeSc	voiced	velar_au	0.157390652	velar au	preceding vowel duration in ms	157.3906521
Baer_Henney_unpublished	tut6	AnHo	voiced	velar_au	0.245301798	velar au	preceding vowel duration in ms	245.3017975
Baer_Henney_unpublished	tut5	ClFi	voiced	velar_au	0.221564702	velar au	preceding vowel duration in ms	221.5647024
Baer_Henney_unpublished	tut5	DaDr	voiced	velar_au	0.102796509	velar au	preceding vowel duration in ms	102.7965089
Baer_Henney_unpublished	tut5	IsRa	voiced	velar_au	0.178761126	velar au	preceding vowel duration in ms	178.7611255
Baer_Henney_unpublished	tut1	KaTh	voiced	velar_au	0.202883031	velar au	preceding vowel duration in ms	202.8830313
Baer_Henney_unpublished	tut6	MaHo	voiced	velar_au	0.113206988	velar au	preceding vowel duration in ms	113.2069875
Baer_Henney_unpublished	tut6	MlHa	voiced	velar_au	0.259233006	velar au	preceding vowel duration in ms	259.2330064
Baer_Henney_unpublished	tut5	JeSc	voiced	velar_au	0.202120134	velar au	preceding vowel duration in ms	202.1201336
Baer_Henney_unpublished	tut7	AnHu	voiced	velar_au	0.134569111	velar au	preceding vowel duration in ms	134.5691106
Baer_Henney_unpublished	tut9	AnKu	voiced	velar_au	0.196542701	velar au	preceding vowel duration in ms	196.5427009
Baer_Henney_unpublished	tut7	Beck	voiced	velar_au	0.186959636	velar au	preceding vowel duration in ms	186.9596364
Baer_Henney_unpublished	tut7	BeNi	voiced	velar_au	0.280516904	velar au	preceding vowel duration in ms	280.5169043
Baer_Henney_unpublished	tut7	BeNi	voiced	velar_au	0.280516904	velar au	preceding vowel duration in ms	280.5169043
Baer_Henney_unpublished	tut1	CaMu	voiced	velar_au	0.229035922	velar au	preceding vowel duration in ms	229.0359221
Baer_Henney_unpublished	tut9	EdGr	voiced	velar_au	0.129147981	velar au	preceding vowel duration in ms	129.1479809
Baer_Henney_unpublished	tut7	FrSc	voiced	velar_au	0.259427193	velar au	preceding vowel duration in ms	259.4271927
Baer_Henney_unpublished	tut1	HaSa	voiced	velar_au	0.130448184	velar au	preceding vowel duration in ms	130.4481838
Baer_Henney_unpublished	tut7	JuSo	voiced	velar_au	0.181780396	velar au	preceding vowel duration in ms	181.7803957
Baer_Henney_unpublished	tut1	KaTh	voiced	velar_au	0.22824341	velar au	preceding vowel duration in ms	228.2434102
Baer_Henney_unpublished	tut7	MaRe	voiced	velar_au	0.189895592	velar au	preceding vowel duration in ms	189.8955919
Baer_Henney_unpublished	tut7	MiMi	voiced	velar_au	0.214433184	velar au	preceding vowel duration in ms	214.4331844
Baer_Henney_unpublished	tut8	PaNu	voiced	velar_au	0.16860293	velar au	preceding vowel duration in ms	168.6029298
Baer_Henney_unpublished	tut7	SaBa	voiced	velar_au	0.2309808	velar au	preceding vowel duration in ms	230.9808004
Baer_Henney_unpublished	tut8	SoBe	voiced	velar_au	0.259686177	velar au	preceding vowel duration in ms	259.6861771
Baer_Henney_unpublished	tut7	TcQu	voiced	velar_au	0.138083056	velar au	preceding vowel duration in ms	138.0830555
Baer_Henney_unpublished	tut9	VaHu	voiced	velar_au	0.112094293	velar au	preceding vowel duration in ms	112.0942929
Baer_Henney_unpublished	tut7	VaMa	voiced	velar_au	0.115103539	velar au	preceding vowel duration in ms	115.1035393
Baer_Henney_unpublished	tut7	VaSc	voiced	velar_au	0.128597175	velar au	preceding vowel duration in ms	128.5971749
Baer_Henney_unpublished	tut9	ViBe	voiced	velar_au	0.140694816	velar au	preceding vowel duration in ms	140.6948158
Baer_Henney_unpublished	tut7	YuVo	voiced	velar_au	0.18001324	velar au	preceding vowel duration in ms	180.0132397
Baer_Henney_unpublished	tut9	DaHe	voiced	velar_au	0.149319611	velar au	preceding vowel duration in ms	149.3196107
Baer_Henney_unpublished	tut9	KaKe	voiced	velar_au	0.235832427	velar au	preceding vowel duration in ms	235.8324267
Baer_Henney_unpublished	tut2	DaAr	voiceless	velar_au	0.156897022	velar au	preceding vowel duration in ms	156.897022
Baer_Henney_unpublished	tut4	CoLa	voiceless	velar_au	0.133676888	velar au	preceding vowel duration in ms	133.6768875
Baer_Henney_unpublished	tut4	HaAl	voiceless	velar_au	0.218126216	velar au	preceding vowel duration in ms	218.1262157
Baer_Henney_unpublished	tut8	JeHa	voiceless	velar_au	0.137423413	velar au	preceding vowel duration in ms	137.4234129
Baer_Henney_unpublished	tut2	JeMe	voiceless	velar_au	0.220982682	velar au	preceding vowel duration in ms	220.9826821
Baer_Henney_unpublished	tut4	KaGr	voiceless	velar_au	0.17197507	velar au	preceding vowel duration in ms	171.9750695
Baer_Henney_unpublished	tut4	KaRe	voiceless	velar_au	0.156042977	velar au	preceding vowel duration in ms	156.0429771
Baer_Henney_unpublished	tut2	MaGe	voiceless	velar_au	0.16502358	velar au	preceding vowel duration in ms	165.0235804
Baer_Henney_unpublished	tut4	MaKu	voiceless	velar_au	0.113049974	velar au	preceding vowel duration in ms	113.0499738
Baer_Henney_unpublished	tut2	MaSc	voiceless	velar_au	0.192895712	velar au	preceding vowel duration in ms	192.8957123
Baer_Henney_unpublished	tut2	MiPa	voiceless	velar_au	0.146073532	velar au	preceding vowel duration in ms	146.0735322
Baer_Henney_unpublished	tut2	MoSc	voiceless	velar_au	0.207036137	velar au	preceding vowel duration in ms	207.0361369
Baer_Henney_unpublished	tut8	PaNu	voiceless	velar_au	0.183720068	velar au	preceding vowel duration in ms	183.7200684
Baer_Henney_unpublished	tut2	SeUc	voiceless	velar_au	0.140489288	velar au	preceding vowel duration in ms	140.4892878
Baer_Henney_unpublished	tut2	SiCa	voiceless	velar_au	0.18205844	velar au	preceding vowel duration in ms	182.0584402
Baer_Henney_unpublished	tut8	SoBe	voiceless	velar_au	0.253194023	velar au	preceding vowel duration in ms	253.1940227
Baer_Henney_unpublished	tut4	StKa	voiceless	velar_au	0.211282718	velar au	preceding vowel duration in ms	211.282718
Baer_Henney_unpublished	tut5	ClFi	voiceless	velar_au	0.250739951	velar au	preceding vowel duration in ms	250.7399514
Baer_Henney_unpublished	tut4	CoLa	voiceless	velar_au	0.123847705	velar au	preceding vowel duration in ms	123.8477046
Baer_Henney_unpublished	tut2	DaAr	voiceless	velar_au	0.136834174	velar au	preceding vowel duration in ms	136.8341735
Baer_Henney_unpublished	tut5	DaDr	voiceless	velar_au	0.118025143	velar au	preceding vowel duration in ms	118.0251429
Baer_Henney_unpublished	tut4	HaAl	voiceless	velar_au	0.104031317	velar au	preceding vowel duration in ms	104.031317
Baer_Henney_unpublished	tut5	IsRa	voiceless	velar_au	0.159435599	velar au	preceding vowel duration in ms	159.4355985
Baer_Henney_unpublished	tut8	JeHa	voiceless	velar_au	0.185220858	velar au	preceding vowel duration in ms	185.2208581
Baer_Henney_unpublished	tut2	JeMe	voiceless	velar_au	0.160627322	velar au	preceding vowel duration in ms	160.6273215
Baer_Henney_unpublished	tut4	KaGr	voiceless	velar_au	0.156124833	velar au	preceding vowel duration in ms	156.1248327
Baer_Henney_unpublished	tut4	KaRe	voiceless	velar_au	0.181219641	velar au	preceding vowel duration in ms	181.2196414
Baer_Henney_unpublished	tut2	MaGe	voiceless	velar_au	0.156489851	velar au	preceding vowel duration in ms	156.4898509
Baer_Henney_unpublished	tut4	MaKu	voiceless	velar_au	0.122928127	velar au	preceding vowel duration in ms	122.9281268
Baer_Henney_unpublished	tut2	MaSc	voiceless	velar_au	0.252374745	velar au	preceding vowel duration in ms	252.3747452
Baer_Henney_unpublished	tut2	MiPa	voiceless	velar_au	0.138769853	velar au	preceding vowel duration in ms	138.7698527
Baer_Henney_unpublished	tut2	MoSc	voiceless	velar_au	0.233750477	velar au	preceding vowel duration in ms	233.7504771
Baer_Henney_unpublished	tut8	PaNu	voiceless	velar_au	0.186803329	velar au	preceding vowel duration in ms	186.8033289
Baer_Henney_unpublished	tut2	RoBe	voiceless	velar_au	0.144295175	velar au	preceding vowel duration in ms	144.295175
Baer_Henney_unpublished	tut2	SeUc	voiceless	velar_au	0.118537837	velar au	preceding vowel duration in ms	118.5378366
Baer_Henney_unpublished	tut2	SiCa	voiceless	velar_au	0.141833232	velar au	preceding vowel duration in ms	141.8332322
Baer_Henney_unpublished	tut8	SoBe	voiceless	velar_au	0.214241096	velar au	preceding vowel duration in ms	214.2410961
Baer_Henney_unpublished	tut4	StKa	voiceless	velar_au	0.180139033	velar au	preceding vowel duration in ms	180.139033
Baer_Henney_unpublished	tut5	JeSc	voiceless	velar_au	0.149103982	velar au	preceding vowel duration in ms	149.1039821
Baer_Henney_unpublished	tut6	AnHo	voiceless	velar_au	0.194798486	velar au	preceding vowel duration in ms	194.7984863
Baer_Henney_unpublished	tut5	ClFi	voiceless	velar_au	0.278731677	velar au	preceding vowel duration in ms	278.7316766
Baer_Henney_unpublished	tut5	DaDr	voiceless	velar_au	0.109017289	velar au	preceding vowel duration in ms	109.0172892
Baer_Henney_unpublished	tut9	EdGr	voiceless	velar_au	0.095504389	velar au	preceding vowel duration in ms	95.5043892
Baer_Henney_unpublished	tut5	IsRa	voiceless	velar_au	0.154604217	velar au	preceding vowel duration in ms	154.6042167
Baer_Henney_unpublished	tut1	KaTh	voiceless	velar_au	0.171182558	velar au	preceding vowel duration in ms	171.1825577
Baer_Henney_unpublished	tut6	MaHo	voiceless	velar_au	0.062892771	velar au	preceding vowel duration in ms	62.8927708
Baer_Henney_unpublished	tut6	MlHa	voiceless	velar_au	0.22977471	velar au	preceding vowel duration in ms	229.7747103
Baer_Henney_unpublished	tut5	JeSc	voiceless	velar_au	0.144992392	velar au	preceding vowel duration in ms	144.9923921
Baer_Henney_unpublished	tut7	AnHu	voiceless	velar_au	0.111860899	velar au	preceding vowel duration in ms	111.8608993
Baer_Henney_unpublished	tut9	AnKu	voiceless	velar_au	0.22190217	velar au	preceding vowel duration in ms	221.9021696
Baer_Henney_unpublished	tut7	Beck	voiceless	velar_au	0.220407507	velar au	preceding vowel duration in ms	220.4075072
Baer_Henney_unpublished	tut7	FrSc	voiceless	velar_au	0.214486241	velar au	preceding vowel duration in ms	214.4862405
Baer_Henney_unpublished	tut7	JuSo	voiceless	velar_au	0.207749024	velar au	preceding vowel duration in ms	207.7490236
Baer_Henney_unpublished	tut1	KaTh	voiceless	velar_au	0.139482084	velar au	preceding vowel duration in ms	139.482084
Baer_Henney_unpublished	tut7	MaMe	voiceless	velar_au	0.196460692	velar au	preceding vowel duration in ms	196.4606921
Baer_Henney_unpublished	tut7	MaMe	voiceless	velar_au	0.185188357	velar au	preceding vowel duration in ms	185.1883573
Baer_Henney_unpublished	tut7	MaRe	voiceless	velar_au	0.206125984	velar au	preceding vowel duration in ms	206.1259844
Baer_Henney_unpublished	tut9	MaRo	voiceless	velar_au	0.190556665	velar au	preceding vowel duration in ms	190.5566646
Baer_Henney_unpublished	tut7	MiMi	voiceless	velar_au	0.222362929	velar au	preceding vowel duration in ms	222.3629294
Baer_Henney_unpublished	tut8	PaNu	voiceless	velar_au	0.16239279	velar au	preceding vowel duration in ms	162.3927897
Baer_Henney_unpublished	tut8	SoBe	voiceless	velar_au	0.25968628	velar au	preceding vowel duration in ms	259.6862795
Baer_Henney_unpublished	tut7	TcQu	voiceless	velar_au	0.097239297	velar au	preceding vowel duration in ms	97.2392965
Baer_Henney_unpublished	tut9	VaHu	voiceless	velar_au	0.113229996	velar au	preceding vowel duration in ms	113.2299959
Baer_Henney_unpublished	tut7	VaSc	voiceless	velar_au	0.120210403	velar au	preceding vowel duration in ms	120.2104027
Baer_Henney_unpublished	tut9	ViBe	voiceless	velar_au	0.186445465	velar au	preceding vowel duration in ms	186.445465
Baer_Henney_unpublished	tut9	DaHe	voiceless	velar_au	0.155811765	velar au	preceding vowel duration in ms	155.8117653
Baer_Henney_unpublished	tut6	AnHo	voiceless	velar_au	0.214241181	velar au	preceding vowel duration in ms	214.2411806
Baer_Henney_unpublished	tut3	Pred	voiceless	velar_au	0.184805709	velar au	preceding vowel duration in ms	184.8057091
Baer_Henney_unpublished	tut7	BeNi	voiceless	velar_au	0.182335988	velar au	preceding vowel duration in ms	182.3359878
Baer_Henney_unpublished	tut7	BeNi	voiceless	velar_au	0.182335988	velar au	preceding vowel duration in ms	182.3359878
Baer_Henney_unpublished	tut9	KaKe	voiceless	velar_au	0.273258988	velar au	preceding vowel duration in ms	273.2589877
Baer_Henney_unpublished	tut4	SvBo	voiceless	alveolar_e	0.191637126	alveolar e	preceding vowel duration in ms	191.6371262
Baer_Henney_unpublished	tut10	RuYi	voiced	alveolar_e	0.183836618	alveolar e	preceding vowel duration in ms	183.8366181
Baer_Henney_unpublished	tut6	AnHo	voiced	alveolar_e	0.318115692	alveolar e	preceding vowel duration in ms	318.1156924
Baer_Henney_unpublished	tut3	Pred	voiced	alveolar_e	0.205339677	alveolar e	preceding vowel duration in ms	205.3396767
Baer_Henney_unpublished	tut3	JeJe	voiced	alveolar_e	0.114121705	alveolar e	preceding vowel duration in ms	114.1217051
Baer_Henney_unpublished	tut9	KaKe	voiced	alveolar_E	0.214639073	alveolar E	preceding vowel duration in ms	214.6390728
Baer_Henney_unpublished	tut7	Beck	voiced	alveolar_e	0.244773651	alveolar e	preceding vowel duration in ms	244.7736506
Baer_Henney_unpublished	tut3	JeJe	voiced	alveolar_e	0.095101421	alveolar e	preceding vowel duration in ms	95.1014209
Baer_Henney_unpublished	tut1	HaSa	voiced	alveolar_e	0.096531656	alveolar e	preceding vowel duration in ms	96.531656
Baer_Henney_unpublished	tut9	AnKu	voiced	alveolar_e	0.155331519	alveolar e	preceding vowel duration in ms	155.3315187
Baer_Henney_unpublished	tut9	DaHe	voiced	alveolar_e	0.094947795	alveolar e	preceding vowel duration in ms	94.9477945
Baer_Henney_unpublished	tut9	EdGr	voiced	alveolar_e	0.102450163	alveolar e	preceding vowel duration in ms	102.450163
Baer_Henney_unpublished	tut8	JeHa	voiced	alveolar_e	0.142249094	alveolar e	preceding vowel duration in ms	142.2490943
Baer_Henney_unpublished	tut9	KaKe	voiced	alveolar_E	0.209228004	alveolar E	preceding vowel duration in ms	209.2280038
Baer_Henney_unpublished	tut1	KaTh	voiced	alveolar_e	0.101441516	alveolar e	preceding vowel duration in ms	101.4415157
Baer_Henney_unpublished	tut6	MaHo	voiced	alveolar_e	0.101642833	alveolar e	preceding vowel duration in ms	101.6428328
Baer_Henney_unpublished	tut9	MaRo	voiced	alveolar_e	0.162427843	alveolar e	preceding vowel duration in ms	162.4278433
Baer_Henney_unpublished	tut6	MlHa	voiced	alveolar_e	0.176749777	alveolar e	preceding vowel duration in ms	176.7497771
Baer_Henney_unpublished	tut8	PaNu	voiced	alveolar_e	0.16437294	alveolar e	preceding vowel duration in ms	164.3729395
Baer_Henney_unpublished	tut8	SoBe	voiced	alveolar_e	0.210995019	alveolar e	preceding vowel duration in ms	210.9950189
Baer_Henney_unpublished	tut9	VaHu	voiced	alveolar_e	0.107191179	alveolar e	preceding vowel duration in ms	107.1911786
Baer_Henney_unpublished	tut6	AnHo	voiced	alveolar_e	0.298639221	alveolar e	preceding vowel duration in ms	298.6392214
Baer_Henney_unpublished	tut9	AnKu	voiced	alveolar_e	0.187031983	alveolar e	preceding vowel duration in ms	187.0319834
Baer_Henney_unpublished	tut1	CaMu	voiced	alveolar_e	0.160879904	alveolar e	preceding vowel duration in ms	160.8799037
Baer_Henney_unpublished	tut10	ClGo	voiced	alveolar_e	0.141290614	alveolar e	preceding vowel duration in ms	141.2906143
Baer_Henney_unpublished	tut9	DaHe	voiced	alveolar_e	0.126423827	alveolar e	preceding vowel duration in ms	126.4238265
Baer_Henney_unpublished	tut9	DaHe	voiced	alveolar_e	0.10387451	alveolar e	preceding vowel duration in ms	103.8745102
Baer_Henney_unpublished	tut10	DiTu	voiced	alveolar_e	0.132224474	alveolar e	preceding vowel duration in ms	132.224474
Baer_Henney_unpublished	tut9	EdGr	voiced	alveolar_e	0.097240833	alveolar e	preceding vowel duration in ms	97.2408327
Baer_Henney_unpublished	tut1	HaSa	voiced	alveolar_e	0.094785655	alveolar e	preceding vowel duration in ms	94.7856545
Baer_Henney_unpublished	tut8	JeHa	voiced	alveolar_e	0.216461506	alveolar e	preceding vowel duration in ms	216.461506
Baer_Henney_unpublished	tut10	JoTh	voiced	alveolar_e	0.133620524	alveolar e	preceding vowel duration in ms	133.6205235
Baer_Henney_unpublished	tut9	KaKe	voiced	alveolar_E	0.234479659	alveolar E	preceding vowel duration in ms	234.4796594
Baer_Henney_unpublished	tut1	KaTh	voiced	alveolar_e	0.2409236	alveolar e	preceding vowel duration in ms	240.9235997
Baer_Henney_unpublished	tut6	MaHo	voiced	alveolar_e	0.096165075	alveolar e	preceding vowel duration in ms	96.1650754
Baer_Henney_unpublished	tut9	MaRo	voiced	alveolar_e	0.194750856	alveolar e	preceding vowel duration in ms	194.7508556
Baer_Henney_unpublished	tut6	MlHa	voiced	alveolar_e	0.141399822	alveolar e	preceding vowel duration in ms	141.3998217
Baer_Henney_unpublished	tut8	PaNu	voiced	alveolar_e	0.177930876	alveolar e	preceding vowel duration in ms	177.9308762
Baer_Henney_unpublished	tut10	PhLu	voiced	alveolar_e	0.064914636	alveolar e	preceding vowel duration in ms	64.9146361
Baer_Henney_unpublished	tut8	SoBe	voiced	alveolar_e	0.155811706	alveolar e	preceding vowel duration in ms	155.8117063
Baer_Henney_unpublished	tut9	VaHu	voiced	alveolar_e	0.137024924	alveolar e	preceding vowel duration in ms	137.0249238
Baer_Henney_unpublished	tut9	ViBe	voiced	alveolar_e	0.182520398	alveolar e	preceding vowel duration in ms	182.5203984
Baer_Henney_unpublished	tut10	SeGu	voiced	alveolar_e	0.230549831	alveolar e	preceding vowel duration in ms	230.5498307
Baer_Henney_unpublished	tut7	AnHu	voiced	alveolar_e	0.154296364	alveolar e	preceding vowel duration in ms	154.2963635
Baer_Henney_unpublished	tut3	AnRu	voiced	alveolar_e	0.118084264	alveolar e	preceding vowel duration in ms	118.0842643
Baer_Henney_unpublished	tut7	BeNi	voiced	alveolar_e	0.168310143	alveolar e	preceding vowel duration in ms	168.3101426
Baer_Henney_unpublished	tut7	BeNi	voiced	alveolar_e	0.168310143	alveolar e	preceding vowel duration in ms	168.3101426
Baer_Henney_unpublished	tut10	ClGo	voiced	alveolar_e	0.180145533	alveolar e	preceding vowel duration in ms	180.1455332
Baer_Henney_unpublished	tut4	CoLa	voiced	alveolar_e	0.139574397	alveolar e	preceding vowel duration in ms	139.5743972
Baer_Henney_unpublished	tut2	DaAr	voiced	alveolar_e	0.156111907	alveolar e	preceding vowel duration in ms	156.1119068
Baer_Henney_unpublished	tut10	DiTu	voiced	alveolar_e	0.116821785	alveolar e	preceding vowel duration in ms	116.8217854
Baer_Henney_unpublished	tut7	FrSc	voiced	alveolar_e	0.24320272	alveolar e	preceding vowel duration in ms	243.2027198
Baer_Henney_unpublished	tut4	HaAl	voiced	alveolar_e	0.148328523	alveolar e	preceding vowel duration in ms	148.3285229
Baer_Henney_unpublished	tut2	JeMe	voiced	alveolar_e	0.135244462	alveolar e	preceding vowel duration in ms	135.2444624
Baer_Henney_unpublished	tut10	JoTh	voiced	alveolar_e	0.102860193	alveolar e	preceding vowel duration in ms	102.860193
Baer_Henney_unpublished	tut7	JuSo	voiced	alveolar_e	0.155811768	alveolar e	preceding vowel duration in ms	155.8117677
Baer_Henney_unpublished	tut4	KaRe	voiced	alveolar_e	0.107883916	alveolar e	preceding vowel duration in ms	107.8839161
Baer_Henney_unpublished	tut3	LiRi	voiced	alveolar_e	0.092107477	alveolar e	preceding vowel duration in ms	92.1074773
Baer_Henney_unpublished	tut2	MaGe	voiced	alveolar_e	0.154670096	alveolar e	preceding vowel duration in ms	154.6700956
Baer_Henney_unpublished	tut3	MaKo	voiced	alveolar_e	0.142827454	alveolar e	preceding vowel duration in ms	142.8274537
Baer_Henney_unpublished	tut4	MaKu	voiced	alveolar_e	0.118537837	alveolar e	preceding vowel duration in ms	118.5378366
Baer_Henney_unpublished	tut7	MaMe	voiced	alveolar_e	0.165236752	alveolar e	preceding vowel duration in ms	165.2367523
Baer_Henney_unpublished	tut7	MaRe	voiced	alveolar_e	0.181780396	alveolar e	preceding vowel duration in ms	181.7803957
Baer_Henney_unpublished	tut2	MaSc	voiced	alveolar_E	0.212269696	alveolar E	preceding vowel duration in ms	212.2696957
Baer_Henney_unpublished	tut3	MeDo	voiced	alveolar_e	0.133141989	alveolar e	preceding vowel duration in ms	133.1419893
Baer_Henney_unpublished	tut7	MiMi	voiced	alveolar_e	0.174461811	alveolar e	preceding vowel duration in ms	174.4618108
Baer_Henney_unpublished	tut2	MiPa	voiced	alveolar_e	0.146885049	alveolar e	preceding vowel duration in ms	146.8850488
Baer_Henney_unpublished	tut2	MoSc	voiced	alveolar_e	0.220393307	alveolar e	preceding vowel duration in ms	220.393307
Baer_Henney_unpublished	tut10	PhLu	voiced	alveolar_e	0.121147132	alveolar e	preceding vowel duration in ms	121.1471324
Baer_Henney_unpublished	tut2	RoBe	voiced	alveolar_e	0.129865658	alveolar e	preceding vowel duration in ms	129.8656575
Baer_Henney_unpublished	tut7	SaBa	voiced	alveolar_e	0.17060841	alveolar e	preceding vowel duration in ms	170.60841
Baer_Henney_unpublished	tut2	SeUc	voiced	alveolar_e	0.129513562	alveolar e	preceding vowel duration in ms	129.5135622
Baer_Henney_unpublished	tut2	SiCa	voiced	alveolar_E	0.198206067	alveolar E	preceding vowel duration in ms	198.2060672
Baer_Henney_unpublished	tut4	StKa	voiced	alveolar_e	0.181099409	alveolar e	preceding vowel duration in ms	181.0994086
Baer_Henney_unpublished	tut4	SvBo	voiced	alveolar_e	0.175747995	alveolar e	preceding vowel duration in ms	175.7479945
Baer_Henney_unpublished	tut7	TcQu	voiced	alveolar_e	0.101343445	alveolar e	preceding vowel duration in ms	101.3434452
Baer_Henney_unpublished	tut7	VaMa	voiced	alveolar_e	0.11743916	alveolar e	preceding vowel duration in ms	117.4391604
Baer_Henney_unpublished	tut7	VaSc	voiced	alveolar_e	0.114619221	alveolar e	preceding vowel duration in ms	114.6192211
Baer_Henney_unpublished	tut7	YuVo	voiced	alveolar_e	0.168908358	alveolar e	preceding vowel duration in ms	168.908358
Baer_Henney_unpublished	tut3	KiSt	voiced	alveolar_e	0.289908698	alveolar e	preceding vowel duration in ms	289.908698
Baer_Henney_unpublished	tut3	LaKu	voiced	alveolar_e	0.45648682	alveolar e	preceding vowel duration in ms	456.4868204
Baer_Henney_unpublished	tut7	AnHu	voiced	alveolar_e	0.12023614	alveolar e	preceding vowel duration in ms	120.2361402
Baer_Henney_unpublished	tut7	BeNi	voiced	alveolar_e	0.224413524	alveolar e	preceding vowel duration in ms	224.4135235
Baer_Henney_unpublished	tut7	BeNi	voiced	alveolar_e	0.224413524	alveolar e	preceding vowel duration in ms	224.4135235
Baer_Henney_unpublished	tut10	ClGo	voiced	alveolar_e	0.067113042	alveolar e	preceding vowel duration in ms	67.1130418
Baer_Henney_unpublished	tut4	CoLa	voiced	alveolar_e	0.153335253	alveolar e	preceding vowel duration in ms	153.3352533
Baer_Henney_unpublished	tut2	DaAr	voiced	alveolar_e	0.140127616	alveolar e	preceding vowel duration in ms	140.1276157
Baer_Henney_unpublished	tut10	DiTu	voiced	alveolar_e	0.163015856	alveolar e	preceding vowel duration in ms	163.0158563
Baer_Henney_unpublished	tut7	FrSc	voiced	alveolar_e	0.283752525	alveolar e	preceding vowel duration in ms	283.7525249
Baer_Henney_unpublished	tut4	HaAl	voiced	alveolar_e	0.202017778	alveolar e	preceding vowel duration in ms	202.0177779
Baer_Henney_unpublished	tut2	JeMe	voiced	alveolar_e	0.151441417	alveolar e	preceding vowel duration in ms	151.441417
Baer_Henney_unpublished	tut10	JoTh	voiced	alveolar_e	0.105611111	alveolar e	preceding vowel duration in ms	105.611111
Baer_Henney_unpublished	tut7	JuSo	voiced	alveolar_e	0.181780396	alveolar e	preceding vowel duration in ms	181.7803957
Baer_Henney_unpublished	tut4	KaGr	voiced	alveolar_e	0.166231642	alveolar e	preceding vowel duration in ms	166.2316424
Baer_Henney_unpublished	tut4	KaGr	voiced	alveolar_e	0.15057725	alveolar e	preceding vowel duration in ms	150.5772498
Baer_Henney_unpublished	tut4	KaRe	voiced	alveolar_e	0.137829378	alveolar e	preceding vowel duration in ms	137.8293776
Baer_Henney_unpublished	tut4	KaRe	voiced	alveolar_e	0.137398863	alveolar e	preceding vowel duration in ms	137.3988633
Baer_Henney_unpublished	tut1	KaTh	voiced	alveolar_e	0.171182558	alveolar e	preceding vowel duration in ms	171.1825577
Baer_Henney_unpublished	tut2	MaGe	voiced	alveolar_e	0.123387013	alveolar e	preceding vowel duration in ms	123.3870129
Baer_Henney_unpublished	tut4	MaKu	voiced	alveolar_e	0.110031649	alveolar e	preceding vowel duration in ms	110.0316492
Baer_Henney_unpublished	tut7	MaMe	voiced	alveolar_e	0.164845018	alveolar e	preceding vowel duration in ms	164.8450181
Baer_Henney_unpublished	tut7	MaRe	voiced	alveolar_e	0.110366669	alveolar e	preceding vowel duration in ms	110.3666688
Baer_Henney_unpublished	tut2	MaSc	voiced	alveolar_e	0.373610853	alveolar e	preceding vowel duration in ms	373.6108529
Baer_Henney_unpublished	tut7	MiMi	voiced	alveolar_e	0.163537158	alveolar e	preceding vowel duration in ms	163.5371581
Baer_Henney_unpublished	tut2	MiPa	voiced	alveolar_e	0.118076105	alveolar e	preceding vowel duration in ms	118.0761052
Baer_Henney_unpublished	tut2	MoSc	voiced	alveolar_e	0.195905162	alveolar e	preceding vowel duration in ms	195.9051618
Baer_Henney_unpublished	tut10	PhLu	voiced	alveolar_e	0.070323961	alveolar e	preceding vowel duration in ms	70.3239608
Baer_Henney_unpublished	tut2	RoBe	voiced	alveolar_e	0.126258278	alveolar e	preceding vowel duration in ms	126.2582781
Baer_Henney_unpublished	tut7	SaBa	voiced	alveolar_e	0.213652406	alveolar e	preceding vowel duration in ms	213.6524058
Baer_Henney_unpublished	tut2	SeUc	voiced	alveolar_e	0.091098523	alveolar e	preceding vowel duration in ms	91.0985225
Baer_Henney_unpublished	tut2	SiCa	voiced	alveolar_e	0.16182041	alveolar e	preceding vowel duration in ms	161.8204104
Baer_Henney_unpublished	tut4	StKa	voiced	alveolar_e	0.152288193	alveolar e	preceding vowel duration in ms	152.2881928
Baer_Henney_unpublished	tut7	TcQu	voiced	alveolar_e	0.088242976	alveolar e	preceding vowel duration in ms	88.2429762
Baer_Henney_unpublished	tut7	VaMa	voiced	alveolar_e	0.111546225	alveolar e	preceding vowel duration in ms	111.5462253
Baer_Henney_unpublished	tut7	VaSc	voiced	alveolar_e	0.114619221	alveolar e	preceding vowel duration in ms	114.6192211
Baer_Henney_unpublished	tut7	YuVo	voiced	alveolar_e	0.182566619	alveolar e	preceding vowel duration in ms	182.566619
Baer_Henney_unpublished	tut7	AnHu	voiced	alveolar_e	0.097129053	alveolar e	preceding vowel duration in ms	97.1290531
Baer_Henney_unpublished	tut7	BeNi	voiced	alveolar_e	0.16129722	alveolar e	preceding vowel duration in ms	161.29722
Baer_Henney_unpublished	tut7	BeNi	voiced	alveolar_e	0.16129722	alveolar e	preceding vowel duration in ms	161.29722
Baer_Henney_unpublished	tut2	DaAr	voiced	alveolar_e	0.192800583	alveolar e	preceding vowel duration in ms	192.8005833
Baer_Henney_unpublished	tut7	FrSc	voiced	alveolar_e	0.223223704	alveolar e	preceding vowel duration in ms	223.2237039
Baer_Henney_unpublished	tut2	JeMe	voiced	alveolar_e	0.158294612	alveolar e	preceding vowel duration in ms	158.2946117
Baer_Henney_unpublished	tut7	JuSo	voiced	alveolar_e	0.181780396	alveolar e	preceding vowel duration in ms	181.7803957
Baer_Henney_unpublished	tut2	MaGe	voiced	alveolar_e	0.152229526	alveolar e	preceding vowel duration in ms	152.2295256
Baer_Henney_unpublished	tut7	MaMe	voiced	alveolar_e	0.153574967	alveolar e	preceding vowel duration in ms	153.5749672
Baer_Henney_unpublished	tut7	MaRe	voiced	alveolar_e	0.149319611	alveolar e	preceding vowel duration in ms	149.3196107
Baer_Henney_unpublished	tut2	MaSc	voiced	alveolar_e	0.261446372	alveolar e	preceding vowel duration in ms	261.4463718
Baer_Henney_unpublished	tut7	MiMi	voiced	alveolar_e	0.119020438	alveolar e	preceding vowel duration in ms	119.0204377
Baer_Henney_unpublished	tut2	MiPa	voiced	alveolar_e	0.116453066	alveolar e	preceding vowel duration in ms	116.453066
Baer_Henney_unpublished	tut2	MoSc	voiced	alveolar_e	0.191452774	alveolar e	preceding vowel duration in ms	191.4527739
Baer_Henney_unpublished	tut2	RoBe	voiced	alveolar_e	0.124454589	alveolar e	preceding vowel duration in ms	124.4545885
Baer_Henney_unpublished	tut7	SaBa	voiced	alveolar_e	0.112521032	alveolar e	preceding vowel duration in ms	112.5210316
Baer_Henney_unpublished	tut2	SeUc	voiced	alveolar_E	0.107836504	alveolar E	preceding vowel duration in ms	107.8365041
Baer_Henney_unpublished	tut2	SiCa	voiced	alveolar_e	0.17774522	alveolar e	preceding vowel duration in ms	177.7452202
Baer_Henney_unpublished	tut7	TcQu	voiced	alveolar_e	0.144731499	alveolar e	preceding vowel duration in ms	144.7314989
Baer_Henney_unpublished	tut7	VaMa	voiced	alveolar_e	0.119395291	alveolar e	preceding vowel duration in ms	119.3952911
Baer_Henney_unpublished	tut7	VaSc	voiced	alveolar_e	0.131392766	alveolar e	preceding vowel duration in ms	131.3927657
Baer_Henney_unpublished	tut7	YuVo	voiced	alveolar_e	0.166607999	alveolar e	preceding vowel duration in ms	166.6079985
Baer_Henney_unpublished	tut3	AnRu	voiced	alveolar_e	0.143444643	alveolar e	preceding vowel duration in ms	143.4446432
Baer_Henney_unpublished	tut3	LiRi	voiced	alveolar_e	0.120104904	alveolar e	preceding vowel duration in ms	120.1049043
Baer_Henney_unpublished	tut3	MaKo	voiced	alveolar_e	0.113206979	alveolar e	preceding vowel duration in ms	113.2069793
Baer_Henney_unpublished	tut3	MeDo	voiced	alveolar_e	0.053890805	alveolar e	preceding vowel duration in ms	53.8908052
Baer_Henney_unpublished	tut3	KiSt	voiced	alveolar_e	0.248161846	alveolar e	preceding vowel duration in ms	248.1618455
Baer_Henney_unpublished	tut3	LaKu	voiced	alveolar_e	0.312726614	alveolar e	preceding vowel duration in ms	312.7266135
Baer_Henney_unpublished	tut3	AnRu	voiced	alveolar_e	0.101218824	alveolar e	preceding vowel duration in ms	101.2188238
Baer_Henney_unpublished	tut3	LiRi	voiced	alveolar_e	0.10874363	alveolar e	preceding vowel duration in ms	108.7436295
Baer_Henney_unpublished	tut3	MaKo	voiced	alveolar_e	0.153377209	alveolar e	preceding vowel duration in ms	153.3772088
Baer_Henney_unpublished	tut3	MeDo	voiced	alveolar_e	0.085591279	alveolar e	preceding vowel duration in ms	85.5912788
Baer_Henney_unpublished	tut3	LaKu	voiced	alveolar_e	0.304324547	alveolar e	preceding vowel duration in ms	304.324547
Baer_Henney_unpublished	tut7	Beck	voiced	alveolar_e	0.247998119	alveolar e	preceding vowel duration in ms	247.9981187
Baer_Henney_unpublished	tut3	JeJe	voiceless	alveolar_e	0.114121705	alveolar e	preceding vowel duration in ms	114.1217051
Baer_Henney_unpublished	tut9	ViBe	voiceless	alveolar_e	0.211959055	alveolar e	preceding vowel duration in ms	211.9590549
Baer_Henney_unpublished	tut7	MaMe	voiceless	alveolar_e	0.214794392	alveolar e	preceding vowel duration in ms	214.7943918
Baer_Henney_unpublished	tut6	AnHo	voiceless	alveolar_e	0.180368969	alveolar e	preceding vowel duration in ms	180.3689688
Baer_Henney_unpublished	tut9	AnKu	voiceless	alveolar_e	0.158502162	alveolar e	preceding vowel duration in ms	158.5021617
Baer_Henney_unpublished	tut9	DaHe	voiceless	alveolar_e	0.060052452	alveolar e	preceding vowel duration in ms	60.0524521
Baer_Henney_unpublished	tut9	EdGr	voiceless	alveolar_e	0.112868824	alveolar e	preceding vowel duration in ms	112.8688236
Baer_Henney_unpublished	tut8	JeHa	voiceless	alveolar_e	0.130335573	alveolar e	preceding vowel duration in ms	130.3355732
Baer_Henney_unpublished	tut1	KaTh	voiceless	alveolar_e	0.1204618	alveolar e	preceding vowel duration in ms	120.4617998
Baer_Henney_unpublished	tut6	MaHo	voiceless	alveolar_e	0.096570835	alveolar e	preceding vowel duration in ms	96.5708352
Baer_Henney_unpublished	tut9	MaRo	voiceless	alveolar_e	0.20664097	alveolar e	preceding vowel duration in ms	206.6409702
Baer_Henney_unpublished	tut6	MlHa	voiceless	alveolar_e	0.15318314	alveolar e	preceding vowel duration in ms	153.1831402
Baer_Henney_unpublished	tut8	PaNu	voiceless	alveolar_e	0.121477647	alveolar e	preceding vowel duration in ms	121.4776471
Baer_Henney_unpublished	tut8	SoBe	voiceless	alveolar_e	0.214241096	alveolar e	preceding vowel duration in ms	214.2410961
Baer_Henney_unpublished	tut9	VaHu	voiceless	alveolar_e	0.065086823	alveolar e	preceding vowel duration in ms	65.0868225
Baer_Henney_unpublished	tut9	AnKu	voiceless	alveolar_e	0.174351705	alveolar e	preceding vowel duration in ms	174.3517047
Baer_Henney_unpublished	tut10	ClGo	voiceless	alveolar_e	0.116564757	alveolar e	preceding vowel duration in ms	116.5647568
Baer_Henney_unpublished	tut10	DiTu	voiceless	alveolar_e	0.133101601	alveolar e	preceding vowel duration in ms	133.1016013
Baer_Henney_unpublished	tut9	EdGr	voiceless	alveolar_e	0.099845498	alveolar e	preceding vowel duration in ms	99.8454978
Baer_Henney_unpublished	tut8	JeHa	voiceless	alveolar_e	0.098961829	alveolar e	preceding vowel duration in ms	98.961829
Baer_Henney_unpublished	tut10	JoTh	voiceless	alveolar_e	0.085791414	alveolar e	preceding vowel duration in ms	85.7914144
Baer_Henney_unpublished	tut1	KaTh	voiceless	alveolar_e	0.152162274	alveolar e	preceding vowel duration in ms	152.1622735
Baer_Henney_unpublished	tut6	MaHo	voiceless	alveolar_e	0.101439953	alveolar e	preceding vowel duration in ms	101.4399529
Baer_Henney_unpublished	tut9	MaRo	voiceless	alveolar_e	0.155265505	alveolar e	preceding vowel duration in ms	155.2655045
Baer_Henney_unpublished	tut6	MlHa	voiceless	alveolar_e	0.159074799	alveolar e	preceding vowel duration in ms	159.0747994
Baer_Henney_unpublished	tut10	PhLu	voiceless	alveolar_e	0.101772432	alveolar e	preceding vowel duration in ms	101.7724315
Baer_Henney_unpublished	tut8	SoBe	voiceless	alveolar_e	0.133089218	alveolar e	preceding vowel duration in ms	133.0892182
Baer_Henney_unpublished	tut9	VaHu	voiceless	alveolar_e	0.12916254	alveolar e	preceding vowel duration in ms	129.1625404
Baer_Henney_unpublished	tut9	ViBe	voiceless	alveolar_e	0.17859513	alveolar e	preceding vowel duration in ms	178.5951296
Baer_Henney_unpublished	tut7	AnHu	voiceless	alveolar_e	0.157870288	alveolar e	preceding vowel duration in ms	157.8702881
Baer_Henney_unpublished	tut3	AnRu	voiceless	alveolar_e	0.085152344	alveolar e	preceding vowel duration in ms	85.1523438
Baer_Henney_unpublished	tut10	ClGo	voiceless	alveolar_e	0.134226084	alveolar e	preceding vowel duration in ms	134.2260836
Baer_Henney_unpublished	tut4	CoLa	voiceless	alveolar_e	0.114018522	alveolar e	preceding vowel duration in ms	114.0185217
Baer_Henney_unpublished	tut2	DaAr	voiceless	alveolar_e	0.160132965	alveolar e	preceding vowel duration in ms	160.1329653
Baer_Henney_unpublished	tut10	DiTu	voiceless	alveolar_e	0.138720337	alveolar e	preceding vowel duration in ms	138.7203369
Baer_Henney_unpublished	tut7	FrSc	voiceless	alveolar_e	0.215491799	alveolar e	preceding vowel duration in ms	215.4917987
Baer_Henney_unpublished	tut4	HaAl	voiceless	alveolar_e	0.149667656	alveolar e	preceding vowel duration in ms	149.6676561
Baer_Henney_unpublished	tut2	JeMe	voiceless	alveolar_e	0.137738103	alveolar e	preceding vowel duration in ms	137.7381029
Baer_Henney_unpublished	tut10	JoTh	voiceless	alveolar_e	0.100591406	alveolar e	preceding vowel duration in ms	100.5914056
Baer_Henney_unpublished	tut4	KaRe	voiceless	alveolar_e	0.118637826	alveolar e	preceding vowel duration in ms	118.6378259
Baer_Henney_unpublished	tut3	LiRi	voiceless	alveolar_e	0.126597061	alveolar e	preceding vowel duration in ms	126.5970613
Baer_Henney_unpublished	tut2	MaGe	voiceless	alveolar_e	0.128751835	alveolar e	preceding vowel duration in ms	128.7518349
Baer_Henney_unpublished	tut3	MaKo	voiceless	alveolar_e	0.158854966	alveolar e	preceding vowel duration in ms	158.8549663
Baer_Henney_unpublished	tut4	MaKu	voiceless	alveolar_e	0.106327342	alveolar e	preceding vowel duration in ms	106.3273418
Baer_Henney_unpublished	tut7	MaRe	voiceless	alveolar_e	0.155811768	alveolar e	preceding vowel duration in ms	155.8117677
Baer_Henney_unpublished	tut2	MaSc	voiceless	alveolar_e	0.263327243	alveolar e	preceding vowel duration in ms	263.3272427
Baer_Henney_unpublished	tut3	MeDo	voiceless	alveolar_e	0.095101421	alveolar e	preceding vowel duration in ms	95.1014209
Baer_Henney_unpublished	tut7	MiMi	voiceless	alveolar_e	0.134994246	alveolar e	preceding vowel duration in ms	134.9942464
Baer_Henney_unpublished	tut2	MiPa	voiceless	alveolar_e	0.142421691	alveolar e	preceding vowel duration in ms	142.421691
Baer_Henney_unpublished	tut2	MoSc	voiceless	alveolar_e	0.187000382	alveolar e	preceding vowel duration in ms	187.0003817
Baer_Henney_unpublished	tut10	PhLu	voiceless	alveolar_e	0.107643925	alveolar e	preceding vowel duration in ms	107.6439248
Baer_Henney_unpublished	tut2	RoBe	voiceless	alveolar_e	0.137080416	alveolar e	preceding vowel duration in ms	137.0804163
Baer_Henney_unpublished	tut7	SaBa	voiceless	alveolar_e	0.159606922	alveolar e	preceding vowel duration in ms	159.6069218
Baer_Henney_unpublished	tut2	SeUc	voiceless	alveolar_e	0.100976676	alveolar e	preceding vowel duration in ms	100.9766756
Baer_Henney_unpublished	tut2	SiCa	voiceless	alveolar_E	0.194615378	alveolar E	preceding vowel duration in ms	194.6153775
Baer_Henney_unpublished	tut7	VaMa	voiceless	alveolar_e	0.123245733	alveolar e	preceding vowel duration in ms	123.2457327
Baer_Henney_unpublished	tut7	VaSc	voiceless	alveolar_e	0.106232449	alveolar e	preceding vowel duration in ms	106.2324489
Baer_Henney_unpublished	tut3	KiSt	voiceless	alveolar_e	0.255119654	alveolar e	preceding vowel duration in ms	255.1196542
Baer_Henney_unpublished	tut3	LaKu	voiceless	alveolar_e	0.304324547	alveolar e	preceding vowel duration in ms	304.324547
Baer_Henney_unpublished	tut7	AnHu	voiceless	alveolar_e	0.102697046	alveolar e	preceding vowel duration in ms	102.6970455
Baer_Henney_unpublished	tut7	BeNi	voiceless	alveolar_e	0.196361833	alveolar e	preceding vowel duration in ms	196.361833
Baer_Henney_unpublished	tut7	BeNi	voiceless	alveolar_e	0.196361833	alveolar e	preceding vowel duration in ms	196.361833
Baer_Henney_unpublished	tut10	ClGo	voiceless	alveolar_e	0.105967961	alveolar e	preceding vowel duration in ms	105.9679607
Baer_Henney_unpublished	tut4	CoLa	voiceless	alveolar_e	0.251627082	alveolar e	preceding vowel duration in ms	251.6270823
Baer_Henney_unpublished	tut2	DaAr	voiceless	alveolar_e	0.144230615	alveolar e	preceding vowel duration in ms	144.2306154
Baer_Henney_unpublished	tut10	DiTu	voiceless	alveolar_e	0.152473101	alveolar e	preceding vowel duration in ms	152.473101
Baer_Henney_unpublished	tut7	FrSc	voiceless	alveolar_e	0.240035259	alveolar e	preceding vowel duration in ms	240.0352592
Baer_Henney_unpublished	tut1	HaSa	voiceless	alveolar_e	0.153276616	alveolar e	preceding vowel duration in ms	153.2766159
Baer_Henney_unpublished	tut2	JeMe	voiceless	alveolar_e	0.12753956	alveolar e	preceding vowel duration in ms	127.5395602
Baer_Henney_unpublished	tut10	JoTh	voiceless	alveolar_e	0.117504655	alveolar e	preceding vowel duration in ms	117.5046548
Baer_Henney_unpublished	tut7	JuSo	voiceless	alveolar_e	0.155811768	alveolar e	preceding vowel duration in ms	155.8117677
Baer_Henney_unpublished	tut7	JuSo	voiceless	alveolar_e	0.12984314	alveolar e	preceding vowel duration in ms	129.8431398
Baer_Henney_unpublished	tut4	KaGr	voiceless	alveolar_e	0.191395148	alveolar e	preceding vowel duration in ms	191.3951479
Baer_Henney_unpublished	tut4	KaRe	voiceless	alveolar_e	0.150337447	alveolar e	preceding vowel duration in ms	150.3374472
Baer_Henney_unpublished	tut2	MaGe	voiceless	alveolar_e	0.087414328	alveolar e	preceding vowel duration in ms	87.4143282
Baer_Henney_unpublished	tut4	MaKu	voiceless	alveolar_e	0.110854829	alveolar e	preceding vowel duration in ms	110.8548286
Baer_Henney_unpublished	tut7	MaRe	voiceless	alveolar_e	0.155811768	alveolar e	preceding vowel duration in ms	155.8117677
Baer_Henney_unpublished	tut2	MaSc	voiceless	alveolar_e	0.152388862	alveolar e	preceding vowel duration in ms	152.3888618
Baer_Henney_unpublished	tut7	MiMi	voiceless	alveolar_e	0.210868162	alveolar e	preceding vowel duration in ms	210.8681617
Baer_Henney_unpublished	tut2	MiPa	voiceless	alveolar_e	0.14404473	alveolar e	preceding vowel duration in ms	144.0447302
Baer_Henney_unpublished	tut2	MoSc	voiceless	alveolar_e	0.227071892	alveolar e	preceding vowel duration in ms	227.071892
Baer_Henney_unpublished	tut10	PhLu	voiceless	alveolar_e	0.129828947	alveolar e	preceding vowel duration in ms	129.8289469
Baer_Henney_unpublished	tut2	RoBe	voiceless	alveolar_e	0.111828761	alveolar e	preceding vowel duration in ms	111.8287606
Baer_Henney_unpublished	tut7	SaBa	voiceless	alveolar_e	0.1822205	alveolar e	preceding vowel duration in ms	182.2205002
Baer_Henney_unpublished	tut2	SeUc	voiceless	alveolar_e	0.098781531	alveolar e	preceding vowel duration in ms	98.7815305
Baer_Henney_unpublished	tut2	SiCa	voiceless	alveolar_e	0.170916826	alveolar e	preceding vowel duration in ms	170.916826
Baer_Henney_unpublished	tut7	VaMa	voiceless	alveolar_e	0.094619394	alveolar e	preceding vowel duration in ms	94.6193935
Baer_Henney_unpublished	tut7	VaSc	voiceless	alveolar_e	0.117414812	alveolar e	preceding vowel duration in ms	117.4148119
Baer_Henney_unpublished	tut7	YuVo	voiceless	alveolar_e	0.238674854	alveolar e	preceding vowel duration in ms	238.6748537
Baer_Henney_unpublished	tut10	SeGu	voiceless	alveolar_e	0.287529827	alveolar e	preceding vowel duration in ms	287.5298269
Baer_Henney_unpublished	tut7	AnHu	voiceless	alveolar_e	0.131557163	alveolar e	preceding vowel duration in ms	131.557163
Baer_Henney_unpublished	tut2	DaAr	voiceless	alveolar_e	0.143860793	alveolar e	preceding vowel duration in ms	143.8607933
Baer_Henney_unpublished	tut7	FrSc	voiceless	alveolar_e	0.222408937	alveolar e	preceding vowel duration in ms	222.4089371
Baer_Henney_unpublished	tut2	JeMe	voiceless	alveolar_e	0.134797186	alveolar e	preceding vowel duration in ms	134.7971856
Baer_Henney_unpublished	tut7	JuSo	voiceless	alveolar_e	0.155811768	alveolar e	preceding vowel duration in ms	155.8117677
Baer_Henney_unpublished	tut2	MaGe	voiceless	alveolar_e	0.124132081	alveolar e	preceding vowel duration in ms	124.1320814
Baer_Henney_unpublished	tut7	MaMe	voiceless	alveolar_e	0.159160709	alveolar e	preceding vowel duration in ms	159.1607092
Baer_Henney_unpublished	tut7	MaRe	voiceless	alveolar_e	0.181780396	alveolar e	preceding vowel duration in ms	181.7803957
Baer_Henney_unpublished	tut2	MaSc	voiceless	alveolar_e	0.238883666	alveolar e	preceding vowel duration in ms	238.8836661
Baer_Henney_unpublished	tut7	MiMi	voiceless	alveolar_e	0.192576492	alveolar e	preceding vowel duration in ms	192.5764924
Baer_Henney_unpublished	tut2	MiPa	voiceless	alveolar_e	0.112801228	alveolar e	preceding vowel duration in ms	112.8012277
Baer_Henney_unpublished	tut2	MoSc	voiceless	alveolar_e	0.191452772	alveolar e	preceding vowel duration in ms	191.4527717
Baer_Henney_unpublished	tut7	SaBa	voiceless	alveolar_e	0.131376063	alveolar e	preceding vowel duration in ms	131.3760627
Baer_Henney_unpublished	tut2	SeUc	voiceless	alveolar_e	0.127318417	alveolar e	preceding vowel duration in ms	127.3184171
Baer_Henney_unpublished	tut2	SiCa	voiceless	alveolar_e	0.151715367	alveolar e	preceding vowel duration in ms	151.7153669
Baer_Henney_unpublished	tut7	VaMa	voiceless	alveolar_e	0.113741862	alveolar e	preceding vowel duration in ms	113.741862
Baer_Henney_unpublished	tut7	VaSc	voiceless	alveolar_e	0.100641267	alveolar e	preceding vowel duration in ms	100.6412673
Baer_Henney_unpublished	tut7	YuVo	voiceless	alveolar_e	0.225211144	alveolar e	preceding vowel duration in ms	225.211144
Baer_Henney_unpublished	tut3	AnRu	voiceless	alveolar_e	0.104967669	alveolar e	preceding vowel duration in ms	104.9676691
Baer_Henney_unpublished	tut3	JeJe	voiceless	alveolar_e	0.101441516	alveolar e	preceding vowel duration in ms	101.4415157
Baer_Henney_unpublished	tut3	LiRi	voiceless	alveolar_e	0.123350983	alveolar e	preceding vowel duration in ms	123.3509828
Baer_Henney_unpublished	tut3	MaKo	voiceless	alveolar_e	0.153377209	alveolar e	preceding vowel duration in ms	153.3772088
Baer_Henney_unpublished	tut3	MeDo	voiceless	alveolar_e	0.126801895	alveolar e	preceding vowel duration in ms	126.8018946
Baer_Henney_unpublished	tut3	LaKu	voiceless	alveolar_e	0.304324547	alveolar e	preceding vowel duration in ms	304.324547
Baer_Henney_unpublished	tut3	AnRu	voiceless	alveolar_e	0.127594406	alveolar e	preceding vowel duration in ms	127.5944064
Baer_Henney_unpublished	tut5	ClFi	voiceless	alveolar_e	0.199757444	alveolar e	preceding vowel duration in ms	199.7574435
Baer_Henney_unpublished	tut5	DaDr	voiceless	alveolar_e	0.122683125	alveolar e	preceding vowel duration in ms	122.683125
Baer_Henney_unpublished	tut5	IsRa	voiceless	alveolar_e	0.157019908	alveolar e	preceding vowel duration in ms	157.0199076
Baer_Henney_unpublished	tut5	JeSc	voiceless	alveolar_e	0.129519711	alveolar e	preceding vowel duration in ms	129.5197106
Baer_Henney_unpublished	tut3	JuEh	voiceless	alveolar_e	0.157380605	alveolar e	preceding vowel duration in ms	157.3806045
Baer_Henney_unpublished	tut3	LiRi	voiceless	alveolar_e	0.113612747	alveolar e	preceding vowel duration in ms	113.6127473
Baer_Henney_unpublished	tut3	MaKo	voiceless	alveolar_e	0.160680885	alveolar e	preceding vowel duration in ms	160.6808854
Baer_Henney_unpublished	tut3	MeDo	voiceless	alveolar_e	0.123631847	alveolar e	preceding vowel duration in ms	123.6318472
Baer_Henney_unpublished	tut3	KiSt	voiceless	alveolar_e	0.245842576	alveolar e	preceding vowel duration in ms	245.8425759
Baer_Henney_unpublished	tut3	LaKu	voiceless	alveolar_e	0.202883031	alveolar e	preceding vowel duration in ms	202.8830313
Baer_Henney_unpublished	tut2	RoBe	voiceless	alveolar_e	0.140687796	alveolar e	preceding vowel duration in ms	140.6877956
Baer_Henney_unpublished	tut2	RoBe	voiceless	alveolar_e	0.140687796	alveolar e	preceding vowel duration in ms	140.6877956
Baer_Henney_unpublished	tut9	ViBe	voiceless	alveolar_e	0.172229321	alveolar e	preceding vowel duration in ms	172.2293206
Baer_Henney_unpublished	tut9	ViBe	voiceless	alveolar_e	0.138268671	alveolar e	preceding vowel duration in ms	138.2686714
Baer_Henney_unpublished	tut4	SvBo	voiceless	labial_e	0.172941977	labial e	preceding vowel duration in ms	172.9419772
Baer_Henney_unpublished	tut4	SvBo	voiceless	labial_E	0.190236684	labial E	preceding vowel duration in ms	190.2366836
Baer_Henney_unpublished	tut10	SeGu	voiced	labial_e	0.306815364	labial e	preceding vowel duration in ms	306.8153641
Baer_Henney_unpublished	tut2	RoBe	voiced	labial_e	0.111828761	labial e	preceding vowel duration in ms	111.8287606
Baer_Henney_unpublished	tut7	Beck	voiced	labial_e	0.217518209	labial e	preceding vowel duration in ms	217.5182087
Baer_Henney_unpublished	tut6	MaHo	voiced	labial_e	0.082775002	labial e	preceding vowel duration in ms	82.7750016
Baer_Henney_unpublished	tut6	MlHa	voiced	labial_e	0.188533078	labial e	preceding vowel duration in ms	188.5330783
Baer_Henney_unpublished	tut9	KaKe	voiced	labial_e	0.091537252	labial e	preceding vowel duration in ms	91.5372517
Baer_Henney_unpublished	tut4	CoLa	voiced	labial_e	0.145471907	labial e	preceding vowel duration in ms	145.471907
Baer_Henney_unpublished	tut7	Beck	voiced	labial_e	0.215154921	labial e	preceding vowel duration in ms	215.1549212
Baer_Henney_unpublished	tut1	HaSa	voiced	labial_e	0.095227174	labial e	preceding vowel duration in ms	95.2271741
Baer_Henney_unpublished	tut9	KaKe	voiced	labial_e	0.199307711	labial e	preceding vowel duration in ms	199.3077105
Baer_Henney_unpublished	tut8	JeHa	voiced	labial_e	0.105191123	labial e	preceding vowel duration in ms	105.1911229
Baer_Henney_unpublished	tut4	KaGr	voiced	labial_e	0.131556966	labial e	preceding vowel duration in ms	131.5569656
Baer_Henney_unpublished	tut4	KaRe	voiced	labial_e	0.113874002	labial e	preceding vowel duration in ms	113.8740023
Baer_Henney_unpublished	tut4	MaKu	voiced	labial_e	0.074086148	labial e	preceding vowel duration in ms	74.0861479
Baer_Henney_unpublished	tut8	PaNu	voiced	labial_e	0.158535951	labial e	preceding vowel duration in ms	158.5359507
Baer_Henney_unpublished	tut8	SoBe	voiced	labial_e	0.155811768	labial e	preceding vowel duration in ms	155.8117677
Baer_Henney_unpublished	tut4	StKa	voiced	labial_e	0.13719657	labial e	preceding vowel duration in ms	137.1965701
Baer_Henney_unpublished	tut4	SvBo	voiced	labial_e	0.215008045	labial e	preceding vowel duration in ms	215.0080448
Baer_Henney_unpublished	tut7	AnHu	voiced	labial_e	0.14275962	labial e	preceding vowel duration in ms	142.7596198
Baer_Henney_unpublished	tut7	BeNi	voiced	labial_e	0.196361833	labial e	preceding vowel duration in ms	196.361833
Baer_Henney_unpublished	tut7	BeNi	voiced	labial_e	0.196361833	labial e	preceding vowel duration in ms	196.361833
Baer_Henney_unpublished	tut1	CaMu	voiced	labial_e	0.231413458	labial e	preceding vowel duration in ms	231.4134576
Baer_Henney_unpublished	tut7	FrSc	voiced	labial_e	0.242813938	labial e	preceding vowel duration in ms	242.8139378
Baer_Henney_unpublished	tut8	JeHa	voiced	labial_e	0.112395742	labial e	preceding vowel duration in ms	112.3957418
Baer_Henney_unpublished	tut7	JuSo	voiced	labial_e	0.181780396	labial e	preceding vowel duration in ms	181.7803957
Baer_Henney_unpublished	tut1	KaTh	voiced	labial_e	0.183862747	labial e	preceding vowel duration in ms	183.8627471
Baer_Henney_unpublished	tut7	MaMe	voiced	labial_e	0.178471239	labial e	preceding vowel duration in ms	178.4712387
Baer_Henney_unpublished	tut7	MaRe	voiced	labial_e	0.155811768	labial e	preceding vowel duration in ms	155.8117677
Baer_Henney_unpublished	tut7	MiMi	voiced	labial_e	0.153795751	labial e	preceding vowel duration in ms	153.7957507
Baer_Henney_unpublished	tut8	PaNu	voiced	labial_e	0.174107163	labial e	preceding vowel duration in ms	174.1071632
Baer_Henney_unpublished	tut7	SaBa	voiced	labial_e	0.190296132	labial e	preceding vowel duration in ms	190.2961322
Baer_Henney_unpublished	tut8	SoBe	voiced	labial_e	0.243455791	labial e	preceding vowel duration in ms	243.4557911
Baer_Henney_unpublished	tut7	VaMa	voiced	labial_e	0.112626212	labial e	preceding vowel duration in ms	112.6262117
Baer_Henney_unpublished	tut7	VaSc	voiced	labial_e	0.089458904	labial e	preceding vowel duration in ms	89.4589043
Baer_Henney_unpublished	tut7	AnHu	voiced	labial_e	0.072509133	labial e	preceding vowel duration in ms	72.5091334
Baer_Henney_unpublished	tut9	AnKu	voiced	labial_e	0.180691916	labial e	preceding vowel duration in ms	180.6919162
Baer_Henney_unpublished	tut3	AnRu	voiced	labial_e	0.154936065	labial e	preceding vowel duration in ms	154.9360649
Baer_Henney_unpublished	tut7	Beck	voiced	labial_e	0.236982668	labial e	preceding vowel duration in ms	236.9826683
Baer_Henney_unpublished	tut7	BeNi	voiced	labial_e	0.168310143	labial e	preceding vowel duration in ms	168.3101426
Baer_Henney_unpublished	tut7	BeNi	voiced	labial_e	0.168310143	labial e	preceding vowel duration in ms	168.3101426
Baer_Henney_unpublished	tut7	BeNi	voiced	labial_e	0.112206762	labial e	preceding vowel duration in ms	112.2067617
Baer_Henney_unpublished	tut7	BeNi	voiced	labial_e	0.112206762	labial e	preceding vowel duration in ms	112.2067617
Baer_Henney_unpublished	tut1	CaMu	voiced	labial_e	0.137104549	labial e	preceding vowel duration in ms	137.1045485
Baer_Henney_unpublished	tut5	ClFi	voiced	labial_e	0.172402484	labial e	preceding vowel duration in ms	172.4024844
Baer_Henney_unpublished	tut5	DaDr	voiced	labial_e	0.085388599	labial e	preceding vowel duration in ms	85.388599
Baer_Henney_unpublished	tut9	DaHe	voiced	labial_e	0.081557721	labial e	preceding vowel duration in ms	81.5577209
Baer_Henney_unpublished	tut9	EdGr	voiced	labial_e	0.123287484	labial e	preceding vowel duration in ms	123.2874843
Baer_Henney_unpublished	tut7	FrSc	voiced	labial_e	0.213201925	labial e	preceding vowel duration in ms	213.2019247
Baer_Henney_unpublished	tut1	HaSa	voiced	labial_e	0.07109426	labial e	preceding vowel duration in ms	71.0942601
Baer_Henney_unpublished	tut5	IsRa	voiced	labial_e	0.120104904	labial e	preceding vowel duration in ms	120.1049043
Baer_Henney_unpublished	tut5	JeSc	voiced	labial_e	0.128731406	labial e	preceding vowel duration in ms	128.7314058
Baer_Henney_unpublished	tut7	JuSo	voiced	labial_e	0.155811768	labial e	preceding vowel duration in ms	155.8117677
Baer_Henney_unpublished	tut1	KaTh	voiced	labial_e	0.139482084	labial e	preceding vowel duration in ms	139.482084
Baer_Henney_unpublished	tut3	LiRi	voiced	labial_e	0.12984314	labial e	preceding vowel duration in ms	129.8431398
Baer_Henney_unpublished	tut3	MaKo	voiced	labial_e	0.1716364	labial e	preceding vowel duration in ms	171.6364004
Baer_Henney_unpublished	tut7	MaMe	voiced	labial_e	0.11334488	labial e	preceding vowel duration in ms	113.3448802
Baer_Henney_unpublished	tut7	MaRe	voiced	labial_e	0.189387417	labial e	preceding vowel duration in ms	189.3874172
Baer_Henney_unpublished	tut9	MaRo	voiced	labial_e	0.167462238	labial e	preceding vowel duration in ms	167.4622377
Baer_Henney_unpublished	tut3	MeDo	voiced	labial_e	0.10778161	labial e	preceding vowel duration in ms	107.7816104
Baer_Henney_unpublished	tut7	MiMi	voiced	labial_e	0.135869692	labial e	preceding vowel duration in ms	135.8696922
Baer_Henney_unpublished	tut7	SaBa	voiced	labial_e	0.121107565	labial e	preceding vowel duration in ms	121.1075645
Baer_Henney_unpublished	tut7	TcQu	voiced	labial_e	0.025222242	labial e	preceding vowel duration in ms	25.2222416
Baer_Henney_unpublished	tut9	VaHu	voiced	labial_e	0.073005624	labial e	preceding vowel duration in ms	73.0056244
Baer_Henney_unpublished	tut7	VaMa	voiced	labial_e	0.115085317	labial e	preceding vowel duration in ms	115.0853168
Baer_Henney_unpublished	tut7	VaSc	voiced	labial_e	0.3326753	labial e	preceding vowel duration in ms	332.6753004
Baer_Henney_unpublished	tut9	ViBe	voiced	labial_e	0.149156455	labial e	preceding vowel duration in ms	149.1564546
Baer_Henney_unpublished	tut7	YuVo	voiced	labial_e	0.12575393	labial e	preceding vowel duration in ms	125.7539299
Baer_Henney_unpublished	tut3	KiSt	voiced	labial_e	0.234246228	labial e	preceding vowel duration in ms	234.246228
Baer_Henney_unpublished	tut3	LaKu	voiced	labial_e	0.45648682	labial e	preceding vowel duration in ms	456.4868204
Baer_Henney_unpublished	tut7	AnHu	voiced	labial_e	0.096045296	labial e	preceding vowel duration in ms	96.0452958
Baer_Henney_unpublished	tut9	AnKu	voiced	labial_e	0.168011643	labial e	preceding vowel duration in ms	168.0116427
Baer_Henney_unpublished	tut3	AnRu	voiced	labial_e	0.100683275	labial e	preceding vowel duration in ms	100.6832745
Baer_Henney_unpublished	tut7	Beck	voiced	labial_e	0.176920604	labial e	preceding vowel duration in ms	176.9206035
Baer_Henney_unpublished	tut7	BeNi	voiced	labial_e	0.210387678	labial e	preceding vowel duration in ms	210.3876782
Baer_Henney_unpublished	tut7	BeNi	voiced	labial_e	0.210387678	labial e	preceding vowel duration in ms	210.3876782
Baer_Henney_unpublished	tut10	ClGo	voiced	labial_e	0.105084894	labial e	preceding vowel duration in ms	105.0848944
Baer_Henney_unpublished	tut4	CoLa	voiced	labial_e	0.104189339	labial e	preceding vowel duration in ms	104.1893388
Baer_Henney_unpublished	tut9	DaHe	voiced	labial_e	0.095759314	labial e	preceding vowel duration in ms	95.7593141
Baer_Henney_unpublished	tut10	DiTu	voiced	labial_e	0.101222957	labial e	preceding vowel duration in ms	101.2229574
Baer_Henney_unpublished	tut9	EdGr	voiced	labial_e	0.119814597	labial e	preceding vowel duration in ms	119.8145974
Baer_Henney_unpublished	tut7	FrSc	voiced	labial_e	0.252381387	labial e	preceding vowel duration in ms	252.3813871
Baer_Henney_unpublished	tut4	HaAl	voiced	labial_e	0.146313874	labial e	preceding vowel duration in ms	146.3138737
Baer_Henney_unpublished	tut10	JoTh	voiced	labial_e	0.109796722	labial e	preceding vowel duration in ms	109.7967222
Baer_Henney_unpublished	tut3	JuEh	voiced	labial_e	0.210285991	labial e	preceding vowel duration in ms	210.2859913
Baer_Henney_unpublished	tut7	JuSo	voiced	labial_e	0.155811768	labial e	preceding vowel duration in ms	155.8117677
Baer_Henney_unpublished	tut4	KaGr	voiced	labial_e	0.164842463	labial e	preceding vowel duration in ms	164.8424629
Baer_Henney_unpublished	tut4	KaRe	voiced	labial_e	0.13852626	labial e	preceding vowel duration in ms	138.5262603
Baer_Henney_unpublished	tut4	KaRe	voiced	labial_e	0.101012226	labial e	preceding vowel duration in ms	101.0122256
Baer_Henney_unpublished	tut1	KaTh	voiced	labial_e	0.152162274	labial e	preceding vowel duration in ms	152.1622735
Baer_Henney_unpublished	tut3	LiRi	voiced	labial_e	0.19314167	labial e	preceding vowel duration in ms	193.1416704
Baer_Henney_unpublished	tut3	MaKo	voiced	labial_e	0.102251473	labial e	preceding vowel duration in ms	102.2514726
Baer_Henney_unpublished	tut4	MaKu	voiced	labial_e	0.103171821	labial e	preceding vowel duration in ms	103.1718207
Baer_Henney_unpublished	tut7	MaMe	voiced	labial_e	0.185894644	labial e	preceding vowel duration in ms	185.8946439
Baer_Henney_unpublished	tut9	MaRo	voiced	labial_e	0.161248975	labial e	preceding vowel duration in ms	161.2489753
Baer_Henney_unpublished	tut3	MeDo	voiced	labial_e	0.164842463	labial e	preceding vowel duration in ms	164.8424629
Baer_Henney_unpublished	tut7	MiMi	voiced	labial_e	0.142125362	labial e	preceding vowel duration in ms	142.1253624
Baer_Henney_unpublished	tut10	PhLu	voiced	labial_e	0.135100815	labial e	preceding vowel duration in ms	135.1008148
Baer_Henney_unpublished	tut7	SaBa	voiced	labial_e	0.138493969	labial e	preceding vowel duration in ms	138.4939686
Baer_Henney_unpublished	tut4	StKa	voiced	labial_e	0.139940502	labial e	preceding vowel duration in ms	139.9405015
Baer_Henney_unpublished	tut4	SvBo	voiced	labial_e	0.235575316	labial e	preceding vowel duration in ms	235.5753155
Baer_Henney_unpublished	tut7	TcQu	voiced	labial_e	0.104608375	labial e	preceding vowel duration in ms	104.6083754
Baer_Henney_unpublished	tut9	VaHu	voiced	labial_e	0.166226872	labial e	preceding vowel duration in ms	166.2268716
Baer_Henney_unpublished	tut7	VaMa	voiced	labial_e	0.134038511	labial e	preceding vowel duration in ms	134.0385105
Baer_Henney_unpublished	tut7	VaSc	voiced	labial_e	0.131392766	labial e	preceding vowel duration in ms	131.3927657
Baer_Henney_unpublished	tut9	ViBe	voiced	labial_e	0.135418285	labial e	preceding vowel duration in ms	135.4182851
Baer_Henney_unpublished	tut7	YuVo	voiced	labial_e	0.130222344	labial e	preceding vowel duration in ms	130.2223436
Baer_Henney_unpublished	tut10	RuYi	voiced	labial_e	0.184420918	labial e	preceding vowel duration in ms	184.4209175
Baer_Henney_unpublished	tut3	KiSt	voiced	labial_e	0.213372802	labial e	preceding vowel duration in ms	213.3728017
Baer_Henney_unpublished	tut3	LaKu	voiced	labial_e	0.304324547	labial e	preceding vowel duration in ms	304.324547
Baer_Henney_unpublished	tut7	AnHu	voiced	labial_e	0.099080936	labial e	preceding vowel duration in ms	99.0809364
Baer_Henney_unpublished	tut7	BeNi	voiced	labial_e	0.154284297	labial e	preceding vowel duration in ms	154.2842974
Baer_Henney_unpublished	tut7	BeNi	voiced	labial_e	0.154284297	labial e	preceding vowel duration in ms	154.2842974
Baer_Henney_unpublished	tut10	ClGo	voiced	labial_e	0.123629288	labial e	preceding vowel duration in ms	123.6292875
Baer_Henney_unpublished	tut2	DaAr	voiced	labial_e	0.12678377	labial e	preceding vowel duration in ms	126.7837702
Baer_Henney_unpublished	tut10	DiTu	voiced	labial_e	0.153636761	labial e	preceding vowel duration in ms	153.6367606
Baer_Henney_unpublished	tut7	FrSc	voiced	labial_e	0.182545249	labial e	preceding vowel duration in ms	182.5452488
Baer_Henney_unpublished	tut2	JeMe	voiced	labial_e	0.146388557	labial e	preceding vowel duration in ms	146.3885567
Baer_Henney_unpublished	tut10	JoTh	voiced	labial_e	0.104238365	labial e	preceding vowel duration in ms	104.2383646
Baer_Henney_unpublished	tut7	JuSo	voiced	labial_e	0.12984314	labial e	preceding vowel duration in ms	129.8431398
Baer_Henney_unpublished	tut2	MaGe	voiced	labial_e	0.117832066	labial e	preceding vowel duration in ms	117.8320655
Baer_Henney_unpublished	tut7	MaMe	voiced	labial_e	0.187461319	labial e	preceding vowel duration in ms	187.4613192
Baer_Henney_unpublished	tut7	MaRe	voiced	labial_e	0.123350983	labial e	preceding vowel duration in ms	123.3509828
Baer_Henney_unpublished	tut2	MaSc	voiced	labial_e	0.333674491	labial e	preceding vowel duration in ms	333.6744905
Baer_Henney_unpublished	tut7	MiMi	voiced	labial_e	0.205002377	labial e	preceding vowel duration in ms	205.0023772
Baer_Henney_unpublished	tut2	MiPa	voiced	labial_e	0.102251473	labial e	preceding vowel duration in ms	102.2514726
Baer_Henney_unpublished	tut2	MoSc	voiced	labial_e	0.364345317	labial e	preceding vowel duration in ms	364.3453169
Baer_Henney_unpublished	tut10	PhLu	voiced	labial_e	0.128025672	labial e	preceding vowel duration in ms	128.0256723
Baer_Henney_unpublished	tut2	RoBe	voiced	labial_e	0.119043519	labial e	preceding vowel duration in ms	119.0435194
Baer_Henney_unpublished	tut7	SaBa	voiced	labial_e	0.126707816	labial e	preceding vowel duration in ms	126.7078159
Baer_Henney_unpublished	tut2	SeUc	voiced	labial_e	0.09000095	labial e	preceding vowel duration in ms	90.00095
Baer_Henney_unpublished	tut2	SiCa	voiced	labial_e	0.147816721	labial e	preceding vowel duration in ms	147.816721
Baer_Henney_unpublished	tut7	TcQu	voiced	labial_e	0.066295504	labial e	preceding vowel duration in ms	66.2955037
Baer_Henney_unpublished	tut7	VaMa	voiced	labial_e	0.101016972	labial e	preceding vowel duration in ms	101.0169722
Baer_Henney_unpublished	tut7	VaSc	voiced	labial_e	0.167735446	labial e	preceding vowel duration in ms	167.7354456
Baer_Henney_unpublished	tut7	YuVo	voiced	labial_e	0.229804136	labial e	preceding vowel duration in ms	229.8041358
Baer_Henney_unpublished	tut4	CoLa	voiced	labial_e	0.093622967	labial e	preceding vowel duration in ms	93.6229671
Baer_Henney_unpublished	tut4	HaAl	voiced	labial_e	0.088570747	labial e	preceding vowel duration in ms	88.5707472
Baer_Henney_unpublished	tut2	JeMe	voiced	labial_e	0.140209709	labial e	preceding vowel duration in ms	140.2097085
Baer_Henney_unpublished	tut4	KaGr	voiced	labial_e	0.123631847	labial e	preceding vowel duration in ms	123.6318472
Baer_Henney_unpublished	tut4	KaGr	voiced	labial_e	0.108177866	labial e	preceding vowel duration in ms	108.1778663
Baer_Henney_unpublished	tut2	MaGe	voiced	labial_e	0.098235923	labial e	preceding vowel duration in ms	98.235923
Baer_Henney_unpublished	tut2	MaSc	voiced	labial_e	0.246680788	labial e	preceding vowel duration in ms	246.6807881
Baer_Henney_unpublished	tut2	MiPa	voiced	labial_e	0.096976595	labial e	preceding vowel duration in ms	96.976595
Baer_Henney_unpublished	tut2	MoSc	voiced	labial_e	0.218167112	labial e	preceding vowel duration in ms	218.167112
Baer_Henney_unpublished	tut2	RoBe	voiced	labial_e	0.133473037	labial e	preceding vowel duration in ms	133.4730369
Baer_Henney_unpublished	tut2	SeUc	voiced	labial_e	0.098781531	labial e	preceding vowel duration in ms	98.7815305
Baer_Henney_unpublished	tut2	SiCa	voiced	labial_e	0.129109979	labial e	preceding vowel duration in ms	129.109979
Baer_Henney_unpublished	tut4	StKa	voiced	labial_e	0.06895076	labial e	preceding vowel duration in ms	68.9507598
Baer_Henney_unpublished	tut6	AnHo	voiced	labial_e	0.240209809	labial e	preceding vowel duration in ms	240.2098085
Baer_Henney_unpublished	tut9	KaKe	voiced	labial_e	0.214639073	labial e	preceding vowel duration in ms	214.6390728
Baer_Henney_unpublished	tut6	MaHo	voiced	labial_e	0.104280272	labial e	preceding vowel duration in ms	104.2802716
Baer_Henney_unpublished	tut6	MlHa	voiced	labial_e	0.15318314	labial e	preceding vowel duration in ms	153.1831402
Baer_Henney_unpublished	tut1	HaSa	voiceless	labial_e	0.11348992	labial e	preceding vowel duration in ms	113.4899199
Baer_Henney_unpublished	tut6	AlSt	voiceless	labial_e	0.104614002	labial e	preceding vowel duration in ms	104.6140019
Baer_Henney_unpublished	tut6	AnHo	voiceless	labial_e	0.180368969	labial e	preceding vowel duration in ms	180.3689688
Baer_Henney_unpublished	tut1	HaSa	voiceless	labial_e	0.105663029	labial e	preceding vowel duration in ms	105.6630288
Baer_Henney_unpublished	tut6	MaHo	voiceless	labial_e	0.103062992	labial e	preceding vowel duration in ms	103.0629922
Baer_Henney_unpublished	tut6	MlHa	voiceless	labial_e	0.117833185	labial e	preceding vowel duration in ms	117.8331847
Baer_Henney_unpublished	tut7	Beck	voiceless	labial_e	0.144103761	labial e	preceding vowel duration in ms	144.1037612
Baer_Henney_unpublished	tut1	HaSa	voiceless	labial_e	0.112185438	labial e	preceding vowel duration in ms	112.185438
Baer_Henney_unpublished	tut4	CoLa	voiceless	labial_e	0.100257666	labial e	preceding vowel duration in ms	100.2576656
Baer_Henney_unpublished	tut4	HaAl	voiceless	labial_e	0.170473474	labial e	preceding vowel duration in ms	170.4734737
Baer_Henney_unpublished	tut8	JeHa	voiceless	labial_e	0.119114561	labial e	preceding vowel duration in ms	119.1145612
Baer_Henney_unpublished	tut4	KaGr	voiceless	labial_e	0.122004875	labial e	preceding vowel duration in ms	122.0048751
Baer_Henney_unpublished	tut4	KaRe	voiceless	labial_e	0.161235672	labial e	preceding vowel duration in ms	161.2356719
Baer_Henney_unpublished	tut4	MaKu	voiceless	labial_e	0.102348641	labial e	preceding vowel duration in ms	102.3486413
Baer_Henney_unpublished	tut8	PaNu	voiceless	labial_e	0.147099565	labial e	preceding vowel duration in ms	147.0995647
Baer_Henney_unpublished	tut8	SoBe	voiceless	labial_e	0.210995019	labial e	preceding vowel duration in ms	210.9950189
Baer_Henney_unpublished	tut4	StKa	voiceless	labial_e	0.305673958	labial e	preceding vowel duration in ms	305.6739582
Baer_Henney_unpublished	tut7	AnHu	voiceless	labial_e	0.100200008	labial e	preceding vowel duration in ms	100.2000082
Baer_Henney_unpublished	tut7	FrSc	voiceless	labial_e	0.236732408	labial e	preceding vowel duration in ms	236.7324079
Baer_Henney_unpublished	tut8	JeHa	voiceless	labial_e	0.117889861	labial e	preceding vowel duration in ms	117.8898608
Baer_Henney_unpublished	tut7	JuSo	voiceless	labial_e	0.181780396	labial e	preceding vowel duration in ms	181.7803957
Baer_Henney_unpublished	tut1	KaTh	voiceless	labial_e	0.164842463	labial e	preceding vowel duration in ms	164.8424629
Baer_Henney_unpublished	tut7	MaMe	voiceless	labial_e	0.170287446	labial e	preceding vowel duration in ms	170.2874457
Baer_Henney_unpublished	tut7	MaRe	voiceless	labial_e	0.090890198	labial e	preceding vowel duration in ms	90.8901978
Baer_Henney_unpublished	tut7	MiMi	voiceless	labial_e	0.206582734	labial e	preceding vowel duration in ms	206.5827339
Baer_Henney_unpublished	tut8	PaNu	voiceless	labial_e	0.135068333	labial e	preceding vowel duration in ms	135.068333
Baer_Henney_unpublished	tut7	SaBa	voiceless	labial_e	0.174125813	labial e	preceding vowel duration in ms	174.1258132
Baer_Henney_unpublished	tut8	SoBe	voiceless	labial_e	0.201256787	labial e	preceding vowel duration in ms	201.2567873
Baer_Henney_unpublished	tut7	VaMa	voiceless	labial_e	0.105739345	labial e	preceding vowel duration in ms	105.7393449
Baer_Henney_unpublished	tut7	VaSc	voiceless	labial_e	0.128597175	labial e	preceding vowel duration in ms	128.5971749
Baer_Henney_unpublished	tut7	YuVo	voiceless	labial_e	0.156668622	labial e	preceding vowel duration in ms	156.6686219
Baer_Henney_unpublished	tut7	AnHu	voiceless	labial_e	0.094261532	labial e	preceding vowel duration in ms	94.2615315
Baer_Henney_unpublished	tut9	AnKu	voiceless	labial_e	0.218732537	labial e	preceding vowel duration in ms	218.7325367
Baer_Henney_unpublished	tut3	AnRu	voiceless	labial_e	0.099076627	labial e	preceding vowel duration in ms	99.0766265
Baer_Henney_unpublished	tut1	CaMu	voiceless	labial_e	0.158502368	labial e	preceding vowel duration in ms	158.5023682
Baer_Henney_unpublished	tut5	DaDr	voiceless	labial_e	0.108862991	labial e	preceding vowel duration in ms	108.8629914
Baer_Henney_unpublished	tut9	DaHe	voiceless	labial_e	0.077905884	labial e	preceding vowel duration in ms	77.9058839
Baer_Henney_unpublished	tut9	EdGr	voiceless	labial_e	0.102450163	labial e	preceding vowel duration in ms	102.450163
Baer_Henney_unpublished	tut7	FrSc	voiceless	labial_e	0.262860011	labial e	preceding vowel duration in ms	262.860011
Baer_Henney_unpublished	tut5	IsRa	voiceless	labial_e	0.154604217	labial e	preceding vowel duration in ms	154.6042167
Baer_Henney_unpublished	tut5	JeSc	voiceless	labial_e	0.115402754	labial e	preceding vowel duration in ms	115.402754
Baer_Henney_unpublished	tut7	JuSo	voiceless	labial_e	0.155811768	labial e	preceding vowel duration in ms	155.8117677
Baer_Henney_unpublished	tut1	KaTh	voiceless	labial_e	0.164842463	labial e	preceding vowel duration in ms	164.8424629
Baer_Henney_unpublished	tut3	LiRi	voiceless	labial_e	0.120104904	labial e	preceding vowel duration in ms	120.1049043
Baer_Henney_unpublished	tut3	MaKo	voiceless	labial_e	0.122336583	labial e	preceding vowel duration in ms	122.3365832
Baer_Henney_unpublished	tut7	MaMe	voiceless	labial_e	0.180125654	labial e	preceding vowel duration in ms	180.125654
Baer_Henney_unpublished	tut7	MaRe	voiceless	labial_e	0.090890198	labial e	preceding vowel duration in ms	90.8901978
Baer_Henney_unpublished	tut9	MaRo	voiceless	labial_e	0.116009908	labial e	preceding vowel duration in ms	116.009908
Baer_Henney_unpublished	tut3	MeDo	voiceless	labial_e	0.053890805	labial e	preceding vowel duration in ms	53.8908052
Baer_Henney_unpublished	tut7	MiMi	voiceless	labial_e	0.170964257	labial e	preceding vowel duration in ms	170.9642571
Baer_Henney_unpublished	tut7	SaBa	voiceless	labial_e	0.153895649	labial e	preceding vowel duration in ms	153.8956486
Baer_Henney_unpublished	tut7	TcQu	voiceless	labial_e	0.095083997	labial e	preceding vowel duration in ms	95.0839971
Baer_Henney_unpublished	tut9	VaHu	voiceless	labial_e	0.111189493	labial e	preceding vowel duration in ms	111.1894932
Baer_Henney_unpublished	tut7	VaMa	voiceless	labial_e	0.072990701	labial e	preceding vowel duration in ms	72.9907008
Baer_Henney_unpublished	tut7	VaSc	voiceless	labial_e	0.086663314	labial e	preceding vowel duration in ms	86.6633135
Baer_Henney_unpublished	tut7	YuVo	voiceless	labial_e	0.19338783	labial e	preceding vowel duration in ms	193.3878301
Baer_Henney_unpublished	tut3	KiSt	voiceless	labial_e	0.22264988	labial e	preceding vowel duration in ms	222.6498801
Baer_Henney_unpublished	tut3	LaKu	voiceless	labial_e	0.507207578	labial e	preceding vowel duration in ms	507.2075783
Baer_Henney_unpublished	tut7	AnHu	voiceless	labial_e	0.106518279	labial e	preceding vowel duration in ms	106.5182791
Baer_Henney_unpublished	tut9	AnKu	voiceless	labial_e	0.136311446	labial e	preceding vowel duration in ms	136.3114455
Baer_Henney_unpublished	tut3	AnRu	voiceless	labial_e	0.149388482	labial e	preceding vowel duration in ms	149.388482
Baer_Henney_unpublished	tut7	BeNi	voiceless	labial_e	0.105193839	labial e	preceding vowel duration in ms	105.1938391
Baer_Henney_unpublished	tut7	BeNi	voiceless	labial_e	0.105193839	labial e	preceding vowel duration in ms	105.1938391
Baer_Henney_unpublished	tut10	ClGo	voiceless	labial_e	0.123629288	labial e	preceding vowel duration in ms	123.6292875
Baer_Henney_unpublished	tut4	CoLa	voiceless	labial_e	0.137608561	labial e	preceding vowel duration in ms	137.6085606
Baer_Henney_unpublished	tut9	DaHe	voiceless	labial_e	0.085209559	labial e	preceding vowel duration in ms	85.2095591
Baer_Henney_unpublished	tut10	DiTu	voiceless	labial_e	0.116442246	labial e	preceding vowel duration in ms	116.4422456
Baer_Henney_unpublished	tut9	EdGr	voiceless	labial_e	0.10071372	labial e	preceding vowel duration in ms	100.7137195
Baer_Henney_unpublished	tut7	FrSc	voiceless	labial_e	0.217546696	labial e	preceding vowel duration in ms	217.5466958
Baer_Henney_unpublished	tut4	HaAl	voiceless	labial_e	0.202689591	labial e	preceding vowel duration in ms	202.6895912
Baer_Henney_unpublished	tut10	JoTh	voiceless	labial_e	0.074075081	labial e	preceding vowel duration in ms	74.0750805
Baer_Henney_unpublished	tut3	JuEh	voiceless	labial_e	0.144620015	labial e	preceding vowel duration in ms	144.620015
Baer_Henney_unpublished	tut7	JuSo	voiceless	labial_e	0.155811768	labial e	preceding vowel duration in ms	155.8117677
Baer_Henney_unpublished	tut4	KaGr	voiceless	labial_e	0.106989099	labial e	preceding vowel duration in ms	106.9890985
Baer_Henney_unpublished	tut3	LiRi	voiceless	labial_e	0.123350983	labial e	preceding vowel duration in ms	123.3509828
Baer_Henney_unpublished	tut3	MaKo	voiceless	labial_e	0.182591915	labial e	preceding vowel duration in ms	182.5919153
Baer_Henney_unpublished	tut4	MaKu	voiceless	labial_e	0.071342217	labial e	preceding vowel duration in ms	71.3422165
Baer_Henney_unpublished	tut7	MaRe	voiceless	labial_e	0.168796082	labial e	preceding vowel duration in ms	168.7960817
Baer_Henney_unpublished	tut3	MeDo	voiceless	labial_e	0.101441516	labial e	preceding vowel duration in ms	101.4415157
Baer_Henney_unpublished	tut7	MiMi	voiceless	labial_e	0.128142833	labial e	preceding vowel duration in ms	128.1428333
Baer_Henney_unpublished	tut10	PhLu	voiceless	labial_e	0.117206688	labial e	preceding vowel duration in ms	117.2066881
Baer_Henney_unpublished	tut7	SaBa	voiceless	labial_e	0.147590139	labial e	preceding vowel duration in ms	147.5901385
Baer_Henney_unpublished	tut4	StKa	voiceless	labial_e	0.170672533	labial e	preceding vowel duration in ms	170.6725332
Baer_Henney_unpublished	tut9	VaHu	voiceless	labial_e	0.05278829	labial e	preceding vowel duration in ms	52.7882903
Baer_Henney_unpublished	tut7	VaMa	voiceless	labial_e	0.097060221	labial e	preceding vowel duration in ms	97.0602205
Baer_Henney_unpublished	tut7	VaSc	voiceless	labial_e	0.095050086	labial e	preceding vowel duration in ms	95.0500858
Baer_Henney_unpublished	tut9	ViBe	voiceless	labial_e	0.13934353	labial e	preceding vowel duration in ms	139.34353
Baer_Henney_unpublished	tut7	YuVo	voiceless	labial_e	0.093021994	labial e	preceding vowel duration in ms	93.0219942
Baer_Henney_unpublished	tut3	KiSt	voiceless	labial_e	0.22264988	labial e	preceding vowel duration in ms	222.6498801
Baer_Henney_unpublished	tut3	LaKu	voiceless	labial_e	0.355045305	labial e	preceding vowel duration in ms	355.0453048
Baer_Henney_unpublished	tut7	AnHu	voiceless	labial_e	0.138209923	labial e	preceding vowel duration in ms	138.2099227
Baer_Henney_unpublished	tut7	BeNi	voiceless	labial_e	0.203374756	labial e	preceding vowel duration in ms	203.3747556
Baer_Henney_unpublished	tut7	BeNi	voiceless	labial_e	0.203374756	labial e	preceding vowel duration in ms	203.3747556
Baer_Henney_unpublished	tut10	ClGo	voiceless	labial_e	0.124512354	labial e	preceding vowel duration in ms	124.5123538
Baer_Henney_unpublished	tut2	DaAr	voiceless	labial_e	0.106508762	labial e	preceding vowel duration in ms	106.5087621
Baer_Henney_unpublished	tut10	DiTu	voiceless	labial_e	0.148224808	labial e	preceding vowel duration in ms	148.2248083
Baer_Henney_unpublished	tut7	FrSc	voiceless	labial_e	0.230021027	labial e	preceding vowel duration in ms	230.0210271
Baer_Henney_unpublished	tut2	JeMe	voiceless	labial_e	0.1108559	labial e	preceding vowel duration in ms	110.8559
Baer_Henney_unpublished	tut10	JoTh	voiceless	labial_e	0.126686614	labial e	preceding vowel duration in ms	126.6866143
Baer_Henney_unpublished	tut7	JuSo	voiceless	labial_e	0.155811768	labial e	preceding vowel duration in ms	155.8117677
Baer_Henney_unpublished	tut3	LiRi	voiceless	labial_e	0.115235787	labial e	preceding vowel duration in ms	115.2357865
Baer_Henney_unpublished	tut2	MaGe	voiceless	labial_e	0.109570696	labial e	preceding vowel duration in ms	109.5706963
Baer_Henney_unpublished	tut7	MaMe	voiceless	labial_e	0.18867075	labial e	preceding vowel duration in ms	188.6707495
Baer_Henney_unpublished	tut7	MaRe	voiceless	labial_e	0.155811768	labial e	preceding vowel duration in ms	155.8117677
Baer_Henney_unpublished	tut2	MaSc	voiceless	labial_e	0.231185977	labial e	preceding vowel duration in ms	231.1859774
Baer_Henney_unpublished	tut7	MiMi	voiceless	labial_e	0.185632536	labial e	preceding vowel duration in ms	185.6325364
Baer_Henney_unpublished	tut2	MiPa	voiceless	labial_e	0.099816914	labial e	preceding vowel duration in ms	99.8169137
Baer_Henney_unpublished	tut2	MoSc	voiceless	labial_e	0.104631166	labial e	preceding vowel duration in ms	104.6311659
Baer_Henney_unpublished	tut10	PhLu	voiceless	labial_e	0.145279944	labial e	preceding vowel duration in ms	145.2799436
Baer_Henney_unpublished	tut2	RoBe	voiceless	labial_e	0.111828761	labial e	preceding vowel duration in ms	111.8287606
Baer_Henney_unpublished	tut7	SaBa	voiceless	labial_e	0.157295801	labial e	preceding vowel duration in ms	157.2958006
Baer_Henney_unpublished	tut2	SeUc	voiceless	labial_e	0.092196095	labial e	preceding vowel duration in ms	92.1960951
Baer_Henney_unpublished	tut2	SiCa	voiceless	labial_e	0.123838895	labial e	preceding vowel duration in ms	123.8388954
Baer_Henney_unpublished	tut7	VaMa	voiceless	labial_e	0.119126823	labial e	preceding vowel duration in ms	119.1268229
Baer_Henney_unpublished	tut7	VaSc	voiceless	labial_e	0.106232449	labial e	preceding vowel duration in ms	106.2324489
Baer_Henney_unpublished	tut7	YuVo	voiceless	labial_e	0.127293255	labial e	preceding vowel duration in ms	127.2932553
Baer_Henney_unpublished	tut10	RuYi	voiceless	labial_e	0.229373516	labial e	preceding vowel duration in ms	229.3735162
Baer_Henney_unpublished	tut10	SeGu	voiceless	labial_e	0.320841209	labial e	preceding vowel duration in ms	320.8412093
Baer_Henney_unpublished	tut7	Beck	voiceless	labial_e	0.135709474	labial e	preceding vowel duration in ms	135.7094736
Baer_Henney_unpublished	tut7	BeNi	voiceless	labial_e	0.084155071	labial e	preceding vowel duration in ms	84.1550713
Baer_Henney_unpublished	tut7	BeNi	voiceless	labial_e	0.084155071	labial e	preceding vowel duration in ms	84.1550713
Baer_Henney_unpublished	tut2	DaAr	voiceless	labial_e	0.136834174	labial e	preceding vowel duration in ms	136.8341735
Baer_Henney_unpublished	tut4	HaAl	voiceless	labial_e	0.165777646	labial e	preceding vowel duration in ms	165.7776459
Baer_Henney_unpublished	tut2	JeMe	voiceless	labial_e	0.166246174	labial e	preceding vowel duration in ms	166.2461744
Baer_Henney_unpublished	tut4	KaRe	voiceless	labial_e	0.102482163	labial e	preceding vowel duration in ms	102.4821626
Baer_Henney_unpublished	tut2	MaGe	voiceless	labial_e	0.107157333	labial e	preceding vowel duration in ms	107.1573327
Baer_Henney_unpublished	tut4	MaKu	voiceless	labial_e	0.117440264	labial e	preceding vowel duration in ms	117.440264
Baer_Henney_unpublished	tut2	MaSc	voiceless	labial_e	0.369576722	labial e	preceding vowel duration in ms	369.5767219
Baer_Henney_unpublished	tut2	MiPa	voiceless	labial_e	0.096976595	labial e	preceding vowel duration in ms	96.976595
Baer_Henney_unpublished	tut2	RoBe	voiceless	labial_e	0.126258278	labial e	preceding vowel duration in ms	126.2582781
Baer_Henney_unpublished	tut2	SeUc	voiceless	labial_e	0.083415515	labial e	preceding vowel duration in ms	83.4155146
Baer_Henney_unpublished	tut2	SiCa	voiceless	labial_e	0.132775721	labial e	preceding vowel duration in ms	132.7757213
Baer_Henney_unpublished	tut4	StKa	voiceless	labial_e	0.170123747	labial e	preceding vowel duration in ms	170.1237469
Baer_Henney_unpublished	tut6	AlSt	voiceless	labial_e	0.124454589	labial e	preceding vowel duration in ms	124.4545885
Baer_Henney_unpublished	tut6	AnHo	voiceless	labial_e	0.160528382	labial e	preceding vowel duration in ms	160.5283822
Baer_Henney_unpublished	tut6	MaHo	voiceless	labial_e	0.109555149	labial e	preceding vowel duration in ms	109.5551492
Baer_Henney_unpublished	tut6	MlHa	voiceless	labial_e	0.15318314	labial e	preceding vowel duration in ms	153.1831402
Baer_Henney_unpublished	tut7	BeNi	voiceless	labial_e	0.084155071	labial e	preceding vowel duration in ms	84.1550713
Baer_Henney_unpublished	tut7	BeNi	voiceless	labial_e	0.084155071	labial e	preceding vowel duration in ms	84.1550713
Baer_Henney_unpublished	tut9	ViBe	voiceless	labial_e	0.213467279	labial e	preceding vowel duration in ms	213.4672791
Baer_Henney_unpublished	tut4	SvBo	voiceless	velar_e	0.179485936	velar e	preceding vowel duration in ms	179.4859364
Baer_Henney_unpublished	tut7	Beck	voiced	velar_e	0.19143244	velar e	preceding vowel duration in ms	191.4324401
Baer_Henney_unpublished	tut6	AnHo	voiced	velar_e	0.305131378	velar e	preceding vowel duration in ms	305.1313784
Baer_Henney_unpublished	tut5	ClFi	voiced	velar_e	0.22482205	velar e	preceding vowel duration in ms	224.82205
Baer_Henney_unpublished	tut5	DaDr	voiced	velar_e	0.124258748	velar e	preceding vowel duration in ms	124.2587477
Baer_Henney_unpublished	tut5	IsRa	voiced	velar_e	0.176345435	velar e	preceding vowel duration in ms	176.3454347
Baer_Henney_unpublished	tut5	JeSc	voiced	velar_e	0.161556084	velar e	preceding vowel duration in ms	161.5560844
Baer_Henney_unpublished	tut6	AnHo	voiced	velar_e	0.175288239	velar e	preceding vowel duration in ms	175.2882387
Baer_Henney_unpublished	tut7	Beck	voiced	velar_e	0.248935681	velar e	preceding vowel duration in ms	248.9356814
Baer_Henney_unpublished	tut9	KaKe	voiced	velar_E	0.163233917	velar E	preceding vowel duration in ms	163.2339167
Baer_Henney_unpublished	tut9	AnKu	voiced	velar_e	0.164841748	velar e	preceding vowel duration in ms	164.8417481
Baer_Henney_unpublished	tut7	Beck	voiced	velar_e	0.165888415	velar e	preceding vowel duration in ms	165.888415
Baer_Henney_unpublished	tut10	ClGo	voiced	velar_e	0.166016472	velar e	preceding vowel duration in ms	166.0164718
Baer_Henney_unpublished	tut2	DaAr	voiced	velar_e	0.125246415	velar e	preceding vowel duration in ms	125.2464147
Baer_Henney_unpublished	tut9	DaHe	voiced	velar_e	0.074659804	velar e	preceding vowel duration in ms	74.6598042
Baer_Henney_unpublished	tut10	DiTu	voiced	velar_e	0.139520317	velar e	preceding vowel duration in ms	139.5203168
Baer_Henney_unpublished	tut9	EdGr	voiced	velar_e	0.107659493	velar e	preceding vowel duration in ms	107.6594933
Baer_Henney_unpublished	tut3	JeJe	voiced	velar_e	0.10778161	velar e	preceding vowel duration in ms	107.7816104
Baer_Henney_unpublished	tut2	JeMe	voiced	velar_e	0.192005183	velar e	preceding vowel duration in ms	192.0051827
Baer_Henney_unpublished	tut10	JoTh	voiced	velar_e	0.096117698	velar e	preceding vowel duration in ms	96.1176975
Baer_Henney_unpublished	tut2	MaGe	voiced	velar_e	0.151444878	velar e	preceding vowel duration in ms	151.4448784
Baer_Henney_unpublished	tut6	MaHo	voiced	velar_e	0.081151962	velar e	preceding vowel duration in ms	81.1519623
Baer_Henney_unpublished	tut9	MaRo	voiced	velar_e	0.144609289	velar e	preceding vowel duration in ms	144.6092885
Baer_Henney_unpublished	tut2	MaSc	voiced	velar_e	0.270068928	velar e	preceding vowel duration in ms	270.0689276
Baer_Henney_unpublished	tut2	MiPa	voiced	velar_e	0.098193874	velar e	preceding vowel duration in ms	98.1938744
Baer_Henney_unpublished	tut6	MlHa	voiced	velar_e	0.164966459	velar e	preceding vowel duration in ms	164.9664586
Baer_Henney_unpublished	tut2	MoSc	voiced	velar_e	0.231524282	velar e	preceding vowel duration in ms	231.5242821
Baer_Henney_unpublished	tut10	PhLu	voiced	velar_e	0.124419315	velar e	preceding vowel duration in ms	124.4193153
Baer_Henney_unpublished	tut2	RoBe	voiced	velar_e	0.120847209	velar e	preceding vowel duration in ms	120.8472091
Baer_Henney_unpublished	tut2	SeUc	voiced	velar_e	0.103171821	velar e	preceding vowel duration in ms	103.1718207
Baer_Henney_unpublished	tut2	SiCa	voiced	velar_e	0.185721051	velar e	preceding vowel duration in ms	185.7210513
Baer_Henney_unpublished	tut9	VaHu	voiced	velar_e	0.146010838	velar e	preceding vowel duration in ms	146.0108375
Baer_Henney_unpublished	tut9	ViBe	voiced	velar_e	0.162894549	velar e	preceding vowel duration in ms	162.8945491
Baer_Henney_unpublished	tut4	StKa	voiced	velar_e	0.20195328	velar e	preceding vowel duration in ms	201.9532799
Baer_Henney_unpublished	tut6	AnHo	voiced	velar_e	0.240209809	velar e	preceding vowel duration in ms	240.2098085
Baer_Henney_unpublished	tut7	AnHu	voiced	velar_e	0.070158596	velar e	preceding vowel duration in ms	70.1585958
Baer_Henney_unpublished	tut7	BeNi	voiced	velar_e	0.224413524	velar e	preceding vowel duration in ms	224.4135235
Baer_Henney_unpublished	tut7	BeNi	voiced	velar_e	0.224413524	velar e	preceding vowel duration in ms	224.4135235
Baer_Henney_unpublished	tut10	ClGo	voiced	velar_e	0.114147546	velar e	preceding vowel duration in ms	114.1475463
Baer_Henney_unpublished	tut10	DiTu	voiced	velar_e	0.111306977	velar e	preceding vowel duration in ms	111.306977
Baer_Henney_unpublished	tut7	FrSc	voiced	velar_e	0.221723402	velar e	preceding vowel duration in ms	221.7234023
Baer_Henney_unpublished	tut8	JeHa	voiced	velar_e	0.142951748	velar e	preceding vowel duration in ms	142.9517478
Baer_Henney_unpublished	tut2	JeMe	voiced	velar_e	0.183826876	velar e	preceding vowel duration in ms	183.8268764
Baer_Henney_unpublished	tut10	JoTh	voiced	velar_e	0.122554373	velar e	preceding vowel duration in ms	122.5543728
Baer_Henney_unpublished	tut7	JuSo	voiced	velar_e	0.233717652	velar e	preceding vowel duration in ms	233.7176516
Baer_Henney_unpublished	tut2	MaGe	voiced	velar_e	0.112422525	velar e	preceding vowel duration in ms	112.4225246
Baer_Henney_unpublished	tut6	MaHo	voiced	velar_e	0.080746203	velar e	preceding vowel duration in ms	80.7462025
Baer_Henney_unpublished	tut7	MaMe	voiced	velar_e	0.164235318	velar e	preceding vowel duration in ms	164.2353175
Baer_Henney_unpublished	tut7	MaRe	voiced	velar_e	0.100628433	velar e	preceding vowel duration in ms	100.6284333
Baer_Henney_unpublished	tut2	MaSc	voiced	velar_e	0.210469965	velar e	preceding vowel duration in ms	210.4699645
Baer_Henney_unpublished	tut7	MiMi	voiced	velar_e	0.205152759	velar e	preceding vowel duration in ms	205.1527593
Baer_Henney_unpublished	tut2	MiPa	voiced	velar_e	0.083180761	velar e	preceding vowel duration in ms	83.1807614
Baer_Henney_unpublished	tut6	MlHa	voiced	velar_e	0.212099733	velar e	preceding vowel duration in ms	212.0997325
Baer_Henney_unpublished	tut2	MoSc	voiced	velar_e	0.193678967	velar e	preceding vowel duration in ms	193.6789667
Baer_Henney_unpublished	tut8	PaNu	voiced	velar_e	0.188470925	velar e	preceding vowel duration in ms	188.4709254
Baer_Henney_unpublished	tut10	PhLu	voiced	velar_e	0.120859756	velar e	preceding vowel duration in ms	120.859756
Baer_Henney_unpublished	tut2	RoBe	voiced	velar_e	0.126258278	velar e	preceding vowel duration in ms	126.2582781
Baer_Henney_unpublished	tut7	SaBa	voiced	velar_e	0.17029981	velar e	preceding vowel duration in ms	170.2998097
Baer_Henney_unpublished	tut2	SeUc	voiced	velar_e	0.09439124	velar e	preceding vowel duration in ms	94.3912402
Baer_Henney_unpublished	tut2	SiCa	voiced	velar_E	0.185755914	velar E	preceding vowel duration in ms	185.7559138
Baer_Henney_unpublished	tut8	SoBe	voiced	velar_e	0.178534317	velar e	preceding vowel duration in ms	178.5343172
Baer_Henney_unpublished	tut7	TcQu	voiced	velar_e	0.126083169	velar e	preceding vowel duration in ms	126.0831685
Baer_Henney_unpublished	tut7	VaMa	voiced	velar_e	0.15200026	velar e	preceding vowel duration in ms	152.0002602
Baer_Henney_unpublished	tut7	VaSc	voiced	velar_e	0.121608198	velar e	preceding vowel duration in ms	121.608198
Baer_Henney_unpublished	tut7	YuVo	voiced	velar_e	0.156668622	velar e	preceding vowel duration in ms	156.6686219
Baer_Henney_unpublished	tut7	AnHu	voiced	velar_e	0.107838544	velar e	preceding vowel duration in ms	107.8385442
Baer_Henney_unpublished	tut3	AnRu	voiced	velar_e	0.071763611	velar e	preceding vowel duration in ms	71.7636105
Baer_Henney_unpublished	tut7	BeNi	voiced	velar_e	0.147271375	velar e	preceding vowel duration in ms	147.2713748
Baer_Henney_unpublished	tut7	BeNi	voiced	velar_e	0.147271375	velar e	preceding vowel duration in ms	147.2713748
Baer_Henney_unpublished	tut1	CaMu	voiced	velar_e	0.179900188	velar e	preceding vowel duration in ms	179.9001879
Baer_Henney_unpublished	tut10	ClGo	voiced	velar_e	0.236661779	velar e	preceding vowel duration in ms	236.6617789
Baer_Henney_unpublished	tut4	CoLa	voiced	velar_e	0.117950195	velar e	preceding vowel duration in ms	117.9501948
Baer_Henney_unpublished	tut10	DiTu	voiced	velar_e	0.127781628	velar e	preceding vowel duration in ms	127.7816284
Baer_Henney_unpublished	tut7	FrSc	voiced	velar_e	0.230795806	velar e	preceding vowel duration in ms	230.7958055
Baer_Henney_unpublished	tut4	HaAl	voiced	velar_e	0.193292758	velar e	preceding vowel duration in ms	193.2927576
Baer_Henney_unpublished	tut1	HaSa	voiced	velar_e	0.104358547	velar e	preceding vowel duration in ms	104.358547
Baer_Henney_unpublished	tut10	JoTh	voiced	velar_e	0.127283886	velar e	preceding vowel duration in ms	127.2838855
Baer_Henney_unpublished	tut7	JuSo	voiced	velar_e	0.12984314	velar e	preceding vowel duration in ms	129.8431398
Baer_Henney_unpublished	tut4	KaGr	voiced	velar_e	0.16241899	velar e	preceding vowel duration in ms	162.41899
Baer_Henney_unpublished	tut4	KaRe	voiced	velar_e	0.144035646	velar e	preceding vowel duration in ms	144.0356458
Baer_Henney_unpublished	tut1	KaTh	voiced	velar_e	0.215563221	velar e	preceding vowel duration in ms	215.5632208
Baer_Henney_unpublished	tut3	LiRi	voiced	velar_e	0.147696572	velar e	preceding vowel duration in ms	147.6965715
Baer_Henney_unpublished	tut3	MaKo	voiced	velar_e	0.164332724	velar e	preceding vowel duration in ms	164.3327237
Baer_Henney_unpublished	tut4	MaKu	voiced	velar_e	0.108934077	velar e	preceding vowel duration in ms	108.9340767
Baer_Henney_unpublished	tut7	MaMe	voiced	velar_e	0.18443775	velar e	preceding vowel duration in ms	184.4377495
Baer_Henney_unpublished	tut7	MaRe	voiced	velar_e	0.201256867	velar e	preceding vowel duration in ms	201.2568666
Baer_Henney_unpublished	tut3	MeDo	voiced	velar_e	0.109366634	velar e	preceding vowel duration in ms	109.3666341
Baer_Henney_unpublished	tut7	MiMi	voiced	velar_e	0.15605169	velar e	preceding vowel duration in ms	156.0516898
Baer_Henney_unpublished	tut10	PhLu	voiced	velar_e	0.07852517	velar e	preceding vowel duration in ms	78.52517
Baer_Henney_unpublished	tut7	SaBa	voiced	velar_e	0.104386776	velar e	preceding vowel duration in ms	104.3867762
Baer_Henney_unpublished	tut4	StKa	voiced	velar_e	0.171495713	velar e	preceding vowel duration in ms	171.4957126
Baer_Henney_unpublished	tut7	TcQu	voiced	velar_e	0.02252567	velar e	preceding vowel duration in ms	22.5256702
Baer_Henney_unpublished	tut7	VaMa	voiced	velar_e	0.13427819	velar e	preceding vowel duration in ms	134.2781904
Baer_Henney_unpublished	tut7	VaSc	voiced	velar_e	0.100641267	velar e	preceding vowel duration in ms	100.6412673
Baer_Henney_unpublished	tut7	YuVo	voiced	velar_e	0.182566619	velar e	preceding vowel duration in ms	182.566619
Baer_Henney_unpublished	tut10	RuYi	voiced	velar_e	0.209193393	velar e	preceding vowel duration in ms	209.193393
Baer_Henney_unpublished	tut10	SeGu	voiced	velar_e	0.362918745	velar e	preceding vowel duration in ms	362.918745
Baer_Henney_unpublished	tut3	KiSt	voiced	velar_e	0.220330611	velar e	preceding vowel duration in ms	220.3306105
Baer_Henney_unpublished	tut3	LaKu	voiced	velar_e	0.304324547	velar e	preceding vowel duration in ms	304.324547
Baer_Henney_unpublished	tut3	AnRu	voiced	velar_e	0.134958432	velar e	preceding vowel duration in ms	134.9584317
Baer_Henney_unpublished	tut4	CoLa	voiced	velar_e	0.169061946	velar e	preceding vowel duration in ms	169.0619459
Baer_Henney_unpublished	tut4	HaAl	voiced	velar_e	0.210747313	velar e	preceding vowel duration in ms	210.7473131
Baer_Henney_unpublished	tut3	JuEh	voiced	velar_e	0.238991144	velar e	preceding vowel duration in ms	238.9911438
Baer_Henney_unpublished	tut4	KaGr	voiced	velar_e	0.183862747	velar e	preceding vowel duration in ms	183.8627471
Baer_Henney_unpublished	tut3	LiRi	voiced	velar_e	0.155811768	velar e	preceding vowel duration in ms	155.8117677
Baer_Henney_unpublished	tut3	MaKo	voiced	velar_e	0.169810481	velar e	preceding vowel duration in ms	169.8104812
Baer_Henney_unpublished	tut4	MaKu	voiced	velar_e	0.129239169	velar e	preceding vowel duration in ms	129.239169
Baer_Henney_unpublished	tut3	MeDo	voiced	velar_e	0.10778161	velar e	preceding vowel duration in ms	107.7816104
Baer_Henney_unpublished	tut4	StKa	voiced	velar_e	0.15420889	velar e	preceding vowel duration in ms	154.2088904
Baer_Henney_unpublished	tut4	SvBo	voiced	velar_e	0.179954728	velar e	preceding vowel duration in ms	179.9547284
Baer_Henney_unpublished	tut3	KiSt	voiced	velar_e	0.248161846	velar e	preceding vowel duration in ms	248.1618455
Baer_Henney_unpublished	tut3	LaKu	voiced	velar_e	0.405766063	velar e	preceding vowel duration in ms	405.7660626
Baer_Henney_unpublished	tut3	AnRu	voiced	velar_e	0.114121705	velar e	preceding vowel duration in ms	114.1217051
Baer_Henney_unpublished	tut3	LiRi	voiced	velar_e	0.124974022	velar e	preceding vowel duration in ms	124.974022
Baer_Henney_unpublished	tut3	MaKo	voiced	velar_e	0.241021328	velar e	preceding vowel duration in ms	241.0213282
Baer_Henney_unpublished	tut3	MeDo	voiced	velar_e	0.076081137	velar e	preceding vowel duration in ms	76.0811367
Baer_Henney_unpublished	tut3	KiSt	voiced	velar_e	0.257438924	velar e	preceding vowel duration in ms	257.4389238
Baer_Henney_unpublished	tut3	LaKu	voiced	velar_e	0.312726614	velar e	preceding vowel duration in ms	312.7266135
Baer_Henney_unpublished	tut7	JuSo	voiceless	velar_e	0.207749024	velar e	preceding vowel duration in ms	207.7490236
Baer_Henney_unpublished	tut3	JeJe	voiceless	velar_e	0.088761326	velar e	preceding vowel duration in ms	88.7613262
Baer_Henney_unpublished	tut5	ClFi	voiceless	velar_e	0.158385617	velar e	preceding vowel duration in ms	158.3856171
Baer_Henney_unpublished	tut5	DaDr	voiceless	velar_e	0.077361234	velar e	preceding vowel duration in ms	77.3612342
Baer_Henney_unpublished	tut1	HaSa	voiceless	velar_e	0.125230256	velar e	preceding vowel duration in ms	125.2302564
Baer_Henney_unpublished	tut5	IsRa	voiceless	velar_e	0.157019908	velar e	preceding vowel duration in ms	157.0199076
Baer_Henney_unpublished	tut5	JeSc	voiceless	velar_e	0.127708333	velar e	preceding vowel duration in ms	127.7083333
Baer_Henney_unpublished	tut7	VaSc	voiceless	velar_e	0.178917809	velar e	preceding vowel duration in ms	178.9178086
Baer_Henney_unpublished	tut9	AnKu	voiceless	velar_e	0.174351849	velar e	preceding vowel duration in ms	174.3518489
Baer_Henney_unpublished	tut10	ClGo	voiceless	velar_e	0.123629288	velar e	preceding vowel duration in ms	123.6292875
Baer_Henney_unpublished	tut2	DaAr	voiceless	velar_e	0.130732109	velar e	preceding vowel duration in ms	130.732109
Baer_Henney_unpublished	tut9	DaHe	voiceless	velar_e	0.051937255	velar e	preceding vowel duration in ms	51.9372551
Baer_Henney_unpublished	tut10	DiTu	voiceless	velar_e	0.133644943	velar e	preceding vowel duration in ms	133.6449427
Baer_Henney_unpublished	tut9	EdGr	voiceless	velar_e	0.087690394	velar e	preceding vowel duration in ms	87.6903937
Baer_Henney_unpublished	tut2	JeMe	voiceless	velar_e	0.156778126	velar e	preceding vowel duration in ms	156.7781255
Baer_Henney_unpublished	tut10	JoTh	voiceless	velar_e	0.070703087	velar e	preceding vowel duration in ms	70.7030869
Baer_Henney_unpublished	tut2	MaGe	voiceless	velar_e	0.120988329	velar e	preceding vowel duration in ms	120.9883288
Baer_Henney_unpublished	tut6	MaHo	voiceless	velar_e	0.087644119	velar e	preceding vowel duration in ms	87.6441193
Baer_Henney_unpublished	tut9	MaRo	voiceless	velar_e	0.141531565	velar e	preceding vowel duration in ms	141.5315653
Baer_Henney_unpublished	tut2	MaSc	voiceless	velar_e	0.17166122	velar e	preceding vowel duration in ms	171.6612195
Baer_Henney_unpublished	tut2	MiPa	voiceless	velar_e	0.092107475	velar e	preceding vowel duration in ms	92.1074754
Baer_Henney_unpublished	tut6	MlHa	voiceless	velar_e	0.182641436	velar e	preceding vowel duration in ms	182.6414364
Baer_Henney_unpublished	tut2	MoSc	voiceless	velar_e	0.215940917	velar e	preceding vowel duration in ms	215.9409169
Baer_Henney_unpublished	tut10	PhLu	voiceless	velar_e	0.111797416	velar e	preceding vowel duration in ms	111.797416
Baer_Henney_unpublished	tut2	SeUc	voiceless	velar_e	0.096586385	velar e	preceding vowel duration in ms	96.5863854
Baer_Henney_unpublished	tut2	SiCa	voiceless	velar_e	0.179051201	velar e	preceding vowel duration in ms	179.0512005
Baer_Henney_unpublished	tut9	VaHu	voiceless	velar_e	0.087607063	velar e	preceding vowel duration in ms	87.6070632
Baer_Henney_unpublished	tut10	RuYi	voiceless	velar_e	0.218702184	velar e	preceding vowel duration in ms	218.7021836
Baer_Henney_unpublished	tut10	SeGu	voiceless	velar_e	0.262984598	velar e	preceding vowel duration in ms	262.9845978
Baer_Henney_unpublished	tut6	AnHo	voiceless	velar_e	0.227225487	velar e	preceding vowel duration in ms	227.2254873
Baer_Henney_unpublished	tut7	AnHu	voiceless	velar_e	0.083208642	velar e	preceding vowel duration in ms	83.2086423
Baer_Henney_unpublished	tut10	ClGo	voiceless	velar_e	0.14482288	velar e	preceding vowel duration in ms	144.8228796
Baer_Henney_unpublished	tut2	DaAr	voiceless	velar_e	0.142751327	velar e	preceding vowel duration in ms	142.751327
Baer_Henney_unpublished	tut10	DiTu	voiceless	velar_e	0.132615237	velar e	preceding vowel duration in ms	132.6152374
Baer_Henney_unpublished	tut7	FrSc	voiceless	velar_e	0.247328784	velar e	preceding vowel duration in ms	247.3287841
Baer_Henney_unpublished	tut8	JeHa	voiceless	velar_e	0.149054601	velar e	preceding vowel duration in ms	149.0546005
Baer_Henney_unpublished	tut2	JeMe	voiceless	velar_e	0.14371412	velar e	preceding vowel duration in ms	143.7141204
Baer_Henney_unpublished	tut10	JoTh	voiceless	velar_e	0.100633287	velar e	preceding vowel duration in ms	100.6332871
Baer_Henney_unpublished	tut7	JuSo	voiceless	velar_e	0.12984314	velar e	preceding vowel duration in ms	129.8431398
Baer_Henney_unpublished	tut2	MaGe	voiceless	velar_e	0.104278876	velar e	preceding vowel duration in ms	104.278876
Baer_Henney_unpublished	tut6	MaHo	voiceless	velar_e	0.10874363	velar e	preceding vowel duration in ms	108.7436295
Baer_Henney_unpublished	tut7	MaMe	voiceless	velar_e	0.180067526	velar e	preceding vowel duration in ms	180.0675258
Baer_Henney_unpublished	tut7	MaRe	voiceless	velar_e	0.090890198	velar e	preceding vowel duration in ms	90.8901978
Baer_Henney_unpublished	tut2	MaSc	voiceless	velar_e	0.268579701	velar e	preceding vowel duration in ms	268.5797013
Baer_Henney_unpublished	tut7	MiMi	voiceless	velar_e	0.191073505	velar e	preceding vowel duration in ms	191.0735047
Baer_Henney_unpublished	tut2	MiPa	voiceless	velar_e	0.12335098	velar e	preceding vowel duration in ms	123.3509802
Baer_Henney_unpublished	tut6	MlHa	voiceless	velar_e	0.164966455	velar e	preceding vowel duration in ms	164.9664547
Baer_Henney_unpublished	tut2	MoSc	voiceless	velar_e	0.173643212	velar e	preceding vowel duration in ms	173.6432116
Baer_Henney_unpublished	tut8	PaNu	voiceless	velar_e	0.153196359	velar e	preceding vowel duration in ms	153.1963594
Baer_Henney_unpublished	tut10	PhLu	voiceless	velar_e	0.104785452	velar e	preceding vowel duration in ms	104.7854517
Baer_Henney_unpublished	tut2	RoBe	voiceless	velar_e	0.133473037	velar e	preceding vowel duration in ms	133.4730369
Baer_Henney_unpublished	tut7	SaBa	voiceless	velar_e	0.158464702	velar e	preceding vowel duration in ms	158.4647015
Baer_Henney_unpublished	tut2	SeUc	voiceless	velar_e	0.076830079	velar e	preceding vowel duration in ms	76.8300793
Baer_Henney_unpublished	tut2	SiCa	voiceless	velar_E	0.187433998	velar E	preceding vowel duration in ms	187.4339983
Baer_Henney_unpublished	tut7	TcQu	voiceless	velar_e	0.074517239	velar e	preceding vowel duration in ms	74.5172391
Baer_Henney_unpublished	tut7	VaMa	voiceless	velar_e	0.085446069	velar e	preceding vowel duration in ms	85.446069
Baer_Henney_unpublished	tut7	VaSc	voiceless	velar_e	0.10902804	velar e	preceding vowel duration in ms	109.0280396
Baer_Henney_unpublished	tut7	YuVo	voiceless	velar_e	0.189715909	velar e	preceding vowel duration in ms	189.7159093
Baer_Henney_unpublished	tut10	SeGu	voiceless	velar_e	0.349769515	velar e	preceding vowel duration in ms	349.7695151
Baer_Henney_unpublished	tut7	AnHu	voiceless	velar_e	0.115325661	velar e	preceding vowel duration in ms	115.3256612
Baer_Henney_unpublished	tut3	AnRu	voiceless	velar_e	0.123176346	velar e	preceding vowel duration in ms	123.1763464
Baer_Henney_unpublished	tut7	Beck	voiceless	velar_e	0.14679059	velar e	preceding vowel duration in ms	146.7905899
Baer_Henney_unpublished	tut10	ClGo	voiceless	velar_e	0.109500226	velar e	preceding vowel duration in ms	109.5002261
Baer_Henney_unpublished	tut4	CoLa	voiceless	velar_e	0.125813541	velar e	preceding vowel duration in ms	125.8135411
Baer_Henney_unpublished	tut10	DiTu	voiceless	velar_e	0.128879914	velar e	preceding vowel duration in ms	128.8799143
Baer_Henney_unpublished	tut7	FrSc	voiceless	velar_e	0.245179775	velar e	preceding vowel duration in ms	245.1797748
Baer_Henney_unpublished	tut3	JeJe	voiceless	velar_e	0.1204618	velar e	preceding vowel duration in ms	120.4617998
Baer_Henney_unpublished	tut10	JoTh	voiceless	velar_e	0.127960208	velar e	preceding vowel duration in ms	127.9602084
Baer_Henney_unpublished	tut3	JuEh	voiceless	velar_e	0.170141194	velar e	preceding vowel duration in ms	170.1411941
Baer_Henney_unpublished	tut4	KaGr	voiceless	velar_e	0.135519525	velar e	preceding vowel duration in ms	135.5195248
Baer_Henney_unpublished	tut4	KaRe	voiceless	velar_e	0.124849181	velar e	preceding vowel duration in ms	124.8491806
Baer_Henney_unpublished	tut1	KaTh	voiceless	velar_e	0.139482084	velar e	preceding vowel duration in ms	139.482084
Baer_Henney_unpublished	tut3	LiRi	voiceless	velar_e	0.217487259	velar e	preceding vowel duration in ms	217.4872591
Baer_Henney_unpublished	tut3	MaKo	voiceless	velar_e	0.125988422	velar e	preceding vowel duration in ms	125.9884215
Baer_Henney_unpublished	tut4	MaKu	voiceless	velar_e	0.089452164	velar e	preceding vowel duration in ms	89.4521637
Baer_Henney_unpublished	tut7	MaMe	voiceless	velar_e	0.17453579	velar e	preceding vowel duration in ms	174.5357904
Baer_Henney_unpublished	tut7	MaRe	voiceless	velar_e	0.159057846	velar e	preceding vowel duration in ms	159.0578462
Baer_Henney_unpublished	tut3	MeDo	voiceless	velar_e	0.101441516	velar e	preceding vowel duration in ms	101.4415157
Baer_Henney_unpublished	tut7	MiMi	voiceless	velar_e	0.178038243	velar e	preceding vowel duration in ms	178.038243
Baer_Henney_unpublished	tut10	PhLu	voiceless	velar_e	0.108827118	velar e	preceding vowel duration in ms	108.8271184
Baer_Henney_unpublished	tut7	SaBa	voiceless	velar_e	0.15611533	velar e	preceding vowel duration in ms	156.1153303
Baer_Henney_unpublished	tut4	StKa	voiceless	velar_e	0.19207513	velar e	preceding vowel duration in ms	192.0751303
Baer_Henney_unpublished	tut7	TcQu	voiceless	velar_e	0.085446434	velar e	preceding vowel duration in ms	85.4464342
Baer_Henney_unpublished	tut7	VaMa	voiceless	velar_e	0.114977903	velar e	preceding vowel duration in ms	114.9779032
Baer_Henney_unpublished	tut7	VaSc	voiceless	velar_e	0.077828488	velar e	preceding vowel duration in ms	77.8284879
Baer_Henney_unpublished	tut7	YuVo	voiceless	velar_e	0.171356305	velar e	preceding vowel duration in ms	171.3563052
Baer_Henney_unpublished	tut3	KiSt	voiceless	velar_e	0.248161846	velar e	preceding vowel duration in ms	248.1618455
Baer_Henney_unpublished	tut3	LaKu	voiceless	velar_e	0.355045305	velar e	preceding vowel duration in ms	355.0453048
Baer_Henney_unpublished	tut3	AnRu	voiceless	velar_e	0.114072008	velar e	preceding vowel duration in ms	114.0720078
Baer_Henney_unpublished	tut4	CaBa	voiceless	velar_e	0.121597928	velar e	preceding vowel duration in ms	121.5979278
Baer_Henney_unpublished	tut4	CoLa	voiceless	velar_e	0.145471907	velar e	preceding vowel duration in ms	145.471907
Baer_Henney_unpublished	tut4	GaPr	voiceless	velar_e	0.199143641	velar e	preceding vowel duration in ms	199.1436409
Baer_Henney_unpublished	tut4	HaAl	voiceless	velar_e	0.184570254	velar e	preceding vowel duration in ms	184.5702536
Baer_Henney_unpublished	tut1	HaSa	voiceless	velar_e	0.086748042	velar e	preceding vowel duration in ms	86.7480422
Baer_Henney_unpublished	tut4	KaGr	voiceless	velar_e	0.20209052	velar e	preceding vowel duration in ms	202.0905195
Baer_Henney_unpublished	tut4	KaRe	voiceless	velar_e	0.137649691	velar e	preceding vowel duration in ms	137.6496905
Baer_Henney_unpublished	tut3	LiRi	voiceless	velar_e	0.131466179	velar e	preceding vowel duration in ms	131.466179
Baer_Henney_unpublished	tut3	MaKo	voiceless	velar_e	0.109555149	velar e	preceding vowel duration in ms	109.5551492
Baer_Henney_unpublished	tut4	MaKu	voiceless	velar_e	0.119361016	velar e	preceding vowel duration in ms	119.361016
Baer_Henney_unpublished	tut3	MeDo	voiceless	velar_e	0.145822179	velar e	preceding vowel duration in ms	145.8221787
Baer_Henney_unpublished	tut4	StKa	voiceless	velar_e	0.125123272	velar e	preceding vowel duration in ms	125.1232719
Baer_Henney_unpublished	tut3	KiSt	voiceless	velar_e	0.229607689	velar e	preceding vowel duration in ms	229.6076888
Baer_Henney_unpublished	tut3	LaKu	voiceless	velar_e	0.355045305	velar e	preceding vowel duration in ms	355.0453048
Baer_Henney_unpublished	tut3	AnRu	voiceless	velar_e	0.110858712	velar e	preceding vowel duration in ms	110.8587118
Baer_Henney_unpublished	tut3	LiRi	voiceless	velar_e	0.12984314	velar e	preceding vowel duration in ms	129.8431398
Baer_Henney_unpublished	tut3	MaKo	voiceless	velar_e	0.160680885	velar e	preceding vowel duration in ms	160.6808854
Baer_Henney_unpublished	tut3	MeDo	voiceless	velar_e	0.063400947	velar e	preceding vowel duration in ms	63.4009473
Baer_Henney_unpublished	tut2	RaRa	voiceless	velar_e	0.056103381	velar e	preceding vowel duration in ms	56.1033809
Baer_Henney_unpublished	tut3	KiSt	voiceless	velar_e	0.22264988	velar e	preceding vowel duration in ms	222.6498801
Baer_Henney_unpublished	tut3	LaKu	voiceless	velar_e	0.355045305	velar e	preceding vowel duration in ms	355.0453048
Baer_Henney_unpublished	tut9	KaKe	voiceless	velar_e	0.187132805	velar e	preceding vowel duration in ms	187.1328051
Baer_Henney_unpublished	tut7	BeNi	voiceless	velar_e	0.140258452	velar e	preceding vowel duration in ms	140.2584522
Baer_Henney_unpublished	tut7	BeNi	voiceless	velar_e	0.140258452	velar e	preceding vowel duration in ms	140.2584522
Baer_Henney_unpublished	tut9	ViBe	voiceless	velar_e	0.116436698	velar e	preceding vowel duration in ms	116.4366977
Baer_Henney_unpublished	tut9	KaKe	voiceless	velar_E	0.179467124	velar E	preceding vowel duration in ms	179.4671239
Baer_Henney_unpublished	tut10	RuYi	voiceless	velar_e	0.212084055	velar e	preceding vowel duration in ms	212.0840551
Baer_Henney_unpublished	tut9	EdGr	voiceless	alveolar_i	0.092899724	alveolar i	preceding vowel duration in ms	92.8997241
Baer_Henney_unpublished	tut4	SvBo	voiceless	alveolar_i	0.130874827	alveolar i	preceding vowel duration in ms	130.8748272
Baer_Henney_unpublished	tut4	SvBo	voiceless	alveolar_i	0.124333427	alveolar i	preceding vowel duration in ms	124.3334273
Baer_Henney_unpublished	tut4	CoLa	voiced	alveolar_i	0.204447004	alveolar i	preceding vowel duration in ms	204.4470044
Baer_Henney_unpublished	tut4	HaAl	voiced	alveolar_i	0.255039883	alveolar i	preceding vowel duration in ms	255.039883
Baer_Henney_unpublished	tut4	KaGr	voiced	alveolar_i	0.148199714	alveolar i	preceding vowel duration in ms	148.1997143
Baer_Henney_unpublished	tut9	KaKe	voiced	alveolar_i	0.192543874	alveolar i	preceding vowel duration in ms	192.5438742
Baer_Henney_unpublished	tut4	KaRe	voiced	alveolar_i	0.137180439	alveolar i	preceding vowel duration in ms	137.1804392
Baer_Henney_unpublished	tut4	MaKu	voiced	alveolar_i	0.101251069	alveolar i	preceding vowel duration in ms	101.2510687
Baer_Henney_unpublished	tut4	StKa	voiced	alveolar_i	0.110031649	alveolar i	preceding vowel duration in ms	110.0316492
Baer_Henney_unpublished	tut4	SvBo	voiced	alveolar_i	0.151440836	alveolar i	preceding vowel duration in ms	151.4408363
Baer_Henney_unpublished	tut4	CaBa	voiced	alveolar_i	0.362027295	alveolar i	preceding vowel duration in ms	362.0272945
Baer_Henney_unpublished	tut4	GaPr	voiced	alveolar_i	0.097761424	alveolar i	preceding vowel duration in ms	97.7614237
Baer_Henney_unpublished	tut4	VaSm	voiced	alveolar_i	0.118996193	alveolar i	preceding vowel duration in ms	118.9961925
Baer_Henney_unpublished	tut1	HaSa	voiced	alveolar_i	0.087400283	alveolar i	preceding vowel duration in ms	87.4002831
Baer_Henney_unpublished	tut9	KaKe	voiced	alveolar_i	0.114985218	alveolar i	preceding vowel duration in ms	114.9852176
Baer_Henney_unpublished	tut9	KaKe	voiced	alveolar_i	0.192092952	alveolar i	preceding vowel duration in ms	192.0929518
Baer_Henney_unpublished	tut7	Beck	voiced	alveolar_i	0.178520888	alveolar i	preceding vowel duration in ms	178.5208876
Baer_Henney_unpublished	tut1	CaMu	voiced	alveolar_i	0.126009383	alveolar i	preceding vowel duration in ms	126.0093827
Baer_Henney_unpublished	tut4	CoLa	voiced	alveolar_i	0.092394319	alveolar i	preceding vowel duration in ms	92.3943193
Baer_Henney_unpublished	tut4	KaGr	voiced	alveolar_i	0.128386918	alveolar i	preceding vowel duration in ms	128.3869182
Baer_Henney_unpublished	tut4	KaRe	voiced	alveolar_i	0.118893503	alveolar i	preceding vowel duration in ms	118.8935025
Baer_Henney_unpublished	tut4	MaKu	voiced	alveolar_i	0.081631959	alveolar i	preceding vowel duration in ms	81.6319592
Baer_Henney_unpublished	tut4	StKa	voiced	alveolar_i	0.162166346	alveolar i	preceding vowel duration in ms	162.1663459
Baer_Henney_unpublished	tut4	SvBo	voiced	alveolar_i	0.117787071	alveolar i	preceding vowel duration in ms	117.7870706
Baer_Henney_unpublished	tut3	LaKu	voiced	alveolar_i	0.507207578	alveolar i	preceding vowel duration in ms	507.2075783
Baer_Henney_unpublished	tut3	AnRu	voiced	alveolar_i	0.080836208	alveolar i	preceding vowel duration in ms	80.8362078
Baer_Henney_unpublished	tut4	CoLa	voiced	alveolar_i	0.096325992	alveolar i	preceding vowel duration in ms	96.3259924
Baer_Henney_unpublished	tut4	HaAl	voiced	alveolar_i	0.118794507	alveolar i	preceding vowel duration in ms	118.7945073
Baer_Henney_unpublished	tut4	KaGr	voiced	alveolar_i	0.131155235	alveolar i	preceding vowel duration in ms	131.1552349
Baer_Henney_unpublished	tut4	KaRe	voiced	alveolar_i	0.124882701	alveolar i	preceding vowel duration in ms	124.8827014
Baer_Henney_unpublished	tut3	LiRi	voiced	alveolar_i	0.118481865	alveolar i	preceding vowel duration in ms	118.481865
Baer_Henney_unpublished	tut3	MaKo	voiced	alveolar_i	0.182591915	alveolar i	preceding vowel duration in ms	182.5919153
Baer_Henney_unpublished	tut4	MaKu	voiced	alveolar_i	0.128964776	alveolar i	preceding vowel duration in ms	128.9647759
Baer_Henney_unpublished	tut3	MeDo	voiced	alveolar_i	0.079251184	alveolar i	preceding vowel duration in ms	79.2511841
Baer_Henney_unpublished	tut3	KiSt	voiced	alveolar_i	0.231926958	alveolar i	preceding vowel duration in ms	231.9269584
Baer_Henney_unpublished	tut6	AnHo	voiced	alveolar_i	0.181780396	alveolar i	preceding vowel duration in ms	181.7803957
Baer_Henney_unpublished	tut9	AnKu	voiced	alveolar_i	0.123631372	alveolar i	preceding vowel duration in ms	123.6313724
Baer_Henney_unpublished	tut9	DaHe	voiced	alveolar_i	0.051125736	alveolar i	preceding vowel duration in ms	51.1257355
Baer_Henney_unpublished	tut9	EdGr	voiced	alveolar_i	0.099845498	alveolar i	preceding vowel duration in ms	99.8454978
Baer_Henney_unpublished	tut8	JeHa	voiced	alveolar_i	0.115213908	alveolar i	preceding vowel duration in ms	115.2139084
Baer_Henney_unpublished	tut3	JeJe	voiced	alveolar_i	0.050720758	alveolar i	preceding vowel duration in ms	50.7207578
Baer_Henney_unpublished	tut9	MaRo	voiced	alveolar_i	0.115333074	alveolar i	preceding vowel duration in ms	115.3330735
Baer_Henney_unpublished	tut8	SoBe	voiced	alveolar_i	0.227225405	alveolar i	preceding vowel duration in ms	227.225405
Baer_Henney_unpublished	tut9	VaHu	voiced	alveolar_i	0.218762372	alveolar i	preceding vowel duration in ms	218.7623722
Baer_Henney_unpublished	tut9	ViBe	voiced	alveolar_i	0.121288227	alveolar i	preceding vowel duration in ms	121.2882267
Baer_Henney_unpublished	tut9	AnKu	voiced	alveolar_i	0.152161689	alveolar i	preceding vowel duration in ms	152.1616891
Baer_Henney_unpublished	tut9	DaHe	voiced	alveolar_i	0.043822059	alveolar i	preceding vowel duration in ms	43.822059
Baer_Henney_unpublished	tut9	EdGr	voiced	alveolar_i	0.091163281	alveolar i	preceding vowel duration in ms	91.1632806
Baer_Henney_unpublished	tut8	JeHa	voiced	alveolar_i	0.120012703	alveolar i	preceding vowel duration in ms	120.0127029
Baer_Henney_unpublished	tut9	MaRo	voiced	alveolar_i	0.146119342	alveolar i	preceding vowel duration in ms	146.1193416
Baer_Henney_unpublished	tut8	PaNu	voiced	alveolar_i	0.138351301	alveolar i	preceding vowel duration in ms	138.3513006
Baer_Henney_unpublished	tut8	SoBe	voiced	alveolar_i	0.204502865	alveolar i	preceding vowel duration in ms	204.5028645
Baer_Henney_unpublished	tut9	VaHu	voiced	alveolar_i	0.059662465	alveolar i	preceding vowel duration in ms	59.6624651
Baer_Henney_unpublished	tut9	ViBe	voiced	alveolar_i	0.157674695	alveolar i	preceding vowel duration in ms	157.6746948
Baer_Henney_unpublished	tut7	Beck	voiced	alveolar_i	0.141920371	alveolar i	preceding vowel duration in ms	141.9203709
Baer_Henney_unpublished	tut6	AnHo	voiced	alveolar_i	0.265142384	alveolar i	preceding vowel duration in ms	265.1423841
Baer_Henney_unpublished	tut9	AnKu	voiced	alveolar_i	0.187032076	alveolar i	preceding vowel duration in ms	187.0320762
Baer_Henney_unpublished	tut1	CaMu	voiced	alveolar_i	0.132349478	alveolar i	preceding vowel duration in ms	132.3494775
Baer_Henney_unpublished	tut10	ClGo	voiced	alveolar_i	0.14482288	alveolar i	preceding vowel duration in ms	144.8228796
Baer_Henney_unpublished	tut9	DaHe	voiced	alveolar_i	0.049502696	alveolar i	preceding vowel duration in ms	49.5026963
Baer_Henney_unpublished	tut10	DiTu	voiced	alveolar_i	0.139375144	alveolar i	preceding vowel duration in ms	139.375144
Baer_Henney_unpublished	tut9	EdGr	voiced	alveolar_i	0.091163281	alveolar i	preceding vowel duration in ms	91.1632806
Baer_Henney_unpublished	tut10	JoTh	voiced	alveolar_i	0.082476159	alveolar i	preceding vowel duration in ms	82.4761592
Baer_Henney_unpublished	tut1	KaTh	voiced	alveolar_i	0.133141989	alveolar i	preceding vowel duration in ms	133.1419893
Baer_Henney_unpublished	tut6	MaHo	voiced	alveolar_i	0.102251473	alveolar i	preceding vowel duration in ms	102.2514726
Baer_Henney_unpublished	tut9	MaRo	voiced	alveolar_i	0.143632912	alveolar i	preceding vowel duration in ms	143.632912
Baer_Henney_unpublished	tut6	MlHa	voiced	alveolar_i	0.15318314	alveolar i	preceding vowel duration in ms	153.1831402
Baer_Henney_unpublished	tut10	PhLu	voiced	alveolar_i	0.121344084	alveolar i	preceding vowel duration in ms	121.3440841
Baer_Henney_unpublished	tut9	VaHu	voiced	alveolar_i	0.127460741	alveolar i	preceding vowel duration in ms	127.4607412
Baer_Henney_unpublished	tut9	ViBe	voiced	alveolar_i	0.184358105	alveolar i	preceding vowel duration in ms	184.3581047
Baer_Henney_unpublished	tut6	AlSt	voiced	alveolar_i	0.197504021	alveolar i	preceding vowel duration in ms	197.5040208
Baer_Henney_unpublished	tut6	AnHo	voiced	alveolar_i	0.183074503	alveolar i	preceding vowel duration in ms	183.0745033
Baer_Henney_unpublished	tut7	AnHu	voiced	alveolar_i	0.11871303	alveolar i	preceding vowel duration in ms	118.7130299
Baer_Henney_unpublished	tut9	AnKu	voiced	alveolar_i	0.171181985	alveolar i	preceding vowel duration in ms	171.1819852
Baer_Henney_unpublished	tut7	BeNi	voiced	alveolar_i	0.140258452	alveolar i	preceding vowel duration in ms	140.2584522
Baer_Henney_unpublished	tut7	BeNi	voiced	alveolar_i	0.140258452	alveolar i	preceding vowel duration in ms	140.2584522
Baer_Henney_unpublished	tut1	CaMu	voiced	alveolar_i	0.112536681	alveolar i	preceding vowel duration in ms	112.5366814
Baer_Henney_unpublished	tut10	ClGo	voiced	alveolar_i	0.127161553	alveolar i	preceding vowel duration in ms	127.1615528
Baer_Henney_unpublished	tut2	DaAr	voiced	alveolar_i	0.062623207	alveolar i	preceding vowel duration in ms	62.6232074
Baer_Henney_unpublished	tut9	DaHe	voiced	alveolar_i	0.051125736	alveolar i	preceding vowel duration in ms	51.1257363
Baer_Henney_unpublished	tut10	DiTu	voiced	alveolar_i	0.140365904	alveolar i	preceding vowel duration in ms	140.3659037
Baer_Henney_unpublished	tut9	EdGr	voiced	alveolar_i	0.091163281	alveolar i	preceding vowel duration in ms	91.1632806
Baer_Henney_unpublished	tut7	FrSc	voiced	alveolar_i	0.219974283	alveolar i	preceding vowel duration in ms	219.9742829
Baer_Henney_unpublished	tut2	JeMe	voiced	alveolar_i	0.13972273	alveolar i	preceding vowel duration in ms	139.72273
Baer_Henney_unpublished	tut10	JoTh	voiced	alveolar_i	0.110658865	alveolar i	preceding vowel duration in ms	110.6588647
Baer_Henney_unpublished	tut7	JuSo	voiced	alveolar_i	0.181780396	alveolar i	preceding vowel duration in ms	181.7803957
Baer_Henney_unpublished	tut1	KaTh	voiced	alveolar_i	0.171182558	alveolar i	preceding vowel duration in ms	171.1825577
Baer_Henney_unpublished	tut2	MaGe	voiced	alveolar_i	0.111927276	alveolar i	preceding vowel duration in ms	111.9272758
Baer_Henney_unpublished	tut6	MaHo	voiced	alveolar_i	0.106309071	alveolar i	preceding vowel duration in ms	106.3090707
Baer_Henney_unpublished	tut7	MaMe	voiced	alveolar_i	0.153839225	alveolar i	preceding vowel duration in ms	153.8392245
Baer_Henney_unpublished	tut7	MaRe	voiced	alveolar_i	0.136335297	alveolar i	preceding vowel duration in ms	136.3352967
Baer_Henney_unpublished	tut9	MaRo	voiced	alveolar_i	0.15451434	alveolar i	preceding vowel duration in ms	154.5143404
Baer_Henney_unpublished	tut2	MaSc	voiced	alveolar_i	0.379783304	alveolar i	preceding vowel duration in ms	379.7833039
Baer_Henney_unpublished	tut7	MiMi	voiced	alveolar_i	0.160299508	alveolar i	preceding vowel duration in ms	160.2995081
Baer_Henney_unpublished	tut2	MiPa	voiced	alveolar_i	0.100407144	alveolar i	preceding vowel duration in ms	100.4071439
Baer_Henney_unpublished	tut6	MlHa	voiced	alveolar_i	0.200316414	alveolar i	preceding vowel duration in ms	200.3164141
Baer_Henney_unpublished	tut2	MoSc	voiced	alveolar_i	0.224783969	alveolar i	preceding vowel duration in ms	224.7839686
Baer_Henney_unpublished	tut10	PhLu	voiced	alveolar_i	0.120812958	alveolar i	preceding vowel duration in ms	120.8129584
Baer_Henney_unpublished	tut2	RoBe	voiced	alveolar_i	0.108221381	alveolar i	preceding vowel duration in ms	108.2213813
Baer_Henney_unpublished	tut7	SaBa	voiced	alveolar_i	0.116984911	alveolar i	preceding vowel duration in ms	116.9849112
Baer_Henney_unpublished	tut2	SeUc	voiced	alveolar_i	0.074634934	alveolar i	preceding vowel duration in ms	74.6349341
Baer_Henney_unpublished	tut2	SiCa	voiced	alveolar_i	0.140036894	alveolar i	preceding vowel duration in ms	140.0368936
Baer_Henney_unpublished	tut9	VaHu	voiced	alveolar_i	0.11118944	alveolar i	preceding vowel duration in ms	111.1894402
Baer_Henney_unpublished	tut7	VaMa	voiced	alveolar_i	0.108737466	alveolar i	preceding vowel duration in ms	108.7374657
Baer_Henney_unpublished	tut7	VaSc	voiced	alveolar_i	0.067094178	alveolar i	preceding vowel duration in ms	67.0941782
Baer_Henney_unpublished	tut9	ViBe	voiced	alveolar_i	0.203764221	alveolar i	preceding vowel duration in ms	203.7642209
Baer_Henney_unpublished	tut7	YuVo	voiced	alveolar_i	0.153202757	alveolar i	preceding vowel duration in ms	153.2027572
Baer_Henney_unpublished	tut7	AnHu	voiced	alveolar_i	0.105327603	alveolar i	preceding vowel duration in ms	105.3276031
Baer_Henney_unpublished	tut7	Beck	voiced	alveolar_i	0.119152781	alveolar i	preceding vowel duration in ms	119.152781
Baer_Henney_unpublished	tut7	BeNi	voiced	alveolar_i	0.231426446	alveolar i	preceding vowel duration in ms	231.4264461
Baer_Henney_unpublished	tut7	BeNi	voiced	alveolar_i	0.231426446	alveolar i	preceding vowel duration in ms	231.4264461
Baer_Henney_unpublished	tut7	FrSc	voiced	alveolar_i	0.216332775	alveolar i	preceding vowel duration in ms	216.3327754
Baer_Henney_unpublished	tut2	JeMe	voiced	alveolar_i	0.191024019	alveolar i	preceding vowel duration in ms	191.0240189
Baer_Henney_unpublished	tut7	JuSo	voiced	alveolar_i	0.155811768	alveolar i	preceding vowel duration in ms	155.8117677
Baer_Henney_unpublished	tut9	KaKe	voiced	alveolar_i	0.117690752	alveolar i	preceding vowel duration in ms	117.6907521
Baer_Henney_unpublished	tut2	MaGe	voiced	alveolar_i	0.098427606	alveolar i	preceding vowel duration in ms	98.4276057
Baer_Henney_unpublished	tut7	MaMe	voiced	alveolar_i	0.121368296	alveolar i	preceding vowel duration in ms	121.3682964
Baer_Henney_unpublished	tut7	MaRe	voiced	alveolar_i	0.136335297	alveolar i	preceding vowel duration in ms	136.3352967
Baer_Henney_unpublished	tut2	MaSc	voiced	alveolar_i	0.178124238	alveolar i	preceding vowel duration in ms	178.1242382
Baer_Henney_unpublished	tut7	MiMi	voiced	alveolar_i	0.112882183	alveolar i	preceding vowel duration in ms	112.8821832
Baer_Henney_unpublished	tut2	MiPa	voiced	alveolar_i	0.08602108	alveolar i	preceding vowel duration in ms	86.0210801
Baer_Henney_unpublished	tut2	MoSc	voiced	alveolar_i	0.166964628	alveolar i	preceding vowel duration in ms	166.9646284
Baer_Henney_unpublished	tut2	RoBe	voiced	alveolar_i	0.11363245	alveolar i	preceding vowel duration in ms	113.6324503
Baer_Henney_unpublished	tut7	SaBa	voiced	alveolar_i	0.141489757	alveolar i	preceding vowel duration in ms	141.4897569
Baer_Henney_unpublished	tut2	SeUc	voiced	alveolar_i	0.111952401	alveolar i	preceding vowel duration in ms	111.9524012
Baer_Henney_unpublished	tut2	SiCa	voiced	alveolar_i	0.149685624	alveolar i	preceding vowel duration in ms	149.6856235
Baer_Henney_unpublished	tut7	VaMa	voiced	alveolar_i	0.114504311	alveolar i	preceding vowel duration in ms	114.5043113
Baer_Henney_unpublished	tut7	VaSc	voiced	alveolar_i	0.089458904	alveolar i	preceding vowel duration in ms	89.4589043
Baer_Henney_unpublished	tut7	YuVo	voiced	alveolar_i	0.114263723	alveolar i	preceding vowel duration in ms	114.2637231
Baer_Henney_unpublished	tut3	AnRu	voiced	alveolar_i	0.077119104	alveolar i	preceding vowel duration in ms	77.1191039
Baer_Henney_unpublished	tut3	LiRi	voiced	alveolar_i	0.142827454	alveolar i	preceding vowel duration in ms	142.8274537
Baer_Henney_unpublished	tut3	MaKo	voiced	alveolar_i	0.119597705	alveolar i	preceding vowel duration in ms	119.5977045
Baer_Henney_unpublished	tut3	MeDo	voiced	alveolar_i	0.118876776	alveolar i	preceding vowel duration in ms	118.8767762
Baer_Henney_unpublished	tut3	KiSt	voiced	alveolar_i	0.220330611	alveolar i	preceding vowel duration in ms	220.3306105
Baer_Henney_unpublished	tut3	LaKu	voiced	alveolar_i	0.45648682	alveolar i	preceding vowel duration in ms	456.4868204
Baer_Henney_unpublished	tut4	CoLa	voiceless	alveolar_i	0.147437744	alveolar i	preceding vowel duration in ms	147.4377435
Baer_Henney_unpublished	tut4	HaAl	voiceless	alveolar_i	0.226851264	alveolar i	preceding vowel duration in ms	226.8512644
Baer_Henney_unpublished	tut4	KaGr	voiceless	alveolar_i	0.115706729	alveolar i	preceding vowel duration in ms	115.7067288
Baer_Henney_unpublished	tut4	KaRe	voiceless	alveolar_i	0.126394276	alveolar i	preceding vowel duration in ms	126.3942764
Baer_Henney_unpublished	tut4	StKa	voiceless	alveolar_i	0.154208945	alveolar i	preceding vowel duration in ms	154.2089448
Baer_Henney_unpublished	tut7	Beck	voiceless	alveolar_i	0.197829847	alveolar i	preceding vowel duration in ms	197.8298467
Baer_Henney_unpublished	tut7	Beck	voiceless	alveolar_i	0.199632466	alveolar i	preceding vowel duration in ms	199.6324662
Baer_Henney_unpublished	tut1	HaSa	voiceless	alveolar_i	0.068485297	alveolar i	preceding vowel duration in ms	68.4852965
Baer_Henney_unpublished	tut3	JeJe	voiceless	alveolar_i	0.063400947	alveolar i	preceding vowel duration in ms	63.4009473
Baer_Henney_unpublished	tut1	HaSa	voiceless	alveolar_i	0.109576474	alveolar i	preceding vowel duration in ms	109.5764744
Baer_Henney_unpublished	tut4	CoLa	voiceless	alveolar_i	0.081582218	alveolar i	preceding vowel duration in ms	81.5822181
Baer_Henney_unpublished	tut4	HaAl	voiceless	alveolar_i	0.13892917	alveolar i	preceding vowel duration in ms	138.9291695
Baer_Henney_unpublished	tut4	KaGr	voiceless	alveolar_i	0.10561047	alveolar i	preceding vowel duration in ms	105.61047
Baer_Henney_unpublished	tut4	KaRe	voiceless	alveolar_i	0.118809336	alveolar i	preceding vowel duration in ms	118.8093364
Baer_Henney_unpublished	tut4	MaKu	voiceless	alveolar_i	0.077241669	alveolar i	preceding vowel duration in ms	77.241669
Baer_Henney_unpublished	tut3	LaKu	voiceless	alveolar_i	0.304324547	alveolar i	preceding vowel duration in ms	304.324547
Baer_Henney_unpublished	tut3	AnRu	voiceless	alveolar_i	0.091931374	alveolar i	preceding vowel duration in ms	91.9313736
Baer_Henney_unpublished	tut4	CoLa	voiceless	alveolar_i	0.134659806	alveolar i	preceding vowel duration in ms	134.6598058
Baer_Henney_unpublished	tut4	HaAl	voiceless	alveolar_i	0.126182705	alveolar i	preceding vowel duration in ms	126.1827051
Baer_Henney_unpublished	tut3	JeJe	voiceless	alveolar_i	0.101441516	alveolar i	preceding vowel duration in ms	101.4415157
Baer_Henney_unpublished	tut3	JuEh	voiceless	alveolar_i	0.14674678	alveolar i	preceding vowel duration in ms	146.7467799
Baer_Henney_unpublished	tut4	KaGr	voiceless	alveolar_i	0.136312037	alveolar i	preceding vowel duration in ms	136.3120367
Baer_Henney_unpublished	tut3	LiRi	voiceless	alveolar_i	0.188272553	alveolar i	preceding vowel duration in ms	188.2725526
Baer_Henney_unpublished	tut3	MaKo	voiceless	alveolar_i	0.244673167	alveolar i	preceding vowel duration in ms	244.6731665
Baer_Henney_unpublished	tut4	MaKu	voiceless	alveolar_i	0.13280628	alveolar i	preceding vowel duration in ms	132.8062799
Baer_Henney_unpublished	tut3	MeDo	voiceless	alveolar_i	0.095101421	alveolar i	preceding vowel duration in ms	95.1014209
Baer_Henney_unpublished	tut4	StKa	voiceless	alveolar_i	0.131708661	alveolar i	preceding vowel duration in ms	131.7086608
Baer_Henney_unpublished	tut3	KiSt	voiceless	alveolar_i	0.215692071	alveolar i	preceding vowel duration in ms	215.6920713
Baer_Henney_unpublished	tut6	AnHo	voiceless	alveolar_i	0.246701966	alveolar i	preceding vowel duration in ms	246.7019655
Baer_Henney_unpublished	tut9	AnKu	voiceless	alveolar_i	0.136311446	alveolar i	preceding vowel duration in ms	136.3114455
Baer_Henney_unpublished	tut9	DaHe	voiceless	alveolar_i	0.102251471	alveolar i	preceding vowel duration in ms	102.251471
Baer_Henney_unpublished	tut9	EdGr	voiceless	alveolar_i	0.089426837	alveolar i	preceding vowel duration in ms	89.4268372
Baer_Henney_unpublished	tut8	JeHa	voiceless	alveolar_i	0.106842077	alveolar i	preceding vowel duration in ms	106.8420771
Baer_Henney_unpublished	tut3	JeJe	voiceless	alveolar_i	0.114121705	alveolar i	preceding vowel duration in ms	114.1217051
Baer_Henney_unpublished	tut9	MaRo	voiceless	alveolar_i	0.144546051	alveolar i	preceding vowel duration in ms	144.5460505
Baer_Henney_unpublished	tut8	PaNu	voiceless	alveolar_i	0.143548988	alveolar i	preceding vowel duration in ms	143.5489882
Baer_Henney_unpublished	tut8	SoBe	voiceless	alveolar_i	0.207748942	alveolar i	preceding vowel duration in ms	207.7489417
Baer_Henney_unpublished	tut9	VaHu	voiceless	alveolar_i	0.105576527	alveolar i	preceding vowel duration in ms	105.5765266
Baer_Henney_unpublished	tut9	ViBe	voiceless	alveolar_i	0.223734558	alveolar i	preceding vowel duration in ms	223.734558
Baer_Henney_unpublished	tut9	AnKu	voiceless	alveolar_i	0.171182335	alveolar i	preceding vowel duration in ms	171.1823346
Baer_Henney_unpublished	tut1	CaMu	voiceless	alveolar_i	0.149784738	alveolar i	preceding vowel duration in ms	149.784738
Baer_Henney_unpublished	tut9	DaHe	voiceless	alveolar_i	0.124162502	alveolar i	preceding vowel duration in ms	124.1625024
Baer_Henney_unpublished	tut1	HaSa	voiceless	alveolar_i	0.062615128	alveolar i	preceding vowel duration in ms	62.6151282
Baer_Henney_unpublished	tut8	JeHa	voiceless	alveolar_i	0.159637114	alveolar i	preceding vowel duration in ms	159.6371137
Baer_Henney_unpublished	tut1	KaTh	voiceless	alveolar_i	0.177522652	alveolar i	preceding vowel duration in ms	177.5226524
Baer_Henney_unpublished	tut8	PaNu	voiceless	alveolar_i	0.128154692	alveolar i	preceding vowel duration in ms	128.1546923
Baer_Henney_unpublished	tut8	SoBe	voiceless	alveolar_i	0.110366669	alveolar i	preceding vowel duration in ms	110.3666688
Baer_Henney_unpublished	tut9	VaHu	voiceless	alveolar_i	0.059662921	alveolar i	preceding vowel duration in ms	59.6629206
Baer_Henney_unpublished	tut4	StKa	voiceless	alveolar_i	0.124162896	alveolar i	preceding vowel duration in ms	124.1628959
Baer_Henney_unpublished	tut6	AlSt	voiceless	alveolar_i	0.125356433	alveolar i	preceding vowel duration in ms	125.3564333
Baer_Henney_unpublished	tut6	AnHo	voiceless	alveolar_i	0.183976348	alveolar i	preceding vowel duration in ms	183.9763482
Baer_Henney_unpublished	tut9	AnKu	voiceless	alveolar_i	0.11412155	alveolar i	preceding vowel duration in ms	114.12155
Baer_Henney_unpublished	tut1	CaMu	voiceless	alveolar_i	0.133934501	alveolar i	preceding vowel duration in ms	133.9345011
Baer_Henney_unpublished	tut5	ClFi	voiceless	alveolar_i	0.172253302	alveolar i	preceding vowel duration in ms	172.2533016
Baer_Henney_unpublished	tut10	ClGo	voiceless	alveolar_i	0.102435695	alveolar i	preceding vowel duration in ms	102.4356954
Baer_Henney_unpublished	tut5	DaDr	voiceless	alveolar_i	0.068817079	alveolar i	preceding vowel duration in ms	68.8170786
Baer_Henney_unpublished	tut9	DaHe	voiceless	alveolar_i	0.052748776	alveolar i	preceding vowel duration in ms	52.7487755
Baer_Henney_unpublished	tut10	DiTu	voiceless	alveolar_i	0.109423713	alveolar i	preceding vowel duration in ms	109.4237128
Baer_Henney_unpublished	tut9	EdGr	voiceless	alveolar_i	0.098109054	alveolar i	preceding vowel duration in ms	98.1090544
Baer_Henney_unpublished	tut5	IsRa	voiceless	alveolar_i	0.106290399	alveolar i	preceding vowel duration in ms	106.290399
Baer_Henney_unpublished	tut5	JeSc	voiceless	alveolar_i	0.096860439	alveolar i	preceding vowel duration in ms	96.8604386
Baer_Henney_unpublished	tut10	JoTh	voiceless	alveolar_i	0.119623753	alveolar i	preceding vowel duration in ms	119.623753
Baer_Henney_unpublished	tut1	KaTh	voiceless	alveolar_i	0.1204618	alveolar i	preceding vowel duration in ms	120.4617998
Baer_Henney_unpublished	tut6	MaHo	voiceless	alveolar_i	0.10874363	alveolar i	preceding vowel duration in ms	108.7436295
Baer_Henney_unpublished	tut9	MaRo	voiceless	alveolar_i	0.160008881	alveolar i	preceding vowel duration in ms	160.0088809
Baer_Henney_unpublished	tut6	MlHa	voiceless	alveolar_i	0.176749777	alveolar i	preceding vowel duration in ms	176.7497771
Baer_Henney_unpublished	tut10	PhLu	voiceless	alveolar_i	0.11900978	alveolar i	preceding vowel duration in ms	119.0097799
Baer_Henney_unpublished	tut9	VaHu	voiceless	alveolar_i	0.121133809	alveolar i	preceding vowel duration in ms	121.1338085
Baer_Henney_unpublished	tut6	AnHo	voiceless	alveolar_i	0.288900986	alveolar i	preceding vowel duration in ms	288.9009859
Baer_Henney_unpublished	tut7	AnHu	voiceless	alveolar_i	0.106444508	alveolar i	preceding vowel duration in ms	106.4445075
Baer_Henney_unpublished	tut9	AnKu	voiceless	alveolar_i	0.152161614	alveolar i	preceding vowel duration in ms	152.1616136
Baer_Henney_unpublished	tut5	ClFi	voiceless	alveolar_i	0.15173025	alveolar i	preceding vowel duration in ms	151.7302504
Baer_Henney_unpublished	tut10	ClGo	voiceless	alveolar_i	0.102435695	alveolar i	preceding vowel duration in ms	102.4356954
Baer_Henney_unpublished	tut2	DaAr	voiceless	alveolar_i	0.112987213	alveolar i	preceding vowel duration in ms	112.9872126
Baer_Henney_unpublished	tut5	DaDr	voiceless	alveolar_i	0.064974654	alveolar i	preceding vowel duration in ms	64.9746542
Baer_Henney_unpublished	tut9	DaHe	voiceless	alveolar_i	0.047879657	alveolar i	preceding vowel duration in ms	47.879657
Baer_Henney_unpublished	tut10	DiTu	voiceless	alveolar_i	0.131190875	alveolar i	preceding vowel duration in ms	131.190875
Baer_Henney_unpublished	tut9	EdGr	voiceless	alveolar_i	0.092031502	alveolar i	preceding vowel duration in ms	92.0315023
Baer_Henney_unpublished	tut7	FrSc	voiceless	alveolar_i	0.229298532	alveolar i	preceding vowel duration in ms	229.2985319
Baer_Henney_unpublished	tut1	HaSa	voiceless	alveolar_i	0.074355465	alveolar i	preceding vowel duration in ms	74.3554647
Baer_Henney_unpublished	tut5	IsRa	voiceless	alveolar_i	0.10870609	alveolar i	preceding vowel duration in ms	108.7060899
Baer_Henney_unpublished	tut2	JeMe	voiceless	alveolar_i	0.146715171	alveolar i	preceding vowel duration in ms	146.715171
Baer_Henney_unpublished	tut5	JeSc	voiceless	alveolar_i	0.096119088	alveolar i	preceding vowel duration in ms	96.1190878
Baer_Henney_unpublished	tut10	JoTh	voiceless	alveolar_i	0.079934192	alveolar i	preceding vowel duration in ms	79.9341915
Baer_Henney_unpublished	tut7	JuSo	voiceless	alveolar_i	0.12984314	alveolar i	preceding vowel duration in ms	129.8431398
Baer_Henney_unpublished	tut1	KaTh	voiceless	alveolar_i	0.1204618	alveolar i	preceding vowel duration in ms	120.4617998
Baer_Henney_unpublished	tut2	MaGe	voiceless	alveolar_i	0.104338138	alveolar i	preceding vowel duration in ms	104.3381376
Baer_Henney_unpublished	tut6	MaHo	voiceless	alveolar_i	0.073848286	alveolar i	preceding vowel duration in ms	73.8482857
Baer_Henney_unpublished	tut7	MaMe	voiceless	alveolar_i	0.136695859	alveolar i	preceding vowel duration in ms	136.6958588
Baer_Henney_unpublished	tut7	MaRe	voiceless	alveolar_i	0.103874512	alveolar i	preceding vowel duration in ms	103.8745118
Baer_Henney_unpublished	tut9	MaRo	voiceless	alveolar_i	0.14784654	alveolar i	preceding vowel duration in ms	147.8465398
Baer_Henney_unpublished	tut7	MiMi	voiceless	alveolar_i	0.163752638	alveolar i	preceding vowel duration in ms	163.7526379
Baer_Henney_unpublished	tut2	MiPa	voiceless	alveolar_i	0.092513237	alveolar i	preceding vowel duration in ms	92.5132371
Baer_Henney_unpublished	tut6	MlHa	voiceless	alveolar_i	0.159074799	alveolar i	preceding vowel duration in ms	159.0747994
Baer_Henney_unpublished	tut2	MoSc	voiceless	alveolar_i	0.144702676	alveolar i	preceding vowel duration in ms	144.7026763
Baer_Henney_unpublished	tut10	PhLu	voiceless	alveolar_i	0.102781174	alveolar i	preceding vowel duration in ms	102.7811735
Baer_Henney_unpublished	tut2	RoBe	voiceless	alveolar_i	0.151509934	alveolar i	preceding vowel duration in ms	151.5099338
Baer_Henney_unpublished	tut7	SaBa	voiceless	alveolar_i	0.10377707	alveolar i	preceding vowel duration in ms	103.77707
Baer_Henney_unpublished	tut2	SiCa	voiceless	alveolar_i	0.1581811	alveolar i	preceding vowel duration in ms	158.1811003
Baer_Henney_unpublished	tut7	TcQu	voiceless	alveolar_i	0.078247065	alveolar i	preceding vowel duration in ms	78.2470648
Baer_Henney_unpublished	tut7	TcQu	voiceless	alveolar_i	0.067562297	alveolar i	preceding vowel duration in ms	67.5622968
Baer_Henney_unpublished	tut9	VaHu	voiceless	alveolar_i	0.143765474	alveolar i	preceding vowel duration in ms	143.7654739
Baer_Henney_unpublished	tut7	VaMa	voiceless	alveolar_i	0.085653266	alveolar i	preceding vowel duration in ms	85.6532659
Baer_Henney_unpublished	tut7	VaSc	voiceless	alveolar_i	0.095050086	alveolar i	preceding vowel duration in ms	95.0500858
Baer_Henney_unpublished	tut9	ViBe	voiceless	alveolar_i	0.12856552	alveolar i	preceding vowel duration in ms	128.5655204
Baer_Henney_unpublished	tut7	YuVo	voiceless	alveolar_i	0.113829546	alveolar i	preceding vowel duration in ms	113.8295456
Baer_Henney_unpublished	tut7	AnHu	voiceless	alveolar_i	0.087854589	alveolar i	preceding vowel duration in ms	87.8545889
Baer_Henney_unpublished	tut2	DaAr	voiceless	alveolar_i	0.11726161	alveolar i	preceding vowel duration in ms	117.2616096
Baer_Henney_unpublished	tut7	FrSc	voiceless	alveolar_i	0.18989637	alveolar i	preceding vowel duration in ms	189.8963703
Baer_Henney_unpublished	tut3	JeJe	voiceless	alveolar_i	0.057060853	alveolar i	preceding vowel duration in ms	57.0608526
Baer_Henney_unpublished	tut2	JeMe	voiceless	alveolar_i	0.111535481	alveolar i	preceding vowel duration in ms	111.5354806
Baer_Henney_unpublished	tut7	JuSo	voiceless	alveolar_i	0.12984314	alveolar i	preceding vowel duration in ms	129.8431398
Baer_Henney_unpublished	tut2	MaGe	voiceless	alveolar_i	0.081497868	alveolar i	preceding vowel duration in ms	81.4978677
Baer_Henney_unpublished	tut7	MaMe	voiceless	alveolar_i	0.14821236	alveolar i	preceding vowel duration in ms	148.2123597
Baer_Henney_unpublished	tut7	MaRe	voiceless	alveolar_i	0.116858826	alveolar i	preceding vowel duration in ms	116.8588258
Baer_Henney_unpublished	tut2	MaSc	voiceless	alveolar_i	0.182616766	alveolar i	preceding vowel duration in ms	182.6167655
Baer_Henney_unpublished	tut7	MiMi	voiceless	alveolar_i	0.161573224	alveolar i	preceding vowel duration in ms	161.5732236
Baer_Henney_unpublished	tut2	MiPa	voiceless	alveolar_i	0.126191301	alveolar i	preceding vowel duration in ms	126.1913014
Baer_Henney_unpublished	tut2	MoSc	voiceless	alveolar_i	0.149155066	alveolar i	preceding vowel duration in ms	149.1550663
Baer_Henney_unpublished	tut2	RoBe	voiceless	alveolar_i	0.133473037	alveolar i	preceding vowel duration in ms	133.4730369
Baer_Henney_unpublished	tut7	SaBa	voiceless	alveolar_i	0.168637724	alveolar i	preceding vowel duration in ms	168.637724
Baer_Henney_unpublished	tut2	SeUc	voiceless	alveolar_i	0.08122037	alveolar i	preceding vowel duration in ms	81.2203695
Baer_Henney_unpublished	tut2	SiCa	voiceless	alveolar_i	0.139283374	alveolar i	preceding vowel duration in ms	139.283374
Baer_Henney_unpublished	tut7	TcQu	voiceless	alveolar_i	0.095382066	alveolar i	preceding vowel duration in ms	95.382066
Baer_Henney_unpublished	tut7	VaMa	voiceless	alveolar_i	0.08627986	alveolar i	preceding vowel duration in ms	86.2798596
Baer_Henney_unpublished	tut7	VaSc	voiceless	alveolar_i	0.050320634	alveolar i	preceding vowel duration in ms	50.3206337
Baer_Henney_unpublished	tut7	YuVo	voiceless	alveolar_i	0.134637097	alveolar i	preceding vowel duration in ms	134.6370969
Baer_Henney_unpublished	tut3	AnRu	voiceless	alveolar_i	0.074892369	alveolar i	preceding vowel duration in ms	74.892369
Baer_Henney_unpublished	tut3	JuEh	voiceless	alveolar_i	0.106338246	alveolar i	preceding vowel duration in ms	106.3382463
Baer_Henney_unpublished	tut3	LiRi	voiceless	alveolar_i	0.102251473	alveolar i	preceding vowel duration in ms	102.2514726
Baer_Henney_unpublished	tut3	MaKo	voiceless	alveolar_i	0.157029047	alveolar i	preceding vowel duration in ms	157.0290471
Baer_Henney_unpublished	tut3	MeDo	voiceless	alveolar_i	0.039625592	alveolar i	preceding vowel duration in ms	39.6255921
Baer_Henney_unpublished	tut3	KiSt	voiceless	alveolar_i	0.208734263	alveolar i	preceding vowel duration in ms	208.7342626
Baer_Henney_unpublished	tut3	LaKu	voiceless	alveolar_i	0.304324547	alveolar i	preceding vowel duration in ms	304.324547
Baer_Henney_unpublished	tut9	KaKe	voiceless	alveolar_i	0.164586684	alveolar i	preceding vowel duration in ms	164.586684
Baer_Henney_unpublished	tut9	KaKe	voiceless	alveolar_i	0.103261235	alveolar i	preceding vowel duration in ms	103.2612346
Baer_Henney_unpublished	tut9	ViBe	voiceless	alveolar_i	0.201338502	alveolar i	preceding vowel duration in ms	201.3385015
Baer_Henney_unpublished	tut7	BeNi	voiceless	alveolar_i	0.182335988	alveolar i	preceding vowel duration in ms	182.3359878
Baer_Henney_unpublished	tut7	BeNi	voiceless	alveolar_i	0.182335988	alveolar i	preceding vowel duration in ms	182.3359878
Baer_Henney_unpublished	tut9	KaKe	voiceless	alveolar_i	0.146098865	alveolar i	preceding vowel duration in ms	146.0988647
Baer_Henney_unpublished	tut4	SvBo	voiceless	labial_i	0.110308091	labial i	preceding vowel duration in ms	110.3080905
Baer_Henney_unpublished	tut4	KaGr	voiceless	labial_i	0.158606338	labial i	preceding vowel duration in ms	158.6063377
Baer_Henney_unpublished	tut9	EdGr	voiced	labial_i	0.092899724	labial i	preceding vowel duration in ms	92.8997241
Baer_Henney_unpublished	tut6	MaHo	voiced	labial_i	0.072225247	labial i	preceding vowel duration in ms	72.2252465
Baer_Henney_unpublished	tut3	MaKo	voiced	labial_i	0.167984562	labial i	preceding vowel duration in ms	167.9845621
Baer_Henney_unpublished	tut6	MlHa	voiced	labial_i	0.200316414	labial i	preceding vowel duration in ms	200.3164141
Baer_Henney_unpublished	tut2	SeUc	voiced	labial_i	0.08561066	labial i	preceding vowel duration in ms	85.6106597
Baer_Henney_unpublished	tut6	AnHo	voiced	labial_i	0.279162751	labial i	preceding vowel duration in ms	279.1627505
Baer_Henney_unpublished	tut6	MaHo	voiced	labial_i	0.06370429	labial i	preceding vowel duration in ms	63.7042904
Baer_Henney_unpublished	tut6	MlHa	voiced	labial_i	0.182641436	labial i	preceding vowel duration in ms	182.6414364
Baer_Henney_unpublished	tut4	CoLa	voiced	labial_i	0.114018522	labial i	preceding vowel duration in ms	114.0185217
Baer_Henney_unpublished	tut4	HaAl	voiced	labial_i	0.175846484	labial i	preceding vowel duration in ms	175.8464842
Baer_Henney_unpublished	tut4	KaGr	voiced	labial_i	0.100649004	labial i	preceding vowel duration in ms	100.6490038
Baer_Henney_unpublished	tut4	KaRe	voiced	labial_i	0.094071657	labial i	preceding vowel duration in ms	94.0716567
Baer_Henney_unpublished	tut4	MaKu	voiced	labial_i	0.122928127	labial i	preceding vowel duration in ms	122.9281268
Baer_Henney_unpublished	tut4	StKa	voiced	labial_i	0.182197045	labial i	preceding vowel duration in ms	182.1970451
Baer_Henney_unpublished	tut4	SvBo	voiced	labial_i	0.351493823	labial i	preceding vowel duration in ms	351.4938233
Baer_Henney_unpublished	tut7	Beck	voiced	labial_i	0.128253661	labial i	preceding vowel duration in ms	128.2536608
Baer_Henney_unpublished	tut9	KaKe	voiced	labial_i	0.137080416	labial i	preceding vowel duration in ms	137.0804163
Baer_Henney_unpublished	tut4	CoLa	voiced	labial_i	0.087479728	labial i	preceding vowel duration in ms	87.4797278
Baer_Henney_unpublished	tut4	HaAl	voiced	labial_i	0.150338812	labial i	preceding vowel duration in ms	150.3388115
Baer_Henney_unpublished	tut8	JeHa	voiced	labial_i	0.112643495	labial i	preceding vowel duration in ms	112.6434952
Baer_Henney_unpublished	tut4	KaGr	voiced	labial_i	0.163181521	labial i	preceding vowel duration in ms	163.1815205
Baer_Henney_unpublished	tut4	KaRe	voiced	labial_i	0.120905417	labial i	preceding vowel duration in ms	120.905417
Baer_Henney_unpublished	tut4	MaKu	voiced	labial_i	0.131708707	labial i	preceding vowel duration in ms	131.7087073
Baer_Henney_unpublished	tut8	PaNu	voiced	labial_i	0.097699914	labial i	preceding vowel duration in ms	97.6999142
Baer_Henney_unpublished	tut8	SoBe	voiced	labial_i	0.185026474	labial i	preceding vowel duration in ms	185.0264741
Baer_Henney_unpublished	tut5	ClFi	voiced	labial_i	0.131954354	labial i	preceding vowel duration in ms	131.9543543
Baer_Henney_unpublished	tut5	DaDr	voiced	labial_i	0.100095132	labial i	preceding vowel duration in ms	100.095132
Baer_Henney_unpublished	tut5	IsRa	voiced	labial_i	0.146073532	labial i	preceding vowel duration in ms	146.0735322
Baer_Henney_unpublished	tut8	JeHa	voiced	labial_i	0.132432652	labial i	preceding vowel duration in ms	132.4326515
Baer_Henney_unpublished	tut5	JeSc	voiced	labial_i	0.105722461	labial i	preceding vowel duration in ms	105.7224612
Baer_Henney_unpublished	tut8	PaNu	voiced	labial_i	0.196987946	labial i	preceding vowel duration in ms	196.987946
Baer_Henney_unpublished	tut8	SoBe	voiced	labial_i	0.165549938	labial i	preceding vowel duration in ms	165.5499379
Baer_Henney_unpublished	tut6	AnHo	voiced	labial_i	0.299412488	labial i	preceding vowel duration in ms	299.4124882
Baer_Henney_unpublished	tut9	AnKu	voiced	labial_i	0.137896895	labial i	preceding vowel duration in ms	137.896895
Baer_Henney_unpublished	tut3	AnRu	voiced	labial_i	0.110323163	labial i	preceding vowel duration in ms	110.3231625
Baer_Henney_unpublished	tut5	ClFi	voiced	labial_i	0.174254202	labial i	preceding vowel duration in ms	174.2542018
Baer_Henney_unpublished	tut4	CoLa	voiced	labial_i	0.100257666	labial i	preceding vowel duration in ms	100.2576656
Baer_Henney_unpublished	tut5	DaDr	voiced	labial_i	0.073459104	labial i	preceding vowel duration in ms	73.4591041
Baer_Henney_unpublished	tut9	DaHe	voiced	labial_i	0.100628433	labial i	preceding vowel duration in ms	100.6284333
Baer_Henney_unpublished	tut9	EdGr	voiced	labial_i	0.1339232	labial i	preceding vowel duration in ms	133.9232003
Baer_Henney_unpublished	tut4	HaAl	voiced	labial_i	0.134902237	labial i	preceding vowel duration in ms	134.9022371
Baer_Henney_unpublished	tut5	IsRa	voiced	labial_i	0.110366669	labial i	preceding vowel duration in ms	110.3666688
Baer_Henney_unpublished	tut8	JeHa	voiced	labial_i	0.178256968	labial i	preceding vowel duration in ms	178.2569679
Baer_Henney_unpublished	tut5	JeSc	voiced	labial_i	0.084618922	labial i	preceding vowel duration in ms	84.6189223
Baer_Henney_unpublished	tut4	KaGr	voiced	labial_i	0.142593198	labial i	preceding vowel duration in ms	142.5931978
Baer_Henney_unpublished	tut4	KaRe	voiced	labial_i	0.138574273	labial i	preceding vowel duration in ms	138.5742731
Baer_Henney_unpublished	tut1	KaTh	voiced	labial_i	0.152162274	labial i	preceding vowel duration in ms	152.1622735
Baer_Henney_unpublished	tut3	LiRi	voiced	labial_i	0.113612747	labial i	preceding vowel duration in ms	113.6127473
Baer_Henney_unpublished	tut6	MaHo	voiced	labial_i	0.077500124	labial i	preceding vowel duration in ms	77.500124
Baer_Henney_unpublished	tut3	MaKo	voiced	labial_i	0.160680885	labial i	preceding vowel duration in ms	160.6808854
Baer_Henney_unpublished	tut4	MaKu	voiced	labial_i	0.111266418	labial i	preceding vowel duration in ms	111.2664184
Baer_Henney_unpublished	tut9	MaRo	voiced	labial_i	0.175798941	labial i	preceding vowel duration in ms	175.7989408
Baer_Henney_unpublished	tut3	MeDo	voiced	labial_i	0.115706729	labial i	preceding vowel duration in ms	115.7067288
Baer_Henney_unpublished	tut6	MlHa	voiced	labial_i	0.206208073	labial i	preceding vowel duration in ms	206.2080733
Baer_Henney_unpublished	tut8	PaNu	voiced	labial_i	0.122882003	labial i	preceding vowel duration in ms	122.8820032
Baer_Henney_unpublished	tut8	SoBe	voiced	labial_i	0.136335297	labial i	preceding vowel duration in ms	136.3352967
Baer_Henney_unpublished	tut4	StKa	voiced	labial_i	0.170672533	labial i	preceding vowel duration in ms	170.6725332
Baer_Henney_unpublished	tut9	VaHu	voiced	labial_i	0.079550561	labial i	preceding vowel duration in ms	79.5505608
Baer_Henney_unpublished	tut9	ViBe	voiced	labial_i	0.164952432	labial i	preceding vowel duration in ms	164.9524318
Baer_Henney_unpublished	tut3	KiSt	voiced	labial_i	0.178583758	labial i	preceding vowel duration in ms	178.583758
Baer_Henney_unpublished	tut3	LaKu	voiced	labial_i	0.45648682	labial i	preceding vowel duration in ms	456.4868204
Baer_Henney_unpublished	tut7	AnHu	voiced	labial_i	0.065947653	labial i	preceding vowel duration in ms	65.9476533
Baer_Henney_unpublished	tut9	AnKu	voiced	labial_i	0.139481364	labial i	preceding vowel duration in ms	139.4813638
Baer_Henney_unpublished	tut3	AnRu	voiced	labial_i	0.067479216	labial i	preceding vowel duration in ms	67.4792159
Baer_Henney_unpublished	tut7	BeNi	voiced	labial_i	0.238439369	labial i	preceding vowel duration in ms	238.4393687
Baer_Henney_unpublished	tut7	BeNi	voiced	labial_i	0.238439369	labial i	preceding vowel duration in ms	238.4393687
Baer_Henney_unpublished	tut10	ClGo	voiced	labial_i	0.188782481	labial i	preceding vowel duration in ms	188.7824805
Baer_Henney_unpublished	tut9	DaHe	voiced	labial_i	0.06329853	labial i	preceding vowel duration in ms	63.2985296
Baer_Henney_unpublished	tut10	DiTu	voiced	labial_i	0.128690823	labial i	preceding vowel duration in ms	128.6908232
Baer_Henney_unpublished	tut9	EdGr	voiced	labial_i	0.128496815	labial i	preceding vowel duration in ms	128.4968146
Baer_Henney_unpublished	tut7	FrSc	voiced	labial_i	0.230244205	labial i	preceding vowel duration in ms	230.2442052
Baer_Henney_unpublished	tut10	JoTh	voiced	labial_i	0.053108368	labial i	preceding vowel duration in ms	53.1083678
Baer_Henney_unpublished	tut7	JuSo	voiced	labial_i	0.181780396	labial i	preceding vowel duration in ms	181.7803957
Baer_Henney_unpublished	tut3	LiRi	voiced	labial_i	0.220733338	labial i	preceding vowel duration in ms	220.7333376
Baer_Henney_unpublished	tut7	MaMe	voiced	labial_i	0.16448219	labial i	preceding vowel duration in ms	164.4821898
Baer_Henney_unpublished	tut7	MaRe	voiced	labial_i	0.191518631	labial i	preceding vowel duration in ms	191.5186311
Baer_Henney_unpublished	tut9	MaRo	voiced	labial_i	0.155483329	labial i	preceding vowel duration in ms	155.4833294
Baer_Henney_unpublished	tut3	MeDo	voiced	labial_i	0.084006255	labial i	preceding vowel duration in ms	84.0062551
Baer_Henney_unpublished	tut10	PhLu	voiced	labial_i	0.059546896	labial i	preceding vowel duration in ms	59.5468956
Baer_Henney_unpublished	tut7	SaBa	voiced	labial_i	0.147416383	labial i	preceding vowel duration in ms	147.4163829
Baer_Henney_unpublished	tut7	TcQu	voiced	labial_i	0.059557035	labial i	preceding vowel duration in ms	59.5570351
Baer_Henney_unpublished	tut9	VaHu	voiced	labial_i	0.101152126	labial i	preceding vowel duration in ms	101.152126
Baer_Henney_unpublished	tut7	VaMa	voiced	labial_i	0.052009588	labial i	preceding vowel duration in ms	52.009588
Baer_Henney_unpublished	tut7	VaSc	voiced	labial_i	0.055911815	labial i	preceding vowel duration in ms	55.9118152
Baer_Henney_unpublished	tut9	ViBe	voiced	labial_i	0.215884223	labial i	preceding vowel duration in ms	215.8842226
Baer_Henney_unpublished	tut7	YuVo	voiced	labial_i	0.189588412	labial i	preceding vowel duration in ms	189.5884121
Baer_Henney_unpublished	tut3	KiSt	voiced	labial_i	0.11132494	labial i	preceding vowel duration in ms	111.32494
Baer_Henney_unpublished	tut3	LaKu	voiced	labial_i	0.304324547	labial i	preceding vowel duration in ms	304.324547
Baer_Henney_unpublished	tut7	AnHu	voiced	labial_i	0.089698438	labial i	preceding vowel duration in ms	89.6984384
Baer_Henney_unpublished	tut9	AnKu	voiced	labial_i	0.142651725	labial i	preceding vowel duration in ms	142.6517251
Baer_Henney_unpublished	tut7	BeNi	voiced	labial_i	0.168310143	labial i	preceding vowel duration in ms	168.3101426
Baer_Henney_unpublished	tut7	BeNi	voiced	labial_i	0.168310143	labial i	preceding vowel duration in ms	168.3101426
Baer_Henney_unpublished	tut10	ClGo	voiced	labial_i	0.077709838	labial i	preceding vowel duration in ms	77.7098379
Baer_Henney_unpublished	tut2	DaAr	voiced	labial_i	0.149511163	labial i	preceding vowel duration in ms	149.5111634
Baer_Henney_unpublished	tut9	DaHe	voiced	labial_i	0.050719977	labial i	preceding vowel duration in ms	50.7199765
Baer_Henney_unpublished	tut10	DiTu	voiced	labial_i	0.120406271	labial i	preceding vowel duration in ms	120.4062712
Baer_Henney_unpublished	tut7	FrSc	voiced	labial_i	0.230373477	labial i	preceding vowel duration in ms	230.3734765
Baer_Henney_unpublished	tut2	JeMe	voiced	labial_i	0.164703559	labial i	preceding vowel duration in ms	164.703559
Baer_Henney_unpublished	tut10	JoTh	voiced	labial_i	0.055434758	labial i	preceding vowel duration in ms	55.4347583
Baer_Henney_unpublished	tut7	JuSo	voiced	labial_i	0.103874512	labial i	preceding vowel duration in ms	103.8745118
Baer_Henney_unpublished	tut2	MaGe	voiced	labial_i	0.101792401	labial i	preceding vowel duration in ms	101.7924012
Baer_Henney_unpublished	tut7	MaMe	voiced	labial_i	0.112678363	labial i	preceding vowel duration in ms	112.6783628
Baer_Henney_unpublished	tut7	MaRe	voiced	labial_i	0.126597061	labial i	preceding vowel duration in ms	126.5970613
Baer_Henney_unpublished	tut9	MaRo	voiced	labial_i	0.192659115	labial i	preceding vowel duration in ms	192.6591149
Baer_Henney_unpublished	tut2	MaSc	voiced	labial_i	0.195977155	labial i	preceding vowel duration in ms	195.9771548
Baer_Henney_unpublished	tut7	MiMi	voiced	labial_i	0.118289332	labial i	preceding vowel duration in ms	118.2893324
Baer_Henney_unpublished	tut2	MiPa	voiced	labial_i	0.070196447	labial i	preceding vowel duration in ms	70.1964474
Baer_Henney_unpublished	tut2	MoSc	voiced	labial_i	0.181434896	labial i	preceding vowel duration in ms	181.4348962
Baer_Henney_unpublished	tut10	PhLu	voiced	labial_i	0.103729594	labial i	preceding vowel duration in ms	103.7295936
Baer_Henney_unpublished	tut2	RoBe	voiced	labial_i	0.147902554	labial i	preceding vowel duration in ms	147.9025544
Baer_Henney_unpublished	tut7	SaBa	voiced	labial_i	0.137190138	labial i	preceding vowel duration in ms	137.1901384
Baer_Henney_unpublished	tut2	SeUc	voiced	labial_i	0.087805805	labial i	preceding vowel duration in ms	87.8058049
Baer_Henney_unpublished	tut2	SiCa	voiced	labial_i	0.136072898	labial i	preceding vowel duration in ms	136.0728981
Baer_Henney_unpublished	tut7	TcQu	voiced	labial_i	0.107397932	labial i	preceding vowel duration in ms	107.3979321
Baer_Henney_unpublished	tut9	VaHu	voiced	labial_i	0.049266952	labial i	preceding vowel duration in ms	49.266952
Baer_Henney_unpublished	tut7	VaMa	voiced	labial_i	0.059017125	labial i	preceding vowel duration in ms	59.0171253
Baer_Henney_unpublished	tut7	VaSc	voiced	labial_i	0.09365229	labial i	preceding vowel duration in ms	93.6522904
Baer_Henney_unpublished	tut9	ViBe	voiced	labial_i	0.130991314	labial i	preceding vowel duration in ms	130.9913142
Baer_Henney_unpublished	tut7	YuVo	voiced	labial_i	0.168523033	labial i	preceding vowel duration in ms	168.523033
Baer_Henney_unpublished	tut2	SiCa	voiced	labial_i	0.138819561	labial i	preceding vowel duration in ms	138.8195607
Baer_Henney_unpublished	tut6	AnHo	voiceless	labial_i	0.246701966	labial i	preceding vowel duration in ms	246.7019655
Baer_Henney_unpublished	tut2	SeUc	voiceless	labial_i	0.087805805	labial i	preceding vowel duration in ms	87.8058049
Baer_Henney_unpublished	tut6	MaHo	voiceless	labial_i	0.083992281	labial i	preceding vowel duration in ms	83.992281
Baer_Henney_unpublished	tut6	MlHa	voiceless	labial_i	0.170858118	labial i	preceding vowel duration in ms	170.8581179
Baer_Henney_unpublished	tut6	AnHo	voiceless	labial_i	0.220733338	labial i	preceding vowel duration in ms	220.7333376
Baer_Henney_unpublished	tut6	MaHo	voiceless	labial_i	0.059646692	labial i	preceding vowel duration in ms	59.6466923
Baer_Henney_unpublished	tut6	MlHa	voiceless	labial_i	0.147291481	labial i	preceding vowel duration in ms	147.2914809
Baer_Henney_unpublished	tut7	Beck	voiceless	labial_i	0.2263318	labial i	preceding vowel duration in ms	226.3318003
Baer_Henney_unpublished	tut4	CoLa	voiceless	labial_i	0.100257666	labial i	preceding vowel duration in ms	100.2576656
Baer_Henney_unpublished	tut4	HaAl	voiceless	labial_i	0.153694589	labial i	preceding vowel duration in ms	153.6945885
Baer_Henney_unpublished	tut4	KaRe	voiceless	labial_i	0.105735103	labial i	preceding vowel duration in ms	105.7351031
Baer_Henney_unpublished	tut4	MaKu	voiceless	labial_i	0.120732982	labial i	preceding vowel duration in ms	120.7329817
Baer_Henney_unpublished	tut4	CoLa	voiceless	labial_i	0.094360156	labial i	preceding vowel duration in ms	94.3601559
Baer_Henney_unpublished	tut4	HaAl	voiceless	labial_i	0.133559926	labial i	preceding vowel duration in ms	133.5599263
Baer_Henney_unpublished	tut8	JeHa	voiceless	labial_i	0.089217397	labial i	preceding vowel duration in ms	89.2173971
Baer_Henney_unpublished	tut4	KaGr	voiceless	labial_i	0.14640585	labial i	preceding vowel duration in ms	146.4058502
Baer_Henney_unpublished	tut4	KaRe	voiceless	labial_i	0.099048814	labial i	preceding vowel duration in ms	99.0488138
Baer_Henney_unpublished	tut4	MaKu	voiceless	labial_i	0.084513087	labial i	preceding vowel duration in ms	84.5130872
Baer_Henney_unpublished	tut8	PaNu	voiceless	labial_i	0.162528052	labial i	preceding vowel duration in ms	162.5280515
Baer_Henney_unpublished	tut8	SoBe	voiceless	labial_i	0.178534247	labial i	preceding vowel duration in ms	178.5342468
Baer_Henney_unpublished	tut5	ClFi	voiceless	labial_i	0.155422717	labial i	preceding vowel duration in ms	155.4227173
Baer_Henney_unpublished	tut5	DaDr	voiceless	labial_i	0.098458273	labial i	preceding vowel duration in ms	98.458273
Baer_Henney_unpublished	tut5	IsRa	voiceless	labial_i	0.157019908	labial i	preceding vowel duration in ms	157.0199076
Baer_Henney_unpublished	tut8	JeHa	voiceless	labial_i	0.109044464	labial i	preceding vowel duration in ms	109.0444635
Baer_Henney_unpublished	tut5	JeSc	voiceless	labial_i	0.110994579	labial i	preceding vowel duration in ms	110.9945785
Baer_Henney_unpublished	tut1	KaTh	voiceless	labial_i	0.139482084	labial i	preceding vowel duration in ms	139.482084
Baer_Henney_unpublished	tut8	PaNu	voiceless	labial_i	0.161412773	labial i	preceding vowel duration in ms	161.4127728
Baer_Henney_unpublished	tut8	SoBe	voiceless	labial_i	0.159057784	labial i	preceding vowel duration in ms	159.0577835
Baer_Henney_unpublished	tut9	AnKu	voiceless	labial_i	0.161671795	labial i	preceding vowel duration in ms	161.6717947
Baer_Henney_unpublished	tut3	AnRu	voiceless	labial_i	0.123176346	labial i	preceding vowel duration in ms	123.1763464
Baer_Henney_unpublished	tut1	CaMu	voiceless	labial_i	0.145822179	labial i	preceding vowel duration in ms	145.8221787
Baer_Henney_unpublished	tut5	ClFi	voiceless	labial_i	0.160456303	labial i	preceding vowel duration in ms	160.4563031
Baer_Henney_unpublished	tut4	CoLa	voiceless	labial_i	0.062906771	labial i	preceding vowel duration in ms	62.9067706
Baer_Henney_unpublished	tut5	DaDr	voiceless	labial_i	0.080284247	labial i	preceding vowel duration in ms	80.2842472
Baer_Henney_unpublished	tut9	DaHe	voiceless	labial_i	0.038952941	labial i	preceding vowel duration in ms	38.9529413
Baer_Henney_unpublished	tut9	EdGr	voiceless	labial_i	0.108527715	labial i	preceding vowel duration in ms	108.527715
Baer_Henney_unpublished	tut4	HaAl	voiceless	labial_i	0.14765419	labial i	preceding vowel duration in ms	147.6541898
Baer_Henney_unpublished	tut5	IsRa	voiceless	labial_i	0.111121781	labial i	preceding vowel duration in ms	111.1217807
Baer_Henney_unpublished	tut8	JeHa	voiceless	labial_i	0.10354849	labial i	preceding vowel duration in ms	103.5484896
Baer_Henney_unpublished	tut5	JeSc	voiceless	labial_i	0.085282513	labial i	preceding vowel duration in ms	85.2825129
Baer_Henney_unpublished	tut4	KaGr	voiceless	labial_i	0.099891492	labial i	preceding vowel duration in ms	99.8914915
Baer_Henney_unpublished	tut4	KaRe	voiceless	labial_i	0.108435943	labial i	preceding vowel duration in ms	108.4359428
Baer_Henney_unpublished	tut1	KaTh	voiceless	labial_i	0.114121705	labial i	preceding vowel duration in ms	114.1217051
Baer_Henney_unpublished	tut6	MaHo	voiceless	labial_i	0.097788115	labial i	preceding vowel duration in ms	97.7881146
Baer_Henney_unpublished	tut3	MaKo	voiceless	labial_i	0.140595775	labial i	preceding vowel duration in ms	140.5957748
Baer_Henney_unpublished	tut4	MaKu	voiceless	labial_i	0.11881223	labial i	preceding vowel duration in ms	118.8122297
Baer_Henney_unpublished	tut9	MaRo	voiceless	labial_i	0.130729186	labial i	preceding vowel duration in ms	130.7291861
Baer_Henney_unpublished	tut3	MeDo	voiceless	labial_i	0.098271468	labial i	preceding vowel duration in ms	98.2714683
Baer_Henney_unpublished	tut6	MlHa	voiceless	labial_i	0.200316414	labial i	preceding vowel duration in ms	200.3164141
Baer_Henney_unpublished	tut8	PaNu	voiceless	labial_i	0.146953139	labial i	preceding vowel duration in ms	146.953139
Baer_Henney_unpublished	tut8	SoBe	voiceless	labial_i	0.194764633	labial i	preceding vowel duration in ms	194.7646328
Baer_Henney_unpublished	tut4	StKa	voiceless	labial_i	0.145153971	labial i	preceding vowel duration in ms	145.1539712
Baer_Henney_unpublished	tut9	VaHu	voiceless	labial_i	0.112093116	labial i	preceding vowel duration in ms	112.0931163
Baer_Henney_unpublished	tut3	KiSt	voiceless	labial_i	0.164668141	labial i	preceding vowel duration in ms	164.6681405
Baer_Henney_unpublished	tut3	LaKu	voiceless	labial_i	0.405766063	labial i	preceding vowel duration in ms	405.7660626
Baer_Henney_unpublished	tut7	AnHu	voiceless	labial_i	0.060641827	labial i	preceding vowel duration in ms	60.6418268
Baer_Henney_unpublished	tut9	AnKu	voiceless	labial_i	0.133141478	labial i	preceding vowel duration in ms	133.141478
Baer_Henney_unpublished	tut3	AnRu	voiceless	labial_i	0.135799029	labial i	preceding vowel duration in ms	135.7990292
Baer_Henney_unpublished	tut10	ClGo	voiceless	labial_i	0.123629288	labial i	preceding vowel duration in ms	123.6292875
Baer_Henney_unpublished	tut9	DaHe	voiceless	labial_i	0.024345588	labial i	preceding vowel duration in ms	24.3455883
Baer_Henney_unpublished	tut10	DiTu	voiceless	labial_i	0.157575887	labial i	preceding vowel duration in ms	157.5758872
Baer_Henney_unpublished	tut9	EdGr	voiceless	labial_i	0.08595395	labial i	preceding vowel duration in ms	85.9539503
Baer_Henney_unpublished	tut10	JoTh	voiceless	labial_i	0.083960567	labial i	preceding vowel duration in ms	83.9605672
Baer_Henney_unpublished	tut7	JuSo	voiceless	labial_i	0.181780396	labial i	preceding vowel duration in ms	181.7803957
Baer_Henney_unpublished	tut3	LiRi	voiceless	labial_i	0.206125984	labial i	preceding vowel duration in ms	206.1259844
Baer_Henney_unpublished	tut3	MaKo	voiceless	labial_i	0.157029047	labial i	preceding vowel duration in ms	157.0290471
Baer_Henney_unpublished	tut7	MaMe	voiceless	labial_i	0.137339638	labial i	preceding vowel duration in ms	137.3396383
Baer_Henney_unpublished	tut7	MaRe	voiceless	labial_i	0.113612747	labial i	preceding vowel duration in ms	113.6127473
Baer_Henney_unpublished	tut9	MaRo	voiceless	labial_i	0.114819428	labial i	preceding vowel duration in ms	114.8194281
Baer_Henney_unpublished	tut3	MeDo	voiceless	labial_i	0.091931374	labial i	preceding vowel duration in ms	91.9313736
Baer_Henney_unpublished	tut7	MiMi	voiceless	labial_i	0.19716615	labial i	preceding vowel duration in ms	197.1661504
Baer_Henney_unpublished	tut10	PhLu	voiceless	labial_i	0.072127139	labial i	preceding vowel duration in ms	72.1271393
Baer_Henney_unpublished	tut7	SaBa	voiceless	labial_i	0.129204899	labial i	preceding vowel duration in ms	129.2048993
Baer_Henney_unpublished	tut7	TcQu	voiceless	labial_i	0.097220158	labial i	preceding vowel duration in ms	97.2201579
Baer_Henney_unpublished	tut9	VaHu	voiceless	labial_i	0.10666929	labial i	preceding vowel duration in ms	106.6692898
Baer_Henney_unpublished	tut7	VaMa	voiceless	labial_i	0.067007484	labial i	preceding vowel duration in ms	67.0074843
Baer_Henney_unpublished	tut7	VaSc	voiceless	labial_i	0.11182363	labial i	preceding vowel duration in ms	111.8236304
Baer_Henney_unpublished	tut9	ViBe	voiceless	labial_i	0.186783869	labial i	preceding vowel duration in ms	186.7838692
Baer_Henney_unpublished	tut7	YuVo	voiceless	labial_i	0.133413123	labial i	preceding vowel duration in ms	133.4131233
Baer_Henney_unpublished	tut3	KiSt	voiceless	labial_i	0.201776454	labial i	preceding vowel duration in ms	201.7764538
Baer_Henney_unpublished	tut3	LaKu	voiceless	labial_i	0.573332125	labial i	preceding vowel duration in ms	573.3321247
Baer_Henney_unpublished	tut7	AnHu	voiceless	labial_i	0.114232501	labial i	preceding vowel duration in ms	114.2325012
Baer_Henney_unpublished	tut10	ClGo	voiceless	labial_i	0.120097022	labial i	preceding vowel duration in ms	120.0970221
Baer_Henney_unpublished	tut2	DaAr	voiceless	labial_i	0.096974508	labial i	preceding vowel duration in ms	96.9745075
Baer_Henney_unpublished	tut9	DaHe	voiceless	labial_i	0.080746203	labial i	preceding vowel duration in ms	80.7462025
Baer_Henney_unpublished	tut10	DiTu	voiceless	labial_i	0.114046846	labial i	preceding vowel duration in ms	114.0468458
Baer_Henney_unpublished	tut9	EdGr	voiceless	labial_i	0.09072917	labial i	preceding vowel duration in ms	90.7291698
Baer_Henney_unpublished	tut7	FrSc	voiceless	labial_i	0.222641536	labial i	preceding vowel duration in ms	222.6415359
Baer_Henney_unpublished	tut3	JeJe	voiceless	labial_i	0.101441516	labial i	preceding vowel duration in ms	101.4415157
Baer_Henney_unpublished	tut2	JeMe	voiceless	labial_i	0.112824682	labial i	preceding vowel duration in ms	112.8246824
Baer_Henney_unpublished	tut10	JoTh	voiceless	labial_i	0.135007691	labial i	preceding vowel duration in ms	135.0076912
Baer_Henney_unpublished	tut7	JuSo	voiceless	labial_i	0.103874512	labial i	preceding vowel duration in ms	103.8745118
Baer_Henney_unpublished	tut2	MaGe	voiceless	labial_i	0.089629579	labial i	preceding vowel duration in ms	89.6295791
Baer_Henney_unpublished	tut7	MaMe	voiceless	labial_i	0.103004729	labial i	preceding vowel duration in ms	103.0047287
Baer_Henney_unpublished	tut7	MaRe	voiceless	labial_i	0.155811768	labial i	preceding vowel duration in ms	155.8117677
Baer_Henney_unpublished	tut2	MaSc	voiceless	labial_i	0.106213832	labial i	preceding vowel duration in ms	106.2138315
Baer_Henney_unpublished	tut7	MiMi	voiceless	labial_i	0.166956685	labial i	preceding vowel duration in ms	166.9566852
Baer_Henney_unpublished	tut2	MiPa	voiceless	labial_i	0.083992281	labial i	preceding vowel duration in ms	83.992281
Baer_Henney_unpublished	tut2	MoSc	voiceless	labial_i	0.260464817	labial i	preceding vowel duration in ms	260.4648173
Baer_Henney_unpublished	tut10	PhLu	voiceless	labial_i	0.088519283	labial i	preceding vowel duration in ms	88.5192825
Baer_Henney_unpublished	tut2	RoBe	voiceless	labial_i	0.108221381	labial i	preceding vowel duration in ms	108.2213813
Baer_Henney_unpublished	tut7	SaBa	voiceless	labial_i	0.108082206	labial i	preceding vowel duration in ms	108.0822062
Baer_Henney_unpublished	tut2	SiCa	voiceless	labial_i	0.076952968	labial i	preceding vowel duration in ms	76.9529677
Baer_Henney_unpublished	tut7	TcQu	voiceless	labial_i	0.03129724	labial i	preceding vowel duration in ms	31.2972404
Baer_Henney_unpublished	tut9	VaHu	voiceless	labial_i	0.059663072	labial i	preceding vowel duration in ms	59.6630724
Baer_Henney_unpublished	tut7	VaMa	voiceless	labial_i	0.076861986	labial i	preceding vowel duration in ms	76.861986
Baer_Henney_unpublished	tut7	VaSc	voiceless	labial_i	0.027955908	labial i	preceding vowel duration in ms	27.9559076
Baer_Henney_unpublished	tut7	YuVo	voiceless	labial_i	0.161564516	labial i	preceding vowel duration in ms	161.5645163
Baer_Henney_unpublished	tut10	RuYi	voiceless	labial_i	0.179610489	labial i	preceding vowel duration in ms	179.6104889
Baer_Henney_unpublished	tut10	SeGu	voiceless	labial_i	0.343633208	labial i	preceding vowel duration in ms	343.6332078
Baer_Henney_unpublished	tut2	DaAr	voiceless	labial_i	0.091715879	labial i	preceding vowel duration in ms	91.7158785
Baer_Henney_unpublished	tut2	JeMe	voiceless	labial_i	0.101396577	labial i	preceding vowel duration in ms	101.3965765
Baer_Henney_unpublished	tut2	MaGe	voiceless	labial_i	0.10596694	labial i	preceding vowel duration in ms	105.9669397
Baer_Henney_unpublished	tut2	MaSc	voiceless	labial_i	0.159720728	labial i	preceding vowel duration in ms	159.720728
Baer_Henney_unpublished	tut2	MiPa	voiceless	labial_i	0.063298531	labial i	preceding vowel duration in ms	63.2985306
Baer_Henney_unpublished	tut2	MoSc	voiceless	labial_i	0.209262334	labial i	preceding vowel duration in ms	209.2623342
Baer_Henney_unpublished	tut2	RoBe	voiceless	labial_i	0.097399243	labial i	preceding vowel duration in ms	97.3992431
Baer_Henney_unpublished	tut2	SeUc	voiceless	labial_i	0.076830079	labial i	preceding vowel duration in ms	76.8300793
Baer_Henney_unpublished	tut2	SiCa	voiceless	labial_i	0.133204125	labial i	preceding vowel duration in ms	133.2041254
Baer_Henney_unpublished	tut9	KaKe	voiceless	labial_i	0.13212027	labial i	preceding vowel duration in ms	132.1202696
Baer_Henney_unpublished	tut7	FrSc	voiceless	labial_i	0.255633938	labial i	preceding vowel duration in ms	255.633938
Baer_Henney_unpublished	tut7	BeNi	voiceless	labial_i	0.221352362	labial i	preceding vowel duration in ms	221.3523616
Baer_Henney_unpublished	tut7	BeNi	voiceless	labial_i	0.221352362	labial i	preceding vowel duration in ms	221.3523616
Baer_Henney_unpublished	tut3	JuEh	voiceless	velar_i	0.15100031	velar i	preceding vowel duration in ms	151.0003097
Baer_Henney_unpublished	tut4	SvBo	voiceless	velar_i	0.114983151	velar i	preceding vowel duration in ms	114.9831513
Baer_Henney_unpublished	tut4	SvBo	voiceless	velar_i	0.226227434	velar i	preceding vowel duration in ms	226.2274338
Baer_Henney_unpublished	tut10	RuYi	voiced	velar_i	0.250120869	velar i	preceding vowel duration in ms	250.1208694
Baer_Henney_unpublished	tut7	AnHu	voiced	velar_i	0.091489106	velar i	preceding vowel duration in ms	91.4891057
Baer_Henney_unpublished	tut7	Beck	voiced	velar_i	0.333352811	velar i	preceding vowel duration in ms	333.352811
Baer_Henney_unpublished	tut7	BeNi	voiced	velar_i	0.168310143	velar i	preceding vowel duration in ms	168.3101426
Baer_Henney_unpublished	tut7	BeNi	voiced	velar_i	0.168310143	velar i	preceding vowel duration in ms	168.3101426
Baer_Henney_unpublished	tut7	FrSc	voiced	velar_i	0.232295519	velar i	preceding vowel duration in ms	232.2955189
Baer_Henney_unpublished	tut1	HaSa	voiced	velar_i	0.082182356	velar i	preceding vowel duration in ms	82.1823558
Baer_Henney_unpublished	tut7	JuSo	voiced	velar_i	0.12984314	velar i	preceding vowel duration in ms	129.8431398
Baer_Henney_unpublished	tut7	MaMe	voiced	velar_i	0.174029028	velar i	preceding vowel duration in ms	174.0290284
Baer_Henney_unpublished	tut7	MaRe	voiced	velar_i	0.149706244	velar i	preceding vowel duration in ms	149.7062441
Baer_Henney_unpublished	tut7	MiMi	voiced	velar_i	0.123857771	velar i	preceding vowel duration in ms	123.8577707
Baer_Henney_unpublished	tut7	SaBa	voiced	velar_i	0.110795106	velar i	preceding vowel duration in ms	110.7951058
Baer_Henney_unpublished	tut7	TcQu	voiced	velar_i	0.044606755	velar i	preceding vowel duration in ms	44.6067547
Baer_Henney_unpublished	tut7	VaMa	voiced	velar_i	0.11269709	velar i	preceding vowel duration in ms	112.6970899
Baer_Henney_unpublished	tut7	VaSc	voiced	velar_i	0.095050086	velar i	preceding vowel duration in ms	95.0500858
Baer_Henney_unpublished	tut7	YuVo	voiced	velar_i	0.140435861	velar i	preceding vowel duration in ms	140.4358608
Baer_Henney_unpublished	tut4	CoLa	voiced	velar_i	0.076667627	velar i	preceding vowel duration in ms	76.6676266
Baer_Henney_unpublished	tut6	AnHo	voiced	velar_i	0.185780038	velar i	preceding vowel duration in ms	185.7800378
Baer_Henney_unpublished	tut4	CoLa	voiced	velar_i	0.108121012	velar i	preceding vowel duration in ms	108.1210119
Baer_Henney_unpublished	tut4	KaGr	voiced	velar_i	0.097478956	velar i	preceding vowel duration in ms	97.4789564
Baer_Henney_unpublished	tut4	KaRe	voiced	velar_i	0.100263757	velar i	preceding vowel duration in ms	100.2637573
Baer_Henney_unpublished	tut4	MaKu	voiced	velar_i	0.125672058	velar i	preceding vowel duration in ms	125.6720582
Baer_Henney_unpublished	tut4	SvBo	voiced	velar_i	0.107504822	velar i	preceding vowel duration in ms	107.5048223
Baer_Henney_unpublished	tut5	ClFi	voiced	velar_i	0.212690464	velar i	preceding vowel duration in ms	212.6904642
Baer_Henney_unpublished	tut5	DaDr	voiced	velar_i	0.076713209	velar i	preceding vowel duration in ms	76.7132091
Baer_Henney_unpublished	tut4	HaAl	voiced	velar_i	0.16376192	velar i	preceding vowel duration in ms	163.7619196
Baer_Henney_unpublished	tut5	IsRa	voiced	velar_i	0.147357144	velar i	preceding vowel duration in ms	147.357144
Baer_Henney_unpublished	tut5	JeSc	voiced	velar_i	0.164158874	velar i	preceding vowel duration in ms	164.1588744
Baer_Henney_unpublished	tut9	KaKe	voiced	velar_i	0.120847209	velar i	preceding vowel duration in ms	120.8472091
Baer_Henney_unpublished	tut4	KaRe	voiced	velar_i	0.106085866	velar i	preceding vowel duration in ms	106.0858662
Baer_Henney_unpublished	tut5	ClFi	voiced	velar_i	0.201932758	velar i	preceding vowel duration in ms	201.9327583
Baer_Henney_unpublished	tut5	DaDr	voiced	velar_i	0.070847522	velar i	preceding vowel duration in ms	70.8475219
Baer_Henney_unpublished	tut5	IsRa	voiced	velar_i	0.120784544	velar i	preceding vowel duration in ms	120.7845443
Baer_Henney_unpublished	tut8	JeHa	voiced	velar_i	0.15907432	velar i	preceding vowel duration in ms	159.0743202
Baer_Henney_unpublished	tut2	JeMe	voiced	velar_i	0.128214736	velar i	preceding vowel duration in ms	128.2147356
Baer_Henney_unpublished	tut5	JeSc	voiced	velar_i	0.119278547	velar i	preceding vowel duration in ms	119.2785467
Baer_Henney_unpublished	tut2	MaGe	voiced	velar_i	0.099269734	velar i	preceding vowel duration in ms	99.2697342
Baer_Henney_unpublished	tut6	MaHo	voiced	velar_i	0.081151962	velar i	preceding vowel duration in ms	81.1519623
Baer_Henney_unpublished	tut2	MaSc	voiced	velar_i	0.180499467	velar i	preceding vowel duration in ms	180.4994668
Baer_Henney_unpublished	tut2	MiPa	voiced	velar_i	0.115641546	velar i	preceding vowel duration in ms	115.6415463
Baer_Henney_unpublished	tut6	MlHa	voiced	velar_i	0.159074799	velar i	preceding vowel duration in ms	159.0747994
Baer_Henney_unpublished	tut2	MoSc	voiced	velar_i	0.212601627	velar i	preceding vowel duration in ms	212.6016268
Baer_Henney_unpublished	tut8	PaNu	voiced	velar_i	0.127389467	velar i	preceding vowel duration in ms	127.3894668
Baer_Henney_unpublished	tut2	RoBe	voiced	velar_i	0.119043519	velar i	preceding vowel duration in ms	119.0435194
Baer_Henney_unpublished	tut2	SeUc	voiced	velar_i	0.121830554	velar i	preceding vowel duration in ms	121.8305542
Baer_Henney_unpublished	tut2	SiCa	voiced	velar_i	0.160862895	velar i	preceding vowel duration in ms	160.8628951
Baer_Henney_unpublished	tut8	SoBe	voiced	velar_i	0.188272478	velar i	preceding vowel duration in ms	188.2724784
Baer_Henney_unpublished	tut6	AnHo	voiced	velar_i	0.202013245	velar i	preceding vowel duration in ms	202.013245
Baer_Henney_unpublished	tut7	AnHu	voiced	velar_i	0.120068352	velar i	preceding vowel duration in ms	120.0683518
Baer_Henney_unpublished	tut7	Beck	voiced	velar_i	0.13755359	velar i	preceding vowel duration in ms	137.5535902
Baer_Henney_unpublished	tut7	BeNi	voiced	velar_i	0.280516904	velar i	preceding vowel duration in ms	280.5169043
Baer_Henney_unpublished	tut7	BeNi	voiced	velar_i	0.280516904	velar i	preceding vowel duration in ms	280.5169043
Baer_Henney_unpublished	tut1	CaMu	voiced	velar_i	0.171182558	velar i	preceding vowel duration in ms	171.1825577
Baer_Henney_unpublished	tut5	ClFi	voiced	velar_i	0.153222764	velar i	preceding vowel duration in ms	153.2227638
Baer_Henney_unpublished	tut10	ClGo	voiced	velar_i	0.110383292	velar i	preceding vowel duration in ms	110.3832924
Baer_Henney_unpublished	tut2	DaAr	voiced	velar_i	0.11501467	velar i	preceding vowel duration in ms	115.0146702
Baer_Henney_unpublished	tut5	DaDr	voiced	velar_i	0.082205791	velar i	preceding vowel duration in ms	82.2057912
Baer_Henney_unpublished	tut10	DiTu	voiced	velar_i	0.089883301	velar i	preceding vowel duration in ms	89.8833014
Baer_Henney_unpublished	tut7	FrSc	voiced	velar_i	0.210227925	velar i	preceding vowel duration in ms	210.2279245
Baer_Henney_unpublished	tut5	IsRa	voiced	velar_i	0.152188526	velar i	preceding vowel duration in ms	152.1885258
Baer_Henney_unpublished	tut8	JeHa	voiced	velar_i	0.132020791	velar i	preceding vowel duration in ms	132.0207913
Baer_Henney_unpublished	tut2	JeMe	voiced	velar_i	0.139737061	velar i	preceding vowel duration in ms	139.7370613
Baer_Henney_unpublished	tut5	JeSc	voiced	velar_i	0.128102015	velar i	preceding vowel duration in ms	128.1020147
Baer_Henney_unpublished	tut10	JoTh	voiced	velar_i	0.152415291	velar i	preceding vowel duration in ms	152.4152907
Baer_Henney_unpublished	tut7	JuSo	voiced	velar_i	0.155811768	velar i	preceding vowel duration in ms	155.8117677
Baer_Henney_unpublished	tut9	KaKe	voiced	velar_i	0.05952176	velar i	preceding vowel duration in ms	59.5217597
Baer_Henney_unpublished	tut1	KaTh	voiced	velar_i	0.139482084	velar i	preceding vowel duration in ms	139.482084
Baer_Henney_unpublished	tut2	MaGe	voiced	velar_i	0.129472745	velar i	preceding vowel duration in ms	129.4727452
Baer_Henney_unpublished	tut6	MaHo	voiced	velar_i	0.090484438	velar i	preceding vowel duration in ms	90.484438
Baer_Henney_unpublished	tut7	MaMe	voiced	velar_i	0.175966412	velar i	preceding vowel duration in ms	175.9664116
Baer_Henney_unpublished	tut7	MaRe	voiced	velar_i	0.103874512	velar i	preceding vowel duration in ms	103.8745118
Baer_Henney_unpublished	tut2	MaSc	voiced	velar_i	0.249564662	velar i	preceding vowel duration in ms	249.5646619
Baer_Henney_unpublished	tut7	MiMi	voiced	velar_i	0.151782635	velar i	preceding vowel duration in ms	151.7826348
Baer_Henney_unpublished	tut2	MiPa	voiced	velar_i	0.122336583	velar i	preceding vowel duration in ms	122.3365832
Baer_Henney_unpublished	tut6	MlHa	voiced	velar_i	0.114887355	velar i	preceding vowel duration in ms	114.8873551
Baer_Henney_unpublished	tut2	MoSc	voiced	velar_i	0.195905162	velar i	preceding vowel duration in ms	195.9051618
Baer_Henney_unpublished	tut8	PaNu	voiced	velar_i	0.174294245	velar i	preceding vowel duration in ms	174.2942453
Baer_Henney_unpublished	tut10	PhLu	voiced	velar_i	0.100135232	velar i	preceding vowel duration in ms	100.1352317
Baer_Henney_unpublished	tut2	RoBe	voiced	velar_i	0.137080416	velar i	preceding vowel duration in ms	137.0804163
Baer_Henney_unpublished	tut7	SaBa	voiced	velar_i	0.1145635	velar i	preceding vowel duration in ms	114.5635001
Baer_Henney_unpublished	tut2	SeUc	voiced	velar_i	0.114147546	velar i	preceding vowel duration in ms	114.1475463
Baer_Henney_unpublished	tut2	SiCa	voiced	velar_i	0.153232497	velar i	preceding vowel duration in ms	153.2324967
Baer_Henney_unpublished	tut8	SoBe	voiced	velar_i	0.204502865	velar i	preceding vowel duration in ms	204.5028645
Baer_Henney_unpublished	tut7	TcQu	voiced	velar_i	0.140837582	velar i	preceding vowel duration in ms	140.8375819
Baer_Henney_unpublished	tut7	VaMa	voiced	velar_i	0.082548467	velar i	preceding vowel duration in ms	82.5484669
Baer_Henney_unpublished	tut7	VaSc	voiced	velar_i	0.083867723	velar i	preceding vowel duration in ms	83.8677228
Baer_Henney_unpublished	tut7	YuVo	voiced	velar_i	0.154220675	velar i	preceding vowel duration in ms	154.2206747
Baer_Henney_unpublished	tut10	SeGu	voiced	velar_i	0.348016284	velar i	preceding vowel duration in ms	348.0162844
Baer_Henney_unpublished	tut9	AnKu	voiced	velar_i	0.174352396	velar i	preceding vowel duration in ms	174.3523959
Baer_Henney_unpublished	tut1	CaMu	voiced	velar_i	0.126009383	velar i	preceding vowel duration in ms	126.0093827
Baer_Henney_unpublished	tut10	ClGo	voiced	velar_i	0.183677799	velar i	preceding vowel duration in ms	183.6777986
Baer_Henney_unpublished	tut10	DiTu	voiced	velar_i	0.129547337	velar i	preceding vowel duration in ms	129.5473369
Baer_Henney_unpublished	tut9	EdGr	voiced	velar_i	0.102450163	velar i	preceding vowel duration in ms	102.450163
Baer_Henney_unpublished	tut10	JoTh	voiced	velar_i	0.095365071	velar i	preceding vowel duration in ms	95.3650708
Baer_Henney_unpublished	tut1	KaTh	voiced	velar_i	0.088761326	velar i	preceding vowel duration in ms	88.7613262
Baer_Henney_unpublished	tut9	MaRo	voiced	velar_i	0.098993004	velar i	preceding vowel duration in ms	98.9930043
Baer_Henney_unpublished	tut10	PhLu	voiced	velar_i	0.04362831	velar i	preceding vowel duration in ms	43.62831
Baer_Henney_unpublished	tut9	VaHu	voiced	velar_i	0.108478037	velar i	preceding vowel duration in ms	108.4780374
Baer_Henney_unpublished	tut9	ViBe	voiced	velar_i	0.130991637	velar i	preceding vowel duration in ms	130.9916371
Baer_Henney_unpublished	tut10	RuYi	voiced	velar_i	0.573546144	velar i	preceding vowel duration in ms	573.5461435
Baer_Henney_unpublished	tut10	SeGu	voiced	velar_i	0.43129474	velar i	preceding vowel duration in ms	431.2947404
Baer_Henney_unpublished	tut9	AnKu	voiced	velar_i	0.142651513	velar i	preceding vowel duration in ms	142.6515128
Baer_Henney_unpublished	tut3	AnRu	voiced	velar_i	0.080836208	velar i	preceding vowel duration in ms	80.8362078
Baer_Henney_unpublished	tut10	ClGo	voiced	velar_i	0.148355145	velar i	preceding vowel duration in ms	148.355145
Baer_Henney_unpublished	tut9	DaHe	voiced	velar_i	0.048691177	velar i	preceding vowel duration in ms	48.6911766
Baer_Henney_unpublished	tut10	DiTu	voiced	velar_i	0.104179703	velar i	preceding vowel duration in ms	104.1797031
Baer_Henney_unpublished	tut9	EdGr	voiced	velar_i	0.127628593	velar i	preceding vowel duration in ms	127.6285929
Baer_Henney_unpublished	tut1	HaSa	voiced	velar_i	0.088052524	velar i	preceding vowel duration in ms	88.052524
Baer_Henney_unpublished	tut10	JoTh	voiced	velar_i	0.10638277	velar i	preceding vowel duration in ms	106.3827695
Baer_Henney_unpublished	tut3	LiRi	voiced	velar_i	0.19476471	velar i	preceding vowel duration in ms	194.7647096
Baer_Henney_unpublished	tut3	MaKo	voiced	velar_i	0.13146617	velar i	preceding vowel duration in ms	131.4661696
Baer_Henney_unpublished	tut9	MaRo	voiced	velar_i	0.162807887	velar i	preceding vowel duration in ms	162.8078873
Baer_Henney_unpublished	tut3	MeDo	voiced	velar_i	0.036455545	velar i	preceding vowel duration in ms	36.4555447
Baer_Henney_unpublished	tut10	PhLu	voiced	velar_i	0.081143078	velar i	preceding vowel duration in ms	81.1430779
Baer_Henney_unpublished	tut9	VaHu	voiced	velar_i	0.121302088	velar i	preceding vowel duration in ms	121.3020875
Baer_Henney_unpublished	tut9	ViBe	voiced	velar_i	0.147971637	velar i	preceding vowel duration in ms	147.9716366
Baer_Henney_unpublished	tut3	KiSt	voiced	velar_i	0.180903028	velar i	preceding vowel duration in ms	180.9030276
Baer_Henney_unpublished	tut3	LaKu	voiced	velar_i	0.312726614	velar i	preceding vowel duration in ms	312.7266135
Baer_Henney_unpublished	tut7	AnHu	voiceless	velar_i	0.080171639	velar i	preceding vowel duration in ms	80.171639
Baer_Henney_unpublished	tut7	FrSc	voiceless	velar_i	0.225978807	velar i	preceding vowel duration in ms	225.978807
Baer_Henney_unpublished	tut7	JuSo	voiceless	velar_i	0.181780396	velar i	preceding vowel duration in ms	181.7803957
Baer_Henney_unpublished	tut7	MaMe	voiceless	velar_i	0.099202274	velar i	preceding vowel duration in ms	99.2022736
Baer_Henney_unpublished	tut7	MaRe	voiceless	velar_i	0.114534295	velar i	preceding vowel duration in ms	114.5342952
Baer_Henney_unpublished	tut7	MiMi	voiceless	velar_i	0.110124543	velar i	preceding vowel duration in ms	110.1245426
Baer_Henney_unpublished	tut7	SaBa	voiceless	velar_i	0.107473315	velar i	preceding vowel duration in ms	107.4733145
Baer_Henney_unpublished	tut7	TcQu	voiceless	velar_i	0.077863141	velar i	preceding vowel duration in ms	77.8631407
Baer_Henney_unpublished	tut7	VaMa	voiceless	velar_i	0.116177166	velar i	preceding vowel duration in ms	116.1771662
Baer_Henney_unpublished	tut7	VaSc	voiceless	velar_i	0.10902804	velar i	preceding vowel duration in ms	109.0280396
Baer_Henney_unpublished	tut7	YuVo	voiceless	velar_i	0.14298924	velar i	preceding vowel duration in ms	142.9892401
Baer_Henney_unpublished	tut7	Beck	voiceless	velar_i	0.310922902	velar i	preceding vowel duration in ms	310.9229019
Baer_Henney_unpublished	tut1	HaSa	voiceless	velar_i	0.122621293	velar i	preceding vowel duration in ms	122.6212927
Baer_Henney_unpublished	tut7	VaMa	voiceless	velar_i	0.076743249	velar i	preceding vowel duration in ms	76.7432494
Baer_Henney_unpublished	tut4	CoLa	voiceless	velar_i	0.112052685	velar i	preceding vowel duration in ms	112.0526851
Baer_Henney_unpublished	tut4	HaAl	voiceless	velar_i	0.19195107	velar i	preceding vowel duration in ms	191.9510699
Baer_Henney_unpublished	tut4	KaGr	voiceless	velar_i	0.097478956	velar i	preceding vowel duration in ms	97.4789564
Baer_Henney_unpublished	tut4	KaRe	voiceless	velar_i	0.137284736	velar i	preceding vowel duration in ms	137.2847362
Baer_Henney_unpublished	tut4	MaKu	voiceless	velar_i	0.100702283	velar i	preceding vowel duration in ms	100.7022825
Baer_Henney_unpublished	tut4	StKa	voiceless	velar_i	0.149818655	velar i	preceding vowel duration in ms	149.8186545
Baer_Henney_unpublished	tut4	CoLa	voiceless	velar_i	0.091411401	velar i	preceding vowel duration in ms	91.411401
Baer_Henney_unpublished	tut5	DaDr	voiceless	velar_i	0.084110582	velar i	preceding vowel duration in ms	84.110582
Baer_Henney_unpublished	tut4	HaAl	voiceless	velar_i	0.110069487	velar i	preceding vowel duration in ms	110.069487
Baer_Henney_unpublished	tut5	IsRa	voiceless	velar_i	0.157019908	velar i	preceding vowel duration in ms	157.0199076
Baer_Henney_unpublished	tut5	JeSc	voiceless	velar_i	0.096736022	velar i	preceding vowel duration in ms	96.7360222
Baer_Henney_unpublished	tut4	KaGr	voiceless	velar_i	0.171569356	velar i	preceding vowel duration in ms	171.5693557
Baer_Henney_unpublished	tut4	KaRe	voiceless	velar_i	0.1127759	velar i	preceding vowel duration in ms	112.7759001
Baer_Henney_unpublished	tut4	MaKu	voiceless	velar_i	0.129513562	velar i	preceding vowel duration in ms	129.5135622
Baer_Henney_unpublished	tut5	ClFi	voiceless	velar_i	0.195901219	velar i	preceding vowel duration in ms	195.9012186
Baer_Henney_unpublished	tut2	DaAr	voiceless	velar_i	0.094121174	velar i	preceding vowel duration in ms	94.1211739
Baer_Henney_unpublished	tut5	DaDr	voiceless	velar_i	0.093826709	velar i	preceding vowel duration in ms	93.8267093
Baer_Henney_unpublished	tut5	IsRa	voiceless	velar_i	0.123200235	velar i	preceding vowel duration in ms	123.2002352
Baer_Henney_unpublished	tut8	JeHa	voiceless	velar_i	0.089521431	velar i	preceding vowel duration in ms	89.521431
Baer_Henney_unpublished	tut2	JeMe	voiceless	velar_i	0.127139115	velar i	preceding vowel duration in ms	127.1391147
Baer_Henney_unpublished	tut5	JeSc	voiceless	velar_i	0.126680409	velar i	preceding vowel duration in ms	126.680409
Baer_Henney_unpublished	tut2	MaGe	voiceless	velar_i	0.08102859	velar i	preceding vowel duration in ms	81.02859
Baer_Henney_unpublished	tut6	MaHo	voiceless	velar_i	0.051937256	velar i	preceding vowel duration in ms	51.9372559
Baer_Henney_unpublished	tut2	MaSc	voiceless	velar_i	0.253873462	velar i	preceding vowel duration in ms	253.873462
Baer_Henney_unpublished	tut2	MiPa	voiceless	velar_i	0.081963482	velar i	preceding vowel duration in ms	81.963482
Baer_Henney_unpublished	tut6	MlHa	voiceless	velar_i	0.212099733	velar i	preceding vowel duration in ms	212.0997325
Baer_Henney_unpublished	tut2	MoSc	voiceless	velar_i	0.191452772	velar i	preceding vowel duration in ms	191.4527717
Baer_Henney_unpublished	tut8	PaNu	voiceless	velar_i	0.118523689	velar i	preceding vowel duration in ms	118.5236888
Baer_Henney_unpublished	tut2	RoBe	voiceless	velar_i	0.05771807	velar i	preceding vowel duration in ms	57.71807
Baer_Henney_unpublished	tut2	SeUc	voiceless	velar_i	0.098781531	velar i	preceding vowel duration in ms	98.7815305
Baer_Henney_unpublished	tut2	SiCa	voiceless	velar_i	0.128199485	velar i	preceding vowel duration in ms	128.199485
Baer_Henney_unpublished	tut8	SoBe	voiceless	velar_i	0.181780324	velar i	preceding vowel duration in ms	181.780324
Baer_Henney_unpublished	tut6	AlSt	voiceless	velar_i	0.093791864	velar i	preceding vowel duration in ms	93.7918638
Baer_Henney_unpublished	tut6	AnHo	voiceless	velar_i	0.162332072	velar i	preceding vowel duration in ms	162.3320719
Baer_Henney_unpublished	tut7	AnHu	voiceless	velar_i	0.087277722	velar i	preceding vowel duration in ms	87.2777222
Baer_Henney_unpublished	tut7	BeNi	voiceless	velar_i	0.182335988	velar i	preceding vowel duration in ms	182.3359878
Baer_Henney_unpublished	tut7	BeNi	voiceless	velar_i	0.182335988	velar i	preceding vowel duration in ms	182.3359878
Baer_Henney_unpublished	tut1	CaMu	voiceless	velar_i	0.133934501	velar i	preceding vowel duration in ms	133.9345011
Baer_Henney_unpublished	tut2	ChBu	voiceless	velar_i	0.084398041	velar i	preceding vowel duration in ms	84.3980408
Baer_Henney_unpublished	tut2	DaAr	voiceless	velar_i	0.140128847	velar i	preceding vowel duration in ms	140.128847
Baer_Henney_unpublished	tut10	DiTu	voiceless	velar_i	0.107911847	velar i	preceding vowel duration in ms	107.9118469
Baer_Henney_unpublished	tut7	FrSc	voiceless	velar_i	0.21260878	velar i	preceding vowel duration in ms	212.6087801
Baer_Henney_unpublished	tut1	ImNi	voiceless	velar_i	0.118648247	velar i	preceding vowel duration in ms	118.6482471
Baer_Henney_unpublished	tut8	JeHa	voiceless	velar_i	0.086521213	velar i	preceding vowel duration in ms	86.5212125
Baer_Henney_unpublished	tut2	JeMe	voiceless	velar_i	0.132667207	velar i	preceding vowel duration in ms	132.667207
Baer_Henney_unpublished	tut10	JoTh	voiceless	velar_i	0.076753677	velar i	preceding vowel duration in ms	76.7536765
Baer_Henney_unpublished	tut7	JuSo	voiceless	velar_i	0.207749024	velar i	preceding vowel duration in ms	207.7490236
Baer_Henney_unpublished	tut1	KaTh	voiceless	velar_i	0.139482084	velar i	preceding vowel duration in ms	139.482084
Baer_Henney_unpublished	tut1	LeVe	voiceless	velar_i	0.1749579	velar i	preceding vowel duration in ms	174.9578997
Baer_Henney_unpublished	tut2	MaGe	voiceless	velar_i	0.164176785	velar i	preceding vowel duration in ms	164.1767853
Baer_Henney_unpublished	tut6	MaHo	voiceless	velar_i	0.141204415	velar i	preceding vowel duration in ms	141.2044145
Baer_Henney_unpublished	tut7	MaMe	voiceless	velar_i	0.129973181	velar i	preceding vowel duration in ms	129.9731813
Baer_Henney_unpublished	tut7	MaRe	voiceless	velar_i	0.196387749	velar i	preceding vowel duration in ms	196.3877489
Baer_Henney_unpublished	tut2	MaSc	voiceless	velar_i	0.133226269	velar i	preceding vowel duration in ms	133.2262686
Baer_Henney_unpublished	tut7	MiMi	voiceless	velar_i	0.153055945	velar i	preceding vowel duration in ms	153.0559447
Baer_Henney_unpublished	tut2	MiPa	voiceless	velar_i	0.157840567	velar i	preceding vowel duration in ms	157.8405668
Baer_Henney_unpublished	tut6	MlHa	voiceless	velar_i	0.176749777	velar i	preceding vowel duration in ms	176.7497771
Baer_Henney_unpublished	tut2	MoSc	voiceless	velar_i	0.164738433	velar i	preceding vowel duration in ms	164.7384333
Baer_Henney_unpublished	tut8	NiBi	voiceless	velar_i	0.222294712	velar i	preceding vowel duration in ms	222.2947115
Baer_Henney_unpublished	tut8	PaNu	voiceless	velar_i	0.158933767	velar i	preceding vowel duration in ms	158.9337667
Baer_Henney_unpublished	tut10	PhLu	voiceless	velar_i	0.082133649	velar i	preceding vowel duration in ms	82.1336491
Baer_Henney_unpublished	tut7	PiSt	voiceless	velar_i	0.139199812	velar i	preceding vowel duration in ms	139.1998115
Baer_Henney_unpublished	tut2	RoBe	voiceless	velar_i	0.084773415	velar i	preceding vowel duration in ms	84.7734153
Baer_Henney_unpublished	tut7	SaBa	voiceless	velar_i	0.138781212	velar i	preceding vowel duration in ms	138.7812115
Baer_Henney_unpublished	tut1	SaBe	voiceless	velar_i	0.104614002	velar i	preceding vowel duration in ms	104.6140019
Baer_Henney_unpublished	tut2	SeUc	voiceless	velar_i	0.062561636	velar i	preceding vowel duration in ms	62.561636
Baer_Henney_unpublished	tut2	SiCa	voiceless	velar_i	0.149680188	velar i	preceding vowel duration in ms	149.6801879
Baer_Henney_unpublished	tut8	SoBe	voiceless	velar_i	0.181780324	velar i	preceding vowel duration in ms	181.780324
Baer_Henney_unpublished	tut7	TcQu	voiceless	velar_i	0.024943286	velar i	preceding vowel duration in ms	24.943286
Baer_Henney_unpublished	tut7	VaSc	voiceless	velar_i	0.080040588	velar i	preceding vowel duration in ms	80.0405878
Baer_Henney_unpublished	tut4	VaSm	voiceless	velar_i	0.091056445	velar i	preceding vowel duration in ms	91.0564452
Baer_Henney_unpublished	tut8	ViCo	voiceless	velar_i	0.185251271	velar i	preceding vowel duration in ms	185.2512705
Baer_Henney_unpublished	tut8	ViGr	voiceless	velar_i	0.1449301	velar i	preceding vowel duration in ms	144.9301004
Baer_Henney_unpublished	tut7	YuVo	voiceless	velar_i	0.165969654	velar i	preceding vowel duration in ms	165.9696537
Baer_Henney_unpublished	tut9	AnKu	voiceless	velar_i	0.161672222	velar i	preceding vowel duration in ms	161.6722217
Baer_Henney_unpublished	tut10	ClGo	voiceless	velar_i	0.130693818	velar i	preceding vowel duration in ms	130.6938182
Baer_Henney_unpublished	tut9	DaHe	voiceless	velar_i	0.063298531	velar i	preceding vowel duration in ms	63.2985306
Baer_Henney_unpublished	tut10	DiTu	voiceless	velar_i	0.124769109	velar i	preceding vowel duration in ms	124.7691087
Baer_Henney_unpublished	tut9	EdGr	voiceless	velar_i	0.099411387	velar i	preceding vowel duration in ms	99.411387
Baer_Henney_unpublished	tut1	ImNi	voiceless	velar_i	0.080334751	velar i	preceding vowel duration in ms	80.3347506
Baer_Henney_unpublished	tut10	JoTh	voiceless	velar_i	0.145866475	velar i	preceding vowel duration in ms	145.8664752
Baer_Henney_unpublished	tut1	KaTh	voiceless	velar_i	0.133141989	velar i	preceding vowel duration in ms	133.1419893
Baer_Henney_unpublished	tut1	LeVe	voiceless	velar_i	0.100302415	velar i	preceding vowel duration in ms	100.3024147
Baer_Henney_unpublished	tut9	MaRo	voiceless	velar_i	0.187177766	velar i	preceding vowel duration in ms	187.1777664
Baer_Henney_unpublished	tut10	PhLu	voiceless	velar_i	0.100593931	velar i	preceding vowel duration in ms	100.5939307
Baer_Henney_unpublished	tut1	SaBe	voiceless	velar_i	0.086577105	velar i	preceding vowel duration in ms	86.577105
Baer_Henney_unpublished	tut9	VaHu	voiceless	velar_i	0.080906588	velar i	preceding vowel duration in ms	80.9065877
Baer_Henney_unpublished	tut9	ViBe	voiceless	velar_i	0.11401124	velar i	preceding vowel duration in ms	114.0112397
Baer_Henney_unpublished	tut10	RuYi	voiceless	velar_i	0.22015247	velar i	preceding vowel duration in ms	220.1524703
Baer_Henney_unpublished	tut10	SeGu	voiceless	velar_i	0.341003362	velar i	preceding vowel duration in ms	341.0033618
Baer_Henney_unpublished	tut9	AnKu	voiceless	velar_i	0.120461337	velar i	preceding vowel duration in ms	120.4613372
Baer_Henney_unpublished	tut3	AnRu	voiceless	velar_i	0.103819051	velar i	preceding vowel duration in ms	103.8190512
Baer_Henney_unpublished	tut10	ClGo	voiceless	velar_i	0.091838899	velar i	preceding vowel duration in ms	91.8388993
Baer_Henney_unpublished	tut9	DaHe	voiceless	velar_i	0.068167647	velar i	preceding vowel duration in ms	68.1676473
Baer_Henney_unpublished	tut10	DiTu	voiceless	velar_i	0.124952754	velar i	preceding vowel duration in ms	124.9527543
Baer_Henney_unpublished	tut9	EdGr	voiceless	velar_i	0.116341711	velar i	preceding vowel duration in ms	116.3417105
Baer_Henney_unpublished	tut10	JoTh	voiceless	velar_i	0.081588445	velar i	preceding vowel duration in ms	81.5884453
Baer_Henney_unpublished	tut3	LiRi	voiceless	velar_i	0.092513237	velar i	preceding vowel duration in ms	92.5132371
Baer_Henney_unpublished	tut3	MaKo	voiceless	velar_i	0.153377209	velar i	preceding vowel duration in ms	153.3772088
Baer_Henney_unpublished	tut9	MaRo	voiceless	velar_i	0.118347294	velar i	preceding vowel duration in ms	118.3472938
Baer_Henney_unpublished	tut3	MeDo	voiceless	velar_i	0.085591279	velar i	preceding vowel duration in ms	85.5912788
Baer_Henney_unpublished	tut10	PhLu	voiceless	velar_i	0.100977995	velar i	preceding vowel duration in ms	100.977995
Baer_Henney_unpublished	tut9	VaHu	voiceless	velar_i	0.070510186	velar i	preceding vowel duration in ms	70.5101861
Baer_Henney_unpublished	tut9	ViBe	voiceless	velar_i	0.150397401	velar i	preceding vowel duration in ms	150.3974012
Baer_Henney_unpublished	tut3	KiSt	voiceless	velar_i	0.178583758	velar i	preceding vowel duration in ms	178.583758
Baer_Henney_unpublished	tut3	LaKu	voiceless	velar_i	0.304324547	velar i	preceding vowel duration in ms	304.324547
Baer_Henney_unpublished	tut7	BeNi	voiceless	velar_i	0.182335988	velar i	preceding vowel duration in ms	182.3359878
Baer_Henney_unpublished	tut7	BeNi	voiceless	velar_i	0.182335988	velar i	preceding vowel duration in ms	182.3359878
Baer_Henney_unpublished	tut9	DaHe	voiced	velar_i	0.10874363	velar i	preceding vowel duration in ms	108.7436295
Baer_Henney_unpublished	tut5	PaMe	voiceless	alveolar_o	0.171385117	alveolar o	preceding vowel duration in ms	171.385117
Baer_Henney_unpublished	tut7	BeNi	voiced	alveolar_o	0.168310143	alveolar o	preceding vowel duration in ms	168.3101426
Baer_Henney_unpublished	tut7	BeNi	voiced	alveolar_o	0.168310143	alveolar o	preceding vowel duration in ms	168.3101426
Baer_Henney_unpublished	tut3	LaKu	voiced	alveolar_o	0.507207578	alveolar o	preceding vowel duration in ms	507.2075783
Baer_Henney_unpublished	tut3	AnRu	voiced	alveolar_o	0.106989099	alveolar o	preceding vowel duration in ms	106.9890985
Baer_Henney_unpublished	tut10	DiTu	voiced	alveolar_o	0.125051222	alveolar o	preceding vowel duration in ms	125.0512218
Baer_Henney_unpublished	tut3	JuEh	voiced	alveolar_o	0.14249325	alveolar o	preceding vowel duration in ms	142.49325
Baer_Henney_unpublished	tut3	LiRi	voiced	alveolar_o	0.123350983	alveolar o	preceding vowel duration in ms	123.3509828
Baer_Henney_unpublished	tut2	MaGe	voiced	alveolar_o	0.143646761	alveolar o	preceding vowel duration in ms	143.6467614
Baer_Henney_unpublished	tut3	MaKo	voiced	alveolar_o	0.222762137	alveolar o	preceding vowel duration in ms	222.7621366
Baer_Henney_unpublished	tut3	MeDo	voiced	alveolar_o	0.123631847	alveolar o	preceding vowel duration in ms	123.6318472
Baer_Henney_unpublished	tut2	RoBe	voiced	alveolar_o	0.133473037	alveolar o	preceding vowel duration in ms	133.4730369
Baer_Henney_unpublished	tut2	SiCa	voiced	alveolar_o	0.196657584	alveolar o	preceding vowel duration in ms	196.6575842
Baer_Henney_unpublished	tut3	KiSt	voiced	alveolar_o	0.28063162	alveolar o	preceding vowel duration in ms	280.6316197
Baer_Henney_unpublished	tut6	AnHo	voiced	alveolar_o	0.311623535	alveolar o	preceding vowel duration in ms	311.6235354
Baer_Henney_unpublished	tut7	AnHu	voiced	alveolar_o	0.106850882	alveolar o	preceding vowel duration in ms	106.8508823
Baer_Henney_unpublished	tut9	AnKu	voiced	alveolar_o	0.110951177	alveolar o	preceding vowel duration in ms	110.9511766
Baer_Henney_unpublished	tut3	AnRu	voiced	alveolar_o	0.084402511	alveolar o	preceding vowel duration in ms	84.4025111
Baer_Henney_unpublished	tut7	Beck	voiced	alveolar_o	0.275785848	alveolar o	preceding vowel duration in ms	275.7858484
Baer_Henney_unpublished	tut10	ClGo	voiced	alveolar_o	0.183677799	alveolar o	preceding vowel duration in ms	183.6777986
Baer_Henney_unpublished	tut2	DaAr	voiced	alveolar_o	0.083672248	alveolar o	preceding vowel duration in ms	83.672248
Baer_Henney_unpublished	tut9	DaHe	voiced	alveolar_o	0.051125736	alveolar o	preceding vowel duration in ms	51.1257355
Baer_Henney_unpublished	tut10	DiTu	voiced	alveolar_o	0.121926928	alveolar o	preceding vowel duration in ms	121.9269282
Baer_Henney_unpublished	tut9	EdGr	voiced	alveolar_o	0.064248407	alveolar o	preceding vowel duration in ms	64.2484073
Baer_Henney_unpublished	tut7	FrSc	voiced	alveolar_o	0.454384205	alveolar o	preceding vowel duration in ms	454.3842049
Baer_Henney_unpublished	tut2	JeMe	voiced	alveolar_o	0.17422676	alveolar o	preceding vowel duration in ms	174.2267602
Baer_Henney_unpublished	tut10	JoTh	voiced	alveolar_o	0.164225003	alveolar o	preceding vowel duration in ms	164.2250031
Baer_Henney_unpublished	tut3	JuEh	voiced	alveolar_o	0.127605896	alveolar o	preceding vowel duration in ms	127.6058956
Baer_Henney_unpublished	tut7	JuSo	voiced	alveolar_o	0.233717652	alveolar o	preceding vowel duration in ms	233.7176516
Baer_Henney_unpublished	tut3	LiRi	voiced	alveolar_o	0.141204415	alveolar o	preceding vowel duration in ms	141.2044145
Baer_Henney_unpublished	tut2	MaGe	voiced	alveolar_o	0.116848923	alveolar o	preceding vowel duration in ms	116.8489227
Baer_Henney_unpublished	tut3	MaKo	voiced	alveolar_o	0.195373349	alveolar o	preceding vowel duration in ms	195.3733493
Baer_Henney_unpublished	tut7	MaMe	voiced	alveolar_o	0.101705276	alveolar o	preceding vowel duration in ms	101.7052763
Baer_Henney_unpublished	tut7	MaRe	voiced	alveolar_o	0.168796082	alveolar o	preceding vowel duration in ms	168.7960817
Baer_Henney_unpublished	tut9	MaRo	voiced	alveolar_o	0.123379817	alveolar o	preceding vowel duration in ms	123.3798169
Baer_Henney_unpublished	tut2	MaSc	voiced	alveolar_o	0.26025934	alveolar o	preceding vowel duration in ms	260.2593403
Baer_Henney_unpublished	tut3	MeDo	voiced	alveolar_o	0.091931374	alveolar o	preceding vowel duration in ms	91.9313736
Baer_Henney_unpublished	tut7	MiMi	voiced	alveolar_o	0.158109175	alveolar o	preceding vowel duration in ms	158.1091752
Baer_Henney_unpublished	tut2	MiPa	voiced	alveolar_o	0.125379782	alveolar o	preceding vowel duration in ms	125.3797818
Baer_Henney_unpublished	tut2	MoSc	voiced	alveolar_o	0.198131357	alveolar o	preceding vowel duration in ms	198.1313568
Baer_Henney_unpublished	tut10	PhLu	voiced	alveolar_o	0.133435307	alveolar o	preceding vowel duration in ms	133.4353065
Baer_Henney_unpublished	tut10	PhLu	voiced	alveolar_o	0.065731089	alveolar o	preceding vowel duration in ms	65.7310888
Baer_Henney_unpublished	tut2	RoBe	voiced	alveolar_o	0.137080416	alveolar o	preceding vowel duration in ms	137.0804163
Baer_Henney_unpublished	tut7	SaBa	voiced	alveolar_o	0.126051937	alveolar o	preceding vowel duration in ms	126.0519367
Baer_Henney_unpublished	tut2	SeUc	voiced	alveolar_o	0.138294143	alveolar o	preceding vowel duration in ms	138.2941427
Baer_Henney_unpublished	tut2	SiCa	voiced	alveolar_o	0.223021589	alveolar o	preceding vowel duration in ms	223.0215893
Baer_Henney_unpublished	tut8	SoBe	voiced	alveolar_o	0.201256787	alveolar o	preceding vowel duration in ms	201.2567873
Baer_Henney_unpublished	tut7	TcQu	voiced	alveolar_o	0.097959932	alveolar o	preceding vowel duration in ms	97.959932
Baer_Henney_unpublished	tut9	VaHu	voiced	alveolar_o	0.126556744	alveolar o	preceding vowel duration in ms	126.5567442
Baer_Henney_unpublished	tut7	VaMa	voiced	alveolar_o	0.11207237	alveolar o	preceding vowel duration in ms	112.0723695
Baer_Henney_unpublished	tut7	VaSc	voiced	alveolar_o	0.106232449	alveolar o	preceding vowel duration in ms	106.2324489
Baer_Henney_unpublished	tut9	ViBe	voiced	alveolar_o	0.111585169	alveolar o	preceding vowel duration in ms	111.5851686
Baer_Henney_unpublished	tut7	YuVo	voiced	alveolar_o	0.202993653	alveolar o	preceding vowel duration in ms	202.9936533
Baer_Henney_unpublished	tut10	RuYi	voiced	alveolar_o	0.311677025	alveolar o	preceding vowel duration in ms	311.6770249
Baer_Henney_unpublished	tut10	SeGu	voiced	alveolar_o	0.385710743	alveolar o	preceding vowel duration in ms	385.7107434
Baer_Henney_unpublished	tut3	LaKu	voiced	alveolar_o	0.253603789	alveolar o	preceding vowel duration in ms	253.6037891
Baer_Henney_unpublished	tut6	AlSt	voiced	alveolar_o	0.102810312	alveolar o	preceding vowel duration in ms	102.8103122
Baer_Henney_unpublished	tut6	AnHo	voiced	alveolar_o	0.23267597	alveolar o	preceding vowel duration in ms	232.6759697
Baer_Henney_unpublished	tut3	AnRu	voiced	alveolar_o	0.095327781	alveolar o	preceding vowel duration in ms	95.3277811
Baer_Henney_unpublished	tut3	JuEh	voiced	alveolar_o	0.134978387	alveolar o	preceding vowel duration in ms	134.9783869
Baer_Henney_unpublished	tut3	LiRi	voiced	alveolar_o	0.124974022	alveolar o	preceding vowel duration in ms	124.974022
Baer_Henney_unpublished	tut6	MaHo	voiced	alveolar_o	0.112395468	alveolar o	preceding vowel duration in ms	112.3954678
Baer_Henney_unpublished	tut3	MaKo	voiced	alveolar_o	0.133292098	alveolar o	preceding vowel duration in ms	133.2920982
Baer_Henney_unpublished	tut3	MeDo	voiced	alveolar_o	0.063400947	alveolar o	preceding vowel duration in ms	63.4009473
Baer_Henney_unpublished	tut6	MlHa	voiced	alveolar_o	0.15318314	alveolar o	preceding vowel duration in ms	153.1831402
Baer_Henney_unpublished	tut3	KiSt	voiced	alveolar_o	0.252800385	alveolar o	preceding vowel duration in ms	252.8003847
Baer_Henney_unpublished	tut3	LaKu	voiced	alveolar_o	0.355045305	alveolar o	preceding vowel duration in ms	355.0453048
Baer_Henney_unpublished	tut6	AnHo	voiced	alveolar_o	0.298639212	alveolar o	preceding vowel duration in ms	298.6392119
Baer_Henney_unpublished	tut1	HaSa	voiced	alveolar_o	0.082834597	alveolar o	preceding vowel duration in ms	82.8345967
Baer_Henney_unpublished	tut6	MaHo	voiced	alveolar_o	0.103062992	alveolar o	preceding vowel duration in ms	103.0629922
Baer_Henney_unpublished	tut6	MlHa	voiced	alveolar_o	0.223883046	alveolar o	preceding vowel duration in ms	223.8830456
Baer_Henney_unpublished	tut2	DaAr	voiced	alveolar_o	0.109960435	alveolar o	preceding vowel duration in ms	109.960435
Baer_Henney_unpublished	tut2	MaGe	voiced	alveolar_o	0.114588604	alveolar o	preceding vowel duration in ms	114.5886037
Baer_Henney_unpublished	tut2	RoBe	voiced	alveolar_o	0.146098865	alveolar o	preceding vowel duration in ms	146.0988647
Baer_Henney_unpublished	tut2	SiCa	voiced	alveolar_o	0.173749475	alveolar o	preceding vowel duration in ms	173.7494754
Baer_Henney_unpublished	tut1	HaSa	voiced	alveolar_o	0.08544356	alveolar o	preceding vowel duration in ms	85.4435604
Baer_Henney_unpublished	tut3	JuEh	voiced	alveolar_o	0.157210121	alveolar o	preceding vowel duration in ms	157.2101212
Baer_Henney_unpublished	tut6	MaHo	voiced	alveolar_o	0.082369242	alveolar o	preceding vowel duration in ms	82.3692418
Baer_Henney_unpublished	tut1	HaSa	voiced	alveolar_o	0.097836138	alveolar o	preceding vowel duration in ms	97.8361378
Baer_Henney_unpublished	tut9	KaKe	voiced	alveolar_o	0.156019158	alveolar o	preceding vowel duration in ms	156.019158
Baer_Henney_unpublished	tut6	MaHo	voiced	alveolar_o	0.060863972	alveolar o	preceding vowel duration in ms	60.8639718
Baer_Henney_unpublished	tut4	CoLa	voiced	alveolar_o	0.139574397	alveolar o	preceding vowel duration in ms	139.5743972
Baer_Henney_unpublished	tut4	HaAl	voiced	alveolar_o	0.199333803	alveolar o	preceding vowel duration in ms	199.3338033
Baer_Henney_unpublished	tut8	JeHa	voiced	alveolar_o	0.155907617	alveolar o	preceding vowel duration in ms	155.9076174
Baer_Henney_unpublished	tut3	JeJe	voiced	alveolar_o	0.145822179	alveolar o	preceding vowel duration in ms	145.8221787
Baer_Henney_unpublished	tut4	KaGr	voiced	alveolar_o	0.234583505	alveolar o	preceding vowel duration in ms	234.5835049
Baer_Henney_unpublished	tut4	KaRe	voiced	alveolar_o	0.123548516	alveolar o	preceding vowel duration in ms	123.5485156
Baer_Henney_unpublished	tut4	MaKu	voiced	alveolar_o	0.119635409	alveolar o	preceding vowel duration in ms	119.6354091
Baer_Henney_unpublished	tut8	SoBe	voiced	alveolar_o	0.165550003	alveolar o	preceding vowel duration in ms	165.5500032
Baer_Henney_unpublished	tut4	StKa	voiced	alveolar_o	0.193172771	alveolar o	preceding vowel duration in ms	193.1727707
Baer_Henney_unpublished	tut4	SvBo	voiced	alveolar_o	0.215008945	alveolar o	preceding vowel duration in ms	215.0089447
Baer_Henney_unpublished	tut4	CoLa	voiced	alveolar_o	0.097308911	alveolar o	preceding vowel duration in ms	97.3089107
Baer_Henney_unpublished	tut4	HaAl	voiced	alveolar_o	0.180540805	alveolar o	preceding vowel duration in ms	180.5408048
Baer_Henney_unpublished	tut4	HaAl	voiced	alveolar_o	0.162419609	alveolar o	preceding vowel duration in ms	162.4196088
Baer_Henney_unpublished	tut4	KaGr	voiced	alveolar_o	0.192157678	alveolar o	preceding vowel duration in ms	192.1576784
Baer_Henney_unpublished	tut4	KaRe	voiced	alveolar_o	0.156123126	alveolar o	preceding vowel duration in ms	156.1231262
Baer_Henney_unpublished	tut4	MaKu	voiced	alveolar_o	0.125397665	alveolar o	preceding vowel duration in ms	125.3976651
Baer_Henney_unpublished	tut8	PaNu	voiced	alveolar_o	0.12544488	alveolar o	preceding vowel duration in ms	125.4448799
Baer_Henney_unpublished	tut8	SoBe	voiced	alveolar_o	0.136335297	alveolar o	preceding vowel duration in ms	136.3352967
Baer_Henney_unpublished	tut9	AnKu	voiced	alveolar_o	0.091931263	alveolar o	preceding vowel duration in ms	91.9312633
Baer_Henney_unpublished	tut10	ClGo	voiced	alveolar_o	0.173081003	alveolar o	preceding vowel duration in ms	173.0810025
Baer_Henney_unpublished	tut9	DaHe	voiced	alveolar_o	0.12984314	alveolar o	preceding vowel duration in ms	129.8431398
Baer_Henney_unpublished	tut10	DiTu	voiced	alveolar_o	0.131947876	alveolar o	preceding vowel duration in ms	131.9478759
Baer_Henney_unpublished	tut9	EdGr	voiced	alveolar_o	0.073364735	alveolar o	preceding vowel duration in ms	73.3647354
Baer_Henney_unpublished	tut1	HaSa	voiced	alveolar_o	0.111533197	alveolar o	preceding vowel duration in ms	111.5331971
Baer_Henney_unpublished	tut8	JeHa	voiced	alveolar_o	0.124399285	alveolar o	preceding vowel duration in ms	124.3992852
Baer_Henney_unpublished	tut10	JoTh	voiced	alveolar_o	0.068767741	alveolar o	preceding vowel duration in ms	68.7677412
Baer_Henney_unpublished	tut1	KaTh	voiced	alveolar_o	0.133141989	alveolar o	preceding vowel duration in ms	133.1419893
Baer_Henney_unpublished	tut9	MaRo	voiced	alveolar_o	0.238761726	alveolar o	preceding vowel duration in ms	238.7617262
Baer_Henney_unpublished	tut6	MlHa	voiced	alveolar_o	0.200316414	alveolar o	preceding vowel duration in ms	200.3164141
Baer_Henney_unpublished	tut8	PaNu	voiced	alveolar_o	0.196521913	alveolar o	preceding vowel duration in ms	196.5219128
Baer_Henney_unpublished	tut8	SoBe	voiced	alveolar_o	0.233717559	alveolar o	preceding vowel duration in ms	233.7175594
Baer_Henney_unpublished	tut9	VaHu	voiced	alveolar_o	0.064182839	alveolar o	preceding vowel duration in ms	64.1828388
Baer_Henney_unpublished	tut9	ViBe	voiced	alveolar_o	0.128565866	alveolar o	preceding vowel duration in ms	128.565866
Baer_Henney_unpublished	tut7	AnHu	voiced	alveolar_o	0.135385525	alveolar o	preceding vowel duration in ms	135.3855247
Baer_Henney_unpublished	tut9	AnKu	voiced	alveolar_o	0.114121267	alveolar o	preceding vowel duration in ms	114.1212668
Baer_Henney_unpublished	tut10	ClGo	voiced	alveolar_o	0.18439219	alveolar o	preceding vowel duration in ms	184.3921902
Baer_Henney_unpublished	tut2	DaAr	voiced	alveolar_o	0.144230615	alveolar o	preceding vowel duration in ms	144.2306154
Baer_Henney_unpublished	tut9	DaHe	voiced	alveolar_o	0.077905883	alveolar o	preceding vowel duration in ms	77.9058826
Baer_Henney_unpublished	tut10	DiTu	voiced	alveolar_o	0.142849394	alveolar o	preceding vowel duration in ms	142.8493939
Baer_Henney_unpublished	tut9	EdGr	voiced	alveolar_o	0.072062403	alveolar o	preceding vowel duration in ms	72.0624028
Baer_Henney_unpublished	tut7	FrSc	voiced	alveolar_o	0.268629135	alveolar o	preceding vowel duration in ms	268.6291348
Baer_Henney_unpublished	tut2	JeMe	voiced	alveolar_o	0.154074534	alveolar o	preceding vowel duration in ms	154.0745337
Baer_Henney_unpublished	tut10	JoTh	voiced	alveolar_o	0.120890099	alveolar o	preceding vowel duration in ms	120.890099
Baer_Henney_unpublished	tut7	JuSo	voiced	alveolar_o	0.155811768	alveolar o	preceding vowel duration in ms	155.8117677
Baer_Henney_unpublished	tut2	MaGe	voiced	alveolar_o	0.154845007	alveolar o	preceding vowel duration in ms	154.8450068
Baer_Henney_unpublished	tut7	MaMe	voiced	alveolar_o	0.174157615	alveolar o	preceding vowel duration in ms	174.1576149
Baer_Henney_unpublished	tut7	MaRe	voiced	alveolar_o	0.155811768	alveolar o	preceding vowel duration in ms	155.8117677
Baer_Henney_unpublished	tut9	MaRo	voiced	alveolar_o	0.159443229	alveolar o	preceding vowel duration in ms	159.4432294
Baer_Henney_unpublished	tut2	MaSc	voiced	alveolar_o	0.246914433	alveolar o	preceding vowel duration in ms	246.9144333
Baer_Henney_unpublished	tut7	MiMi	voiced	alveolar_o	0.183078936	alveolar o	preceding vowel duration in ms	183.0789364
Baer_Henney_unpublished	tut2	MiPa	voiced	alveolar_o	0.125379779	alveolar o	preceding vowel duration in ms	125.3797792
Baer_Henney_unpublished	tut2	MoSc	voiced	alveolar_o	0.191452772	alveolar o	preceding vowel duration in ms	191.4527717
Baer_Henney_unpublished	tut10	PhLu	voiced	alveolar_o	0.112933768	alveolar o	preceding vowel duration in ms	112.9337675
Baer_Henney_unpublished	tut2	RoBe	voiced	alveolar_o	0.111828761	alveolar o	preceding vowel duration in ms	111.8287606
Baer_Henney_unpublished	tut7	SaBa	voiced	alveolar_o	0.173090699	alveolar o	preceding vowel duration in ms	173.0906986
Baer_Henney_unpublished	tut2	SeUc	voiced	alveolar_o	0.131708707	alveolar o	preceding vowel duration in ms	131.7087073
Baer_Henney_unpublished	tut2	SiCa	voiced	alveolar_o	0.16948055	alveolar o	preceding vowel duration in ms	169.4805502
Baer_Henney_unpublished	tut9	VaHu	voiced	alveolar_o	0.056046558	alveolar o	preceding vowel duration in ms	56.0465582
Baer_Henney_unpublished	tut7	VaMa	voiced	alveolar_o	0.167367175	alveolar o	preceding vowel duration in ms	167.3671753
Baer_Henney_unpublished	tut7	VaSc	voiced	alveolar_o	0.095050086	alveolar o	preceding vowel duration in ms	95.0500858
Baer_Henney_unpublished	tut9	ViBe	voiced	alveolar_o	0.23529916	alveolar o	preceding vowel duration in ms	235.2991599
Baer_Henney_unpublished	tut7	YuVo	voiced	alveolar_o	0.198283725	alveolar o	preceding vowel duration in ms	198.2837246
Baer_Henney_unpublished	tut3	LaKu	voiceless	alveolar_o	0.355045305	alveolar o	preceding vowel duration in ms	355.0453048
Baer_Henney_unpublished	tut3	AnRu	voiceless	alveolar_o	0.098271468	alveolar o	preceding vowel duration in ms	98.2714683
Baer_Henney_unpublished	tut2	DaAr	voiceless	alveolar_o	0.137961081	alveolar o	preceding vowel duration in ms	137.9610807
Baer_Henney_unpublished	tut10	DiTu	voiceless	alveolar_o	0.136399416	alveolar o	preceding vowel duration in ms	136.3994156
Baer_Henney_unpublished	tut3	JuEh	voiceless	alveolar_o	0.153127075	alveolar o	preceding vowel duration in ms	153.1270747
Baer_Henney_unpublished	tut3	LiRi	voiceless	alveolar_o	0.157434807	alveolar o	preceding vowel duration in ms	157.4348069
Baer_Henney_unpublished	tut3	MaKo	voiceless	alveolar_o	0.226413975	alveolar o	preceding vowel duration in ms	226.4139749
Baer_Henney_unpublished	tut3	MeDo	voiceless	alveolar_o	0.155332321	alveolar o	preceding vowel duration in ms	155.3323208
Baer_Henney_unpublished	tut2	RoBe	voiceless	alveolar_o	0.151509934	alveolar o	preceding vowel duration in ms	151.5099338
Baer_Henney_unpublished	tut2	SiCa	voiceless	alveolar_o	0.166886904	alveolar o	preceding vowel duration in ms	166.8869035
Baer_Henney_unpublished	tut3	KiSt	voiceless	alveolar_o	0.255119654	alveolar o	preceding vowel duration in ms	255.1196542
Baer_Henney_unpublished	tut7	AnHu	voiceless	alveolar_o	0.088349628	alveolar o	preceding vowel duration in ms	88.3496284
Baer_Henney_unpublished	tut9	AnKu	voiceless	alveolar_o	0.079251081	alveolar o	preceding vowel duration in ms	79.2510808
Baer_Henney_unpublished	tut3	AnRu	voiceless	alveolar_o	0.111347914	alveolar o	preceding vowel duration in ms	111.3479137
Baer_Henney_unpublished	tut2	DaAr	voiceless	alveolar_o	0.152120153	alveolar o	preceding vowel duration in ms	152.1201533
Baer_Henney_unpublished	tut9	DaHe	voiceless	alveolar_o	0.095759316	alveolar o	preceding vowel duration in ms	95.7593156
Baer_Henney_unpublished	tut10	DiTu	voiceless	alveolar_o	0.114931417	alveolar o	preceding vowel duration in ms	114.9314168
Baer_Henney_unpublished	tut9	EdGr	voiceless	alveolar_o	0.093767946	alveolar o	preceding vowel duration in ms	93.7679458
Baer_Henney_unpublished	tut7	FrSc	voiceless	alveolar_o	0.271502241	alveolar o	preceding vowel duration in ms	271.5022412
Baer_Henney_unpublished	tut1	HaSa	voiceless	alveolar_o	0.104358547	alveolar o	preceding vowel duration in ms	104.358547
Baer_Henney_unpublished	tut2	JeMe	voiceless	alveolar_o	0.184392803	alveolar o	preceding vowel duration in ms	184.3928025
Baer_Henney_unpublished	tut10	JoTh	voiceless	alveolar_o	0.075407851	alveolar o	preceding vowel duration in ms	75.4078505
Baer_Henney_unpublished	tut3	JuEh	voiceless	alveolar_o	0.172267959	alveolar o	preceding vowel duration in ms	172.267959
Baer_Henney_unpublished	tut3	LiRi	voiceless	alveolar_o	0.144450493	alveolar o	preceding vowel duration in ms	144.450493
Baer_Henney_unpublished	tut2	MaGe	voiceless	alveolar_o	0.105262616	alveolar o	preceding vowel duration in ms	105.2626159
Baer_Henney_unpublished	tut3	MaKo	voiceless	alveolar_o	0.1716364	alveolar o	preceding vowel duration in ms	171.6364004
Baer_Henney_unpublished	tut7	MaMe	voiceless	alveolar_o	0.123176488	alveolar o	preceding vowel duration in ms	123.1764881
Baer_Henney_unpublished	tut7	MaRe	voiceless	alveolar_o	0.136335297	alveolar o	preceding vowel duration in ms	136.3352967
Baer_Henney_unpublished	tut9	MaRo	voiceless	alveolar_o	0.184187125	alveolar o	preceding vowel duration in ms	184.1871253
Baer_Henney_unpublished	tut2	MaSc	voiceless	alveolar_o	0.254095149	alveolar o	preceding vowel duration in ms	254.095149
Baer_Henney_unpublished	tut3	MeDo	voiceless	alveolar_o	0.072911089	alveolar o	preceding vowel duration in ms	72.9110894
Baer_Henney_unpublished	tut7	MiMi	voiceless	alveolar_o	0.20290859	alveolar o	preceding vowel duration in ms	202.9085904
Baer_Henney_unpublished	tut2	MiPa	voiceless	alveolar_o	0.127002821	alveolar o	preceding vowel duration in ms	127.0028211
Baer_Henney_unpublished	tut2	MoSc	voiceless	alveolar_o	0.231524282	alveolar o	preceding vowel duration in ms	231.5242821
Baer_Henney_unpublished	tut10	PhLu	voiceless	alveolar_o	0.114987109	alveolar o	preceding vowel duration in ms	114.9871087
Baer_Henney_unpublished	tut2	RoBe	voiceless	alveolar_o	0.131669347	alveolar o	preceding vowel duration in ms	131.6693472
Baer_Henney_unpublished	tut7	SaBa	voiceless	alveolar_o	0.182628098	alveolar o	preceding vowel duration in ms	182.6280976
Baer_Henney_unpublished	tut2	SeUc	voiceless	alveolar_o	0.129513562	alveolar o	preceding vowel duration in ms	129.5135622
Baer_Henney_unpublished	tut2	SiCa	voiceless	alveolar_o	0.176712194	alveolar o	preceding vowel duration in ms	176.7121944
Baer_Henney_unpublished	tut7	TcQu	voiceless	alveolar_o	0.087433561	alveolar o	preceding vowel duration in ms	87.4335605
Baer_Henney_unpublished	tut9	VaHu	voiceless	alveolar_o	0.074126659	alveolar o	preceding vowel duration in ms	74.1266589
Baer_Henney_unpublished	tut7	VaMa	voiceless	alveolar_o	0.045110748	alveolar o	preceding vowel duration in ms	45.1107483
Baer_Henney_unpublished	tut7	VaSc	voiceless	alveolar_o	0.117414812	alveolar o	preceding vowel duration in ms	117.4148119
Baer_Henney_unpublished	tut7	YuVo	voiceless	alveolar_o	0.230107038	alveolar o	preceding vowel duration in ms	230.1070384
Baer_Henney_unpublished	tut3	LaKu	voiceless	alveolar_o	0.405766063	alveolar o	preceding vowel duration in ms	405.7660626
Baer_Henney_unpublished	tut6	AnHo	voiceless	alveolar_o	0.235340691	alveolar o	preceding vowel duration in ms	235.3406908
Baer_Henney_unpublished	tut3	AnRu	voiceless	alveolar_o	0.115310473	alveolar o	preceding vowel duration in ms	115.3104729
Baer_Henney_unpublished	tut5	ClFi	voiceless	alveolar_o	0.171868601	alveolar o	preceding vowel duration in ms	171.8686011
Baer_Henney_unpublished	tut5	IsRa	voiceless	alveolar_o	0.144941453	alveolar o	preceding vowel duration in ms	144.9414531
Baer_Henney_unpublished	tut5	JeSc	voiceless	alveolar_o	0.144149961	alveolar o	preceding vowel duration in ms	144.1499606
Baer_Henney_unpublished	tut3	LiRi	voiceless	alveolar_o	0.146073532	alveolar o	preceding vowel duration in ms	146.0735322
Baer_Henney_unpublished	tut2	MaGe	voiceless	alveolar_o	0.09742616	alveolar o	preceding vowel duration in ms	97.4261596
Baer_Henney_unpublished	tut6	MaHo	voiceless	alveolar_o	0.08561532	alveolar o	preceding vowel duration in ms	85.6153203
Baer_Henney_unpublished	tut3	MaKo	voiceless	alveolar_o	0.175288239	alveolar o	preceding vowel duration in ms	175.2882387
Baer_Henney_unpublished	tut3	MeDo	voiceless	alveolar_o	0.10778161	alveolar o	preceding vowel duration in ms	107.7816104
Baer_Henney_unpublished	tut6	MlHa	voiceless	alveolar_o	0.247449688	alveolar o	preceding vowel duration in ms	247.449688
Baer_Henney_unpublished	tut8	SoBe	voiceless	alveolar_o	0.223979328	alveolar o	preceding vowel duration in ms	223.9793278
Baer_Henney_unpublished	tut3	KiSt	voiceless	alveolar_o	0.201776454	alveolar o	preceding vowel duration in ms	201.7764538
Baer_Henney_unpublished	tut3	LaKu	voiceless	alveolar_o	0.405766063	alveolar o	preceding vowel duration in ms	405.7660626
Baer_Henney_unpublished	tut6	AlSt	voiceless	alveolar_o	0.121749054	alveolar o	preceding vowel duration in ms	121.7490539
Baer_Henney_unpublished	tut5	ClFi	voiceless	alveolar_o	0.190212864	alveolar o	preceding vowel duration in ms	190.2128643
Baer_Henney_unpublished	tut5	DaDr	voiceless	alveolar_o	0.098171763	alveolar o	preceding vowel duration in ms	98.171763
Baer_Henney_unpublished	tut5	IsRa	voiceless	alveolar_o	0.171514053	alveolar o	preceding vowel duration in ms	171.5140529
Baer_Henney_unpublished	tut5	JeSc	voiceless	alveolar_o	0.180116952	alveolar o	preceding vowel duration in ms	180.1169515
Baer_Henney_unpublished	tut6	MaHo	voiceless	alveolar_o	0.095759316	alveolar o	preceding vowel duration in ms	95.7593156
Baer_Henney_unpublished	tut6	MlHa	voiceless	alveolar_o	0.188533096	alveolar o	preceding vowel duration in ms	188.5330956
Baer_Henney_unpublished	tut2	DaAr	voiceless	alveolar_o	0.121301646	alveolar o	preceding vowel duration in ms	121.3016457
Baer_Henney_unpublished	tut2	MaGe	voiceless	alveolar_o	0.134954158	alveolar o	preceding vowel duration in ms	134.9541581
Baer_Henney_unpublished	tut2	RoBe	voiceless	alveolar_o	0.097399243	alveolar o	preceding vowel duration in ms	97.3992431
Baer_Henney_unpublished	tut2	SiCa	voiceless	alveolar_o	0.189644209	alveolar o	preceding vowel duration in ms	189.6442086
Baer_Henney_unpublished	tut5	IsRa	voiceless	alveolar_o	0.147357144	alveolar o	preceding vowel duration in ms	147.357144
Baer_Henney_unpublished	tut7	Beck	voiceless	alveolar_o	0.132932354	alveolar o	preceding vowel duration in ms	132.9323543
Baer_Henney_unpublished	tut3	JeJe	voiceless	alveolar_o	0.1204618	alveolar o	preceding vowel duration in ms	120.4617998
Baer_Henney_unpublished	tut1	HaSa	voiceless	alveolar_o	0.114794402	alveolar o	preceding vowel duration in ms	114.7944017
Baer_Henney_unpublished	tut3	JuEh	voiceless	alveolar_o	0.144620015	alveolar o	preceding vowel duration in ms	144.620015
Baer_Henney_unpublished	tut6	AnHo	voiceless	alveolar_o	0.389529419	alveolar o	preceding vowel duration in ms	389.5294193
Baer_Henney_unpublished	tut1	HaSa	voiceless	alveolar_o	0.117403365	alveolar o	preceding vowel duration in ms	117.4033654
Baer_Henney_unpublished	tut6	MaHo	voiceless	alveolar_o	0.096976595	alveolar o	preceding vowel duration in ms	96.976595
Baer_Henney_unpublished	tut7	JuSo	voiceless	alveolar_o	0.181780396	alveolar o	preceding vowel duration in ms	181.7803957
Baer_Henney_unpublished	tut6	MaHo	voiceless	alveolar_o	0.090890198	alveolar o	preceding vowel duration in ms	90.8901978
Baer_Henney_unpublished	tut4	CoLa	voiceless	alveolar_o	0.106155175	alveolar o	preceding vowel duration in ms	106.1551753
Baer_Henney_unpublished	tut4	HaAl	voiceless	alveolar_o	0.166447082	alveolar o	preceding vowel duration in ms	166.4470815
Baer_Henney_unpublished	tut1	HaSa	voiceless	alveolar_o	0.116098884	alveolar o	preceding vowel duration in ms	116.0988835
Baer_Henney_unpublished	tut8	JeHa	voiceless	alveolar_o	0.124645906	alveolar o	preceding vowel duration in ms	124.6459055
Baer_Henney_unpublished	tut4	KaGr	voiceless	alveolar_o	0.144633411	alveolar o	preceding vowel duration in ms	144.633411
Baer_Henney_unpublished	tut4	KaRe	voiceless	alveolar_o	0.122363176	alveolar o	preceding vowel duration in ms	122.3631755
Baer_Henney_unpublished	tut4	MaKu	voiceless	alveolar_o	0.121830554	alveolar o	preceding vowel duration in ms	121.8305542
Baer_Henney_unpublished	tut8	PaNu	voiceless	alveolar_o	0.159373887	alveolar o	preceding vowel duration in ms	159.3738867
Baer_Henney_unpublished	tut8	SoBe	voiceless	alveolar_o	0.220733251	alveolar o	preceding vowel duration in ms	220.7332506
Baer_Henney_unpublished	tut4	StKa	voiceless	alveolar_o	0.177669558	alveolar o	preceding vowel duration in ms	177.6695583
Baer_Henney_unpublished	tut4	CoLa	voiceless	alveolar_o	0.153335253	alveolar o	preceding vowel duration in ms	153.3352533
Baer_Henney_unpublished	tut8	JeHa	voiceless	alveolar_o	0.148099661	alveolar o	preceding vowel duration in ms	148.0996609
Baer_Henney_unpublished	tut4	KaGr	voiceless	alveolar_o	0.083609999	alveolar o	preceding vowel duration in ms	83.6099992
Baer_Henney_unpublished	tut4	KaRe	voiceless	alveolar_o	0.112328723	alveolar o	preceding vowel duration in ms	112.3287225
Baer_Henney_unpublished	tut4	MaKu	voiceless	alveolar_o	0.105915752	alveolar o	preceding vowel duration in ms	105.9157521
Baer_Henney_unpublished	tut8	PaNu	voiceless	alveolar_o	0.162387887	alveolar o	preceding vowel duration in ms	162.3878868
Baer_Henney_unpublished	tut8	SoBe	voiceless	alveolar_o	0.194764633	alveolar o	preceding vowel duration in ms	194.7646328
Baer_Henney_unpublished	tut4	StKa	voiceless	alveolar_o	0.1520138	alveolar o	preceding vowel duration in ms	152.0137997
Baer_Henney_unpublished	tut9	AnKu	voiceless	alveolar_o	0.153747097	alveolar o	preceding vowel duration in ms	153.7470968
Baer_Henney_unpublished	tut10	ClGo	voiceless	alveolar_o	0.148355145	alveolar o	preceding vowel duration in ms	148.355145
Baer_Henney_unpublished	tut9	DaHe	voiceless	alveolar_o	0.125785542	alveolar o	preceding vowel duration in ms	125.7855416
Baer_Henney_unpublished	tut10	DiTu	voiceless	alveolar_o	0.131727341	alveolar o	preceding vowel duration in ms	131.7273407
Baer_Henney_unpublished	tut10	JoTh	voiceless	alveolar_o	0.099854445	alveolar o	preceding vowel duration in ms	99.8544451
Baer_Henney_unpublished	tut9	MaRo	voiceless	alveolar_o	0.233773564	alveolar o	preceding vowel duration in ms	233.7735637
Baer_Henney_unpublished	tut10	PhLu	voiceless	alveolar_o	0.100977995	alveolar o	preceding vowel duration in ms	100.977995
Baer_Henney_unpublished	tut8	SoBe	voiceless	alveolar_o	0.191518631	alveolar o	preceding vowel duration in ms	191.5186311
Baer_Henney_unpublished	tut9	VaHu	voiceless	alveolar_o	0.040679264	alveolar o	preceding vowel duration in ms	40.679264
Baer_Henney_unpublished	tut7	AnHu	voiceless	alveolar_o	0.113614961	alveolar o	preceding vowel duration in ms	113.6149609
Baer_Henney_unpublished	tut9	AnKu	voiceless	alveolar_o	0.18386195	alveolar o	preceding vowel duration in ms	183.8619498
Baer_Henney_unpublished	tut7	Beck	voiceless	alveolar_o	0.239136646	alveolar o	preceding vowel duration in ms	239.1366457
Baer_Henney_unpublished	tut10	ClGo	voiceless	alveolar_o	0.142684433	alveolar o	preceding vowel duration in ms	142.6844329
Baer_Henney_unpublished	tut2	DaAr	voiceless	alveolar_o	0.176312682	alveolar o	preceding vowel duration in ms	176.3126817
Baer_Henney_unpublished	tut9	DaHe	voiceless	alveolar_o	0.077905883	alveolar o	preceding vowel duration in ms	77.9058826
Baer_Henney_unpublished	tut10	DiTu	voiceless	alveolar_o	0.122490182	alveolar o	preceding vowel duration in ms	122.490182
Baer_Henney_unpublished	tut7	FrSc	voiceless	alveolar_o	0.197646963	alveolar o	preceding vowel duration in ms	197.6469634
Baer_Henney_unpublished	tut2	JeMe	voiceless	alveolar_o	0.151795245	alveolar o	preceding vowel duration in ms	151.7952445
Baer_Henney_unpublished	tut10	JoTh	voiceless	alveolar_o	0.042525305	alveolar o	preceding vowel duration in ms	42.5253047
Baer_Henney_unpublished	tut7	JuSo	voiceless	alveolar_o	0.155811768	alveolar o	preceding vowel duration in ms	155.8117677
Baer_Henney_unpublished	tut1	KaTh	voiceless	alveolar_o	0.126801895	alveolar o	preceding vowel duration in ms	126.8018946
Baer_Henney_unpublished	tut2	MaGe	voiceless	alveolar_o	0.12582919	alveolar o	preceding vowel duration in ms	125.8291901
Baer_Henney_unpublished	tut7	MaMe	voiceless	alveolar_o	0.07075153	alveolar o	preceding vowel duration in ms	70.7515302
Baer_Henney_unpublished	tut7	MaRe	voiceless	alveolar_o	0.149319611	alveolar o	preceding vowel duration in ms	149.3196107
Baer_Henney_unpublished	tut9	MaRo	voiceless	alveolar_o	0.109649981	alveolar o	preceding vowel duration in ms	109.6499808
Baer_Henney_unpublished	tut2	MaSc	voiceless	alveolar_o	0.220315786	alveolar o	preceding vowel duration in ms	220.3157862
Baer_Henney_unpublished	tut7	MiMi	voiceless	alveolar_o	0.193969447	alveolar o	preceding vowel duration in ms	193.969447
Baer_Henney_unpublished	tut2	MiPa	voiceless	alveolar_o	0.137146814	alveolar o	preceding vowel duration in ms	137.1468135
Baer_Henney_unpublished	tut2	MoSc	voiceless	alveolar_o	0.161399139	alveolar o	preceding vowel duration in ms	161.3991389
Baer_Henney_unpublished	tut10	PhLu	voiceless	alveolar_o	0.123200474	alveolar o	preceding vowel duration in ms	123.2004737
Baer_Henney_unpublished	tut7	SaBa	voiceless	alveolar_o	0.184264749	alveolar o	preceding vowel duration in ms	184.2647485
Baer_Henney_unpublished	tut2	SeUc	voiceless	alveolar_o	0.08561066	alveolar o	preceding vowel duration in ms	85.6106597
Baer_Henney_unpublished	tut2	SiCa	voiceless	alveolar_o	0.16827497	alveolar o	preceding vowel duration in ms	168.2749703
Baer_Henney_unpublished	tut7	TcQu	voiceless	alveolar_o	0.078247065	alveolar o	preceding vowel duration in ms	78.2470648
Baer_Henney_unpublished	tut9	VaHu	voiceless	alveolar_o	0.098837599	alveolar o	preceding vowel duration in ms	98.8375994
Baer_Henney_unpublished	tut7	VaMa	voiceless	alveolar_o	0.088055512	alveolar o	preceding vowel duration in ms	88.055512
Baer_Henney_unpublished	tut7	VaSc	voiceless	alveolar_o	0.106232449	alveolar o	preceding vowel duration in ms	106.2324489
Baer_Henney_unpublished	tut9	ViBe	voiceless	alveolar_o	0.213921639	alveolar o	preceding vowel duration in ms	213.9216388
Baer_Henney_unpublished	tut7	YuVo	voiceless	alveolar_o	0.168523033	alveolar o	preceding vowel duration in ms	168.523033
Baer_Henney_unpublished	tut9	KaKe	voiceless	alveolar_o	0.158724693	alveolar o	preceding vowel duration in ms	158.7246925
Baer_Henney_unpublished	tut9	ViBe	voiceless	alveolar_o	0.177080851	alveolar o	preceding vowel duration in ms	177.0808507
Baer_Henney_unpublished	tut9	KaKe	voiceless	alveolar_o	0.166390374	alveolar o	preceding vowel duration in ms	166.3903737
Baer_Henney_unpublished	tut7	BeNi	voiceless	alveolar_o	0.168310143	alveolar o	preceding vowel duration in ms	168.3101426
Baer_Henney_unpublished	tut7	BeNi	voiceless	alveolar_o	0.168310143	alveolar o	preceding vowel duration in ms	168.3101426
Baer_Henney_unpublished	tut9	KaKe	voiceless	alveolar_o	0.159175615	alveolar o	preceding vowel duration in ms	159.1756149
Baer_Henney_unpublished	tut9	ViBe	voiceless	alveolar_o	0.118862782	alveolar o	preceding vowel duration in ms	118.8627818
Baer_Henney_unpublished	tut7	BeNi	voiceless	alveolar_o	0.140258452	alveolar o	preceding vowel duration in ms	140.2584522
Baer_Henney_unpublished	tut7	BeNi	voiceless	alveolar_o	0.140258452	alveolar o	preceding vowel duration in ms	140.2584522
Baer_Henney_unpublished	tut9	EdGr	voiceless	alveolar_o	0.098109054	alveolar o	preceding vowel duration in ms	98.1090544
Baer_Henney_unpublished	tut4	CoLa	voiced	labial_o	0.141540234	labial o	preceding vowel duration in ms	141.5402338
Baer_Henney_unpublished	tut2	DaAr	voiced	labial_o	0.119697723	labial o	preceding vowel duration in ms	119.6977232
Baer_Henney_unpublished	tut4	HaAl	voiced	labial_o	0.207387021	labial o	preceding vowel duration in ms	207.3870212
Baer_Henney_unpublished	tut5	IsRa	voiced	labial_o	0.136335297	labial o	preceding vowel duration in ms	136.3352967
Baer_Henney_unpublished	tut4	KaRe	voiced	labial_o	0.134180234	labial o	preceding vowel duration in ms	134.1802335
Baer_Henney_unpublished	tut2	MaGe	voiced	labial_o	0.125548261	labial o	preceding vowel duration in ms	125.5482613
Baer_Henney_unpublished	tut4	MaKu	voiced	labial_o	0.11798905	labial o	preceding vowel duration in ms	117.9890503
Baer_Henney_unpublished	tut2	RoBe	voiced	labial_o	0.137080416	labial o	preceding vowel duration in ms	137.0804163
Baer_Henney_unpublished	tut2	SiCa	voiced	labial_o	0.130245462	labial o	preceding vowel duration in ms	130.2454618
Baer_Henney_unpublished	tut4	StKa	voiced	labial_o	0.163812705	labial o	preceding vowel duration in ms	163.8127047
Baer_Henney_unpublished	tut3	LaKu	voiced	labial_o	0.304324547	labial o	preceding vowel duration in ms	304.324547
Baer_Henney_unpublished	tut7	AnHu	voiced	labial_o	0.108459457	labial o	preceding vowel duration in ms	108.459457
Baer_Henney_unpublished	tut9	AnKu	voiced	labial_o	0.212392358	labial o	preceding vowel duration in ms	212.3923577
Baer_Henney_unpublished	tut3	AnRu	voiced	labial_o	0.081232464	labial o	preceding vowel duration in ms	81.2324637
Baer_Henney_unpublished	tut7	BeNi	voiced	labial_o	0.210387678	labial o	preceding vowel duration in ms	210.3876782
Baer_Henney_unpublished	tut7	BeNi	voiced	labial_o	0.210387678	labial o	preceding vowel duration in ms	210.3876782
Baer_Henney_unpublished	tut10	ClGo	voiced	labial_o	0.127161553	labial o	preceding vowel duration in ms	127.1615528
Baer_Henney_unpublished	tut9	DaHe	voiced	labial_o	0.073848285	labial o	preceding vowel duration in ms	73.8482846
Baer_Henney_unpublished	tut10	DiTu	voiced	labial_o	0.146936806	labial o	preceding vowel duration in ms	146.9368064
Baer_Henney_unpublished	tut9	EdGr	voiced	labial_o	0.102450163	labial o	preceding vowel duration in ms	102.450163
Baer_Henney_unpublished	tut7	FrSc	voiced	labial_o	0.205318967	labial o	preceding vowel duration in ms	205.3189672
Baer_Henney_unpublished	tut2	JeMe	voiced	labial_o	0.194910365	labial o	preceding vowel duration in ms	194.9103647
Baer_Henney_unpublished	tut10	JoTh	voiced	labial_o	0.118810781	labial o	preceding vowel duration in ms	118.8107814
Baer_Henney_unpublished	tut3	JuEh	voiced	labial_o	0.157380605	labial o	preceding vowel duration in ms	157.3806045
Baer_Henney_unpublished	tut7	JuSo	voiced	labial_o	0.12984314	labial o	preceding vowel duration in ms	129.8431398
Baer_Henney_unpublished	tut3	LiRi	voiced	labial_o	0.126597061	labial o	preceding vowel duration in ms	126.5970613
Baer_Henney_unpublished	tut2	MaGe	voiced	labial_o	0.111470513	labial o	preceding vowel duration in ms	111.4705128
Baer_Henney_unpublished	tut3	MaKo	voiced	labial_o	0.157029047	labial o	preceding vowel duration in ms	157.0290471
Baer_Henney_unpublished	tut7	MaMe	voiced	labial_o	0.189154518	labial o	preceding vowel duration in ms	189.1545182
Baer_Henney_unpublished	tut7	MaRe	voiced	labial_o	0.17204216	labial o	preceding vowel duration in ms	172.0421602
Baer_Henney_unpublished	tut9	MaRo	voiced	labial_o	0.148228559	labial o	preceding vowel duration in ms	148.2285588
Baer_Henney_unpublished	tut2	MaSc	voiced	labial_o	0.285338895	labial o	preceding vowel duration in ms	285.3388952
Baer_Henney_unpublished	tut3	MeDo	voiced	labial_o	0.1204618	labial o	preceding vowel duration in ms	120.4617998
Baer_Henney_unpublished	tut7	MiMi	voiced	labial_o	0.155119025	labial o	preceding vowel duration in ms	155.119025
Baer_Henney_unpublished	tut2	MiPa	voiced	labial_o	0.154682222	labial o	preceding vowel duration in ms	154.6822215
Baer_Henney_unpublished	tut2	MoSc	voiced	labial_o	0.202585404	labial o	preceding vowel duration in ms	202.5854039
Baer_Henney_unpublished	tut10	PhLu	voiced	labial_o	0.135238656	labial o	preceding vowel duration in ms	135.2386557
Baer_Henney_unpublished	tut2	RoBe	voiced	labial_o	0.122650899	labial o	preceding vowel duration in ms	122.6508988
Baer_Henney_unpublished	tut7	SaBa	voiced	labial_o	0.161453172	labial o	preceding vowel duration in ms	161.4531724
Baer_Henney_unpublished	tut2	SeUc	voiced	labial_o	0.096586385	labial o	preceding vowel duration in ms	96.5863854
Baer_Henney_unpublished	tut7	TcQu	voiced	labial_o	0.063136966	labial o	preceding vowel duration in ms	63.1369661
Baer_Henney_unpublished	tut9	VaHu	voiced	labial_o	0.141020372	labial o	preceding vowel duration in ms	141.0203721
Baer_Henney_unpublished	tut7	VaMa	voiced	labial_o	0.106198439	labial o	preceding vowel duration in ms	106.198439
Baer_Henney_unpublished	tut7	VaSc	voiced	labial_o	0.106232449	labial o	preceding vowel duration in ms	106.2324489
Baer_Henney_unpublished	tut9	ViBe	voiced	labial_o	0.254705276	labial o	preceding vowel duration in ms	254.7052762
Baer_Henney_unpublished	tut7	YuVo	voiced	labial_o	0.218313929	labial o	preceding vowel duration in ms	218.3139291
Baer_Henney_unpublished	tut10	RuYi	voiced	labial_o	0.219758716	labial o	preceding vowel duration in ms	219.7587159
Baer_Henney_unpublished	tut10	SeGu	voiced	labial_o	0.393600281	labial o	preceding vowel duration in ms	393.6002814
Baer_Henney_unpublished	tut3	KiSt	voiced	labial_o	0.27831235	labial o	preceding vowel duration in ms	278.3123501
Baer_Henney_unpublished	tut3	LaKu	voiced	labial_o	0.507207578	labial o	preceding vowel duration in ms	507.2075783
Baer_Henney_unpublished	tut7	AnHu	voiced	labial_o	0.107781041	labial o	preceding vowel duration in ms	107.781041
Baer_Henney_unpublished	tut3	AnRu	voiced	labial_o	0.09639888	labial o	preceding vowel duration in ms	96.3988798
Baer_Henney_unpublished	tut7	Beck	voiced	labial_o	0.061586382	labial o	preceding vowel duration in ms	61.5863819
Baer_Henney_unpublished	tut7	BeNi	voiced	labial_o	0.252465214	labial o	preceding vowel duration in ms	252.4652139
Baer_Henney_unpublished	tut7	BeNi	voiced	labial_o	0.252465214	labial o	preceding vowel duration in ms	252.4652139
Baer_Henney_unpublished	tut7	FrSc	voiced	labial_o	0.407072838	labial o	preceding vowel duration in ms	407.0728382
Baer_Henney_unpublished	tut7	JuSo	voiced	labial_o	0.155811768	labial o	preceding vowel duration in ms	155.8117677
Baer_Henney_unpublished	tut3	LiRi	voiced	labial_o	0.327853928	labial o	preceding vowel duration in ms	327.8539279
Baer_Henney_unpublished	tut7	MaMe	voiced	labial_o	0.120831462	labial o	preceding vowel duration in ms	120.8314621
Baer_Henney_unpublished	tut7	MaRe	voiced	labial_o	0.192994797	labial o	preceding vowel duration in ms	192.9947966
Baer_Henney_unpublished	tut3	MeDo	voiced	labial_o	0.082421232	labial o	preceding vowel duration in ms	82.4212315
Baer_Henney_unpublished	tut7	MiMi	voiced	labial_o	0.185955763	labial o	preceding vowel duration in ms	185.9557628
Baer_Henney_unpublished	tut2	RoBe	voiced	labial_o	0.097399243	labial o	preceding vowel duration in ms	97.3992431
Baer_Henney_unpublished	tut7	SaBa	voiced	labial_o	0.127063042	labial o	preceding vowel duration in ms	127.0630418
Baer_Henney_unpublished	tut7	TcQu	voiced	labial_o	0.103981207	labial o	preceding vowel duration in ms	103.9812065
Baer_Henney_unpublished	tut7	VaMa	voiced	labial_o	0.112168395	labial o	preceding vowel duration in ms	112.1683952
Baer_Henney_unpublished	tut7	VaSc	voiced	labial_o	0.424929795	labial o	preceding vowel duration in ms	424.9297954
Baer_Henney_unpublished	tut7	YuVo	voiced	labial_o	0.157032826	labial o	preceding vowel duration in ms	157.0328262
Baer_Henney_unpublished	tut3	KiSt	voiced	labial_o	0.157710332	labial o	preceding vowel duration in ms	157.7103317
Baer_Henney_unpublished	tut1	HaSa	voiced	labial_o	0.123925775	labial o	preceding vowel duration in ms	123.9257746
Baer_Henney_unpublished	tut3	JeJe	voiced	labial_o	0.095101421	labial o	preceding vowel duration in ms	95.1014209
Baer_Henney_unpublished	tut1	KaTh	voiced	labial_o	0.177522652	labial o	preceding vowel duration in ms	177.5226524
Baer_Henney_unpublished	tut3	MaKo	voiced	labial_o	0.146073532	labial o	preceding vowel duration in ms	146.0735322
Baer_Henney_unpublished	tut1	HaSa	voiced	labial_o	0.086095801	labial o	preceding vowel duration in ms	86.0958013
Baer_Henney_unpublished	tut9	KaKe	voiced	labial_o	0.210129849	labial o	preceding vowel duration in ms	210.1298486
Baer_Henney_unpublished	tut5	IsRa	voiced	labial_o	0.149319611	labial o	preceding vowel duration in ms	149.3196107
Baer_Henney_unpublished	tut6	MaHo	voiced	labial_o	0.097382355	labial o	preceding vowel duration in ms	97.3823548
Baer_Henney_unpublished	tut9	KaKe	voiced	labial_o	0.18803465	labial o	preceding vowel duration in ms	188.03465
Baer_Henney_unpublished	tut6	MlHa	voiced	labial_o	0.22977471	labial o	preceding vowel duration in ms	229.7747103
Baer_Henney_unpublished	tut9	KaKe	voiced	labial_o	0.257025781	labial o	preceding vowel duration in ms	257.0257805
Baer_Henney_unpublished	tut6	AnHo	voiced	labial_o	0.212835383	labial o	preceding vowel duration in ms	212.8353832
Baer_Henney_unpublished	tut5	ClFi	voiced	labial_o	0.196713194	labial o	preceding vowel duration in ms	196.7131939
Baer_Henney_unpublished	tut5	DaDr	voiced	labial_o	0.04187245	labial o	preceding vowel duration in ms	41.8724496
Baer_Henney_unpublished	tut1	HaSa	voiced	labial_o	0.117128602	labial o	preceding vowel duration in ms	117.1286015
Baer_Henney_unpublished	tut5	IsRa	voiced	labial_o	0.146073532	labial o	preceding vowel duration in ms	146.0735322
Baer_Henney_unpublished	tut8	JeHa	voiced	labial_o	0.186498027	labial o	preceding vowel duration in ms	186.4980268
Baer_Henney_unpublished	tut5	JeSc	voiced	labial_o	0.132984056	labial o	preceding vowel duration in ms	132.9840561
Baer_Henney_unpublished	tut1	KaTh	voiced	labial_o	0.152162274	labial o	preceding vowel duration in ms	152.1622735
Baer_Henney_unpublished	tut6	MaHo	voiced	labial_o	0.094947796	labial o	preceding vowel duration in ms	94.9477959
Baer_Henney_unpublished	tut6	MlHa	voiced	labial_o	0.147291481	labial o	preceding vowel duration in ms	147.2914809
Baer_Henney_unpublished	tut8	SoBe	voiced	labial_o	0.201256867	labial o	preceding vowel duration in ms	201.2568666
Baer_Henney_unpublished	tut6	AlSt	voiced	labial_o	0.063129139	labial o	preceding vowel duration in ms	63.1291391
Baer_Henney_unpublished	tut6	AnHo	voiced	labial_o	0.153313624	labial o	preceding vowel duration in ms	153.3136235
Baer_Henney_unpublished	tut3	AnRu	voiced	labial_o	0.102630283	labial o	preceding vowel duration in ms	102.6302834
Baer_Henney_unpublished	tut1	CaMu	voiced	labial_o	0.177918908	labial o	preceding vowel duration in ms	177.9189083
Baer_Henney_unpublished	tut4	CoLa	voiced	labial_o	0.114018522	labial o	preceding vowel duration in ms	114.0185217
Baer_Henney_unpublished	tut4	HaAl	voiced	labial_o	0.218125508	labial o	preceding vowel duration in ms	218.1255077
Baer_Henney_unpublished	tut1	HaSa	voiced	labial_o	0.07921611	labial o	preceding vowel duration in ms	79.2161102
Baer_Henney_unpublished	tut8	JeHa	voiced	labial_o	0.120247465	labial o	preceding vowel duration in ms	120.2474651
Baer_Henney_unpublished	tut5	JeSc	voiced	labial_o	0.114048077	labial o	preceding vowel duration in ms	114.0480768
Baer_Henney_unpublished	tut3	JuEh	voiced	labial_o	0.136112955	labial o	preceding vowel duration in ms	136.1129553
Baer_Henney_unpublished	tut4	KaGr	voiced	labial_o	0.157081277	labial o	preceding vowel duration in ms	157.0812767
Baer_Henney_unpublished	tut4	KaRe	voiced	labial_o	0.156800734	labial o	preceding vowel duration in ms	156.8007336
Baer_Henney_unpublished	tut1	KaTh	voiced	labial_o	0.183862747	labial o	preceding vowel duration in ms	183.8627471
Baer_Henney_unpublished	tut6	MaHo	voiced	labial_o	0.109555149	labial o	preceding vowel duration in ms	109.5551492
Baer_Henney_unpublished	tut3	MaKo	voiced	labial_o	0.208154783	labial o	preceding vowel duration in ms	208.1547834
Baer_Henney_unpublished	tut4	MaKu	voiced	labial_o	0.11442194	labial o	preceding vowel duration in ms	114.4219395
Baer_Henney_unpublished	tut3	MeDo	voiced	labial_o	0.098271468	labial o	preceding vowel duration in ms	98.2714683
Baer_Henney_unpublished	tut6	MlHa	voiced	labial_o	0.117833185	labial o	preceding vowel duration in ms	117.8331847
Baer_Henney_unpublished	tut8	PaNu	voiced	labial_o	0.169314383	labial o	preceding vowel duration in ms	169.3143831
Baer_Henney_unpublished	tut8	SoBe	voiced	labial_o	0.204502865	labial o	preceding vowel duration in ms	204.5028645
Baer_Henney_unpublished	tut4	StKa	voiced	labial_o	0.215673008	labial o	preceding vowel duration in ms	215.6730082
Baer_Henney_unpublished	tut3	KiSt	voiced	labial_o	0.238884767	labial o	preceding vowel duration in ms	238.8847672
Baer_Henney_unpublished	tut3	LaKu	voiced	labial_o	0.304324547	labial o	preceding vowel duration in ms	304.324547
Baer_Henney_unpublished	tut3	LaKu	voiced	labial_o	0.355045305	labial o	preceding vowel duration in ms	355.0453048
Baer_Henney_unpublished	tut7	AnHu	voiced	labial_o	0.097609383	labial o	preceding vowel duration in ms	97.6093826
Baer_Henney_unpublished	tut9	AnKu	voiced	labial_o	0.101441076	labial o	preceding vowel duration in ms	101.4410757
Baer_Henney_unpublished	tut3	AnRu	voiced	labial_o	0.10778161	labial o	preceding vowel duration in ms	107.7816104
Baer_Henney_unpublished	tut7	BeNi	voiced	labial_o	0.091167994	labial o	preceding vowel duration in ms	91.1679939
Baer_Henney_unpublished	tut7	BeNi	voiced	labial_o	0.091167994	labial o	preceding vowel duration in ms	91.1679939
Baer_Henney_unpublished	tut10	ClGo	voiced	labial_o	0.148355145	labial o	preceding vowel duration in ms	148.355145
Baer_Henney_unpublished	tut4	CoLa	voiced	labial_o	0.106155175	labial o	preceding vowel duration in ms	106.1551753
Baer_Henney_unpublished	tut9	DaHe	voiced	labial_o	0.058429412	labial o	preceding vowel duration in ms	58.429412
Baer_Henney_unpublished	tut10	DiTu	voiced	labial_o	0.1596035	labial o	preceding vowel duration in ms	159.6035003
Baer_Henney_unpublished	tut9	EdGr	voiced	labial_o	0.131969702	labial o	preceding vowel duration in ms	131.9697015
Baer_Henney_unpublished	tut7	FrSc	voiced	labial_o	0.206209671	labial o	preceding vowel duration in ms	206.2096709
Baer_Henney_unpublished	tut4	HaAl	voiced	labial_o	0.171144629	labial o	preceding vowel duration in ms	171.1446291
Baer_Henney_unpublished	tut4	HaAl	voiced	labial_o	0.128190683	labial o	preceding vowel duration in ms	128.190683
Baer_Henney_unpublished	tut10	JoTh	voiced	labial_o	0.125519669	labial o	preceding vowel duration in ms	125.519669
Baer_Henney_unpublished	tut3	JuEh	voiced	labial_o	0.104211481	labial o	preceding vowel duration in ms	104.2114814
Baer_Henney_unpublished	tut7	JuSo	voiced	labial_o	0.103874512	labial o	preceding vowel duration in ms	103.8745118
Baer_Henney_unpublished	tut4	KaGr	voiced	labial_o	0.124292467	labial o	preceding vowel duration in ms	124.2924666
Baer_Henney_unpublished	tut4	KaRe	voiced	labial_o	0.087808965	labial o	preceding vowel duration in ms	87.808965
Baer_Henney_unpublished	tut1	KaTh	voiced	labial_o	0.196542937	labial o	preceding vowel duration in ms	196.5429366
Baer_Henney_unpublished	tut3	LiRi	voiced	labial_o	0.094136276	labial o	preceding vowel duration in ms	94.1362763
Baer_Henney_unpublished	tut3	MaKo	voiced	labial_o	0.21545846	labial o	preceding vowel duration in ms	215.45846
Baer_Henney_unpublished	tut4	MaKu	voiced	labial_o	0.100702283	labial o	preceding vowel duration in ms	100.7022825
Baer_Henney_unpublished	tut7	MaMe	voiced	labial_o	0.216971359	labial o	preceding vowel duration in ms	216.9713591
Baer_Henney_unpublished	tut7	MaRe	voiced	labial_o	0.19476471	labial o	preceding vowel duration in ms	194.7647096
Baer_Henney_unpublished	tut9	MaRo	voiced	labial_o	0.175315324	labial o	preceding vowel duration in ms	175.3153236
Baer_Henney_unpublished	tut3	MeDo	voiced	labial_o	0.091931374	labial o	preceding vowel duration in ms	91.9313736
Baer_Henney_unpublished	tut7	MiMi	voiced	labial_o	0.151570926	labial o	preceding vowel duration in ms	151.5709257
Baer_Henney_unpublished	tut8	PaNu	voiced	labial_o	0.129263018	labial o	preceding vowel duration in ms	129.2630176
Baer_Henney_unpublished	tut10	PhLu	voiced	labial_o	0.07590556	labial o	preceding vowel duration in ms	75.90556
Baer_Henney_unpublished	tut7	SaBa	voiced	labial_o	0.161681161	labial o	preceding vowel duration in ms	161.6811606
Baer_Henney_unpublished	tut8	SoBe	voiced	labial_o	0.223979328	labial o	preceding vowel duration in ms	223.9793278
Baer_Henney_unpublished	tut4	StKa	voiced	labial_o	0.172593285	labial o	preceding vowel duration in ms	172.5932852
Baer_Henney_unpublished	tut9	VaHu	voiced	labial_o	0.169598029	labial o	preceding vowel duration in ms	169.5980285
Baer_Henney_unpublished	tut7	VaMa	voiced	labial_o	0.110820194	labial o	preceding vowel duration in ms	110.8201938
Baer_Henney_unpublished	tut7	VaSc	voiced	labial_o	0.128597175	labial o	preceding vowel duration in ms	128.5971749
Baer_Henney_unpublished	tut9	ViBe	voiced	labial_o	0.209996646	labial o	preceding vowel duration in ms	209.9966455
Baer_Henney_unpublished	tut10	RuYi	voiced	labial_o	0.208626163	labial o	preceding vowel duration in ms	208.6261629
Baer_Henney_unpublished	tut10	SeGu	voiced	labial_o	0.326977517	labial o	preceding vowel duration in ms	326.9775166
Baer_Henney_unpublished	tut4	CoLa	voiceless	labial_o	0.139574397	labial o	preceding vowel duration in ms	139.5743972
Baer_Henney_unpublished	tut2	DaAr	voiceless	labial_o	0.143093459	labial o	preceding vowel duration in ms	143.0934587
Baer_Henney_unpublished	tut4	HaAl	voiceless	labial_o	0.18792754	labial o	preceding vowel duration in ms	187.9275404
Baer_Henney_unpublished	tut4	KaGr	voiceless	labial_o	0.109366634	labial o	preceding vowel duration in ms	109.3666341
Baer_Henney_unpublished	tut4	KaRe	voiceless	labial_o	0.106894209	labial o	preceding vowel duration in ms	106.8942092
Baer_Henney_unpublished	tut2	MaGe	voiceless	labial_o	0.102235013	labial o	preceding vowel duration in ms	102.235013
Baer_Henney_unpublished	tut4	MaKu	voiceless	labial_o	0.139391715	labial o	preceding vowel duration in ms	139.3917152
Baer_Henney_unpublished	tut2	RoBe	voiceless	labial_o	0.126258278	labial o	preceding vowel duration in ms	126.2582781
Baer_Henney_unpublished	tut2	SiCa	voiceless	labial_o	0.139370375	labial o	preceding vowel duration in ms	139.3703749
Baer_Henney_unpublished	tut4	StKa	voiceless	labial_o	0.166282184	labial o	preceding vowel duration in ms	166.2821843
Baer_Henney_unpublished	tut3	LaKu	voiceless	labial_o	0.304324547	labial o	preceding vowel duration in ms	304.324547
Baer_Henney_unpublished	tut7	AnHu	voiceless	labial_o	0.087203681	labial o	preceding vowel duration in ms	87.2036807
Baer_Henney_unpublished	tut9	AnKu	voiceless	labial_o	0.177522633	labial o	preceding vowel duration in ms	177.5226328
Baer_Henney_unpublished	tut3	AnRu	voiceless	labial_o	0.090507837	labial o	preceding vowel duration in ms	90.5078372
Baer_Henney_unpublished	tut7	Beck	voiceless	labial_o	0.150112189	labial o	preceding vowel duration in ms	150.1121887
Baer_Henney_unpublished	tut10	ClGo	voiceless	labial_o	0.130693818	labial o	preceding vowel duration in ms	130.6938182
Baer_Henney_unpublished	tut2	DaAr	voiceless	labial_o	0.107929627	labial o	preceding vowel duration in ms	107.9296269
Baer_Henney_unpublished	tut9	DaHe	voiceless	labial_o	0.099816914	labial o	preceding vowel duration in ms	99.8169137
Baer_Henney_unpublished	tut10	DiTu	voiceless	labial_o	0.160437882	labial o	preceding vowel duration in ms	160.4378818
Baer_Henney_unpublished	tut9	EdGr	voiceless	labial_o	0.097240833	labial o	preceding vowel duration in ms	97.2408327
Baer_Henney_unpublished	tut7	FrSc	voiceless	labial_o	0.249058042	labial o	preceding vowel duration in ms	249.0580423
Baer_Henney_unpublished	tut2	JeMe	voiceless	labial_o	0.149841005	labial o	preceding vowel duration in ms	149.8410051
Baer_Henney_unpublished	tut10	JoTh	voiceless	labial_o	0.089849628	labial o	preceding vowel duration in ms	89.8496283
Baer_Henney_unpublished	tut7	JuSo	voiceless	labial_o	0.12984314	labial o	preceding vowel duration in ms	129.8431398
Baer_Henney_unpublished	tut2	MaGe	voiceless	labial_o	0.106546823	labial o	preceding vowel duration in ms	106.5468227
Baer_Henney_unpublished	tut3	MaKo	voiceless	labial_o	0.222762137	labial o	preceding vowel duration in ms	222.7621366
Baer_Henney_unpublished	tut7	MaMe	voiceless	labial_o	0.11958978	labial o	preceding vowel duration in ms	119.5897803
Baer_Henney_unpublished	tut7	MaRe	voiceless	labial_o	0.206522469	labial o	preceding vowel duration in ms	206.5224693
Baer_Henney_unpublished	tut2	MaSc	voiceless	labial_o	0.325865184	labial o	preceding vowel duration in ms	325.8651842
Baer_Henney_unpublished	tut3	MeDo	voiceless	labial_o	0.064985971	labial o	preceding vowel duration in ms	64.985971
Baer_Henney_unpublished	tut7	MiMi	voiceless	labial_o	0.126552539	labial o	preceding vowel duration in ms	126.552539
Baer_Henney_unpublished	tut2	MiPa	voiceless	labial_o	0.158246327	labial o	preceding vowel duration in ms	158.2463266
Baer_Henney_unpublished	tut2	MoSc	voiceless	labial_o	0.227071892	labial o	preceding vowel duration in ms	227.071892
Baer_Henney_unpublished	tut10	PhLu	voiceless	labial_o	0.131632127	labial o	preceding vowel duration in ms	131.6321267
Baer_Henney_unpublished	tut2	RoBe	voiceless	labial_o	0.140687796	labial o	preceding vowel duration in ms	140.6877956
Baer_Henney_unpublished	tut7	SaBa	voiceless	labial_o	0.121237333	labial o	preceding vowel duration in ms	121.2373331
Baer_Henney_unpublished	tut2	SeUc	voiceless	labial_o	0.120732982	labial o	preceding vowel duration in ms	120.7329817
Baer_Henney_unpublished	tut2	SiCa	voiceless	labial_o	0.17036532	labial o	preceding vowel duration in ms	170.3653202
Baer_Henney_unpublished	tut7	TcQu	voiceless	labial_o	0.107504537	labial o	preceding vowel duration in ms	107.5045366
Baer_Henney_unpublished	tut9	VaHu	voiceless	labial_o	0.140274494	labial o	preceding vowel duration in ms	140.2744941
Baer_Henney_unpublished	tut7	VaMa	voiceless	labial_o	0.139491518	labial o	preceding vowel duration in ms	139.4915181
Baer_Henney_unpublished	tut7	VaSc	voiceless	labial_o	0.092254495	labial o	preceding vowel duration in ms	92.2544951
Baer_Henney_unpublished	tut7	YuVo	voiceless	labial_o	0.10596524	labial o	preceding vowel duration in ms	105.9652404
Baer_Henney_unpublished	tut10	RuYi	voiceless	labial_o	0.264133072	labial o	preceding vowel duration in ms	264.133072
Baer_Henney_unpublished	tut10	SeGu	voiceless	labial_o	0.344509823	labial o	preceding vowel duration in ms	344.5098231
Baer_Henney_unpublished	tut3	KiSt	voiceless	labial_o	0.248161846	labial o	preceding vowel duration in ms	248.1618455
Baer_Henney_unpublished	tut3	LaKu	voiceless	labial_o	0.304324547	labial o	preceding vowel duration in ms	304.324547
Baer_Henney_unpublished	tut7	AnHu	voiceless	labial_o	0.119236057	labial o	preceding vowel duration in ms	119.2360566
Baer_Henney_unpublished	tut3	AnRu	voiceless	labial_o	0.083010147	labial o	preceding vowel duration in ms	83.0101465
Baer_Henney_unpublished	tut7	Beck	voiceless	labial_o	0.15274612	labial o	preceding vowel duration in ms	152.7461199
Baer_Henney_unpublished	tut7	FrSc	voiceless	labial_o	0.185704561	labial o	preceding vowel duration in ms	185.7045606
Baer_Henney_unpublished	tut3	JuEh	voiceless	labial_o	0.173503293	labial o	preceding vowel duration in ms	173.5032932
Baer_Henney_unpublished	tut3	LiRi	voiceless	labial_o	0.133089218	labial o	preceding vowel duration in ms	133.0892182
Baer_Henney_unpublished	tut3	MaKo	voiceless	labial_o	0.15155129	labial o	preceding vowel duration in ms	151.5512897
Baer_Henney_unpublished	tut7	MaMe	voiceless	labial_o	0.081900999	labial o	preceding vowel duration in ms	81.9009989
Baer_Henney_unpublished	tut7	MaRe	voiceless	labial_o	0.146073532	labial o	preceding vowel duration in ms	146.0735322
Baer_Henney_unpublished	tut3	MeDo	voiceless	labial_o	0.069741042	labial o	preceding vowel duration in ms	69.741042
Baer_Henney_unpublished	tut7	MiMi	voiceless	labial_o	0.179395249	labial o	preceding vowel duration in ms	179.3952491
Baer_Henney_unpublished	tut2	RoBe	voiceless	labial_o	0.119043519	labial o	preceding vowel duration in ms	119.0435194
Baer_Henney_unpublished	tut7	SaBa	voiceless	labial_o	0.146997609	labial o	preceding vowel duration in ms	146.9976092
Baer_Henney_unpublished	tut7	TcQu	voiceless	labial_o	0.066251971	labial o	preceding vowel duration in ms	66.2519711
Baer_Henney_unpublished	tut7	VaMa	voiceless	labial_o	0.087999571	labial o	preceding vowel duration in ms	87.9995713
Baer_Henney_unpublished	tut7	VaSc	voiceless	labial_o	0.114619221	labial o	preceding vowel duration in ms	114.6192211
Baer_Henney_unpublished	tut7	YuVo	voiceless	labial_o	0.172353102	labial o	preceding vowel duration in ms	172.3531019
Baer_Henney_unpublished	tut3	KiSt	voiceless	labial_o	0.208734263	labial o	preceding vowel duration in ms	208.7342626
Baer_Henney_unpublished	tut3	JeJe	voiceless	labial_o	0.101441516	labial o	preceding vowel duration in ms	101.4415157
Baer_Henney_unpublished	tut3	MeDo	voiceless	labial_o	0.141067108	labial o	preceding vowel duration in ms	141.0671077
Baer_Henney_unpublished	tut6	MlHa	voiceless	labial_o	0.176749777	labial o	preceding vowel duration in ms	176.7497771
Baer_Henney_unpublished	tut3	JeJe	voiceless	labial_o	0.082421232	labial o	preceding vowel duration in ms	82.4212315
Baer_Henney_unpublished	tut3	JuEh	voiceless	labial_o	0.187155314	labial o	preceding vowel duration in ms	187.1553135
Baer_Henney_unpublished	tut6	AnHo	voiceless	labial_o	0.292147064	labial o	preceding vowel duration in ms	292.1470644
Baer_Henney_unpublished	tut1	HaSa	voiceless	labial_o	0.117403365	labial o	preceding vowel duration in ms	117.4033654
Baer_Henney_unpublished	tut6	MaHo	voiceless	labial_o	0.08662972	labial o	preceding vowel duration in ms	86.6297198
Baer_Henney_unpublished	tut4	StKa	voiceless	labial_o	0.173690858	labial o	preceding vowel duration in ms	173.6908577
Baer_Henney_unpublished	tut7	Beck	voiceless	labial_o	0.053627131	labial o	preceding vowel duration in ms	53.6271307
Baer_Henney_unpublished	tut1	HaSa	voiceless	labial_o	0.125882497	labial o	preceding vowel duration in ms	125.8824973
Baer_Henney_unpublished	tut6	AnHo	voiceless	labial_o	0.162332072	labial o	preceding vowel duration in ms	162.3320719
Baer_Henney_unpublished	tut5	ClFi	voiceless	labial_o	0.20343688	labial o	preceding vowel duration in ms	203.4368797
Baer_Henney_unpublished	tut5	DaDr	voiceless	labial_o	0.056355209	labial o	preceding vowel duration in ms	56.3552094
Baer_Henney_unpublished	tut5	IsRa	voiceless	labial_o	0.149772835	labial o	preceding vowel duration in ms	149.7728349
Baer_Henney_unpublished	tut8	JeHa	voiceless	labial_o	0.104214117	labial o	preceding vowel duration in ms	104.2141168
Baer_Henney_unpublished	tut5	JeSc	voiceless	labial_o	0.139516326	labial o	preceding vowel duration in ms	139.5163261
Baer_Henney_unpublished	tut1	KaTh	voiceless	labial_o	0.088761326	labial o	preceding vowel duration in ms	88.7613262
Baer_Henney_unpublished	tut6	MaHo	voiceless	labial_o	0.083180761	labial o	preceding vowel duration in ms	83.1807614
Baer_Henney_unpublished	tut6	MlHa	voiceless	labial_o	0.206208073	labial o	preceding vowel duration in ms	206.2080733
Baer_Henney_unpublished	tut8	PaNu	voiceless	labial_o	0.171662965	labial o	preceding vowel duration in ms	171.662965
Baer_Henney_unpublished	tut8	SoBe	voiceless	labial_o	0.227225405	labial o	preceding vowel duration in ms	227.225405
Baer_Henney_unpublished	tut6	AnHo	voiceless	labial_o	0.22906859	labial o	preceding vowel duration in ms	229.0685904
Baer_Henney_unpublished	tut3	AnRu	voiceless	labial_o	0.075288625	labial o	preceding vowel duration in ms	75.2886249
Baer_Henney_unpublished	tut4	CoLa	voiceless	labial_o	0.105172257	labial o	preceding vowel duration in ms	105.1722571
Baer_Henney_unpublished	tut4	HaAl	voiceless	labial_o	0.189936981	labial o	preceding vowel duration in ms	189.9369806
Baer_Henney_unpublished	tut8	JeHa	voiceless	labial_o	0.100851486	labial o	preceding vowel duration in ms	100.8514862
Baer_Henney_unpublished	tut3	JuEh	voiceless	labial_o	0.14249325	labial o	preceding vowel duration in ms	142.49325
Baer_Henney_unpublished	tut4	KaRe	voiceless	labial_o	0.149983238	labial o	preceding vowel duration in ms	149.9832377
Baer_Henney_unpublished	tut1	KaTh	voiceless	labial_o	0.139482084	labial o	preceding vowel duration in ms	139.482084
Baer_Henney_unpublished	tut3	LiRi	voiceless	labial_o	0.121727944	labial o	preceding vowel duration in ms	121.7279435
Baer_Henney_unpublished	tut6	MaHo	voiceless	labial_o	0.082977882	labial o	preceding vowel duration in ms	82.9778815
Baer_Henney_unpublished	tut3	MaKo	voiceless	labial_o	0.21545846	labial o	preceding vowel duration in ms	215.45846
Baer_Henney_unpublished	tut4	MaKu	voiceless	labial_o	0.085885053	labial o	preceding vowel duration in ms	85.8850529
Baer_Henney_unpublished	tut3	MeDo	voiceless	labial_o	0.09034635	labial o	preceding vowel duration in ms	90.3463499
Baer_Henney_unpublished	tut6	MlHa	voiceless	labial_o	0.176749777	labial o	preceding vowel duration in ms	176.7497771
Baer_Henney_unpublished	tut8	PaNu	voiceless	labial_o	0.130939492	labial o	preceding vowel duration in ms	130.9394915
Baer_Henney_unpublished	tut8	SoBe	voiceless	labial_o	0.185026474	labial o	preceding vowel duration in ms	185.0264741
Baer_Henney_unpublished	tut4	StKa	voiceless	labial_o	0.204422889	labial o	preceding vowel duration in ms	204.4228894
Baer_Henney_unpublished	tut3	LaKu	voiceless	labial_o	0.355045305	labial o	preceding vowel duration in ms	355.0453048
Baer_Henney_unpublished	tut3	LaKu	voiceless	labial_o	0.507207578	labial o	preceding vowel duration in ms	507.2075783
Baer_Henney_unpublished	tut7	AnHu	voiceless	labial_o	0.058243042	labial o	preceding vowel duration in ms	58.2430423
Baer_Henney_unpublished	tut9	AnKu	voiceless	labial_o	0.085590908	labial o	preceding vowel duration in ms	85.5909077
Baer_Henney_unpublished	tut3	AnRu	voiceless	labial_o	0.113725449	labial o	preceding vowel duration in ms	113.7254492
Baer_Henney_unpublished	tut7	Beck	voiceless	labial_o	0.199946061	labial o	preceding vowel duration in ms	199.9460606
Baer_Henney_unpublished	tut1	CaMu	voiceless	labial_o	0.133141989	labial o	preceding vowel duration in ms	133.1419893
Baer_Henney_unpublished	tut10	ClGo	voiceless	labial_o	0.240194044	labial o	preceding vowel duration in ms	240.1940443
Baer_Henney_unpublished	tut4	CoLa	voiceless	labial_o	0.081582218	labial o	preceding vowel duration in ms	81.5822181
Baer_Henney_unpublished	tut9	DaHe	voiceless	labial_o	0.053560294	labial o	preceding vowel duration in ms	53.5602943
Baer_Henney_unpublished	tut10	DiTu	voiceless	labial_o	0.175681394	labial o	preceding vowel duration in ms	175.6813941
Baer_Henney_unpublished	tut9	EdGr	voiceless	labial_o	0.099845498	labial o	preceding vowel duration in ms	99.8454978
Baer_Henney_unpublished	tut7	FrSc	voiceless	labial_o	0.218071091	labial o	preceding vowel duration in ms	218.0710908
Baer_Henney_unpublished	tut10	JoTh	voiceless	labial_o	0.109650486	labial o	preceding vowel duration in ms	109.6504864
Baer_Henney_unpublished	tut3	JuEh	voiceless	labial_o	0.091450892	labial o	preceding vowel duration in ms	91.4508918
Baer_Henney_unpublished	tut7	JuSo	voiceless	labial_o	0.155811768	labial o	preceding vowel duration in ms	155.8117677
Baer_Henney_unpublished	tut4	KaRe	voiceless	labial_o	0.125164496	labial o	preceding vowel duration in ms	125.1644956
Baer_Henney_unpublished	tut1	KaTh	voiceless	labial_o	0.126801895	labial o	preceding vowel duration in ms	126.8018946
Baer_Henney_unpublished	tut3	LiRi	voiceless	labial_o	0.113612747	labial o	preceding vowel duration in ms	113.6127473
Baer_Henney_unpublished	tut3	MaKo	voiceless	labial_o	0.142421694	labial o	preceding vowel duration in ms	142.4216939
Baer_Henney_unpublished	tut4	MaKu	voiceless	labial_o	0.085061874	labial o	preceding vowel duration in ms	85.0618735
Baer_Henney_unpublished	tut7	MaMe	voiceless	labial_o	0.112096773	labial o	preceding vowel duration in ms	112.0967729
Baer_Henney_unpublished	tut7	MaRe	voiceless	labial_o	0.191191107	labial o	preceding vowel duration in ms	191.1911069
Baer_Henney_unpublished	tut9	MaRo	voiceless	labial_o	0.14926806	labial o	preceding vowel duration in ms	149.26806
Baer_Henney_unpublished	tut3	MeDo	voiceless	labial_o	0.091931374	labial o	preceding vowel duration in ms	91.9313736
Baer_Henney_unpublished	tut7	MiMi	voiceless	labial_o	0.185461694	labial o	preceding vowel duration in ms	185.4616936
Baer_Henney_unpublished	tut10	PhLu	voiceless	labial_o	0.1037296	labial o	preceding vowel duration in ms	103.7296003
Baer_Henney_unpublished	tut7	SaBa	voiceless	labial_o	0.125916483	labial o	preceding vowel duration in ms	125.9164828
Baer_Henney_unpublished	tut8	SoBe	voiceless	labial_o	0.210995102	labial o	preceding vowel duration in ms	210.9951021
Baer_Henney_unpublished	tut7	TcQu	voiceless	labial_o	0.152318512	labial o	preceding vowel duration in ms	152.3185119
Baer_Henney_unpublished	tut9	VaHu	voiceless	labial_o	0.143765474	labial o	preceding vowel duration in ms	143.7654739
Baer_Henney_unpublished	tut7	VaMa	voiceless	labial_o	0.129298222	labial o	preceding vowel duration in ms	129.2982223
Baer_Henney_unpublished	tut7	VaSc	voiceless	labial_o	0.10902804	labial o	preceding vowel duration in ms	109.0280396
Baer_Henney_unpublished	tut9	ViBe	voiceless	labial_o	0.138268579	labial o	preceding vowel duration in ms	138.2685785
Baer_Henney_unpublished	tut7	YuVo	voiceless	labial_o	0.140435861	labial o	preceding vowel duration in ms	140.4358608
Baer_Henney_unpublished	tut4	StKa	voiceless	labial_o	0.186587319	labial o	preceding vowel duration in ms	186.5873191
Baer_Henney_unpublished	tut9	KaKe	voiceless	labial_o	0.155568236	labial o	preceding vowel duration in ms	155.5682356
Baer_Henney_unpublished	tut7	BeNi	voiceless	labial_o	0.168310143	labial o	preceding vowel duration in ms	168.3101426
Baer_Henney_unpublished	tut7	BeNi	voiceless	labial_o	0.168310143	labial o	preceding vowel duration in ms	168.3101426
Baer_Henney_unpublished	tut7	BeNi	voiceless	labial_o	0.182335988	labial o	preceding vowel duration in ms	182.3359878
Baer_Henney_unpublished	tut7	BeNi	voiceless	labial_o	0.182335988	labial o	preceding vowel duration in ms	182.3359878
Baer_Henney_unpublished	tut9	KaKe	voiceless	labial_o	0.110025071	labial o	preceding vowel duration in ms	110.025071
Baer_Henney_unpublished	tut7	BeNi	voiceless	labial_o	0.182335988	labial o	preceding vowel duration in ms	182.3359878
Baer_Henney_unpublished	tut7	BeNi	voiceless	labial_o	0.182335988	labial o	preceding vowel duration in ms	182.3359878
Baer_Henney_unpublished	tut9	KaKe	voiceless	labial_o	0.199307711	labial o	preceding vowel duration in ms	199.3077105
Baer_Henney_unpublished	tut7	BeNi	voiceless	labial_o	0.224413524	labial o	preceding vowel duration in ms	224.4135235
Baer_Henney_unpublished	tut7	BeNi	voiceless	labial_o	0.224413524	labial o	preceding vowel duration in ms	224.4135235
Baer_Henney_unpublished	tut4	KaGr	voiceless	labial_o	0.164706581	labial o	preceding vowel duration in ms	164.7065814
Baer_Henney_unpublished	tut2	DaAr	voiced	labial_o	0.154428459	labial o	preceding vowel duration in ms	154.4284586
Baer_Henney_unpublished	tut4	SvBo	voiceless	velar_o	0.130874036	velar o	preceding vowel duration in ms	130.8740361
Baer_Henney_unpublished	tut7	Beck	voiced	velar_o	0.228386015	velar o	preceding vowel duration in ms	228.3860145
Baer_Henney_unpublished	tut1	HaSa	voiced	velar_o	0.102401824	velar o	preceding vowel duration in ms	102.4018242
Baer_Henney_unpublished	tut5	IsRa	voiced	velar_o	0.142525762	velar o	preceding vowel duration in ms	142.5257623
Baer_Henney_unpublished	tut3	JeJe	voiced	velar_o	0.076081137	velar o	preceding vowel duration in ms	76.0811367
Baer_Henney_unpublished	tut3	AnRu	voiced	velar_o	0.137100629	velar o	preceding vowel duration in ms	137.1006291
Baer_Henney_unpublished	tut10	ClGo	voiced	velar_o	0.158951941	velar o	preceding vowel duration in ms	158.9519411
Baer_Henney_unpublished	tut10	DiTu	voiced	velar_o	0.157302566	velar o	preceding vowel duration in ms	157.3025657
Baer_Henney_unpublished	tut10	JoTh	voiced	velar_o	0.075327107	velar o	preceding vowel duration in ms	75.3271073
Baer_Henney_unpublished	tut3	JuEh	voiced	velar_o	0.147130793	velar o	preceding vowel duration in ms	147.1307926
Baer_Henney_unpublished	tut1	KaTh	voiced	velar_o	0.196542937	velar o	preceding vowel duration in ms	196.5429366
Baer_Henney_unpublished	tut3	LiRi	voiced	velar_o	0.146073532	velar o	preceding vowel duration in ms	146.0735322
Baer_Henney_unpublished	tut3	MaKo	voiced	velar_o	0.144247613	velar o	preceding vowel duration in ms	144.2476131
Baer_Henney_unpublished	tut3	MeDo	voiced	velar_o	0.16801251	velar o	preceding vowel duration in ms	168.0125103
Baer_Henney_unpublished	tut10	PhLu	voiced	velar_o	0.122616228	velar o	preceding vowel duration in ms	122.6162276
Baer_Henney_unpublished	tut9	ViBe	voiced	velar_o	0.077624726	velar o	preceding vowel duration in ms	77.624726
Baer_Henney_unpublished	tut3	KiSt	voiced	velar_o	0.275993081	velar o	preceding vowel duration in ms	275.9930805
Baer_Henney_unpublished	tut3	LaKu	voiced	velar_o	0.405766063	velar o	preceding vowel duration in ms	405.7660626
Baer_Henney_unpublished	tut10	ClGo	voiced	velar_o	0.186587335	velar o	preceding vowel duration in ms	186.5873353
Baer_Henney_unpublished	tut10	DiTu	voiced	velar_o	0.157201285	velar o	preceding vowel duration in ms	157.2012847
Baer_Henney_unpublished	tut1	HaSa	voiced	velar_o	0.095879415	velar o	preceding vowel duration in ms	95.8794151
Baer_Henney_unpublished	tut10	JoTh	voiced	velar_o	0.119577844	velar o	preceding vowel duration in ms	119.5778443
Baer_Henney_unpublished	tut10	PhLu	voiced	velar_o	0.11704045	velar o	preceding vowel duration in ms	117.04045
Baer_Henney_unpublished	tut9	AnKu	voiced	velar_o	0.225072387	velar o	preceding vowel duration in ms	225.0723868
Baer_Henney_unpublished	tut9	DaHe	voiced	velar_o	0.116047304	velar o	preceding vowel duration in ms	116.0473043
Baer_Henney_unpublished	tut9	EdGr	voiced	velar_o	0.093767946	velar o	preceding vowel duration in ms	93.7679458
Baer_Henney_unpublished	tut9	MaRo	voiced	velar_o	0.122902657	velar o	preceding vowel duration in ms	122.9026572
Baer_Henney_unpublished	tut9	VaHu	voiced	velar_o	0.095468185	velar o	preceding vowel duration in ms	95.4681846
Baer_Henney_unpublished	tut9	ViBe	voiced	velar_o	0.164857134	velar o	preceding vowel duration in ms	164.857134
Baer_Henney_unpublished	tut6	MaHo	voiced	velar_o	0.091295958	velar o	preceding vowel duration in ms	91.2959576
Baer_Henney_unpublished	tut3	LaKu	voiced	velar_o	0.45648682	velar o	preceding vowel duration in ms	456.4868204
Baer_Henney_unpublished	tut1	HaSa	voiced	velar_o	0.07826891	velar o	preceding vowel duration in ms	78.2689103
Baer_Henney_unpublished	tut9	AnKu	voiced	velar_o	0.190202017	velar o	preceding vowel duration in ms	190.202017
Baer_Henney_unpublished	tut9	DaHe	voiced	velar_o	0.058429412	velar o	preceding vowel duration in ms	58.429412
Baer_Henney_unpublished	tut9	EdGr	voiced	velar_o	0.135442588	velar o	preceding vowel duration in ms	135.4425883
Baer_Henney_unpublished	tut1	HaSa	voiced	velar_o	0.09914062	velar o	preceding vowel duration in ms	99.1406197
Baer_Henney_unpublished	tut9	MaRo	voiced	velar_o	0.181657845	velar o	preceding vowel duration in ms	181.6578448
Baer_Henney_unpublished	tut9	VaHu	voiced	velar_o	0.095469058	velar o	preceding vowel duration in ms	95.4690584
Baer_Henney_unpublished	tut9	ViBe	voiced	velar_o	0.107942171	velar o	preceding vowel duration in ms	107.9421711
Baer_Henney_unpublished	tut9	AnKu	voiced	velar_o	0.123631372	velar o	preceding vowel duration in ms	123.6313724
Baer_Henney_unpublished	tut9	DaHe	voiced	velar_o	0.076282843	velar o	preceding vowel duration in ms	76.2828434
Baer_Henney_unpublished	tut9	EdGr	voiced	velar_o	0.112000602	velar o	preceding vowel duration in ms	112.0006019
Baer_Henney_unpublished	tut3	JeJe	voiced	velar_o	0.082421232	velar o	preceding vowel duration in ms	82.4212315
Baer_Henney_unpublished	tut9	MaRo	voiced	velar_o	0.181706672	velar o	preceding vowel duration in ms	181.7066716
Baer_Henney_unpublished	tut9	VaHu	voiced	velar_o	0.144636279	velar o	preceding vowel duration in ms	144.6362791
Baer_Henney_unpublished	tut9	ViBe	voiced	velar_o	0.133417049	velar o	preceding vowel duration in ms	133.4170494
Baer_Henney_unpublished	tut6	AnHo	voiced	velar_o	0.284982971	velar o	preceding vowel duration in ms	284.9829707
Baer_Henney_unpublished	tut7	AnHu	voiced	velar_o	0.122800554	velar o	preceding vowel duration in ms	122.8005538
Baer_Henney_unpublished	tut7	Beck	voiced	velar_o	0.182715295	velar o	preceding vowel duration in ms	182.7152953
Baer_Henney_unpublished	tut7	BeNi	voiced	velar_o	0.210387678	velar o	preceding vowel duration in ms	210.3876782
Baer_Henney_unpublished	tut7	BeNi	voiced	velar_o	0.210387678	velar o	preceding vowel duration in ms	210.3876782
Baer_Henney_unpublished	tut5	ClFi	voiced	velar_o	0.199605771	velar o	preceding vowel duration in ms	199.6057712
Baer_Henney_unpublished	tut4	CoLa	voiced	velar_o	0.133676888	velar o	preceding vowel duration in ms	133.6768875
Baer_Henney_unpublished	tut5	DaDr	voiced	velar_o	0.078219907	velar o	preceding vowel duration in ms	78.2199069
Baer_Henney_unpublished	tut7	FrSc	voiced	velar_o	0.232893166	velar o	preceding vowel duration in ms	232.8931662
Baer_Henney_unpublished	tut4	HaAl	voiced	velar_o	0.16779114	velar o	preceding vowel duration in ms	167.7911396
Baer_Henney_unpublished	tut5	IsRa	voiced	velar_o	0.173929744	velar o	preceding vowel duration in ms	173.9297438
Baer_Henney_unpublished	tut2	JeMe	voiced	velar_o	0.204209858	velar o	preceding vowel duration in ms	204.2098576
Baer_Henney_unpublished	tut5	JeSc	voiced	velar_o	0.168096689	velar o	preceding vowel duration in ms	168.0966885
Baer_Henney_unpublished	tut7	JuSo	voiced	velar_o	0.207749024	velar o	preceding vowel duration in ms	207.7490236
Baer_Henney_unpublished	tut4	KaGr	voiced	velar_o	0.185447771	velar o	preceding vowel duration in ms	185.4477708
Baer_Henney_unpublished	tut4	KaRe	voiced	velar_o	0.112251428	velar o	preceding vowel duration in ms	112.2514281
Baer_Henney_unpublished	tut2	MaGe	voiced	velar_o	0.074646644	velar o	preceding vowel duration in ms	74.6466438
Baer_Henney_unpublished	tut6	MaHo	voiced	velar_o	0.091701717	velar o	preceding vowel duration in ms	91.7017174
Baer_Henney_unpublished	tut4	MaKu	voiced	velar_o	0.117165871	velar o	preceding vowel duration in ms	117.1658709
Baer_Henney_unpublished	tut7	MaMe	voiced	velar_o	0.177683157	velar o	preceding vowel duration in ms	177.6831571
Baer_Henney_unpublished	tut7	MaRe	voiced	velar_o	0.168796082	velar o	preceding vowel duration in ms	168.7960817
Baer_Henney_unpublished	tut2	MaSc	voiced	velar_o	0.298606759	velar o	preceding vowel duration in ms	298.6067592
Baer_Henney_unpublished	tut7	MiMi	voiced	velar_o	0.238985597	velar o	preceding vowel duration in ms	238.9855972
Baer_Henney_unpublished	tut2	MiPa	voiced	velar_o	0.165955763	velar o	preceding vowel duration in ms	165.955763
Baer_Henney_unpublished	tut6	MlHa	voiced	velar_o	0.271016325	velar o	preceding vowel duration in ms	271.0163249
Baer_Henney_unpublished	tut2	MoSc	voiced	velar_o	0.169546831	velar o	preceding vowel duration in ms	169.5468307
Baer_Henney_unpublished	tut2	RoBe	voiced	velar_o	0.110025071	velar o	preceding vowel duration in ms	110.025071
Baer_Henney_unpublished	tut7	SaBa	voiced	velar_o	0.162502948	velar o	preceding vowel duration in ms	162.5029483
Baer_Henney_unpublished	tut2	SeUc	voiced	velar_o	0.111952401	velar o	preceding vowel duration in ms	111.9524012
Baer_Henney_unpublished	tut2	SiCa	voiced	velar_o	0.170637548	velar o	preceding vowel duration in ms	170.6375481
Baer_Henney_unpublished	tut8	SoBe	voiced	velar_o	0.217487173	velar o	preceding vowel duration in ms	217.4871733
Baer_Henney_unpublished	tut4	StKa	voiced	velar_o	0.163538312	velar o	preceding vowel duration in ms	163.5383116
Baer_Henney_unpublished	tut4	SvBo	voiced	velar_o	0.172007336	velar o	preceding vowel duration in ms	172.0073357
Baer_Henney_unpublished	tut7	TcQu	voiced	velar_o	0.139893697	velar o	preceding vowel duration in ms	139.8936969
Baer_Henney_unpublished	tut7	VaMa	voiced	velar_o	0.090406599	velar o	preceding vowel duration in ms	90.4065985
Baer_Henney_unpublished	tut7	VaSc	voiced	velar_o	0.092254495	velar o	preceding vowel duration in ms	92.2544951
Baer_Henney_unpublished	tut7	YuVo	voiced	velar_o	0.232554986	velar o	preceding vowel duration in ms	232.5549856
Baer_Henney_unpublished	tut6	AlSt	voiced	velar_o	0.179467124	velar o	preceding vowel duration in ms	179.4671239
Baer_Henney_unpublished	tut6	AnHo	voiced	velar_o	0.183976348	velar o	preceding vowel duration in ms	183.9763482
Baer_Henney_unpublished	tut7	AnHu	voiced	velar_o	0.108723781	velar o	preceding vowel duration in ms	108.7237807
Baer_Henney_unpublished	tut7	BeNi	voiced	velar_o	0.175323065	velar o	preceding vowel duration in ms	175.3230652
Baer_Henney_unpublished	tut7	BeNi	voiced	velar_o	0.175323065	velar o	preceding vowel duration in ms	175.3230652
Baer_Henney_unpublished	tut4	CoLa	voiced	velar_o	0.106155175	velar o	preceding vowel duration in ms	106.1551753
Baer_Henney_unpublished	tut7	FrSc	voiced	velar_o	0.303655418	velar o	preceding vowel duration in ms	303.655418
Baer_Henney_unpublished	tut4	HaAl	voiced	velar_o	0.166446541	velar o	preceding vowel duration in ms	166.4465413
Baer_Henney_unpublished	tut2	JeMe	voiced	velar_o	0.208711091	velar o	preceding vowel duration in ms	208.7110914
Baer_Henney_unpublished	tut7	JuSo	voiced	velar_o	0.181780396	velar o	preceding vowel duration in ms	181.7803957
Baer_Henney_unpublished	tut4	KaGr	voiced	velar_o	0.110951658	velar o	preceding vowel duration in ms	110.9516577
Baer_Henney_unpublished	tut4	KaRe	voiced	velar_o	0.102767359	velar o	preceding vowel duration in ms	102.7673593
Baer_Henney_unpublished	tut1	KaTh	voiced	velar_o	0.164842463	velar o	preceding vowel duration in ms	164.8424629
Baer_Henney_unpublished	tut3	LiRi	voiced	velar_o	0.134712258	velar o	preceding vowel duration in ms	134.7122575
Baer_Henney_unpublished	tut2	MaGe	voiced	velar_o	0.101372265	velar o	preceding vowel duration in ms	101.372265
Baer_Henney_unpublished	tut6	MaHo	voiced	velar_o	0.092918997	velar o	preceding vowel duration in ms	92.9189969
Baer_Henney_unpublished	tut4	MaKu	voiced	velar_o	0.127044024	velar o	preceding vowel duration in ms	127.0440239
Baer_Henney_unpublished	tut7	MaMe	voiced	velar_o	0.159644478	velar o	preceding vowel duration in ms	159.6444783
Baer_Henney_unpublished	tut7	MaRe	voiced	velar_o	0.17204216	velar o	preceding vowel duration in ms	172.0421602
Baer_Henney_unpublished	tut2	MaSc	voiced	velar_o	0.188468955	velar o	preceding vowel duration in ms	188.4689547
Baer_Henney_unpublished	tut7	MiMi	voiced	velar_o	0.129829016	velar o	preceding vowel duration in ms	129.8290159
Baer_Henney_unpublished	tut2	MiPa	voiced	velar_o	0.10712059	velar o	preceding vowel duration in ms	107.1205903
Baer_Henney_unpublished	tut6	MlHa	voiced	velar_o	0.146898704	velar o	preceding vowel duration in ms	146.8987037
Baer_Henney_unpublished	tut2	MoSc	voiced	velar_o	0.241542162	velar o	preceding vowel duration in ms	241.5421624
Baer_Henney_unpublished	tut8	PaNu	voiced	velar_o	0.2252471	velar o	preceding vowel duration in ms	225.2470998
Baer_Henney_unpublished	tut2	RoBe	voiced	velar_o	0.162332072	velar o	preceding vowel duration in ms	162.3320719
Baer_Henney_unpublished	tut7	SaBa	voiced	velar_o	0.11605232	velar o	preceding vowel duration in ms	116.0523201
Baer_Henney_unpublished	tut2	SeUc	voiced	velar_o	0.129513562	velar o	preceding vowel duration in ms	129.5135622
Baer_Henney_unpublished	tut2	SiCa	voiced	velar_o	0.171792034	velar o	preceding vowel duration in ms	171.7920338
Baer_Henney_unpublished	tut8	SoBe	voiced	velar_o	0.185026401	velar o	preceding vowel duration in ms	185.0264012
Baer_Henney_unpublished	tut4	StKa	voiced	velar_o	0.154757731	velar o	preceding vowel duration in ms	154.7577311
Baer_Henney_unpublished	tut4	SvBo	voiced	velar_o	0.16078855	velar o	preceding vowel duration in ms	160.7885501
Baer_Henney_unpublished	tut7	TcQu	voiced	velar_o	0.064066818	velar o	preceding vowel duration in ms	64.0668183
Baer_Henney_unpublished	tut7	VaMa	voiced	velar_o	0.237920014	velar o	preceding vowel duration in ms	237.9200141
Baer_Henney_unpublished	tut7	VaSc	voiced	velar_o	0.086663314	velar o	preceding vowel duration in ms	86.6633135
Baer_Henney_unpublished	tut7	YuVo	voiced	velar_o	0.205547033	velar o	preceding vowel duration in ms	205.5470326
Baer_Henney_unpublished	tut3	LaKu	voiced	velar_o	0.304324547	velar o	preceding vowel duration in ms	304.324547
Baer_Henney_unpublished	tut3	KiSt	voiced	velar_o	0.357167516	velar o	preceding vowel duration in ms	357.1675159
Baer_Henney_unpublished	tut9	AnKu	voiced	velar_o	0.11412121	velar o	preceding vowel duration in ms	114.1212102
Baer_Henney_unpublished	tut3	AnRu	voiced	velar_o	0.123909613	velar o	preceding vowel duration in ms	123.9096131
Baer_Henney_unpublished	tut10	ClGo	voiced	velar_o	0.17122132	velar o	preceding vowel duration in ms	171.2213195
Baer_Henney_unpublished	tut9	DaHe	voiced	velar_o	0.111989706	velar o	preceding vowel duration in ms	111.9897063
Baer_Henney_unpublished	tut10	DiTu	voiced	velar_o	0.159986733	velar o	preceding vowel duration in ms	159.9867332
Baer_Henney_unpublished	tut9	EdGr	voiced	velar_o	0.209241435	velar o	preceding vowel duration in ms	209.2414346
Baer_Henney_unpublished	tut1	HaSa	voiced	velar_o	0.136970593	velar o	preceding vowel duration in ms	136.9705929
Baer_Henney_unpublished	tut10	JoTh	voiced	velar_o	0.091104046	velar o	preceding vowel duration in ms	91.1040455
Baer_Henney_unpublished	tut3	JuEh	voiced	velar_o	0.122146318	velar o	preceding vowel duration in ms	122.1463184
Baer_Henney_unpublished	tut3	LiRi	voiced	velar_o	0.160680885	velar o	preceding vowel duration in ms	160.6808854
Baer_Henney_unpublished	tut3	MaKo	voiced	velar_o	0.166158643	velar o	preceding vowel duration in ms	166.1586429
Baer_Henney_unpublished	tut3	MeDo	voiced	velar_o	0.115706729	velar o	preceding vowel duration in ms	115.7067288
Baer_Henney_unpublished	tut10	PhLu	voiced	velar_o	0.115011703	velar o	preceding vowel duration in ms	115.0117033
Baer_Henney_unpublished	tut7	SaBa	voiced	velar_o	0.114325103	velar o	preceding vowel duration in ms	114.3251032
Baer_Henney_unpublished	tut9	VaHu	voiced	velar_o	0.143764112	velar o	preceding vowel duration in ms	143.7641121
Baer_Henney_unpublished	tut9	ViBe	voiced	velar_o	0.119717681	velar o	preceding vowel duration in ms	119.7176807
Baer_Henney_unpublished	tut1	HaSa	voiceless	velar_o	0.093922692	velar o	preceding vowel duration in ms	93.9226923
Baer_Henney_unpublished	tut5	IsRa	voiceless	velar_o	0.132862999	velar o	preceding vowel duration in ms	132.8629987
Baer_Henney_unpublished	tut3	AnRu	voiceless	velar_o	0.120796489	velar o	preceding vowel duration in ms	120.7964893
Baer_Henney_unpublished	tut1	CaMu	voiceless	velar_o	0.15057725	velar o	preceding vowel duration in ms	150.5772498
Baer_Henney_unpublished	tut10	ClGo	voiceless	velar_o	0.155419676	velar o	preceding vowel duration in ms	155.4196757
Baer_Henney_unpublished	tut10	DiTu	voiceless	velar_o	0.128402901	velar o	preceding vowel duration in ms	128.4029005
Baer_Henney_unpublished	tut10	JoTh	voiceless	velar_o	0.11579297	velar o	preceding vowel duration in ms	115.7929704
Baer_Henney_unpublished	tut3	JuEh	voiceless	velar_o	0.127698424	velar o	preceding vowel duration in ms	127.6984238
Baer_Henney_unpublished	tut1	KaTh	voiceless	velar_o	0.114121705	velar o	preceding vowel duration in ms	114.1217051
Baer_Henney_unpublished	tut3	LiRi	voiceless	velar_o	0.131466179	velar o	preceding vowel duration in ms	131.466179
Baer_Henney_unpublished	tut3	MaKo	voiceless	velar_o	0.178940077	velar o	preceding vowel duration in ms	178.940077
Baer_Henney_unpublished	tut3	MeDo	voiceless	velar_o	0.115188934	velar o	preceding vowel duration in ms	115.1889343
Baer_Henney_unpublished	tut10	PhLu	voiceless	velar_o	0.114987144	velar o	preceding vowel duration in ms	114.987144
Baer_Henney_unpublished	tut3	KiSt	voiceless	velar_o	0.236565498	velar o	preceding vowel duration in ms	236.5654976
Baer_Henney_unpublished	tut3	LaKu	voiceless	velar_o	0.355045305	velar o	preceding vowel duration in ms	355.0453048
Baer_Henney_unpublished	tut10	ClGo	voiceless	velar_o	0.158951941	velar o	preceding vowel duration in ms	158.9519411
Baer_Henney_unpublished	tut5	DaDr	voiceless	velar_o	0.036116068	velar o	preceding vowel duration in ms	36.1160675
Baer_Henney_unpublished	tut10	DiTu	voiceless	velar_o	0.13236334	velar o	preceding vowel duration in ms	132.36334
Baer_Henney_unpublished	tut10	JoTh	voiceless	velar_o	0.10106061	velar o	preceding vowel duration in ms	101.0606099
Baer_Henney_unpublished	tut10	PhLu	voiceless	velar_o	0.104584352	velar o	preceding vowel duration in ms	104.584352
Baer_Henney_unpublished	tut9	AnKu	voiceless	velar_o	0.2155625	velar o	preceding vowel duration in ms	215.5624999
Baer_Henney_unpublished	tut9	DaHe	voiceless	velar_o	0.073036766	velar o	preceding vowel duration in ms	73.0367661
Baer_Henney_unpublished	tut9	EdGr	voiceless	velar_o	0.105054828	velar o	preceding vowel duration in ms	105.0548281
Baer_Henney_unpublished	tut9	MaRo	voiceless	velar_o	0.177206488	velar o	preceding vowel duration in ms	177.2064884
Baer_Henney_unpublished	tut9	VaHu	voiceless	velar_o	0.179706911	velar o	preceding vowel duration in ms	179.7069113
Baer_Henney_unpublished	tut9	ViBe	voiceless	velar_o	0.189209634	velar o	preceding vowel duration in ms	189.2096337
Baer_Henney_unpublished	tut6	MaHo	voiceless	velar_o	0.081963482	velar o	preceding vowel duration in ms	81.963482
Baer_Henney_unpublished	tut3	LaKu	voiceless	velar_o	0.304324547	velar o	preceding vowel duration in ms	304.324547
Baer_Henney_unpublished	tut3	JeJe	voiceless	velar_o	0.082421232	velar o	preceding vowel duration in ms	82.4212315
Baer_Henney_unpublished	tut3	MaKo	voiceless	velar_o	0.166158643	velar o	preceding vowel duration in ms	166.1586429
Baer_Henney_unpublished	tut1	HaSa	voiceless	velar_o	0.096531656	velar o	preceding vowel duration in ms	96.531656
Baer_Henney_unpublished	tut7	Beck	voiceless	velar_o	0.225928913	velar o	preceding vowel duration in ms	225.9289128
Baer_Henney_unpublished	tut1	HaSa	voiceless	velar_o	0.087400283	velar o	preceding vowel duration in ms	87.4002831
Baer_Henney_unpublished	tut2	RoBe	voiceless	velar_o	0.129865658	velar o	preceding vowel duration in ms	129.8656575
Baer_Henney_unpublished	tut9	AnKu	voiceless	velar_o	0.158501969	velar o	preceding vowel duration in ms	158.5019693
Baer_Henney_unpublished	tut9	DaHe	voiceless	velar_o	0.077905884	velar o	preceding vowel duration in ms	77.9058839
Baer_Henney_unpublished	tut9	EdGr	voiceless	velar_o	0.130233258	velar o	preceding vowel duration in ms	130.233258
Baer_Henney_unpublished	tut9	MaRo	voiceless	velar_o	0.176535061	velar o	preceding vowel duration in ms	176.5350611
Baer_Henney_unpublished	tut9	VaHu	voiceless	velar_o	0.140117109	velar o	preceding vowel duration in ms	140.1171085
Baer_Henney_unpublished	tut9	ViBe	voiceless	velar_o	0.184358146	velar o	preceding vowel duration in ms	184.358146
Baer_Henney_unpublished	tut9	AnKu	voiceless	velar_o	0.180691916	velar o	preceding vowel duration in ms	180.6919162
Baer_Henney_unpublished	tut9	DaHe	voiceless	velar_o	0.118481863	velar o	preceding vowel duration in ms	118.4818632
Baer_Henney_unpublished	tut9	EdGr	voiceless	velar_o	0.088558616	velar o	preceding vowel duration in ms	88.5586155
Baer_Henney_unpublished	tut9	MaRo	voiceless	velar_o	0.122438744	velar o	preceding vowel duration in ms	122.4387437
Baer_Henney_unpublished	tut9	VaHu	voiceless	velar_o	0.137024854	velar o	preceding vowel duration in ms	137.0248536
Baer_Henney_unpublished	tut9	ViBe	voiceless	velar_o	0.200183552	velar o	preceding vowel duration in ms	200.1835519
Baer_Henney_unpublished	tut5	JeSc	voiceless	velar_o	0.177448639	velar o	preceding vowel duration in ms	177.4486391
Baer_Henney_unpublished	tut1	SaBe	voiceless	velar_o	0.108221381	velar o	preceding vowel duration in ms	108.2213813
Baer_Henney_unpublished	tut6	AnHo	voiceless	velar_o	0.269424515	velar o	preceding vowel duration in ms	269.424515
Baer_Henney_unpublished	tut7	AnHu	voiceless	velar_o	0.109927294	velar o	preceding vowel duration in ms	109.927294
Baer_Henney_unpublished	tut7	BeNi	voiceless	velar_o	0.182335988	velar o	preceding vowel duration in ms	182.3359878
Baer_Henney_unpublished	tut7	BeNi	voiceless	velar_o	0.182335988	velar o	preceding vowel duration in ms	182.3359878
Baer_Henney_unpublished	tut4	CaBa	voiceless	velar_o	0.134491115	velar o	preceding vowel duration in ms	134.4911146
Baer_Henney_unpublished	tut5	ClFi	voiceless	velar_o	0.205373826	velar o	preceding vowel duration in ms	205.3738262
Baer_Henney_unpublished	tut5	ClFi	voiceless	velar_o	0.159345102	velar o	preceding vowel duration in ms	159.345102
Baer_Henney_unpublished	tut4	CoLa	voiceless	velar_o	0.092394319	velar o	preceding vowel duration in ms	92.3943193
Baer_Henney_unpublished	tut2	DaAr	voiceless	velar_o	0.132889405	velar o	preceding vowel duration in ms	132.8894046
Baer_Henney_unpublished	tut5	DaDr	voiceless	velar_o	0.085847072	velar o	preceding vowel duration in ms	85.8470719
Baer_Henney_unpublished	tut5	DaDr	voiceless	velar_o	0.044557176	velar o	preceding vowel duration in ms	44.5571757
Baer_Henney_unpublished	tut7	FrSc	voiceless	velar_o	0.255468513	velar o	preceding vowel duration in ms	255.4685125
Baer_Henney_unpublished	tut4	GaPr	voiceless	velar_o	0.138135024	velar o	preceding vowel duration in ms	138.1350243
Baer_Henney_unpublished	tut4	HaAl	voiceless	velar_o	0.198662001	velar o	preceding vowel duration in ms	198.6620009
Baer_Henney_unpublished	tut5	IsRa	voiceless	velar_o	0.16426698	velar o	preceding vowel duration in ms	164.2669802
Baer_Henney_unpublished	tut5	IsRa	voiceless	velar_o	0.157019908	velar o	preceding vowel duration in ms	157.0199076
Baer_Henney_unpublished	tut8	JeHa	voiceless	velar_o	0.137234613	velar o	preceding vowel duration in ms	137.2346127
Baer_Henney_unpublished	tut2	JeMe	voiceless	velar_o	0.173746051	velar o	preceding vowel duration in ms	173.7460508
Baer_Henney_unpublished	tut5	JeSc	voiceless	velar_o	0.1393194	velar o	preceding vowel duration in ms	139.3194
Baer_Henney_unpublished	tut7	JuSo	voiceless	velar_o	0.233717652	velar o	preceding vowel duration in ms	233.7176516
Baer_Henney_unpublished	tut4	KaGr	voiceless	velar_o	0.207408288	velar o	preceding vowel duration in ms	207.4082877
Baer_Henney_unpublished	tut4	KaRe	voiceless	velar_o	0.13410069	velar o	preceding vowel duration in ms	134.1006899
Baer_Henney_unpublished	tut2	MaGe	voiceless	velar_o	0.104124184	velar o	preceding vowel duration in ms	104.1241836
Baer_Henney_unpublished	tut6	MaHo	voiceless	velar_o	0.08602108	velar o	preceding vowel duration in ms	86.0210801
Baer_Henney_unpublished	tut4	MaKu	voiceless	velar_o	0.112775581	velar o	preceding vowel duration in ms	112.7755806
Baer_Henney_unpublished	tut7	MaMe	voiceless	velar_o	0.18526545	velar o	preceding vowel duration in ms	185.2654496
Baer_Henney_unpublished	tut7	MaRe	voiceless	velar_o	0.19476471	velar o	preceding vowel duration in ms	194.7647096
Baer_Henney_unpublished	tut2	MaSc	voiceless	velar_o	0.336037615	velar o	preceding vowel duration in ms	336.0376153
Baer_Henney_unpublished	tut7	MiMi	voiceless	velar_o	0.217695218	velar o	preceding vowel duration in ms	217.6952181
Baer_Henney_unpublished	tut2	MiPa	voiceless	velar_o	0.138364096	velar o	preceding vowel duration in ms	138.3640958
Baer_Henney_unpublished	tut6	MlHa	voiceless	velar_o	0.170858118	velar o	preceding vowel duration in ms	170.8581179
Baer_Henney_unpublished	tut5	NaFo	voiceless	velar_o	0.17364744	velar o	preceding vowel duration in ms	173.6474396
Baer_Henney_unpublished	tut5	NaFo	voiceless	velar_o	0.236810965	velar o	preceding vowel duration in ms	236.8109648
Baer_Henney_unpublished	tut8	NiBi	voiceless	velar_o	0.152799094	velar o	preceding vowel duration in ms	152.7990944
Baer_Henney_unpublished	tut5	PaMe	voiceless	velar_o	0.137599521	velar o	preceding vowel duration in ms	137.5995205
Baer_Henney_unpublished	tut8	PaNu	voiceless	velar_o	0.157439397	velar o	preceding vowel duration in ms	157.4393969
Baer_Henney_unpublished	tut7	PiSt	voiceless	velar_o	0.132028042	velar o	preceding vowel duration in ms	132.0280421
Baer_Henney_unpublished	tut2	RoBe	voiceless	velar_o	0.119043519	velar o	preceding vowel duration in ms	119.0435194
Baer_Henney_unpublished	tut7	SaBa	voiceless	velar_o	0.141243102	velar o	preceding vowel duration in ms	141.2431019
Baer_Henney_unpublished	tut2	SeUc	voiceless	velar_o	0.114147546	velar o	preceding vowel duration in ms	114.1475463
Baer_Henney_unpublished	tut2	SiCa	voiceless	velar_o	0.131219756	velar o	preceding vowel duration in ms	131.2197558
Baer_Henney_unpublished	tut8	SoBe	voiceless	velar_o	0.188272553	velar o	preceding vowel duration in ms	188.2725526
Baer_Henney_unpublished	tut4	StKa	voiceless	velar_o	0.162166346	velar o	preceding vowel duration in ms	162.1663459
Baer_Henney_unpublished	tut7	VaMa	voiceless	velar_o	0.114876254	velar o	preceding vowel duration in ms	114.8762543
Baer_Henney_unpublished	tut7	VaSc	voiceless	velar_o	0.128597175	velar o	preceding vowel duration in ms	128.5971749
Baer_Henney_unpublished	tut4	VaSm	voiceless	velar_o	0.135478667	velar o	preceding vowel duration in ms	135.4786672
Baer_Henney_unpublished	tut8	ViGr	voiceless	velar_o	0.167704831	velar o	preceding vowel duration in ms	167.7048305
Baer_Henney_unpublished	tut7	YuVo	voiceless	velar_o	0.203179619	velar o	preceding vowel duration in ms	203.179619
Baer_Henney_unpublished	tut6	AnHo	voiceless	velar_o	0.225461211	velar o	preceding vowel duration in ms	225.461211
Baer_Henney_unpublished	tut7	AnHu	voiceless	velar_o	0.092934438	velar o	preceding vowel duration in ms	92.9344383
Baer_Henney_unpublished	tut4	CaBa	voiceless	velar_o	0.179577344	velar o	preceding vowel duration in ms	179.5773439
Baer_Henney_unpublished	tut4	CoLa	voiceless	velar_o	0.10910393	velar o	preceding vowel duration in ms	109.1039302
Baer_Henney_unpublished	tut2	DaAr	voiceless	velar_o	0.137581494	velar o	preceding vowel duration in ms	137.5814942
Baer_Henney_unpublished	tut7	FrSc	voiceless	velar_o	0.228844903	velar o	preceding vowel duration in ms	228.8449026
Baer_Henney_unpublished	tut4	GaPr	voiceless	velar_o	0.17036653	velar o	preceding vowel duration in ms	170.36653
Baer_Henney_unpublished	tut4	HaAl	voiceless	velar_o	0.154365744	velar o	preceding vowel duration in ms	154.3657439
Baer_Henney_unpublished	tut1	ImNi	voiceless	velar_o	0.138422955	velar o	preceding vowel duration in ms	138.4229549
Baer_Henney_unpublished	tut2	JeMe	voiceless	velar_o	0.180683353	velar o	preceding vowel duration in ms	180.6833531
Baer_Henney_unpublished	tut7	JuSo	voiceless	velar_o	0.207749024	velar o	preceding vowel duration in ms	207.7490236
Baer_Henney_unpublished	tut4	KaGr	voiceless	velar_o	0.189107557	velar o	preceding vowel duration in ms	189.1075565
Baer_Henney_unpublished	tut4	KaGr	voiceless	velar_o	0.079251184	velar o	preceding vowel duration in ms	79.2511841
Baer_Henney_unpublished	tut4	KaRe	voiceless	velar_o	0.181183035	velar o	preceding vowel duration in ms	181.1830347
Baer_Henney_unpublished	tut1	KaTh	voiceless	velar_o	0.126801895	velar o	preceding vowel duration in ms	126.8018946
Baer_Henney_unpublished	tut1	LeVe	voiceless	velar_o	0.151509934	velar o	preceding vowel duration in ms	151.5099338
Baer_Henney_unpublished	tut2	MaGe	voiceless	velar_o	0.108728994	velar o	preceding vowel duration in ms	108.7289943
Baer_Henney_unpublished	tut6	MaHo	voiceless	velar_o	0.119293385	velar o	preceding vowel duration in ms	119.2933846
Baer_Henney_unpublished	tut4	MaKu	voiceless	velar_o	0.11442194	velar o	preceding vowel duration in ms	114.4219395
Baer_Henney_unpublished	tut7	MaMe	voiceless	velar_o	0.164280618	velar o	preceding vowel duration in ms	164.2806184
Baer_Henney_unpublished	tut7	MaRe	voiceless	velar_o	0.146073532	velar o	preceding vowel duration in ms	146.0735322
Baer_Henney_unpublished	tut2	MaSc	voiceless	velar_o	0.266393508	velar o	preceding vowel duration in ms	266.3935078
Baer_Henney_unpublished	tut7	MiMi	voiceless	velar_o	0.14856465	velar o	preceding vowel duration in ms	148.5646496
Baer_Henney_unpublished	tut2	MiPa	voiceless	velar_o	0.159057846	velar o	preceding vowel duration in ms	159.0578462
Baer_Henney_unpublished	tut8	PaNu	voiceless	velar_o	0.170590667	velar o	preceding vowel duration in ms	170.5906666
Baer_Henney_unpublished	tut7	PiSt	voiceless	velar_o	0.133139573	velar o	preceding vowel duration in ms	133.1395726
Baer_Henney_unpublished	tut2	RoBe	voiceless	velar_o	0.11363245	velar o	preceding vowel duration in ms	113.6324503
Baer_Henney_unpublished	tut7	SaBa	voiceless	velar_o	0.144630786	velar o	preceding vowel duration in ms	144.6307864
Baer_Henney_unpublished	tut2	SeUc	voiceless	velar_o	0.153660159	velar o	preceding vowel duration in ms	153.6601585
Baer_Henney_unpublished	tut2	SiCa	voiceless	velar_o	0.17255426	velar o	preceding vowel duration in ms	172.5542604
Baer_Henney_unpublished	tut8	SoBe	voiceless	velar_o	0.217487173	velar o	preceding vowel duration in ms	217.4871733
Baer_Henney_unpublished	tut7	TcQu	voiceless	velar_o	0.093031715	velar o	preceding vowel duration in ms	93.0317152
Baer_Henney_unpublished	tut7	VaMa	voiceless	velar_o	0.092132049	velar o	preceding vowel duration in ms	92.1320488
Baer_Henney_unpublished	tut7	VaSc	voiceless	velar_o	0.103436858	velar o	preceding vowel duration in ms	103.4368581
Baer_Henney_unpublished	tut4	VaSm	voiceless	velar_o	0.273044734	velar o	preceding vowel duration in ms	273.0447337
Baer_Henney_unpublished	tut7	YuVo	voiceless	velar_o	0.19852524	velar o	preceding vowel duration in ms	198.5252396
Baer_Henney_unpublished	tut4	StKa	voiceless	velar_o	0.195642309	velar o	preceding vowel duration in ms	195.642309
Baer_Henney_unpublished	tut3	LaKu	voiceless	velar_o	0.45648682	velar o	preceding vowel duration in ms	456.4868204
Baer_Henney_unpublished	tut9	AnKu	voiceless	velar_o	0.199712744	velar o	preceding vowel duration in ms	199.7127444
Baer_Henney_unpublished	tut3	AnRu	voiceless	velar_o	0.11174417	velar o	preceding vowel duration in ms	111.7441696
Baer_Henney_unpublished	tut10	ClGo	voiceless	velar_o	0.063580776	velar o	preceding vowel duration in ms	63.5807764
Baer_Henney_unpublished	tut9	DaHe	voiceless	velar_o	0.095759316	velar o	preceding vowel duration in ms	95.7593156
Baer_Henney_unpublished	tut10	DiTu	voiceless	velar_o	0.147238278	velar o	preceding vowel duration in ms	147.2382782
Baer_Henney_unpublished	tut9	EdGr	voiceless	velar_o	0.112000602	velar o	preceding vowel duration in ms	112.0006019
Baer_Henney_unpublished	tut1	HaSa	voiceless	velar_o	0.093922692	velar o	preceding vowel duration in ms	93.9226923
Baer_Henney_unpublished	tut1	ImNi	voiceless	velar_o	0.101345378	velar o	preceding vowel duration in ms	101.3453777
Baer_Henney_unpublished	tut10	JoTh	voiceless	velar_o	0.069832488	velar o	preceding vowel duration in ms	69.8324877
Baer_Henney_unpublished	tut1	KaTh	voiceless	velar_o	0.164842463	velar o	preceding vowel duration in ms	164.8424629
Baer_Henney_unpublished	tut1	LeVe	voiceless	velar_o	0.070141549	velar o	preceding vowel duration in ms	70.1415487
Baer_Henney_unpublished	tut3	LiRi	voiceless	velar_o	0.159869366	velar o	preceding vowel duration in ms	159.8693658
Baer_Henney_unpublished	tut3	MaKo	voiceless	velar_o	0.204502945	velar o	preceding vowel duration in ms	204.5029451
Baer_Henney_unpublished	tut3	MeDo	voiceless	velar_o	0.133141989	velar o	preceding vowel duration in ms	133.1419893
Baer_Henney_unpublished	tut10	PhLu	voiceless	velar_o	0.079339912	velar o	preceding vowel duration in ms	79.339912
Baer_Henney_unpublished	tut1	SaBe	voiceless	velar_o	0.072147588	velar o	preceding vowel duration in ms	72.1475875
Baer_Henney_unpublished	tut9	VaHu	voiceless	velar_o	0.117517874	velar o	preceding vowel duration in ms	117.5178739
Baer_Henney_unpublished	tut9	ViBe	voiceless	velar_o	0.109159698	velar o	preceding vowel duration in ms	109.1596975
Baer_Henney_unpublished	tut3	KiSt	voiceless	velar_o	0.252800385	velar o	preceding vowel duration in ms	252.8003847
Baer_Henney_unpublished	tut9	KaKe	voiceless	velar_o	0.163233917	velar o	preceding vowel duration in ms	163.2339167
Baer_Henney_unpublished	tut9	KaKe	voiceless	velar_o	0.160528382	velar o	preceding vowel duration in ms	160.5283822
Baer_Henney_unpublished	tut9	KaKe	voiceless	velar_o	0.330977058	velar o	preceding vowel duration in ms	330.9770577
Baer_Henney_unpublished	tut9	KaKe	voiceless	velar_o	0.188470378	velar o	preceding vowel duration in ms	188.4703778
Baer_Henney_unpublished	tut7	BeNi	voiceless	velar_o	0.140258452	velar o	preceding vowel duration in ms	140.2584522
Baer_Henney_unpublished	tut7	BeNi	voiceless	velar_o	0.140258452	velar o	preceding vowel duration in ms	140.2584522
Baer_Henney_unpublished	tut2	JeMe	voiced	alveolar_oe	0.137452322	alveolar oe	preceding vowel duration in ms	137.4523216
Baer_Henney_unpublished	tut10	JoTh	voiced	alveolar_oe	0.116218646	alveolar oe	preceding vowel duration in ms	116.218646
Baer_Henney_unpublished	tut2	MiPa	voiced	alveolar_oe	0.136335297	alveolar oe	preceding vowel duration in ms	136.3352967
Baer_Henney_unpublished	tut2	MoSc	voiced	alveolar_oe	0.224845697	alveolar oe	preceding vowel duration in ms	224.845697
Baer_Henney_unpublished	tut2	SeUc	voiced	alveolar_oe	0.079025224	alveolar oe	preceding vowel duration in ms	79.0252244
Baer_Henney_unpublished	tut10	ClGo	voiced	alveolar_oe	0.162440739	alveolar oe	preceding vowel duration in ms	162.440739
Baer_Henney_unpublished	tut2	MaSc	voiced	alveolar_oe	0.381057004	alveolar oe	preceding vowel duration in ms	381.0570044
Baer_Henney_unpublished	tut10	PhLu	voiced	alveolar_oe	0.119093791	alveolar oe	preceding vowel duration in ms	119.0937912
Baer_Henney_unpublished	tut7	Beck	voiced	alveolar_oe	0.169951491	alveolar oe	preceding vowel duration in ms	169.951491
Baer_Henney_unpublished	tut2	JeMe	voiced	alveolar_oe	0.208694165	alveolar oe	preceding vowel duration in ms	208.6941649
Baer_Henney_unpublished	tut2	MiPa	voiced	alveolar_oe	0.090890198	alveolar oe	preceding vowel duration in ms	90.8901978
Baer_Henney_unpublished	tut2	MoSc	voiced	alveolar_oe	0.262691012	alveolar oe	preceding vowel duration in ms	262.6910124
Baer_Henney_unpublished	tut2	SeUc	voiced	alveolar_oe	0.144879578	alveolar oe	preceding vowel duration in ms	144.879578
Baer_Henney_unpublished	tut2	MaSc	voiced	alveolar_oe	0.297267987	alveolar oe	preceding vowel duration in ms	297.2679865
Baer_Henney_unpublished	tut6	MlHa	voiced	alveolar_oe	0.176749777	alveolar oe	preceding vowel duration in ms	176.7497771
Baer_Henney_unpublished	tut6	AnHo	voiced	alveolar_oe	0.253194123	alveolar oe	preceding vowel duration in ms	253.1941225
Baer_Henney_unpublished	tut6	MlHa	voiced	alveolar_oe	0.200316414	alveolar oe	preceding vowel duration in ms	200.3164141
Baer_Henney_unpublished	tut2	JeMe	voiceless	alveolar_oe	0.167800406	alveolar oe	preceding vowel duration in ms	167.8004064
Baer_Henney_unpublished	tut10	JoTh	voiceless	alveolar_oe	0.130441064	alveolar oe	preceding vowel duration in ms	130.4410635
Baer_Henney_unpublished	tut2	MiPa	voiceless	alveolar_oe	0.10833787	alveolar oe	preceding vowel duration in ms	108.3378697
Baer_Henney_unpublished	tut2	MoSc	voiceless	alveolar_oe	0.162512237	alveolar oe	preceding vowel duration in ms	162.5122365
Baer_Henney_unpublished	tut2	SeUc	voiceless	alveolar_oe	0.158050449	alveolar oe	preceding vowel duration in ms	158.0504488
Baer_Henney_unpublished	tut10	ClGo	voiceless	alveolar_oe	0.120097022	alveolar oe	preceding vowel duration in ms	120.0970221
Baer_Henney_unpublished	tut2	MaSc	voiceless	alveolar_oe	0.331371329	alveolar oe	preceding vowel duration in ms	331.3713286
Baer_Henney_unpublished	tut10	PhLu	voiceless	alveolar_oe	0.122616381	alveolar oe	preceding vowel duration in ms	122.6163812
Baer_Henney_unpublished	tut10	RuYi	voiceless	alveolar_oe	0.28632025	alveolar oe	preceding vowel duration in ms	286.32025
Baer_Henney_unpublished	tut10	SeGu	voiceless	alveolar_oe	0.426035048	alveolar oe	preceding vowel duration in ms	426.0350484
Baer_Henney_unpublished	tut2	MaSc	voiceless	alveolar_oe	0.210299518	alveolar oe	preceding vowel duration in ms	210.2995181
Baer_Henney_unpublished	tut2	JeMe	voiceless	alveolar_oe	0.140692991	alveolar oe	preceding vowel duration in ms	140.6929908
Baer_Henney_unpublished	tut2	MiPa	voiceless	alveolar_oe	0.092513237	alveolar oe	preceding vowel duration in ms	92.5132371
Baer_Henney_unpublished	tut2	MoSc	voiceless	alveolar_oe	0.204809942	alveolar oe	preceding vowel duration in ms	204.8099418
Baer_Henney_unpublished	tut2	SeUc	voiceless	alveolar_oe	0.111952401	alveolar oe	preceding vowel duration in ms	111.9524012
Baer_Henney_unpublished	tut2	MaSc	voiceless	alveolar_oe	0.244970586	alveolar oe	preceding vowel duration in ms	244.9705864
Baer_Henney_unpublished	tut5	ClFi	voiceless	alveolar_oe	0.220213312	alveolar oe	preceding vowel duration in ms	220.2133119
Baer_Henney_unpublished	tut5	DaDr	voiceless	alveolar_oe	0.111241582	alveolar oe	preceding vowel duration in ms	111.2415822
Baer_Henney_unpublished	tut5	JeSc	voiceless	alveolar_oe	0.143919388	alveolar oe	preceding vowel duration in ms	143.9193881
Baer_Henney_unpublished	tut2	MaSc	voiceless	alveolar_oe	0.270196955	alveolar oe	preceding vowel duration in ms	270.1969549
Baer_Henney_unpublished	tut6	MlHa	voiceless	alveolar_oe	0.135508163	alveolar oe	preceding vowel duration in ms	135.5081625
Baer_Henney_unpublished	tut3	JeJe	voiceless	alveolar_oe	0.101441516	alveolar oe	preceding vowel duration in ms	101.4415157
Baer_Henney_unpublished	tut9	KaKe	voiceless	alveolar_oe	0.181270814	alveolar oe	preceding vowel duration in ms	181.2708136
Baer_Henney_unpublished	tut9	KaKe	voiceless	alveolar_oe	0.166841296	alveolar oe	preceding vowel duration in ms	166.8412961
Baer_Henney_unpublished	tut9	KaKe	voiceless	alveolar_oe	0.096497398	alveolar oe	preceding vowel duration in ms	96.4973983
Baer_Henney_unpublished	tut9	KaKe	voiceless	alveolar_oe	0.178565279	alveolar oe	preceding vowel duration in ms	178.5652791
Baer_Henney_unpublished	tut5	ClFi	voiced	labial_oe	0.176989085	labial oe	preceding vowel duration in ms	176.9890848
Baer_Henney_unpublished	tut5	DaDr	voiced	labial_oe	0.086191488	labial oe	preceding vowel duration in ms	86.1914882
Baer_Henney_unpublished	tut9	EdGr	voiced	labial_oe	0.077271733	labial oe	preceding vowel duration in ms	77.2717331
Baer_Henney_unpublished	tut3	JeJe	voiced	labial_oe	0.076081137	labial oe	preceding vowel duration in ms	76.0811367
Baer_Henney_unpublished	tut2	JeMe	voiced	labial_oe	0.145620715	labial oe	preceding vowel duration in ms	145.6207152
Baer_Henney_unpublished	tut9	MaRo	voiced	labial_oe	0.235224703	labial oe	preceding vowel duration in ms	235.2247032
Baer_Henney_unpublished	tut2	MiPa	voiced	labial_oe	0.127408581	labial oe	preceding vowel duration in ms	127.4085809
Baer_Henney_unpublished	tut2	MoSc	voiced	labial_oe	0.193678967	labial oe	preceding vowel duration in ms	193.6789667
Baer_Henney_unpublished	tut2	SeUc	voiced	labial_oe	0.109757256	labial oe	preceding vowel duration in ms	109.7572561
Baer_Henney_unpublished	tut9	VaHu	voiced	labial_oe	0.056046843	labial oe	preceding vowel duration in ms	56.0468434
Baer_Henney_unpublished	tut9	ViBe	voiced	labial_oe	0.191635441	labial oe	preceding vowel duration in ms	191.6354412
Baer_Henney_unpublished	tut9	AnKu	voiced	labial_oe	0.215562678	labial oe	preceding vowel duration in ms	215.5626782
Baer_Henney_unpublished	tut9	DaHe	voiced	labial_oe	0.070602207	labial oe	preceding vowel duration in ms	70.6022072
Baer_Henney_unpublished	tut2	MaSc	voiced	labial_oe	0.213168974	labial oe	preceding vowel duration in ms	213.1689739
Baer_Henney_unpublished	tut7	Beck	voiced	labial_oe	0.145121582	labial oe	preceding vowel duration in ms	145.1215822
Baer_Henney_unpublished	tut6	AlSt	voiced	labial_oe	0.191191107	labial oe	preceding vowel duration in ms	191.1911069
Baer_Henney_unpublished	tut5	ClFi	voiced	labial_oe	0.170857493	labial oe	preceding vowel duration in ms	170.8574931
Baer_Henney_unpublished	tut5	DaDr	voiced	labial_oe	0.063562735	labial oe	preceding vowel duration in ms	63.5627348
Baer_Henney_unpublished	tut6	AnHo	voiced	labial_oe	0.345406575	labial oe	preceding vowel duration in ms	345.4065752
Baer_Henney_unpublished	tut5	JeSc	voiced	labial_oe	0.062621942	labial oe	preceding vowel duration in ms	62.621942
Baer_Henney_unpublished	tut6	MlHa	voiced	labial_oe	0.186961987	labial oe	preceding vowel duration in ms	186.9619865
Baer_Henney_unpublished	tut5	ClFi	voiceless	labial_oe	0.184463149	labial oe	preceding vowel duration in ms	184.4631486
Baer_Henney_unpublished	tut5	DaDr	voiceless	labial_oe	0.095301511	labial oe	preceding vowel duration in ms	95.3015106
Baer_Henney_unpublished	tut9	EdGr	voiceless	labial_oe	0.088558616	labial oe	preceding vowel duration in ms	88.5586155
Baer_Henney_unpublished	tut5	IsRa	voiceless	labial_oe	0.113537472	labial oe	preceding vowel duration in ms	113.5374716
Baer_Henney_unpublished	tut2	JeMe	voiceless	labial_oe	0.13886408	labial oe	preceding vowel duration in ms	138.8640802
Baer_Henney_unpublished	tut9	MaRo	voiceless	labial_oe	0.134713423	labial oe	preceding vowel duration in ms	134.7134232
Baer_Henney_unpublished	tut2	MiPa	voiceless	labial_oe	0.10793211	labial oe	preceding vowel duration in ms	107.9321099
Baer_Henney_unpublished	tut2	MoSc	voiceless	labial_oe	0.256012427	labial oe	preceding vowel duration in ms	256.0124273
Baer_Henney_unpublished	tut9	VaHu	voiceless	labial_oe	0.079550561	labial oe	preceding vowel duration in ms	79.5505608
Baer_Henney_unpublished	tut9	AnKu	voiceless	labial_oe	0.187032551	labial oe	preceding vowel duration in ms	187.0325508
Baer_Henney_unpublished	tut9	DaHe	voiceless	labial_oe	0.074659805	labial oe	preceding vowel duration in ms	74.6598054
Baer_Henney_unpublished	tut5	JeSc	voiceless	labial_oe	0.099602294	labial oe	preceding vowel duration in ms	99.6022939
Baer_Henney_unpublished	tut2	MaSc	voiceless	labial_oe	0.203425096	labial oe	preceding vowel duration in ms	203.4250962
Baer_Henney_unpublished	tut5	ClFi	voiceless	labial_oe	0.187509808	labial oe	preceding vowel duration in ms	187.5098075
Baer_Henney_unpublished	tut5	DaDr	voiceless	labial_oe	0.104434159	labial oe	preceding vowel duration in ms	104.434159
Baer_Henney_unpublished	tut5	IsRa	voiceless	labial_oe	0.132862999	labial oe	preceding vowel duration in ms	132.8629987
Baer_Henney_unpublished	tut6	AnHo	voiceless	labial_oe	0.198405866	labial oe	preceding vowel duration in ms	198.4058657
Baer_Henney_unpublished	tut5	JeSc	voiceless	labial_oe	0.095643925	labial oe	preceding vowel duration in ms	95.6439252
Baer_Henney_unpublished	tut6	MlHa	voiceless	labial_oe	0.159074799	labial oe	preceding vowel duration in ms	159.0747994
Baer_Henney_unpublished	tut7	Beck	voiceless	labial_oe	0.239736531	labial oe	preceding vowel duration in ms	239.7365309
Baer_Henney_unpublished	tut9	ViBe	voiceless	labial_oe	0.126139784	labial oe	preceding vowel duration in ms	126.1397841
Baer_Henney_unpublished	tut9	KaKe	voiceless	labial_oe	0.174056055	labial oe	preceding vowel duration in ms	174.0560549
Baer_Henney_unpublished	tut9	KaKe	voiceless	labial_oe	0.17315421	labial oe	preceding vowel duration in ms	173.15421
Baer_Henney_unpublished	tut5	ClFi	voiced	velar_oe	0.163802574	velar oe	preceding vowel duration in ms	163.8025743
Baer_Henney_unpublished	tut5	DaDr	voiced	velar_oe	0.122316814	velar oe	preceding vowel duration in ms	122.316814
Baer_Henney_unpublished	tut9	EdGr	voiced	velar_oe	0.126760371	velar oe	preceding vowel duration in ms	126.7603711
Baer_Henney_unpublished	tut9	MaRo	voiced	velar_oe	0.167574718	velar oe	preceding vowel duration in ms	167.5747183
Baer_Henney_unpublished	tut9	VaHu	voiced	velar_oe	0.46498455	velar oe	preceding vowel duration in ms	464.9845503
Baer_Henney_unpublished	tut9	ViBe	voiced	velar_oe	0.223734558	velar oe	preceding vowel duration in ms	223.734558
Baer_Henney_unpublished	tut9	AnKu	voiced	velar_oe	0.256772511	velar oe	preceding vowel duration in ms	256.7725106
Baer_Henney_unpublished	tut9	DaHe	voiced	velar_oe	0.180968873	velar oe	preceding vowel duration in ms	180.9688732
Baer_Henney_unpublished	tut5	JeSc	voiced	velar_oe	0.185988044	velar oe	preceding vowel duration in ms	185.9880442
Baer_Henney_unpublished	tut9	KaKe	voiced	velar_oe	0.177663434	velar oe	preceding vowel duration in ms	177.6634342
Baer_Henney_unpublished	tut9	EdGr	voiced	velar_oe	0.129365036	velar oe	preceding vowel duration in ms	129.3650363
Baer_Henney_unpublished	tut9	MaRo	voiced	velar_oe	0.179046864	velar oe	preceding vowel duration in ms	179.0468641
Baer_Henney_unpublished	tut9	VaHu	voiced	velar_oe	0.122288396	velar oe	preceding vowel duration in ms	122.2883956
Baer_Henney_unpublished	tut9	ViBe	voiced	velar_oe	0.10205436	velar oe	preceding vowel duration in ms	102.0543598
Baer_Henney_unpublished	tut9	AnKu	voiced	velar_oe	0.202881984	velar oe	preceding vowel duration in ms	202.8819837
Baer_Henney_unpublished	tut9	DaHe	voiced	velar_oe	0.12497402	velar oe	preceding vowel duration in ms	124.9740201
Baer_Henney_unpublished	tut6	MlHa	voiced	velar_oe	0.188533096	velar oe	preceding vowel duration in ms	188.5330956
Baer_Henney_unpublished	tut9	EdGr	voiced	velar_oe	0.067721294	velar oe	preceding vowel duration in ms	67.7212942
Baer_Henney_unpublished	tut9	VaHu	voiced	velar_oe	0.355045015	velar oe	preceding vowel duration in ms	355.0450149
Baer_Henney_unpublished	tut9	ViBe	voiced	velar_oe	0.191636343	velar oe	preceding vowel duration in ms	191.6363428
Baer_Henney_unpublished	tut9	AnKu	voiced	velar_oe	0.183862632	velar oe	preceding vowel duration in ms	183.8626315
Baer_Henney_unpublished	tut9	DaHe	voiced	velar_oe	0.15094265	velar oe	preceding vowel duration in ms	150.94265
Baer_Henney_unpublished	tut3	JeJe	voiced	velar_oe	0.069741042	velar oe	preceding vowel duration in ms	69.741042
Baer_Henney_unpublished	tut9	KaKe	voiced	velar_oe	0.210129849	velar oe	preceding vowel duration in ms	210.1298486
Baer_Henney_unpublished	tut5	ClFi	voiceless	velar_oe	0.236360305	velar oe	preceding vowel duration in ms	236.3603051
Baer_Henney_unpublished	tut5	DaDr	voiceless	velar_oe	0.072836447	velar oe	preceding vowel duration in ms	72.8364472
Baer_Henney_unpublished	tut9	EdGr	voiceless	velar_oe	0.105054828	velar oe	preceding vowel duration in ms	105.0548281
Baer_Henney_unpublished	tut9	MaRo	voiceless	velar_oe	0.137419105	velar oe	preceding vowel duration in ms	137.4191045
Baer_Henney_unpublished	tut9	VaHu	voiceless	velar_oe	0.087607063	velar oe	preceding vowel duration in ms	87.6070632
Baer_Henney_unpublished	tut9	AnKu	voiceless	velar_oe	0.174351849	velar oe	preceding vowel duration in ms	174.3518489
Baer_Henney_unpublished	tut9	DaHe	voiceless	velar_oe	0.078717402	velar oe	preceding vowel duration in ms	78.7174022
Baer_Henney_unpublished	tut5	JeSc	voiceless	velar_oe	0.144668063	velar oe	preceding vowel duration in ms	144.668063
Baer_Henney_unpublished	tut9	ViBe	voiceless	velar_oe	0.150397401	velar oe	preceding vowel duration in ms	150.3974012
Baer_Henney_unpublished	tut6	MlHa	voiceless	velar_oe	0.159074799	velar oe	preceding vowel duration in ms	159.0747994
Baer_Henney_unpublished	tut6	MlHa	voiceless	velar_oe	0.170858118	velar oe	preceding vowel duration in ms	170.8581179
Baer_Henney_unpublished	tut9	EdGr	voiceless	velar_oe	0.096372611	velar oe	preceding vowel duration in ms	96.3726109
Baer_Henney_unpublished	tut9	VaHu	voiceless	velar_oe	0.108478037	velar oe	preceding vowel duration in ms	108.4780374
Baer_Henney_unpublished	tut9	ViBe	voiceless	velar_oe	0.152823577	velar oe	preceding vowel duration in ms	152.8235766
Baer_Henney_unpublished	tut6	AnHo	voiceless	velar_oe	0.277768212	velar oe	preceding vowel duration in ms	277.7682119
Baer_Henney_unpublished	tut9	AnKu	voiceless	velar_oe	0.237753267	velar oe	preceding vowel duration in ms	237.7532672
Baer_Henney_unpublished	tut9	DaHe	voiceless	velar_oe	0.116047306	velar oe	preceding vowel duration in ms	116.0473062
Baer_Henney_unpublished	tut6	MlHa	voiceless	velar_oe	0.253341347	velar oe	preceding vowel duration in ms	253.3413472
Baer_Henney_unpublished	tut9	EdGr	voiceless	velar_oe	0.068589516	velar oe	preceding vowel duration in ms	68.5895159
Baer_Henney_unpublished	tut9	MaRo	voiceless	velar_oe	0.217400649	velar oe	preceding vowel duration in ms	217.4006487
Baer_Henney_unpublished	tut9	VaHu	voiceless	velar_oe	0.034351379	velar oe	preceding vowel duration in ms	34.3513785
Baer_Henney_unpublished	tut9	AnKu	voiceless	velar_oe	0.190202741	velar oe	preceding vowel duration in ms	190.2027407
Baer_Henney_unpublished	tut9	DaHe	voiceless	velar_oe	0.060052452	velar oe	preceding vowel duration in ms	60.0524521
Baer_Henney_unpublished	tut9	KaKe	voiceless	velar_oe	0.178565279	velar oe	preceding vowel duration in ms	178.5652791
Baer_Henney_unpublished	tut9	KaKe	voiceless	velar_oe	0.176761589	velar oe	preceding vowel duration in ms	176.7615894
Baer_Henney_unpublished	tut9	ViBe	voiceless	velar_oe	0.164952025	velar oe	preceding vowel duration in ms	164.9520253
Baer_Henney_unpublished	tut4	SvBo	voiceless	alveolar_oi	0.15891899	alveolar oi	preceding vowel duration in ms	158.9189897
Baer_Henney_unpublished	tut1	KaTh	voiced	alveolar_oi	0.177522652	alveolar oi	preceding vowel duration in ms	177.5226524
Baer_Henney_unpublished	tut9	KaKe	voiced	alveolar_oi	0.211031694	alveolar oi	preceding vowel duration in ms	211.0316935
Baer_Henney_unpublished	tut4	CoLa	voiced	alveolar_oi	0.129745214	alveolar oi	preceding vowel duration in ms	129.7452143
Baer_Henney_unpublished	tut4	KaGr	voiced	alveolar_oi	0.187582496	alveolar oi	preceding vowel duration in ms	187.5824955
Baer_Henney_unpublished	tut4	KaRe	voiced	alveolar_oi	0.14692262	alveolar oi	preceding vowel duration in ms	146.9226204
Baer_Henney_unpublished	tut4	StKa	voiced	alveolar_oi	0.171770106	alveolar oi	preceding vowel duration in ms	171.7701058
Baer_Henney_unpublished	tut4	MaKu	voiceless	alveolar_oi	0.103171821	alveolar oi	preceding vowel duration in ms	103.1718207
Baer_Henney_unpublished	tut7	Beck	voiceless	alveolar_oi	0.205034396	alveolar oi	preceding vowel duration in ms	205.0343964
Baer_Henney_unpublished	tut7	Beck	voiceless	alveolar_oi	0.182779137	alveolar oi	preceding vowel duration in ms	182.7791371
Baer_Henney_unpublished	tut1	KaTh	voiceless	alveolar_oi	0.177522652	alveolar oi	preceding vowel duration in ms	177.5226524
Baer_Henney_unpublished	tut4	CoLa	voiceless	alveolar_oi	0.157266926	alveolar oi	preceding vowel duration in ms	157.2669264
Baer_Henney_unpublished	tut4	HaAl	voiceless	alveolar_oi	0.208058852	alveolar oi	preceding vowel duration in ms	208.0588519
Baer_Henney_unpublished	tut4	KaGr	voiceless	alveolar_oi	0.13116071	alveolar oi	preceding vowel duration in ms	131.1607097
Baer_Henney_unpublished	tut4	KaRe	voiceless	alveolar_oi	0.143744353	alveolar oi	preceding vowel duration in ms	143.7443531
Baer_Henney_unpublished	tut4	MaKu	voiceless	alveolar_oi	0.120184195	alveolar oi	preceding vowel duration in ms	120.1841954
Baer_Henney_unpublished	tut4	StKa	voiceless	alveolar_oi	0.164361491	alveolar oi	preceding vowel duration in ms	164.361491
Baer_Henney_unpublished	tut7	Beck	voiceless	alveolar_oi	0.211038352	alveolar oi	preceding vowel duration in ms	211.0383515
Baer_Henney_unpublished	tut9	KaKe	voiceless	alveolar_oi	0.187583728	alveolar oi	preceding vowel duration in ms	187.5837275
Baer_Henney_unpublished	tut5	JeSc	voiced	labial_oi	0.173420295	labial oi	preceding vowel duration in ms	173.4202952
Baer_Henney_unpublished	tut1	HaSa	voiced	labial_oi	0.129143702	labial oi	preceding vowel duration in ms	129.1437019
Baer_Henney_unpublished	tut3	JeJe	voiced	labial_oi	0.114121705	labial oi	preceding vowel duration in ms	114.1217051
Baer_Henney_unpublished	tut5	ClFi	voiced	labial_oi	0.174210669	labial oi	preceding vowel duration in ms	174.2106693
Baer_Henney_unpublished	tut4	CoLa	voiced	labial_oi	0.157266926	labial oi	preceding vowel duration in ms	157.2669264
Baer_Henney_unpublished	tut4	KaGr	voiced	labial_oi	0.136492954	labial oi	preceding vowel duration in ms	136.4929541
Baer_Henney_unpublished	tut4	KaRe	voiced	labial_oi	0.181661263	labial oi	preceding vowel duration in ms	181.661263
Baer_Henney_unpublished	tut4	StKa	voiced	labial_oi	0.409943352	labial oi	preceding vowel duration in ms	409.9433515
Baer_Henney_unpublished	tut5	DaDr	voiced	labial_oi	0.139597141	labial oi	preceding vowel duration in ms	139.5971406
Baer_Henney_unpublished	tut5	IsRa	voiced	labial_oi	0.149772835	labial oi	preceding vowel duration in ms	149.7728349
Baer_Henney_unpublished	tut1	HaSa	voiced	labial_oi	0.108271993	labial oi	preceding vowel duration in ms	108.2719925
Baer_Henney_unpublished	tut9	KaKe	voiced	labial_oi	0.185329115	labial oi	preceding vowel duration in ms	185.3291154
Baer_Henney_unpublished	tut4	CoLa	voiceless	labial_oi	0.141540234	labial oi	preceding vowel duration in ms	141.5402338
Baer_Henney_unpublished	tut4	KaGr	voiceless	labial_oi	0.139543076	labial oi	preceding vowel duration in ms	139.5430759
Baer_Henney_unpublished	tut4	KaRe	voiceless	labial_oi	0.118163923	labial oi	preceding vowel duration in ms	118.1639233
Baer_Henney_unpublished	tut4	MaKu	voiceless	labial_oi	0.148446689	labial oi	preceding vowel duration in ms	148.4466888
Baer_Henney_unpublished	tut4	StKa	voiceless	labial_oi	0.280429789	labial oi	preceding vowel duration in ms	280.4297893
Baer_Henney_unpublished	tut5	ClFi	voiceless	labial_oi	0.152294888	labial oi	preceding vowel duration in ms	152.2948884
Baer_Henney_unpublished	tut5	DaDr	voiceless	labial_oi	0.168470307	labial oi	preceding vowel duration in ms	168.4703072
Baer_Henney_unpublished	tut5	IsRa	voiceless	labial_oi	0.186008198	labial oi	preceding vowel duration in ms	186.0081982
Baer_Henney_unpublished	tut5	JeSc	voiceless	labial_oi	0.170068826	labial oi	preceding vowel duration in ms	170.0688263
Baer_Henney_unpublished	tut1	HaSa	voiceless	labial_oi	0.117403365	labial oi	preceding vowel duration in ms	117.4033654
Baer_Henney_unpublished	tut7	MaMe	voiceless	labial_oi	0.217253562	labial oi	preceding vowel duration in ms	217.2535618
Baer_Henney_unpublished	tut9	ViBe	voiceless	labial_oi	0.211959172	labial oi	preceding vowel duration in ms	211.9591723
Baer_Henney_unpublished	tut3	JeJe	voiced	velar_oi	0.095101421	velar oi	preceding vowel duration in ms	95.1014209
Baer_Henney_unpublished	tut7	Beck	voiced	velar_oi	0.229377283	velar oi	preceding vowel duration in ms	229.3772832
Baer_Henney_unpublished	tut1	HaSa	voiced	velar_oi	0.144797484	velar oi	preceding vowel duration in ms	144.797484
Baer_Henney_unpublished	tut3	LaKu	voiced	velar_oi	0.304324547	velar oi	preceding vowel duration in ms	304.324547
Baer_Henney_unpublished	tut3	KiSt	voiced	velar_oi	0.299185776	velar oi	preceding vowel duration in ms	299.1857763
Baer_Henney_unpublished	tut8	JeHa	voiced	velar_oi	0.161652507	velar oi	preceding vowel duration in ms	161.6525066
Baer_Henney_unpublished	tut3	AnRu	voiced	velar_oi	0.125318544	velar oi	preceding vowel duration in ms	125.3185438
Baer_Henney_unpublished	tut3	JuEh	voiced	velar_oi	0.162399082	velar oi	preceding vowel duration in ms	162.3990824
Baer_Henney_unpublished	tut3	LiRi	voiced	velar_oi	0.204502945	velar oi	preceding vowel duration in ms	204.5029451
Baer_Henney_unpublished	tut3	MaKo	voiced	velar_oi	0.211806622	velar oi	preceding vowel duration in ms	211.8066217
Baer_Henney_unpublished	tut3	MeDo	voiced	velar_oi	0.034870521	velar oi	preceding vowel duration in ms	34.870521
Baer_Henney_unpublished	tut3	JeJe	voiceless	velar_oi	0.158502368	velar oi	preceding vowel duration in ms	158.5023682
Baer_Henney_unpublished	tut3	LaKu	voiceless	velar_oi	0.416968818	velar oi	preceding vowel duration in ms	416.968818
Baer_Henney_unpublished	tut8	JeHa	voiceless	velar_oi	0.151349559	velar oi	preceding vowel duration in ms	151.3495588
Baer_Henney_unpublished	tut3	AnRu	voiceless	velar_oi	0.128386918	velar oi	preceding vowel duration in ms	128.3869182
Baer_Henney_unpublished	tut3	LiRi	voiceless	velar_oi	0.185026474	velar oi	preceding vowel duration in ms	185.0264741
Baer_Henney_unpublished	tut3	MaKo	voiceless	velar_oi	0.208154783	velar oi	preceding vowel duration in ms	208.1547834
Baer_Henney_unpublished	tut3	MeDo	voiceless	velar_oi	0.101441516	velar oi	preceding vowel duration in ms	101.4415157
Baer_Henney_unpublished	tut3	KiSt	voiceless	velar_oi	0.273673811	velar oi	preceding vowel duration in ms	273.6738109
Baer_Henney_unpublished	tut3	JeJe	voiceless	velar_oi	0.133141989	velar oi	preceding vowel duration in ms	133.1419893
Baer_Henney_unpublished	tut7	Beck	voiceless	velar_oi	0.158815653	velar oi	preceding vowel duration in ms	158.8156531
Baer_Henney_unpublished	tut3	JeJe	voiceless	velar_oi	0.095101421	velar oi	preceding vowel duration in ms	95.1014209
Baer_Henney_unpublished	tut9	KaKe	voiceless	velar_oi	0.160979305	velar oi	preceding vowel duration in ms	160.9793046
Baer_Henney_unpublished	tut9	KaKe	voiceless	velar_oi	0.203366012	velar oi	preceding vowel duration in ms	203.3660123
Baer_Henney_unpublished	tut9	EdGr	voiced	alveolar_u	0.099845498	alveolar u	preceding vowel duration in ms	99.8454978
Baer_Henney_unpublished	tut7	BeNi	voiceless	alveolar_u	0.16129722	alveolar u	preceding vowel duration in ms	161.29722
Baer_Henney_unpublished	tut7	BeNi	voiceless	alveolar_u	0.16129722	alveolar u	preceding vowel duration in ms	161.29722
Baer_Henney_unpublished	tut9	ViBe	voiced	alveolar_u	0.237724978	alveolar u	preceding vowel duration in ms	237.7249777
Baer_Henney_unpublished	tut4	SvBo	voiceless	alveolar_u	0.110309399	alveolar u	preceding vowel duration in ms	110.3093985
Baer_Henney_unpublished	tut4	SvBo	voiceless	alveolar_u	0.129004827	alveolar u	preceding vowel duration in ms	129.0048269
Baer_Henney_unpublished	tut4	SvBo	voiced	alveolar_u	0.265554512	alveolar u	preceding vowel duration in ms	265.5545123
Baer_Henney_unpublished	tut4	CaBa	voiced	alveolar_u	0.14278196	alveolar u	preceding vowel duration in ms	142.7819597
Baer_Henney_unpublished	tut10	JoTh	voiceless	alveolar_u	0.115419232	alveolar u	preceding vowel duration in ms	115.4192315
Baer_Henney_unpublished	tut8	JeHa	voiced	alveolar_u	0.12660566	alveolar u	preceding vowel duration in ms	126.6056604
Baer_Henney_unpublished	tut6	MaHo	voiced	alveolar_u	0.067356129	alveolar u	preceding vowel duration in ms	67.3561287
Baer_Henney_unpublished	tut8	PaNu	voiced	alveolar_u	0.188710704	alveolar u	preceding vowel duration in ms	188.7107041
Baer_Henney_unpublished	tut3	KiSt	voiced	alveolar_u	0.255119654	alveolar u	preceding vowel duration in ms	255.1196542
Baer_Henney_unpublished	tut7	AnHu	voiced	alveolar_u	0.11475891	alveolar u	preceding vowel duration in ms	114.7589098
Baer_Henney_unpublished	tut9	AnKu	voiced	alveolar_u	0.19020186	alveolar u	preceding vowel duration in ms	190.2018597
Baer_Henney_unpublished	tut7	BeNi	voiced	alveolar_u	0.18934891	alveolar u	preceding vowel duration in ms	189.3489104
Baer_Henney_unpublished	tut7	BeNi	voiced	alveolar_u	0.18934891	alveolar u	preceding vowel duration in ms	189.3489104
Baer_Henney_unpublished	tut1	CaMu	voiced	alveolar_u	0.133934501	alveolar u	preceding vowel duration in ms	133.9345011
Baer_Henney_unpublished	tut10	ClGo	voiced	alveolar_u	0.169548737	alveolar u	preceding vowel duration in ms	169.5487371
Baer_Henney_unpublished	tut4	CoLa	voiced	alveolar_u	0.157266926	alveolar u	preceding vowel duration in ms	157.2669264
Baer_Henney_unpublished	tut2	DaAr	voiced	alveolar_u	0.127711895	alveolar u	preceding vowel duration in ms	127.7118953
Baer_Henney_unpublished	tut9	DaHe	voiced	alveolar_u	0.064921569	alveolar u	preceding vowel duration in ms	64.9215689
Baer_Henney_unpublished	tut10	DiTu	voiced	alveolar_u	0.114074428	alveolar u	preceding vowel duration in ms	114.0744276
Baer_Henney_unpublished	tut9	EdGr	voiced	alveolar_u	0.125023928	alveolar u	preceding vowel duration in ms	125.0239277
Baer_Henney_unpublished	tut7	FrSc	voiced	alveolar_u	0.240178844	alveolar u	preceding vowel duration in ms	240.1788438
Baer_Henney_unpublished	tut4	HaAl	voiced	alveolar_u	0.120810562	alveolar u	preceding vowel duration in ms	120.8105617
Baer_Henney_unpublished	tut2	JeMe	voiced	alveolar_u	0.181352875	alveolar u	preceding vowel duration in ms	181.3528748
Baer_Henney_unpublished	tut10	JoTh	voiced	alveolar_u	0.103257705	alveolar u	preceding vowel duration in ms	103.2577046
Baer_Henney_unpublished	tut7	JuSo	voiced	alveolar_u	0.155811768	alveolar u	preceding vowel duration in ms	155.8117677
Baer_Henney_unpublished	tut4	KaGr	voiced	alveolar_u	0.1204618	alveolar u	preceding vowel duration in ms	120.4617998
Baer_Henney_unpublished	tut4	KaRe	voiced	alveolar_u	0.05636776	alveolar u	preceding vowel duration in ms	56.3677597
Baer_Henney_unpublished	tut2	MaGe	voiced	alveolar_u	0.107069968	alveolar u	preceding vowel duration in ms	107.0699677
Baer_Henney_unpublished	tut4	MaKu	voiced	alveolar_u	0.062836029	alveolar u	preceding vowel duration in ms	62.8360291
Baer_Henney_unpublished	tut7	MaMe	voiced	alveolar_u	0.13880749	alveolar u	preceding vowel duration in ms	138.8074898
Baer_Henney_unpublished	tut7	MaRe	voiced	alveolar_u	0.159869366	alveolar u	preceding vowel duration in ms	159.8693658
Baer_Henney_unpublished	tut9	MaRo	voiced	alveolar_u	0.242318809	alveolar u	preceding vowel duration in ms	242.3188085
Baer_Henney_unpublished	tut2	MaSc	voiced	alveolar_u	0.23874213	alveolar u	preceding vowel duration in ms	238.7421301
Baer_Henney_unpublished	tut7	MiMi	voiced	alveolar_u	0.153007776	alveolar u	preceding vowel duration in ms	153.0077758
Baer_Henney_unpublished	tut2	MiPa	voiced	alveolar_u	0.142015934	alveolar u	preceding vowel duration in ms	142.0159341
Baer_Henney_unpublished	tut2	MoSc	voiced	alveolar_u	0.227071892	alveolar u	preceding vowel duration in ms	227.071892
Baer_Henney_unpublished	tut8	PaNu	voiced	alveolar_u	0.174671093	alveolar u	preceding vowel duration in ms	174.6710926
Baer_Henney_unpublished	tut10	PhLu	voiced	alveolar_u	0.08220081	alveolar u	preceding vowel duration in ms	82.20081
Baer_Henney_unpublished	tut2	RoBe	voiced	alveolar_u	0.124454589	alveolar u	preceding vowel duration in ms	124.4545885
Baer_Henney_unpublished	tut7	SaBa	voiced	alveolar_u	0.159914727	alveolar u	preceding vowel duration in ms	159.9147274
Baer_Henney_unpublished	tut2	SeUc	voiced	alveolar_u	0.091647309	alveolar u	preceding vowel duration in ms	91.6473088
Baer_Henney_unpublished	tut2	SiCa	voiced	alveolar_u	0.159387469	alveolar u	preceding vowel duration in ms	159.3874694
Baer_Henney_unpublished	tut8	SoBe	voiced	alveolar_u	0.214241096	alveolar u	preceding vowel duration in ms	214.2410961
Baer_Henney_unpublished	tut4	StKa	voiced	alveolar_u	0.131159875	alveolar u	preceding vowel duration in ms	131.1598747
Baer_Henney_unpublished	tut4	SvBo	voiced	alveolar_u	0.199118461	alveolar u	preceding vowel duration in ms	199.1184606
Baer_Henney_unpublished	tut7	TcQu	voiced	alveolar_u	0.071125741	alveolar u	preceding vowel duration in ms	71.1257413
Baer_Henney_unpublished	tut9	VaHu	voiced	alveolar_u	0.120778655	alveolar u	preceding vowel duration in ms	120.7786552
Baer_Henney_unpublished	tut7	VaMa	voiced	alveolar_u	0.128315443	alveolar u	preceding vowel duration in ms	128.3154426
Baer_Henney_unpublished	tut7	VaSc	voiced	alveolar_u	0.069889769	alveolar u	preceding vowel duration in ms	69.889769
Baer_Henney_unpublished	tut9	ViBe	voiced	alveolar_u	0.129530534	alveolar u	preceding vowel duration in ms	129.5305336
Baer_Henney_unpublished	tut7	YuVo	voiced	alveolar_u	0.150011033	alveolar u	preceding vowel duration in ms	150.0110331
Baer_Henney_unpublished	tut3	LaKu	voiced	alveolar_u	0.253603789	alveolar u	preceding vowel duration in ms	253.6037891
Baer_Henney_unpublished	tut7	AnHu	voiced	alveolar_u	0.088031	alveolar u	preceding vowel duration in ms	88.0309996
Baer_Henney_unpublished	tut9	AnKu	voiced	alveolar_u	0.183862132	alveolar u	preceding vowel duration in ms	183.8621323
Baer_Henney_unpublished	tut3	AnRu	voiced	alveolar_u	0.101754373	alveolar u	preceding vowel duration in ms	101.7543731
Baer_Henney_unpublished	tut7	BeNi	voiced	alveolar_u	0.182335988	alveolar u	preceding vowel duration in ms	182.3359878
Baer_Henney_unpublished	tut7	BeNi	voiced	alveolar_u	0.182335988	alveolar u	preceding vowel duration in ms	182.3359878
Baer_Henney_unpublished	tut10	ClGo	voiced	alveolar_u	0.134226084	alveolar u	preceding vowel duration in ms	134.2260836
Baer_Henney_unpublished	tut4	CoLa	voiced	alveolar_u	0.131711051	alveolar u	preceding vowel duration in ms	131.7110509
Baer_Henney_unpublished	tut4	CoLa	voiced	alveolar_u	0.111069767	alveolar u	preceding vowel duration in ms	111.0697668
Baer_Henney_unpublished	tut9	DaHe	voiced	alveolar_u	0.077094364	alveolar u	preceding vowel duration in ms	77.0943642
Baer_Henney_unpublished	tut10	DiTu	voiced	alveolar_u	0.125583258	alveolar u	preceding vowel duration in ms	125.5832583
Baer_Henney_unpublished	tut9	EdGr	voiced	alveolar_u	0.118078154	alveolar u	preceding vowel duration in ms	118.0781539
Baer_Henney_unpublished	tut7	FrSc	voiced	alveolar_u	0.211623313	alveolar u	preceding vowel duration in ms	211.6233128
Baer_Henney_unpublished	tut4	HaAl	voiced	alveolar_u	0.222162103	alveolar u	preceding vowel duration in ms	222.1621031
Baer_Henney_unpublished	tut4	HaAl	voiced	alveolar_u	0.161748453	alveolar u	preceding vowel duration in ms	161.7484534
Baer_Henney_unpublished	tut10	JoTh	voiced	alveolar_u	0.120167844	alveolar u	preceding vowel duration in ms	120.1678443
Baer_Henney_unpublished	tut7	JuSo	voiced	alveolar_u	0.181780396	alveolar u	preceding vowel duration in ms	181.7803957
Baer_Henney_unpublished	tut4	KaGr	voiced	alveolar_u	0.193372889	alveolar u	preceding vowel duration in ms	193.3728892
Baer_Henney_unpublished	tut4	KaRe	voiced	alveolar_u	0.132003133	alveolar u	preceding vowel duration in ms	132.0031328
Baer_Henney_unpublished	tut3	LiRi	voiced	alveolar_u	0.105497551	alveolar u	preceding vowel duration in ms	105.497551
Baer_Henney_unpublished	tut2	MaGe	voiced	alveolar_u	0.115337376	alveolar u	preceding vowel duration in ms	115.3373763
Baer_Henney_unpublished	tut3	MaKo	voiced	alveolar_u	0.164332724	alveolar u	preceding vowel duration in ms	164.3327237
Baer_Henney_unpublished	tut4	MaKu	voiced	alveolar_u	0.17039814	alveolar u	preceding vowel duration in ms	170.3981401
Baer_Henney_unpublished	tut4	MaKu	voiced	alveolar_u	0.167379816	alveolar u	preceding vowel duration in ms	167.3798155
Baer_Henney_unpublished	tut7	MaMe	voiced	alveolar_u	0.166738905	alveolar u	preceding vowel duration in ms	166.7389046
Baer_Henney_unpublished	tut7	MaRe	voiced	alveolar_u	0.19476471	alveolar u	preceding vowel duration in ms	194.7647096
Baer_Henney_unpublished	tut9	MaRo	voiced	alveolar_u	0.175607072	alveolar u	preceding vowel duration in ms	175.6070719
Baer_Henney_unpublished	tut3	MeDo	voiced	alveolar_u	0.161672416	alveolar u	preceding vowel duration in ms	161.6724156
Baer_Henney_unpublished	tut7	MiMi	voiced	alveolar_u	0.179365756	alveolar u	preceding vowel duration in ms	179.3657562
Baer_Henney_unpublished	tut8	PaNu	voiced	alveolar_u	0.173036994	alveolar u	preceding vowel duration in ms	173.0369939
Baer_Henney_unpublished	tut10	PhLu	voiced	alveolar_u	0.070457837	alveolar u	preceding vowel duration in ms	70.4578372
Baer_Henney_unpublished	tut2	RoBe	voiced	alveolar_u	0.108221381	alveolar u	preceding vowel duration in ms	108.2213813
Baer_Henney_unpublished	tut7	SaBa	voiced	alveolar_u	0.15805205	alveolar u	preceding vowel duration in ms	158.0520501
Baer_Henney_unpublished	tut8	SoBe	voiced	alveolar_u	0.175288239	alveolar u	preceding vowel duration in ms	175.2882387
Baer_Henney_unpublished	tut8	SoBe	voiced	alveolar_u	0.136335297	alveolar u	preceding vowel duration in ms	136.3352967
Baer_Henney_unpublished	tut4	StKa	voiced	alveolar_u	0.17122132	alveolar u	preceding vowel duration in ms	171.2213195
Baer_Henney_unpublished	tut4	StKa	voiced	alveolar_u	0.167928543	alveolar u	preceding vowel duration in ms	167.9285425
Baer_Henney_unpublished	tut4	SvBo	voiced	alveolar_u	0.163592697	alveolar u	preceding vowel duration in ms	163.5926972
Baer_Henney_unpublished	tut9	VaHu	voiced	alveolar_u	0.067798536	alveolar u	preceding vowel duration in ms	67.7985362
Baer_Henney_unpublished	tut7	VaMa	voiced	alveolar_u	0.136531988	alveolar u	preceding vowel duration in ms	136.5319879
Baer_Henney_unpublished	tut7	VaSc	voiced	alveolar_u	0.078276541	alveolar u	preceding vowel duration in ms	78.2765413
Baer_Henney_unpublished	tut7	YuVo	voiced	alveolar_u	0.195223791	alveolar u	preceding vowel duration in ms	195.2237906
Baer_Henney_unpublished	tut3	KiSt	voiced	alveolar_u	0.199457184	alveolar u	preceding vowel duration in ms	199.4571842
Baer_Henney_unpublished	tut6	AnHo	voiced	alveolar_u	0.292147064	alveolar u	preceding vowel duration in ms	292.1470644
Baer_Henney_unpublished	tut7	AnHu	voiced	alveolar_u	0.055309283	alveolar u	preceding vowel duration in ms	55.309283
Baer_Henney_unpublished	tut7	BeNi	voiced	alveolar_u	0.175323065	alveolar u	preceding vowel duration in ms	175.3230652
Baer_Henney_unpublished	tut7	BeNi	voiced	alveolar_u	0.175323065	alveolar u	preceding vowel duration in ms	175.3230652
Baer_Henney_unpublished	tut10	ClGo	voiced	alveolar_u	0.116342691	alveolar u	preceding vowel duration in ms	116.3426914
Baer_Henney_unpublished	tut10	DiTu	voiced	alveolar_u	0.115200749	alveolar u	preceding vowel duration in ms	115.2007488
Baer_Henney_unpublished	tut7	FrSc	voiced	alveolar_u	0.225960717	alveolar u	preceding vowel duration in ms	225.9607169
Baer_Henney_unpublished	tut3	JeJe	voiced	alveolar_u	0.10778161	alveolar u	preceding vowel duration in ms	107.7816104
Baer_Henney_unpublished	tut10	JoTh	voiced	alveolar_u	0.131192412	alveolar u	preceding vowel duration in ms	131.1924115
Baer_Henney_unpublished	tut7	JuSo	voiced	alveolar_u	0.103874512	alveolar u	preceding vowel duration in ms	103.8745118
Baer_Henney_unpublished	tut6	MaHo	voiced	alveolar_u	0.066544609	alveolar u	preceding vowel duration in ms	66.5446091
Baer_Henney_unpublished	tut7	MaMe	voiced	alveolar_u	0.166014134	alveolar u	preceding vowel duration in ms	166.0141339
Baer_Henney_unpublished	tut7	MaRe	voiced	alveolar_u	0.181780396	alveolar u	preceding vowel duration in ms	181.7803957
Baer_Henney_unpublished	tut9	MaRo	voiced	alveolar_u	0.192910248	alveolar u	preceding vowel duration in ms	192.9102482
Baer_Henney_unpublished	tut7	MiMi	voiced	alveolar_u	0.19777975	alveolar u	preceding vowel duration in ms	197.7797502
Baer_Henney_unpublished	tut6	MlHa	voiced	alveolar_u	0.135508163	alveolar u	preceding vowel duration in ms	135.5081625
Baer_Henney_unpublished	tut10	PhLu	voiced	alveolar_u	0.095518194	alveolar u	preceding vowel duration in ms	95.5181943
Baer_Henney_unpublished	tut7	SaBa	voiced	alveolar_u	0.184927015	alveolar u	preceding vowel duration in ms	184.9270149
Baer_Henney_unpublished	tut7	VaMa	voiced	alveolar_u	0.14786486	alveolar u	preceding vowel duration in ms	147.8648603
Baer_Henney_unpublished	tut7	VaSc	voiced	alveolar_u	0.061502997	alveolar u	preceding vowel duration in ms	61.5029967
Baer_Henney_unpublished	tut7	YuVo	voiced	alveolar_u	0.198283725	alveolar u	preceding vowel duration in ms	198.2837246
Baer_Henney_unpublished	tut6	AnHo	voiced	alveolar_u	0.460943146	alveolar u	preceding vowel duration in ms	460.9431461
Baer_Henney_unpublished	tut7	Beck	voiced	alveolar_u	0.136439094	alveolar u	preceding vowel duration in ms	136.4390944
Baer_Henney_unpublished	tut10	DiTu	voiced	alveolar_u	0.118938677	alveolar u	preceding vowel duration in ms	118.9386765
Baer_Henney_unpublished	tut6	MaHo	voiced	alveolar_u	0.088049879	alveolar u	preceding vowel duration in ms	88.0498791
Baer_Henney_unpublished	tut6	MlHa	voiced	alveolar_u	0.200316414	alveolar u	preceding vowel duration in ms	200.3164141
Baer_Henney_unpublished	tut2	RoBe	voiced	alveolar_u	0.063129139	alveolar u	preceding vowel duration in ms	63.1291391
Baer_Henney_unpublished	tut10	DiTu	voiced	alveolar_u	0.114348506	alveolar u	preceding vowel duration in ms	114.3485062
Baer_Henney_unpublished	tut1	HaSa	voiced	alveolar_u	0.09914062	alveolar u	preceding vowel duration in ms	99.1406197
Baer_Henney_unpublished	tut2	MaGe	voiced	alveolar_u	0.107250013	alveolar u	preceding vowel duration in ms	107.2500132
Baer_Henney_unpublished	tut2	MaGe	voiced	alveolar_u	0.090338637	alveolar u	preceding vowel duration in ms	90.3386372
Baer_Henney_unpublished	tut2	RoBe	voiced	alveolar_u	0.095595554	alveolar u	preceding vowel duration in ms	95.5955535
Baer_Henney_unpublished	tut3	LaKu	voiced	alveolar_u	0.355045305	alveolar u	preceding vowel duration in ms	355.0453048
Baer_Henney_unpublished	tut3	AnRu	voiced	alveolar_u	0.102825472	alveolar u	preceding vowel duration in ms	102.8254718
Baer_Henney_unpublished	tut1	HaSa	voiced	alveolar_u	0.077616669	alveolar u	preceding vowel duration in ms	77.6166693
Baer_Henney_unpublished	tut3	LiRi	voiced	alveolar_u	0.101034193	alveolar u	preceding vowel duration in ms	101.0341931
Baer_Henney_unpublished	tut3	MeDo	voiced	alveolar_u	0.114121705	alveolar u	preceding vowel duration in ms	114.1217051
Baer_Henney_unpublished	tut3	KiSt	voiced	alveolar_u	0.243523306	alveolar u	preceding vowel duration in ms	243.5233063
Baer_Henney_unpublished	tut6	AnHo	voiced	alveolar_u	0.248909177	alveolar u	preceding vowel duration in ms	248.9091769
Baer_Henney_unpublished	tut3	JeJe	voiced	alveolar_u	0.088761326	alveolar u	preceding vowel duration in ms	88.7613262
Baer_Henney_unpublished	tut6	MaHo	voiced	alveolar_u	0.077500124	alveolar u	preceding vowel duration in ms	77.500124
Baer_Henney_unpublished	tut6	AnHo	voiced	alveolar_u	0.209372063	alveolar u	preceding vowel duration in ms	209.3720628
Baer_Henney_unpublished	tut7	BeNi	voiced	alveolar_u	0.210387678	alveolar u	preceding vowel duration in ms	210.3876782
Baer_Henney_unpublished	tut7	BeNi	voiced	alveolar_u	0.210387678	alveolar u	preceding vowel duration in ms	210.3876782
Baer_Henney_unpublished	tut1	CaMu	voiced	alveolar_u	0.161672416	alveolar u	preceding vowel duration in ms	161.6724156
Baer_Henney_unpublished	tut1	HaSa	voiced	alveolar_u	0.094574933	alveolar u	preceding vowel duration in ms	94.5749332
Baer_Henney_unpublished	tut8	JeHa	voiced	alveolar_u	0.137728829	alveolar u	preceding vowel duration in ms	137.7288293
Baer_Henney_unpublished	tut1	KaTh	voiced	alveolar_u	0.145822179	alveolar u	preceding vowel duration in ms	145.8221787
Baer_Henney_unpublished	tut6	MaHo	voiced	alveolar_u	0.098396754	alveolar u	preceding vowel duration in ms	98.3967543
Baer_Henney_unpublished	tut8	SoBe	voiced	alveolar_u	0.120104904	alveolar u	preceding vowel duration in ms	120.1049043
Baer_Henney_unpublished	tut8	JeHa	voiced	alveolar_u	0.121986786	alveolar u	preceding vowel duration in ms	121.9867859
Baer_Henney_unpublished	tut8	JeHa	voiceless	alveolar_u	0.09268519	alveolar u	preceding vowel duration in ms	92.6851901
Baer_Henney_unpublished	tut6	MaHo	voiceless	alveolar_u	0.067356129	alveolar u	preceding vowel duration in ms	67.3561287
Baer_Henney_unpublished	tut8	PaNu	voiceless	alveolar_u	0.157990689	alveolar u	preceding vowel duration in ms	157.9906886
Baer_Henney_unpublished	tut8	SoBe	voiceless	alveolar_u	0.152565629	alveolar u	preceding vowel duration in ms	152.5656291
Baer_Henney_unpublished	tut3	KiSt	voiceless	alveolar_u	0.229607689	alveolar u	preceding vowel duration in ms	229.6076888
Baer_Henney_unpublished	tut7	AnHu	voiceless	alveolar_u	0.099710919	alveolar u	preceding vowel duration in ms	99.7109187
Baer_Henney_unpublished	tut9	AnKu	voiceless	alveolar_u	0.120461655	alveolar u	preceding vowel duration in ms	120.4616554
Baer_Henney_unpublished	tut7	BeNi	voiceless	alveolar_u	0.196361833	alveolar u	preceding vowel duration in ms	196.361833
Baer_Henney_unpublished	tut7	BeNi	voiceless	alveolar_u	0.196361833	alveolar u	preceding vowel duration in ms	196.361833
Baer_Henney_unpublished	tut10	ClGo	voiceless	alveolar_u	0.102435695	alveolar u	preceding vowel duration in ms	102.4356954
Baer_Henney_unpublished	tut2	DaAr	voiceless	alveolar_u	0.183924853	alveolar u	preceding vowel duration in ms	183.9248531
Baer_Henney_unpublished	tut9	DaHe	voiceless	alveolar_u	0.120916424	alveolar u	preceding vowel duration in ms	120.9164239
Baer_Henney_unpublished	tut10	DiTu	voiceless	alveolar_u	0.12259245	alveolar u	preceding vowel duration in ms	122.5924498
Baer_Henney_unpublished	tut9	EdGr	voiceless	alveolar_u	0.085085729	alveolar u	preceding vowel duration in ms	85.0857286
Baer_Henney_unpublished	tut7	FrSc	voiceless	alveolar_u	0.224321314	alveolar u	preceding vowel duration in ms	224.321314
Baer_Henney_unpublished	tut1	HaSa	voiceless	alveolar_u	0.090661488	alveolar u	preceding vowel duration in ms	90.6614877
Baer_Henney_unpublished	tut2	JeMe	voiceless	alveolar_u	0.122254649	alveolar u	preceding vowel duration in ms	122.2546486
Baer_Henney_unpublished	tut10	JoTh	voiceless	alveolar_u	0.131488601	alveolar u	preceding vowel duration in ms	131.4886005
Baer_Henney_unpublished	tut7	JuSo	voiceless	alveolar_u	0.155811768	alveolar u	preceding vowel duration in ms	155.8117677
Baer_Henney_unpublished	tut4	MaKu	voiceless	alveolar_u	0.106464538	alveolar u	preceding vowel duration in ms	106.4645384
Baer_Henney_unpublished	tut7	MaMe	voiceless	alveolar_u	0.171900016	alveolar u	preceding vowel duration in ms	171.9000162
Baer_Henney_unpublished	tut7	MaMe	voiceless	alveolar_u	0.151931975	alveolar u	preceding vowel duration in ms	151.9319749
Baer_Henney_unpublished	tut7	MaRe	voiceless	alveolar_u	0.142827454	alveolar u	preceding vowel duration in ms	142.8274537
Baer_Henney_unpublished	tut9	MaRo	voiceless	alveolar_u	0.208329178	alveolar u	preceding vowel duration in ms	208.3291775
Baer_Henney_unpublished	tut2	MaSc	voiceless	alveolar_u	0.181493394	alveolar u	preceding vowel duration in ms	181.4933938
Baer_Henney_unpublished	tut7	MiMi	voiceless	alveolar_u	0.190792443	alveolar u	preceding vowel duration in ms	190.7924426
Baer_Henney_unpublished	tut2	MiPa	voiceless	alveolar_u	0.106714831	alveolar u	preceding vowel duration in ms	106.7148305
Baer_Henney_unpublished	tut2	MoSc	voiceless	alveolar_u	0.169190823	alveolar u	preceding vowel duration in ms	169.1908234
Baer_Henney_unpublished	tut8	PaNu	voiceless	alveolar_u	0.175651493	alveolar u	preceding vowel duration in ms	175.6514928
Baer_Henney_unpublished	tut10	PhLu	voiceless	alveolar_u	0.107245461	alveolar u	preceding vowel duration in ms	107.2454607
Baer_Henney_unpublished	tut2	RoBe	voiceless	alveolar_u	0.097399243	alveolar u	preceding vowel duration in ms	97.3992431
Baer_Henney_unpublished	tut7	SaBa	voiceless	alveolar_u	0.131525271	alveolar u	preceding vowel duration in ms	131.5252712
Baer_Henney_unpublished	tut2	SeUc	voiceless	alveolar_u	0.071342217	alveolar u	preceding vowel duration in ms	71.3422165
Baer_Henney_unpublished	tut2	SiCa	voiceless	alveolar_u	0.155633377	alveolar u	preceding vowel duration in ms	155.6333772
Baer_Henney_unpublished	tut4	StKa	voiceless	alveolar_u	0.149818602	alveolar u	preceding vowel duration in ms	149.8186017
Baer_Henney_unpublished	tut7	TcQu	voiceless	alveolar_u	0.100598273	alveolar u	preceding vowel duration in ms	100.5982728
Baer_Henney_unpublished	tut9	VaHu	voiceless	alveolar_u	0.107574054	alveolar u	preceding vowel duration in ms	107.5740538
Baer_Henney_unpublished	tut7	VaMa	voiceless	alveolar_u	0.085227973	alveolar u	preceding vowel duration in ms	85.2279733
Baer_Henney_unpublished	tut7	VaSc	voiceless	alveolar_u	0.123005993	alveolar u	preceding vowel duration in ms	123.0059934
Baer_Henney_unpublished	tut7	YuVo	voiceless	alveolar_u	0.122397361	alveolar u	preceding vowel duration in ms	122.3973609
Baer_Henney_unpublished	tut10	RuYi	voiceless	alveolar_u	0.227068255	alveolar u	preceding vowel duration in ms	227.0682547
Baer_Henney_unpublished	tut10	SeGu	voiceless	alveolar_u	0.255971675	alveolar u	preceding vowel duration in ms	255.9716752
Baer_Henney_unpublished	tut3	LaKu	voiceless	alveolar_u	0.507207578	alveolar u	preceding vowel duration in ms	507.2075783
Baer_Henney_unpublished	tut7	AnHu	voiceless	alveolar_u	0.095944091	alveolar u	preceding vowel duration in ms	95.944091
Baer_Henney_unpublished	tut9	AnKu	voiceless	alveolar_u	0.12363175	alveolar u	preceding vowel duration in ms	123.6317502
Baer_Henney_unpublished	tut3	AnRu	voiceless	alveolar_u	0.111347914	alveolar u	preceding vowel duration in ms	111.3479137
Baer_Henney_unpublished	tut10	ClGo	voiceless	alveolar_u	0.162484206	alveolar u	preceding vowel duration in ms	162.4842064
Baer_Henney_unpublished	tut9	DaHe	voiceless	alveolar_u	0.10793211	alveolar u	preceding vowel duration in ms	107.9321099
Baer_Henney_unpublished	tut10	DiTu	voiceless	alveolar_u	0.124714728	alveolar u	preceding vowel duration in ms	124.7147276
Baer_Henney_unpublished	tut9	EdGr	voiceless	alveolar_u	0.082481063	alveolar u	preceding vowel duration in ms	82.4810634
Baer_Henney_unpublished	tut7	FrSc	voiceless	alveolar_u	0.223424627	alveolar u	preceding vowel duration in ms	223.4246274
Baer_Henney_unpublished	tut3	JuEh	voiceless	alveolar_u	0.144620015	alveolar u	preceding vowel duration in ms	144.620015
Baer_Henney_unpublished	tut7	JuSo	voiceless	alveolar_u	0.12984314	alveolar u	preceding vowel duration in ms	129.8431398
Baer_Henney_unpublished	tut4	KaGr	voiceless	alveolar_u	0.187582496	alveolar u	preceding vowel duration in ms	187.5824955
Baer_Henney_unpublished	tut3	LiRi	voiceless	alveolar_u	0.141204415	alveolar u	preceding vowel duration in ms	141.2044145
Baer_Henney_unpublished	tut2	MaGe	voiceless	alveolar_u	0.104797998	alveolar u	preceding vowel duration in ms	104.7979983
Baer_Henney_unpublished	tut3	MaKo	voiceless	alveolar_u	0.125988422	alveolar u	preceding vowel duration in ms	125.9884215
Baer_Henney_unpublished	tut7	MaMe	voiceless	alveolar_u	0.159451272	alveolar u	preceding vowel duration in ms	159.4512721
Baer_Henney_unpublished	tut7	MaRe	voiceless	alveolar_u	0.123350983	alveolar u	preceding vowel duration in ms	123.3509828
Baer_Henney_unpublished	tut3	MeDo	voiceless	alveolar_u	0.082421232	alveolar u	preceding vowel duration in ms	82.4212315
Baer_Henney_unpublished	tut7	MiMi	voiceless	alveolar_u	0.19481494	alveolar u	preceding vowel duration in ms	194.8149395
Baer_Henney_unpublished	tut8	PaNu	voiceless	alveolar_u	0.18230239	alveolar u	preceding vowel duration in ms	182.3023896
Baer_Henney_unpublished	tut10	PhLu	voiceless	alveolar_u	0.051892997	alveolar u	preceding vowel duration in ms	51.892997
Baer_Henney_unpublished	tut2	RoBe	voiceless	alveolar_u	0.11543614	alveolar u	preceding vowel duration in ms	115.43614
Baer_Henney_unpublished	tut7	SaBa	voiceless	alveolar_u	0.126616297	alveolar u	preceding vowel duration in ms	126.6162966
Baer_Henney_unpublished	tut8	SoBe	voiceless	alveolar_u	0.172042092	alveolar u	preceding vowel duration in ms	172.0420923
Baer_Henney_unpublished	tut9	VaHu	voiceless	alveolar_u	0.094920426	alveolar u	preceding vowel duration in ms	94.9204263
Baer_Henney_unpublished	tut7	VaMa	voiceless	alveolar_u	0.109854635	alveolar u	preceding vowel duration in ms	109.8546346
Baer_Henney_unpublished	tut7	VaSc	voiceless	alveolar_u	0.067094178	alveolar u	preceding vowel duration in ms	67.0941782
Baer_Henney_unpublished	tut7	YuVo	voiceless	alveolar_u	0.140435861	alveolar u	preceding vowel duration in ms	140.4358608
Baer_Henney_unpublished	tut10	SeGu	voiceless	alveolar_u	0.197238448	alveolar u	preceding vowel duration in ms	197.2384484
Baer_Henney_unpublished	tut6	AnHo	voiceless	alveolar_u	0.198405866	alveolar u	preceding vowel duration in ms	198.4058657
Baer_Henney_unpublished	tut7	AnHu	voiceless	alveolar_u	0.101507725	alveolar u	preceding vowel duration in ms	101.5077251
Baer_Henney_unpublished	tut10	ClGo	voiceless	alveolar_u	0.102435695	alveolar u	preceding vowel duration in ms	102.4356954
Baer_Henney_unpublished	tut10	DiTu	voiceless	alveolar_u	0.128620561	alveolar u	preceding vowel duration in ms	128.6205606
Baer_Henney_unpublished	tut7	FrSc	voiceless	alveolar_u	0.247168265	alveolar u	preceding vowel duration in ms	247.1682651
Baer_Henney_unpublished	tut5	IsRa	voiceless	alveolar_u	0.169098362	alveolar u	preceding vowel duration in ms	169.098362
Baer_Henney_unpublished	tut10	JoTh	voiceless	alveolar_u	0.114680026	alveolar u	preceding vowel duration in ms	114.6800263
Baer_Henney_unpublished	tut7	JuSo	voiceless	alveolar_u	0.12984314	alveolar u	preceding vowel duration in ms	129.8431398
Baer_Henney_unpublished	tut6	MaHo	voiceless	alveolar_u	0.078717404	alveolar u	preceding vowel duration in ms	78.7174035
Baer_Henney_unpublished	tut7	MaMe	voiceless	alveolar_u	0.161711389	alveolar u	preceding vowel duration in ms	161.7113893
Baer_Henney_unpublished	tut7	MaRe	voiceless	alveolar_u	0.147696572	alveolar u	preceding vowel duration in ms	147.6965715
Baer_Henney_unpublished	tut7	MiMi	voiceless	alveolar_u	0.279353629	alveolar u	preceding vowel duration in ms	279.3536292
Baer_Henney_unpublished	tut6	MlHa	voiceless	alveolar_u	0.206208073	alveolar u	preceding vowel duration in ms	206.2080733
Baer_Henney_unpublished	tut10	PhLu	voiceless	alveolar_u	0.091677571	alveolar u	preceding vowel duration in ms	91.6775713
Baer_Henney_unpublished	tut7	SaBa	voiceless	alveolar_u	0.159598842	alveolar u	preceding vowel duration in ms	159.5988419
Baer_Henney_unpublished	tut7	TcQu	voiceless	alveolar_u	0.083779686	alveolar u	preceding vowel duration in ms	83.7796855
Baer_Henney_unpublished	tut7	TcQu	voiceless	alveolar_u	0.056116582	alveolar u	preceding vowel duration in ms	56.1165818
Baer_Henney_unpublished	tut7	VaMa	voiceless	alveolar_u	0.075538731	alveolar u	preceding vowel duration in ms	75.5387313
Baer_Henney_unpublished	tut7	VaSc	voiceless	alveolar_u	0.081072132	alveolar u	preceding vowel duration in ms	81.072132
Baer_Henney_unpublished	tut7	YuVo	voiceless	alveolar_u	0.145542619	alveolar u	preceding vowel duration in ms	145.5426194
Baer_Henney_unpublished	tut10	RuYi	voiceless	alveolar_u	0.253578762	alveolar u	preceding vowel duration in ms	253.5787616
Baer_Henney_unpublished	tut10	SeGu	voiceless	alveolar_u	0.358535668	alveolar u	preceding vowel duration in ms	358.5356683
Baer_Henney_unpublished	tut6	AlSt	voiceless	alveolar_u	0.197504021	alveolar u	preceding vowel duration in ms	197.5040208
Baer_Henney_unpublished	tut6	AnHo	voiceless	alveolar_u	0.202013245	alveolar u	preceding vowel duration in ms	202.013245
Baer_Henney_unpublished	tut2	DaAr	voiceless	alveolar_u	0.120533473	alveolar u	preceding vowel duration in ms	120.5334733
Baer_Henney_unpublished	tut10	DiTu	voiceless	alveolar_u	0.12243735	alveolar u	preceding vowel duration in ms	122.4373496
Baer_Henney_unpublished	tut2	MaGe	voiceless	alveolar_u	0.090154326	alveolar u	preceding vowel duration in ms	90.1543264
Baer_Henney_unpublished	tut6	MaHo	voiceless	alveolar_u	0.111377838	alveolar u	preceding vowel duration in ms	111.3778382
Baer_Henney_unpublished	tut6	MlHa	voiceless	alveolar_u	0.080126566	alveolar u	preceding vowel duration in ms	80.1265656
Baer_Henney_unpublished	tut2	RoBe	voiceless	alveolar_u	0.082969726	alveolar u	preceding vowel duration in ms	82.9697256
Baer_Henney_unpublished	tut2	DaAr	voiceless	alveolar_u	0.1239304	alveolar u	preceding vowel duration in ms	123.9304002
Baer_Henney_unpublished	tut10	DiTu	voiceless	alveolar_u	0.115807276	alveolar u	preceding vowel duration in ms	115.8072759
Baer_Henney_unpublished	tut2	RoBe	voiceless	alveolar_u	0.129865658	alveolar u	preceding vowel duration in ms	129.8656575
Baer_Henney_unpublished	tut3	LaKu	voiceless	alveolar_u	0.152162274	alveolar u	preceding vowel duration in ms	152.1622735
Baer_Henney_unpublished	tut3	AnRu	voiceless	alveolar_u	0.143840899	alveolar u	preceding vowel duration in ms	143.8408991
Baer_Henney_unpublished	tut3	LiRi	voiceless	alveolar_u	0.144450493	alveolar u	preceding vowel duration in ms	144.450493
Baer_Henney_unpublished	tut3	MaKo	voiceless	alveolar_u	0.19354743	alveolar u	preceding vowel duration in ms	193.5474302
Baer_Henney_unpublished	tut3	MeDo	voiceless	alveolar_u	0.076081137	alveolar u	preceding vowel duration in ms	76.0811367
Baer_Henney_unpublished	tut3	KiSt	voiceless	alveolar_u	0.206414993	alveolar u	preceding vowel duration in ms	206.414993
Baer_Henney_unpublished	tut6	AnHo	voiceless	alveolar_u	0.285654908	alveolar u	preceding vowel duration in ms	285.6549075
Baer_Henney_unpublished	tut5	ClFi	voiceless	alveolar_u	0.199631902	alveolar u	preceding vowel duration in ms	199.6319024
Baer_Henney_unpublished	tut5	DaDr	voiceless	alveolar_u	0.083738039	alveolar u	preceding vowel duration in ms	83.7380389
Baer_Henney_unpublished	tut5	IsRa	voiceless	alveolar_u	0.128031617	alveolar u	preceding vowel duration in ms	128.0316169
Baer_Henney_unpublished	tut5	JeSc	voiceless	alveolar_u	0.103300224	alveolar u	preceding vowel duration in ms	103.3002236
Baer_Henney_unpublished	tut6	MlHa	voiceless	alveolar_u	0.094266548	alveolar u	preceding vowel duration in ms	94.2665478
Baer_Henney_unpublished	tut7	Beck	voiceless	alveolar_u	0.127911651	alveolar u	preceding vowel duration in ms	127.911651
Baer_Henney_unpublished	tut7	Beck	voiceless	alveolar_u	0.190242246	alveolar u	preceding vowel duration in ms	190.2422461
Baer_Henney_unpublished	tut6	AlSt	voiceless	alveolar_u	0.163233917	alveolar u	preceding vowel duration in ms	163.2339167
Baer_Henney_unpublished	tut6	AnHo	voiceless	alveolar_u	0.185780038	alveolar u	preceding vowel duration in ms	185.7800378
Baer_Henney_unpublished	tut1	CaMu	voiceless	alveolar_u	0.109366634	alveolar u	preceding vowel duration in ms	109.3666341
Baer_Henney_unpublished	tut8	JeHa	voiceless	alveolar_u	0.150372535	alveolar u	preceding vowel duration in ms	150.3725349
Baer_Henney_unpublished	tut1	KaTh	voiceless	alveolar_u	0.145822179	alveolar u	preceding vowel duration in ms	145.8221787
Baer_Henney_unpublished	tut6	MaHo	voiceless	alveolar_u	0.109960909	alveolar u	preceding vowel duration in ms	109.960909
Baer_Henney_unpublished	tut6	MlHa	voiceless	alveolar_u	0.120189848	alveolar u	preceding vowel duration in ms	120.1898484
Baer_Henney_unpublished	tut8	JeHa	voiceless	alveolar_u	0.129669157	alveolar u	preceding vowel duration in ms	129.6691567
Baer_Henney_unpublished	tut6	MaHo	voiceless	alveolar_u	0.081963482	alveolar u	preceding vowel duration in ms	81.963482
Baer_Henney_unpublished	tut8	PaNu	voiceless	alveolar_u	0.154539188	alveolar u	preceding vowel duration in ms	154.5391878
Baer_Henney_unpublished	tut8	SoBe	voiceless	alveolar_u	0.181780324	alveolar u	preceding vowel duration in ms	181.780324
Baer_Henney_unpublished	tut10	RuYi	voiceless	alveolar_u	0.242052454	alveolar u	preceding vowel duration in ms	242.0524542
Baer_Henney_unpublished	tut4	CoLa	voiceless	alveolar_u	0.165130273	alveolar u	preceding vowel duration in ms	165.1302728
Baer_Henney_unpublished	tut2	MaGe	voiceless	alveolar_u	0.077247322	alveolar u	preceding vowel duration in ms	77.2473222
Baer_Henney_unpublished	tut9	ViBe	voiceless	alveolar_u	0.13826895	alveolar u	preceding vowel duration in ms	138.2689502
Baer_Henney_unpublished	tut7	BeNi	voiceless	alveolar_u	0.168310143	alveolar u	preceding vowel duration in ms	168.3101426
Baer_Henney_unpublished	tut7	BeNi	voiceless	alveolar_u	0.168310143	alveolar u	preceding vowel duration in ms	168.3101426
Baer_Henney_unpublished	tut9	ViBe	voiceless	alveolar_u	0.075198953	alveolar u	preceding vowel duration in ms	75.1989533
Baer_Henney_unpublished	tut9	KaKe	voiceless	alveolar_u	0.142040563	alveolar u	preceding vowel duration in ms	142.0405629
Baer_Henney_unpublished	tut3	MaKo	voiced	alveolar_u	0.131466179	alveolar u	preceding vowel duration in ms	131.466179
Baer_Henney_unpublished	tut6	AnHo	voiced	labial_u	0.227225495	labial u	preceding vowel duration in ms	227.2254946
Baer_Henney_unpublished	tut6	MaHo	voiced	labial_u	0.062487011	labial u	preceding vowel duration in ms	62.487011
Baer_Henney_unpublished	tut4	SvBo	voiced	labial_u	0.113112915	labial u	preceding vowel duration in ms	113.1129148
Baer_Henney_unpublished	tut4	CoLa	voiced	labial_u	0.117950195	labial u	preceding vowel duration in ms	117.9501948
Baer_Henney_unpublished	tut1	HaSa	voiced	labial_u	0.08544356	labial u	preceding vowel duration in ms	85.4435604
Baer_Henney_unpublished	tut5	IsRa	voiced	labial_u	0.094136276	labial u	preceding vowel duration in ms	94.1362763
Baer_Henney_unpublished	tut8	JeHa	voiced	labial_u	0.107860247	labial u	preceding vowel duration in ms	107.8602466
Baer_Henney_unpublished	tut4	KaGr	voiced	labial_u	0.184655259	labial u	preceding vowel duration in ms	184.655259
Baer_Henney_unpublished	tut4	KaRe	voiced	labial_u	0.10337923	labial u	preceding vowel duration in ms	103.37923
Baer_Henney_unpublished	tut1	KaTh	voiced	labial_u	0.177522652	labial u	preceding vowel duration in ms	177.5226524
Baer_Henney_unpublished	tut4	MaKu	voiced	labial_u	0.11359876	labial u	preceding vowel duration in ms	113.59876
Baer_Henney_unpublished	tut8	PaNu	voiced	labial_u	0.166951282	labial u	preceding vowel duration in ms	166.9512821
Baer_Henney_unpublished	tut8	SoBe	voiced	labial_u	0.201256787	labial u	preceding vowel duration in ms	201.2567873
Baer_Henney_unpublished	tut4	StKa	voiced	labial_u	0.178904327	labial u	preceding vowel duration in ms	178.9043274
Baer_Henney_unpublished	tut4	SvBo	voiced	labial_u	0.097689062	labial u	preceding vowel duration in ms	97.6890624
Baer_Henney_unpublished	tut9	AnKu	voiced	labial_u	0.145821546	labial u	preceding vowel duration in ms	145.8215464
Baer_Henney_unpublished	tut10	ClGo	voiced	labial_u	0.127161553	labial u	preceding vowel duration in ms	127.1615528
Baer_Henney_unpublished	tut9	DaHe	voiced	labial_u	0.066544608	labial u	preceding vowel duration in ms	66.5446081
Baer_Henney_unpublished	tut9	DaHe	voiced	labial_u	0.06167549	labial u	preceding vowel duration in ms	61.6754904
Baer_Henney_unpublished	tut10	DiTu	voiced	labial_u	0.145565822	labial u	preceding vowel duration in ms	145.5658224
Baer_Henney_unpublished	tut9	EdGr	voiced	labial_u	0.145861249	labial u	preceding vowel duration in ms	145.861249
Baer_Henney_unpublished	tut1	HaSa	voiced	labial_u	0.076964428	labial u	preceding vowel duration in ms	76.9644284
Baer_Henney_unpublished	tut5	IsRa	voiced	labial_u	0.113612747	labial u	preceding vowel duration in ms	113.6127473
Baer_Henney_unpublished	tut2	JeMe	voiced	labial_u	0.160942868	labial u	preceding vowel duration in ms	160.9428678
Baer_Henney_unpublished	tut10	JoTh	voiced	labial_u	0.117861933	labial u	preceding vowel duration in ms	117.8619332
Baer_Henney_unpublished	tut1	KaTh	voiced	labial_u	0.095101421	labial u	preceding vowel duration in ms	95.1014209
Baer_Henney_unpublished	tut2	MaGe	voiced	labial_u	0.106554866	labial u	preceding vowel duration in ms	106.5548663
Baer_Henney_unpublished	tut9	MaRo	voiced	labial_u	0.224101956	labial u	preceding vowel duration in ms	224.1019563
Baer_Henney_unpublished	tut2	MaSc	voiced	labial_u	0.206407799	labial u	preceding vowel duration in ms	206.4077991
Baer_Henney_unpublished	tut2	MiPa	voiced	labial_u	0.162303925	labial u	preceding vowel duration in ms	162.3039247
Baer_Henney_unpublished	tut2	MoSc	voiced	labial_u	0.180321797	labial u	preceding vowel duration in ms	180.3217966
Baer_Henney_unpublished	tut8	PaNu	voiced	labial_u	0.148529125	labial u	preceding vowel duration in ms	148.5291245
Baer_Henney_unpublished	tut10	PhLu	voiced	labial_u	0.104584352	labial u	preceding vowel duration in ms	104.584352
Baer_Henney_unpublished	tut2	SiCa	voiced	labial_u	0.153478419	labial u	preceding vowel duration in ms	153.478419
Baer_Henney_unpublished	tut9	VaHu	voiced	labial_u	0.171842864	labial u	preceding vowel duration in ms	171.8428643
Baer_Henney_unpublished	tut9	ViBe	voiced	labial_u	0.123642851	labial u	preceding vowel duration in ms	123.6428505
Baer_Henney_unpublished	tut3	LaKu	voiced	labial_u	0.304324547	labial u	preceding vowel duration in ms	304.324547
Baer_Henney_unpublished	tut6	AlSt	voiced	labial_u	0.138884106	labial u	preceding vowel duration in ms	138.884106
Baer_Henney_unpublished	tut6	AnHo	voiced	labial_u	0.22906859	labial u	preceding vowel duration in ms	229.0685904
Baer_Henney_unpublished	tut7	AnHu	voiced	labial_u	0.103488269	labial u	preceding vowel duration in ms	103.4882691
Baer_Henney_unpublished	tut9	AnKu	voiced	labial_u	0.199712744	labial u	preceding vowel duration in ms	199.7127444
Baer_Henney_unpublished	tut3	AnRu	voiced	labial_u	0.116749754	labial u	preceding vowel duration in ms	116.7497544
Baer_Henney_unpublished	tut7	Beck	voiced	labial_u	0.16219471	labial u	preceding vowel duration in ms	162.1947096
Baer_Henney_unpublished	tut10	ClGo	voiced	labial_u	0.15188741	labial u	preceding vowel duration in ms	151.8874103
Baer_Henney_unpublished	tut2	DaAr	voiced	labial_u	0.141641861	labial u	preceding vowel duration in ms	141.6418607
Baer_Henney_unpublished	tut9	DaHe	voiced	labial_u	0.120916424	labial u	preceding vowel duration in ms	120.9164239
Baer_Henney_unpublished	tut10	DiTu	voiced	labial_u	0.17939747	labial u	preceding vowel duration in ms	179.3974695
Baer_Henney_unpublished	tut9	EdGr	voiced	labial_u	0.077271733	labial u	preceding vowel duration in ms	77.2717331
Baer_Henney_unpublished	tut7	FrSc	voiced	labial_u	0.278572255	labial u	preceding vowel duration in ms	278.5722554
Baer_Henney_unpublished	tut2	JeMe	voiced	labial_u	0.173738111	labial u	preceding vowel duration in ms	173.7381107
Baer_Henney_unpublished	tut10	JoTh	voiced	labial_u	0.128214278	labial u	preceding vowel duration in ms	128.2142781
Baer_Henney_unpublished	tut7	JuSo	voiced	labial_u	0.155811768	labial u	preceding vowel duration in ms	155.8117677
Baer_Henney_unpublished	tut1	KaTh	voiced	labial_u	0.158502368	labial u	preceding vowel duration in ms	158.5023682
Baer_Henney_unpublished	tut3	LiRi	voiced	labial_u	0.099005394	labial u	preceding vowel duration in ms	99.0053941
Baer_Henney_unpublished	tut2	MaGe	voiced	labial_u	0.117422476	labial u	preceding vowel duration in ms	117.4224764
Baer_Henney_unpublished	tut6	MaHo	voiced	labial_u	0.079123163	labial u	preceding vowel duration in ms	79.1231633
Baer_Henney_unpublished	tut3	MaKo	voiced	labial_u	0.186243754	labial u	preceding vowel duration in ms	186.2437536
Baer_Henney_unpublished	tut7	MaMe	voiced	labial_u	0.108033605	labial u	preceding vowel duration in ms	108.0336046
Baer_Henney_unpublished	tut7	MaRe	voiced	labial_u	0.200209555	labial u	preceding vowel duration in ms	200.2095553
Baer_Henney_unpublished	tut9	MaRo	voiced	labial_u	0.224037429	labial u	preceding vowel duration in ms	224.0374287
Baer_Henney_unpublished	tut2	MaSc	voiced	labial_u	0.225141325	labial u	preceding vowel duration in ms	225.1413254
Baer_Henney_unpublished	tut3	MeDo	voiced	labial_u	0.053890805	labial u	preceding vowel duration in ms	53.8908052
Baer_Henney_unpublished	tut7	MiMi	voiced	labial_u	0.882487872	labial u	preceding vowel duration in ms	882.4878716
Baer_Henney_unpublished	tut2	MiPa	voiced	labial_u	0.075877085	labial u	preceding vowel duration in ms	75.8770848
Baer_Henney_unpublished	tut6	MlHa	voiced	labial_u	0.200316414	labial u	preceding vowel duration in ms	200.3164141
Baer_Henney_unpublished	tut2	MoSc	voiced	labial_u	0.320572083	labial u	preceding vowel duration in ms	320.5720829
Baer_Henney_unpublished	tut8	PaNu	voiced	labial_u	0.181344433	labial u	preceding vowel duration in ms	181.3444327
Baer_Henney_unpublished	tut10	PhLu	voiced	labial_u	0.097032776	labial u	preceding vowel duration in ms	97.0327763
Baer_Henney_unpublished	tut2	RoBe	voiced	labial_u	0.133473037	labial u	preceding vowel duration in ms	133.4730369
Baer_Henney_unpublished	tut7	SaBa	voiced	labial_u	0.16392816	labial u	preceding vowel duration in ms	163.92816
Baer_Henney_unpublished	tut2	SeUc	voiced	labial_u	0.105366966	labial u	preceding vowel duration in ms	105.3669658
Baer_Henney_unpublished	tut2	SiCa	voiced	labial_u	0.160059712	labial u	preceding vowel duration in ms	160.059712
Baer_Henney_unpublished	tut8	SoBe	voiced	labial_u	0.126597011	labial u	preceding vowel duration in ms	126.5970113
Baer_Henney_unpublished	tut7	TcQu	voiced	labial_u	0.140489048	labial u	preceding vowel duration in ms	140.4890481
Baer_Henney_unpublished	tut9	VaHu	voiced	labial_u	0.088590397	labial u	preceding vowel duration in ms	88.5903972
Baer_Henney_unpublished	tut7	VaMa	voiced	labial_u	0.152520777	labial u	preceding vowel duration in ms	152.520777
Baer_Henney_unpublished	tut7	VaSc	voiced	labial_u	0.083867723	labial u	preceding vowel duration in ms	83.8677228
Baer_Henney_unpublished	tut9	ViBe	voiced	labial_u	0.13826895	labial u	preceding vowel duration in ms	138.2689502
Baer_Henney_unpublished	tut7	YuVo	voiced	labial_u	0.10851862	labial u	preceding vowel duration in ms	108.5186197
Baer_Henney_unpublished	tut10	RuYi	voiced	labial_u	0.319278714	labial u	preceding vowel duration in ms	319.2787135
Baer_Henney_unpublished	tut10	SeGu	voiced	labial_u	0.26824429	labial u	preceding vowel duration in ms	268.2442898
Baer_Henney_unpublished	tut3	KiSt	voiced	labial_u	0.180903028	labial u	preceding vowel duration in ms	180.9030276
Baer_Henney_unpublished	tut7	BeNi	voiced	labial_u	0.168310143	labial u	preceding vowel duration in ms	168.3101426
Baer_Henney_unpublished	tut7	BeNi	voiced	labial_u	0.168310143	labial u	preceding vowel duration in ms	168.3101426
Baer_Henney_unpublished	tut3	LaKu	voiced	labial_u	0.304324547	labial u	preceding vowel duration in ms	304.324547
Baer_Henney_unpublished	tut7	AnHu	voiced	labial_u	0.07090314	labial u	preceding vowel duration in ms	70.9031397
Baer_Henney_unpublished	tut9	AnKu	voiced	labial_u	0.174351849	labial u	preceding vowel duration in ms	174.3518489
Baer_Henney_unpublished	tut3	AnRu	voiced	labial_u	0.092723885	labial u	preceding vowel duration in ms	92.7238854
Baer_Henney_unpublished	tut7	BeNi	voiced	labial_u	0.154284297	labial u	preceding vowel duration in ms	154.2842974
Baer_Henney_unpublished	tut7	BeNi	voiced	labial_u	0.154284297	labial u	preceding vowel duration in ms	154.2842974
Baer_Henney_unpublished	tut1	CaMu	voiced	labial_u	0.126009383	labial u	preceding vowel duration in ms	126.0093827
Baer_Henney_unpublished	tut2	DaAr	voiced	labial_u	0.10552257	labial u	preceding vowel duration in ms	105.5225699
Baer_Henney_unpublished	tut9	DaHe	voiced	labial_u	0.064921569	labial u	preceding vowel duration in ms	64.9215689
Baer_Henney_unpublished	tut10	DiTu	voiced	labial_u	0.144057145	labial u	preceding vowel duration in ms	144.0571447
Baer_Henney_unpublished	tut9	EdGr	voiced	labial_u	0.068589516	labial u	preceding vowel duration in ms	68.5895159
Baer_Henney_unpublished	tut7	FrSc	voiced	labial_u	0.221757633	labial u	preceding vowel duration in ms	221.7576325
Baer_Henney_unpublished	tut2	JeMe	voiced	labial_u	0.132201218	labial u	preceding vowel duration in ms	132.2012183
Baer_Henney_unpublished	tut3	JuEh	voiced	labial_u	0.14674678	labial u	preceding vowel duration in ms	146.7467799
Baer_Henney_unpublished	tut7	JuSo	voiced	labial_u	0.103874512	labial u	preceding vowel duration in ms	103.8745118
Baer_Henney_unpublished	tut3	LiRi	voiced	labial_u	0.120104904	labial u	preceding vowel duration in ms	120.1049043
Baer_Henney_unpublished	tut2	MaGe	voiced	labial_u	0.090935252	labial u	preceding vowel duration in ms	90.9352522
Baer_Henney_unpublished	tut3	MaKo	voiced	labial_u	0.178940077	labial u	preceding vowel duration in ms	178.940077
Baer_Henney_unpublished	tut7	MaMe	voiced	labial_u	0.142107774	labial u	preceding vowel duration in ms	142.1077742
Baer_Henney_unpublished	tut7	MaRe	voiced	labial_u	0.157434807	labial u	preceding vowel duration in ms	157.4348069
Baer_Henney_unpublished	tut9	MaRo	voiced	labial_u	0.153087252	labial u	preceding vowel duration in ms	153.0872518
Baer_Henney_unpublished	tut2	MaSc	voiced	labial_u	0.103524258	labial u	preceding vowel duration in ms	103.5242579
Baer_Henney_unpublished	tut3	MeDo	voiced	labial_u	0.066570995	labial u	preceding vowel duration in ms	66.5709946
Baer_Henney_unpublished	tut7	MiMi	voiced	labial_u	0.15455919	labial u	preceding vowel duration in ms	154.5591898
Baer_Henney_unpublished	tut2	MiPa	voiced	labial_u	0.096976595	labial u	preceding vowel duration in ms	96.976595
Baer_Henney_unpublished	tut2	MoSc	voiced	labial_u	0.187000384	labial u	preceding vowel duration in ms	187.0003838
Baer_Henney_unpublished	tut2	RoBe	voiced	labial_u	0.075754967	labial u	preceding vowel duration in ms	75.7549669
Baer_Henney_unpublished	tut7	SaBa	voiced	labial_u	0.166505449	labial u	preceding vowel duration in ms	166.5054489
Baer_Henney_unpublished	tut2	SeUc	voiced	labial_u	0.051037124	labial u	preceding vowel duration in ms	51.0371241
Baer_Henney_unpublished	tut2	SiCa	voiced	labial_u	0.120764697	labial u	preceding vowel duration in ms	120.764697
Baer_Henney_unpublished	tut7	TcQu	voiced	labial_u	0.071598621	labial u	preceding vowel duration in ms	71.5986214
Baer_Henney_unpublished	tut9	VaHu	voiced	labial_u	0.090976007	labial u	preceding vowel duration in ms	90.9760067
Baer_Henney_unpublished	tut7	VaMa	voiced	labial_u	0.095385803	labial u	preceding vowel duration in ms	95.3858025
Baer_Henney_unpublished	tut7	VaSc	voiced	labial_u	0.120210403	labial u	preceding vowel duration in ms	120.2104027
Baer_Henney_unpublished	tut9	ViBe	voiced	labial_u	0.100091831	labial u	preceding vowel duration in ms	100.0918314
Baer_Henney_unpublished	tut7	YuVo	voiced	labial_u	0.145542619	labial u	preceding vowel duration in ms	145.5426194
Baer_Henney_unpublished	tut3	KiSt	voiced	labial_u	0.199457184	labial u	preceding vowel duration in ms	199.4571842
Baer_Henney_unpublished	tut7	FrSc	voiced	labial_u	0.215587467	labial u	preceding vowel duration in ms	215.5874669
Baer_Henney_unpublished	tut7	YuVo	voiced	labial_u	0.146876833	labial u	preceding vowel duration in ms	146.876833
Baer_Henney_unpublished	tut3	JeJe	voiced	labial_u	0.101441516	labial u	preceding vowel duration in ms	101.4415157
Baer_Henney_unpublished	tut6	AnHo	voiced	labial_u	0.259731315	labial u	preceding vowel duration in ms	259.731315
Baer_Henney_unpublished	tut1	HaSa	voiced	labial_u	0.103706306	labial u	preceding vowel duration in ms	103.7063061
Baer_Henney_unpublished	tut6	MaHo	voiced	labial_u	0.058835173	labial u	preceding vowel duration in ms	58.8351727
Baer_Henney_unpublished	tut6	MlHa	voiced	labial_u	0.188533096	labial u	preceding vowel duration in ms	188.5330956
Baer_Henney_unpublished	tut6	AnHo	voiced	labial_u	0.357130558	labial u	preceding vowel duration in ms	357.1305582
Baer_Henney_unpublished	tut6	MaHo	voiced	labial_u	0.089267159	labial u	preceding vowel duration in ms	89.2671586
Baer_Henney_unpublished	tut6	AnHo	voiced	labial_u	0.253194123	labial u	preceding vowel duration in ms	253.1941225
Baer_Henney_unpublished	tut1	HaSa	voiced	labial_u	0.091313729	labial u	preceding vowel duration in ms	91.3137286
Baer_Henney_unpublished	tut9	KaKe	voiced	labial_u	0.13031658	labial u	preceding vowel duration in ms	130.3165799
Baer_Henney_unpublished	tut9	KaKe	voiced	labial_u	0.155117313	labial u	preceding vowel duration in ms	155.1173132
Baer_Henney_unpublished	tut5	ClFi	voiced	labial_u	0.233393185	labial u	preceding vowel duration in ms	233.3931852
Baer_Henney_unpublished	tut5	DaDr	voiced	labial_u	0.0703202	labial u	preceding vowel duration in ms	70.3202004
Baer_Henney_unpublished	tut5	IsRa	voiced	labial_u	0.123350983	labial u	preceding vowel duration in ms	123.3509828
Baer_Henney_unpublished	tut8	JeHa	voiced	labial_u	0.076327949	labial u	preceding vowel duration in ms	76.3279492
Baer_Henney_unpublished	tut5	ClFi	voiced	labial_u	0.200100879	labial u	preceding vowel duration in ms	200.1008787
Baer_Henney_unpublished	tut5	DaDr	voiced	labial_u	0.059489734	labial u	preceding vowel duration in ms	59.4897344
Baer_Henney_unpublished	tut5	IsRa	voiced	labial_u	0.103874512	labial u	preceding vowel duration in ms	103.8745118
Baer_Henney_unpublished	tut8	JeHa	voiced	labial_u	0.108253856	labial u	preceding vowel duration in ms	108.2538556
Baer_Henney_unpublished	tut2	JeMe	voiced	labial_u	0.14619257	labial u	preceding vowel duration in ms	146.1925698
Baer_Henney_unpublished	tut5	JeSc	voiced	labial_u	0.110518285	labial u	preceding vowel duration in ms	110.5182847
Baer_Henney_unpublished	tut2	MaGe	voiced	labial_u	0.084771079	labial u	preceding vowel duration in ms	84.7710789
Baer_Henney_unpublished	tut2	MaSc	voiced	labial_u	0.313885958	labial u	preceding vowel duration in ms	313.8859576
Baer_Henney_unpublished	tut2	MiPa	voiced	labial_u	0.116858826	labial u	preceding vowel duration in ms	116.8588258
Baer_Henney_unpublished	tut2	MoSc	voiced	labial_u	0.198131357	labial u	preceding vowel duration in ms	198.1313568
Baer_Henney_unpublished	tut2	RoBe	voiced	labial_u	0.126258278	labial u	preceding vowel duration in ms	126.2582781
Baer_Henney_unpublished	tut2	SeUc	voiced	labial_u	0.118537837	labial u	preceding vowel duration in ms	118.5378366
Baer_Henney_unpublished	tut3	KiSt	voiced	labial_u	0.215692071	labial u	preceding vowel duration in ms	215.6920713
Baer_Henney_unpublished	tut9	ViBe	voiceless	labial_u	0.194061206	labial u	preceding vowel duration in ms	194.0612063
Baer_Henney_unpublished	tut9	AnKu	voiceless	labial_u	0.18386195	labial u	preceding vowel duration in ms	183.8619498
Baer_Henney_unpublished	tut6	MaHo	voiceless	labial_u	0.081557722	labial u	preceding vowel duration in ms	81.5577222
Baer_Henney_unpublished	tut9	VaHu	voiceless	labial_u	0.075251913	labial u	preceding vowel duration in ms	75.2519127
Baer_Henney_unpublished	tut4	CoLa	voiceless	labial_u	0.104189339	labial u	preceding vowel duration in ms	104.1893388
Baer_Henney_unpublished	tut4	HaAl	voiceless	labial_u	0.17248694	labial u	preceding vowel duration in ms	172.4869399
Baer_Henney_unpublished	tut5	IsRa	voiceless	labial_u	0.086964872	labial u	preceding vowel duration in ms	86.9648719
Baer_Henney_unpublished	tut8	JeHa	voiceless	labial_u	0.172536489	labial u	preceding vowel duration in ms	172.5364889
Baer_Henney_unpublished	tut4	KaRe	voiceless	labial_u	0.121476975	labial u	preceding vowel duration in ms	121.4769751
Baer_Henney_unpublished	tut1	KaTh	voiceless	labial_u	0.101441516	labial u	preceding vowel duration in ms	101.4415157
Baer_Henney_unpublished	tut4	MaKu	voiceless	labial_u	0.072439789	labial u	preceding vowel duration in ms	72.439789
Baer_Henney_unpublished	tut8	PaNu	voiceless	labial_u	0.125086329	labial u	preceding vowel duration in ms	125.0863285
Baer_Henney_unpublished	tut8	SoBe	voiceless	labial_u	0.181780324	labial u	preceding vowel duration in ms	181.780324
Baer_Henney_unpublished	tut10	ClGo	voiceless	labial_u	0.102435695	labial u	preceding vowel duration in ms	102.4356954
Baer_Henney_unpublished	tut2	DaAr	voiceless	labial_u	0.111771986	labial u	preceding vowel duration in ms	111.7719857
Baer_Henney_unpublished	tut10	DiTu	voiceless	labial_u	0.12033194	labial u	preceding vowel duration in ms	120.33194
Baer_Henney_unpublished	tut9	EdGr	voiceless	labial_u	0.083349285	labial u	preceding vowel duration in ms	83.3492851
Baer_Henney_unpublished	tut1	HaSa	voiceless	labial_u	0.062615128	labial u	preceding vowel duration in ms	62.6151282
Baer_Henney_unpublished	tut5	IsRa	voiceless	labial_u	0.132862999	labial u	preceding vowel duration in ms	132.8629987
Baer_Henney_unpublished	tut2	JeMe	voiceless	labial_u	0.142195882	labial u	preceding vowel duration in ms	142.195882
Baer_Henney_unpublished	tut10	JoTh	voiceless	labial_u	0.082881942	labial u	preceding vowel duration in ms	82.8819419
Baer_Henney_unpublished	tut4	KaRe	voiceless	labial_u	0.093712146	labial u	preceding vowel duration in ms	93.712146
Baer_Henney_unpublished	tut1	KaTh	voiceless	labial_u	0.095101421	labial u	preceding vowel duration in ms	95.1014209
Baer_Henney_unpublished	tut2	MaGe	voiceless	labial_u	0.127094647	labial u	preceding vowel duration in ms	127.0946467
Baer_Henney_unpublished	tut9	MaRo	voiceless	labial_u	0.149687918	labial u	preceding vowel duration in ms	149.687918
Baer_Henney_unpublished	tut2	MaSc	voiceless	labial_u	0.217554271	labial u	preceding vowel duration in ms	217.5542713
Baer_Henney_unpublished	tut2	MiPa	voiceless	labial_u	0.102251473	labial u	preceding vowel duration in ms	102.2514726
Baer_Henney_unpublished	tut2	MoSc	voiceless	labial_u	0.240429062	labial u	preceding vowel duration in ms	240.4290622
Baer_Henney_unpublished	tut10	PhLu	voiceless	labial_u	0.113600244	labial u	preceding vowel duration in ms	113.6002444
Baer_Henney_unpublished	tut2	SeUc	voiceless	labial_u	0.079025224	labial u	preceding vowel duration in ms	79.0252244
Baer_Henney_unpublished	tut2	SiCa	voiceless	labial_u	0.150198213	labial u	preceding vowel duration in ms	150.1982132
Baer_Henney_unpublished	tut3	LaKu	voiceless	labial_u	0.304324547	labial u	preceding vowel duration in ms	304.324547
Baer_Henney_unpublished	tut6	AnHo	voiceless	labial_u	0.22906859	labial u	preceding vowel duration in ms	229.0685904
Baer_Henney_unpublished	tut7	AnHu	voiceless	labial_u	0.073979219	labial u	preceding vowel duration in ms	73.9792189
Baer_Henney_unpublished	tut9	AnKu	voiceless	labial_u	0.158501838	labial u	preceding vowel duration in ms	158.5018382
Baer_Henney_unpublished	tut3	AnRu	voiceless	labial_u	0.090507837	labial u	preceding vowel duration in ms	90.5078372
Baer_Henney_unpublished	tut10	ClGo	voiceless	labial_u	0.14482288	labial u	preceding vowel duration in ms	144.8228796
Baer_Henney_unpublished	tut2	DaAr	voiceless	labial_u	0.184417949	labial u	preceding vowel duration in ms	184.4179492
Baer_Henney_unpublished	tut9	DaHe	voiceless	labial_u	0.055994854	labial u	preceding vowel duration in ms	55.994854
Baer_Henney_unpublished	tut10	DiTu	voiceless	labial_u	0.144677467	labial u	preceding vowel duration in ms	144.6774673
Baer_Henney_unpublished	tut9	EdGr	voiceless	labial_u	0.06077552	labial u	preceding vowel duration in ms	60.7755204
Baer_Henney_unpublished	tut7	FrSc	voiceless	labial_u	0.239273285	labial u	preceding vowel duration in ms	239.2732848
Baer_Henney_unpublished	tut10	JoTh	voiceless	labial_u	0.142832265	labial u	preceding vowel duration in ms	142.832265
Baer_Henney_unpublished	tut7	JuSo	voiceless	labial_u	0.181780396	labial u	preceding vowel duration in ms	181.7803957
Baer_Henney_unpublished	tut1	KaTh	voiceless	labial_u	0.10778161	labial u	preceding vowel duration in ms	107.7816104
Baer_Henney_unpublished	tut3	LiRi	voiceless	labial_u	0.118481865	labial u	preceding vowel duration in ms	118.481865
Baer_Henney_unpublished	tut2	MaGe	voiceless	labial_u	0.094644737	labial u	preceding vowel duration in ms	94.6447366
Baer_Henney_unpublished	tut6	MaHo	voiceless	labial_u	0.084398041	labial u	preceding vowel duration in ms	84.3980408
Baer_Henney_unpublished	tut3	MaKo	voiceless	labial_u	0.118684745	labial u	preceding vowel duration in ms	118.6847449
Baer_Henney_unpublished	tut7	MaMe	voiceless	labial_u	0.191573374	labial u	preceding vowel duration in ms	191.5733739
Baer_Henney_unpublished	tut7	MaRe	voiceless	labial_u	0.105497551	labial u	preceding vowel duration in ms	105.497551
Baer_Henney_unpublished	tut2	MaSc	voiceless	labial_u	0.13102805	labial u	preceding vowel duration in ms	131.0280498
Baer_Henney_unpublished	tut7	MiMi	voiceless	labial_u	0.196355823	labial u	preceding vowel duration in ms	196.3558233
Baer_Henney_unpublished	tut2	MiPa	voiceless	labial_u	0.10874363	labial u	preceding vowel duration in ms	108.7436295
Baer_Henney_unpublished	tut10	PhLu	voiceless	labial_u	0.124690746	labial u	preceding vowel duration in ms	124.6907459
Baer_Henney_unpublished	tut2	RoBe	voiceless	labial_u	0.104614002	labial u	preceding vowel duration in ms	104.6140019
Baer_Henney_unpublished	tut7	SaBa	voiceless	labial_u	0.140102394	labial u	preceding vowel duration in ms	140.1023935
Baer_Henney_unpublished	tut2	SiCa	voiceless	labial_u	0.147979277	labial u	preceding vowel duration in ms	147.9792766
Baer_Henney_unpublished	tut8	SoBe	voiceless	labial_u	0.123350983	labial u	preceding vowel duration in ms	123.3509828
Baer_Henney_unpublished	tut7	TcQu	voiceless	labial_u	0.111775859	labial u	preceding vowel duration in ms	111.7758586
Baer_Henney_unpublished	tut9	VaHu	voiceless	labial_u	0.041583063	labial u	preceding vowel duration in ms	41.5830625
Baer_Henney_unpublished	tut7	VaMa	voiceless	labial_u	0.084066783	labial u	preceding vowel duration in ms	84.0667834
Baer_Henney_unpublished	tut7	VaSc	voiceless	labial_u	0.088061109	labial u	preceding vowel duration in ms	88.0611089
Baer_Henney_unpublished	tut7	YuVo	voiceless	labial_u	0.062557793	labial u	preceding vowel duration in ms	62.5577925
Baer_Henney_unpublished	tut10	RuYi	voiceless	labial_u	0.227068255	labial u	preceding vowel duration in ms	227.0682547
Baer_Henney_unpublished	tut10	SeGu	voiceless	labial_u	0.318211363	labial u	preceding vowel duration in ms	318.2113633
Baer_Henney_unpublished	tut3	KiSt	voiceless	labial_u	0.16930668	labial u	preceding vowel duration in ms	169.3066796
Baer_Henney_unpublished	tut3	LaKu	voiceless	labial_u	0.304324547	labial u	preceding vowel duration in ms	304.324547
Baer_Henney_unpublished	tut7	AnHu	voiceless	labial_u	0.0766002	labial u	preceding vowel duration in ms	76.6002004
Baer_Henney_unpublished	tut9	AnKu	voiceless	labial_u	0.120461277	labial u	preceding vowel duration in ms	120.4612774
Baer_Henney_unpublished	tut3	AnRu	voiceless	labial_u	0.085195023	labial u	preceding vowel duration in ms	85.1950229
Baer_Henney_unpublished	tut2	DaAr	voiceless	labial_u	0.090976234	labial u	preceding vowel duration in ms	90.9762343
Baer_Henney_unpublished	tut9	DaHe	voiceless	labial_u	0.069790687	labial u	preceding vowel duration in ms	69.7906865
Baer_Henney_unpublished	tut10	DiTu	voiceless	labial_u	0.105465836	labial u	preceding vowel duration in ms	105.4658358
Baer_Henney_unpublished	tut9	EdGr	voiceless	labial_u	0.095504389	labial u	preceding vowel duration in ms	95.5043892
Baer_Henney_unpublished	tut7	FrSc	voiceless	labial_u	0.227426195	labial u	preceding vowel duration in ms	227.4261953
Baer_Henney_unpublished	tut1	HaSa	voiceless	labial_u	0.095879415	labial u	preceding vowel duration in ms	95.8794151
Baer_Henney_unpublished	tut2	JeMe	voiceless	labial_u	0.13347962	labial u	preceding vowel duration in ms	133.4796202
Baer_Henney_unpublished	tut3	JuEh	voiceless	labial_u	0.14674678	labial u	preceding vowel duration in ms	146.7467799
Baer_Henney_unpublished	tut7	JuSo	voiceless	labial_u	0.233717652	labial u	preceding vowel duration in ms	233.7176516
Baer_Henney_unpublished	tut1	KaTh	voiceless	labial_u	0.1204618	labial u	preceding vowel duration in ms	120.4617998
Baer_Henney_unpublished	tut3	LiRi	voiceless	labial_u	0.118481865	labial u	preceding vowel duration in ms	118.481865
Baer_Henney_unpublished	tut2	MaGe	voiceless	labial_u	0.074136375	labial u	preceding vowel duration in ms	74.1363749
Baer_Henney_unpublished	tut3	MaKo	voiceless	labial_u	0.167984562	labial u	preceding vowel duration in ms	167.9845621
Baer_Henney_unpublished	tut7	MaMe	voiceless	labial_u	0.184599007	labial u	preceding vowel duration in ms	184.5990066
Baer_Henney_unpublished	tut7	MaRe	voiceless	labial_u	0.116858826	labial u	preceding vowel duration in ms	116.8588258
Baer_Henney_unpublished	tut9	MaRo	voiceless	labial_u	0.140111305	labial u	preceding vowel duration in ms	140.1113054
Baer_Henney_unpublished	tut2	MaSc	voiceless	labial_u	0.247569906	labial u	preceding vowel duration in ms	247.5699055
Baer_Henney_unpublished	tut3	MeDo	voiceless	labial_u	0.072911089	labial u	preceding vowel duration in ms	72.9110894
Baer_Henney_unpublished	tut7	MiMi	voiceless	labial_u	0.129366746	labial u	preceding vowel duration in ms	129.366746
Baer_Henney_unpublished	tut2	MiPa	voiceless	labial_u	0.071413727	labial u	preceding vowel duration in ms	71.4137269
Baer_Henney_unpublished	tut2	MoSc	voiceless	labial_u	0.164738432	labial u	preceding vowel duration in ms	164.7384315
Baer_Henney_unpublished	tut2	RoBe	voiceless	labial_u	0.091988174	labial u	preceding vowel duration in ms	91.9881741
Baer_Henney_unpublished	tut7	SaBa	voiceless	labial_u	0.125139612	labial u	preceding vowel duration in ms	125.1396115
Baer_Henney_unpublished	tut2	SeUc	voiceless	labial_u	0.074634934	labial u	preceding vowel duration in ms	74.6349341
Baer_Henney_unpublished	tut2	SiCa	voiceless	labial_u	0.150378613	labial u	preceding vowel duration in ms	150.3786125
Baer_Henney_unpublished	tut7	TcQu	voiceless	labial_u	0.042366392	labial u	preceding vowel duration in ms	42.366392
Baer_Henney_unpublished	tut9	VaHu	voiceless	labial_u	0.19542889	labial u	preceding vowel duration in ms	195.4288896
Baer_Henney_unpublished	tut7	VaMa	voiceless	labial_u	0.111435426	labial u	preceding vowel duration in ms	111.4354263
Baer_Henney_unpublished	tut7	VaSc	voiceless	labial_u	0.061502997	labial u	preceding vowel duration in ms	61.5029967
Baer_Henney_unpublished	tut9	ViBe	voiceless	labial_u	0.198220968	labial u	preceding vowel duration in ms	198.220968
Baer_Henney_unpublished	tut7	YuVo	voiceless	labial_u	0.155756137	labial u	preceding vowel duration in ms	155.7561365
Baer_Henney_unpublished	tut3	KiSt	voiceless	labial_u	0.185541567	labial u	preceding vowel duration in ms	185.5415667
Baer_Henney_unpublished	tut7	Beck	voiceless	labial_u	0.129473268	labial u	preceding vowel duration in ms	129.4732676
Baer_Henney_unpublished	tut1	HaSa	voiceless	labial_u	0.090009247	labial u	preceding vowel duration in ms	90.0092468
Baer_Henney_unpublished	tut3	JeJe	voiceless	labial_u	0.114121705	labial u	preceding vowel duration in ms	114.1217051
Baer_Henney_unpublished	tut7	TcQu	voiceless	labial_u	0.059975469	labial u	preceding vowel duration in ms	59.9754686
Baer_Henney_unpublished	tut6	AnHo	voiceless	labial_u	0.220050142	labial u	preceding vowel duration in ms	220.0501419
Baer_Henney_unpublished	tut6	MaHo	voiceless	labial_u	0.078717404	labial u	preceding vowel duration in ms	78.7174035
Baer_Henney_unpublished	tut6	MlHa	voiceless	labial_u	0.164966459	labial u	preceding vowel duration in ms	164.9664586
Baer_Henney_unpublished	tut6	AnHo	voiceless	labial_u	0.207749024	labial u	preceding vowel duration in ms	207.7490236
Baer_Henney_unpublished	tut3	JeJe	voiceless	labial_u	0.1204618	labial u	preceding vowel duration in ms	120.4617998
Baer_Henney_unpublished	tut6	MaHo	voiceless	labial_u	0.075471325	labial u	preceding vowel duration in ms	75.471325
Baer_Henney_unpublished	tut6	MlHa	voiceless	labial_u	0.194424755	labial u	preceding vowel duration in ms	194.4247548
Baer_Henney_unpublished	tut5	ClFi	voiceless	labial_u	0.202203944	labial u	preceding vowel duration in ms	202.2039435
Baer_Henney_unpublished	tut5	DaDr	voiceless	labial_u	0.048621606	labial u	preceding vowel duration in ms	48.6216056
Baer_Henney_unpublished	tut5	IsRa	voiceless	labial_u	0.166682671	labial u	preceding vowel duration in ms	166.6826711
Baer_Henney_unpublished	tut5	JeSc	voiceless	labial_u	0.126508406	labial u	preceding vowel duration in ms	126.5084056
Baer_Henney_unpublished	tut2	SeUc	voiceless	labial_u	0.100976676	labial u	preceding vowel duration in ms	100.9766756
Baer_Henney_unpublished	tut3	KiSt	voiceless	labial_u	0.176264488	labial u	preceding vowel duration in ms	176.2644884
Baer_Henney_unpublished	tut4	StKa	voiceless	labial_u	0.1800019	labial u	preceding vowel duration in ms	180.0019
Baer_Henney_unpublished	tut5	ClFi	voiceless	labial_u	0.172676686	labial u	preceding vowel duration in ms	172.6766862
Baer_Henney_unpublished	tut5	DaDr	voiceless	labial_u	0.063107563	labial u	preceding vowel duration in ms	63.1075631
Baer_Henney_unpublished	tut5	IsRa	voiceless	labial_u	0.123200235	labial u	preceding vowel duration in ms	123.2002352
Baer_Henney_unpublished	tut8	JeHa	voiceless	labial_u	0.154481925	labial u	preceding vowel duration in ms	154.4819252
Baer_Henney_unpublished	tut5	JeSc	voiceless	labial_u	0.113106206	labial u	preceding vowel duration in ms	113.1062056
Baer_Henney_unpublished	tut3	KiSt	voiceless	labial_u	0.215692071	labial u	preceding vowel duration in ms	215.6920713
Baer_Henney_unpublished	tut9	KaKe	voiceless	labial_u	0.111377838	labial u	preceding vowel duration in ms	111.3778382
Baer_Henney_unpublished	tut7	BeNi	voiceless	labial_u	0.140258452	labial u	preceding vowel duration in ms	140.2584522
Baer_Henney_unpublished	tut7	BeNi	voiceless	labial_u	0.140258452	labial u	preceding vowel duration in ms	140.2584522
Baer_Henney_unpublished	tut2	JeMe	voiceless	labial_u	0.133401015	labial u	preceding vowel duration in ms	133.401015
Baer_Henney_unpublished	tut9	KaKe	voiceless	labial_u	0.119043519	labial u	preceding vowel duration in ms	119.0435194
Baer_Henney_unpublished	tut9	KaKe	voiceless	labial_u	0.146549787	labial u	preceding vowel duration in ms	146.5497871
Baer_Henney_unpublished	tut9	KaKe	voiceless	labial_u	0.122650899	labial u	preceding vowel duration in ms	122.6508988
Baer_Henney_unpublished	tut4	SvBo	voiced	velar_u	0.102829926	velar u	preceding vowel duration in ms	102.8299255
Baer_Henney_unpublished	tut3	JuEh	voiced	velar_u	0.140190661	velar u	preceding vowel duration in ms	140.1906609
Baer_Henney_unpublished	tut4	SvBo	voiceless	velar_u	0.104699424	velar u	preceding vowel duration in ms	104.6994236
Baer_Henney_unpublished	tut4	SvBo	voiceless	velar_u	0.059829299	velar u	preceding vowel duration in ms	59.8292992
Baer_Henney_unpublished	tut4	SvBo	voiceless	velar_u	0.079927452	velar u	preceding vowel duration in ms	79.9274518
Baer_Henney_unpublished	tut6	AnHo	voiced	velar_u	0.292147064	velar u	preceding vowel duration in ms	292.1470644
Baer_Henney_unpublished	tut7	AnHu	voiced	velar_u	0.081044882	velar u	preceding vowel duration in ms	81.0448819
Baer_Henney_unpublished	tut9	AnKu	voiced	velar_u	0.155332118	velar u	preceding vowel duration in ms	155.3321184
Baer_Henney_unpublished	tut7	BeNi	voiced	velar_u	0.154284297	velar u	preceding vowel duration in ms	154.2842974
Baer_Henney_unpublished	tut7	BeNi	voiced	velar_u	0.154284297	velar u	preceding vowel duration in ms	154.2842974
Baer_Henney_unpublished	tut5	ClFi	voiced	velar_u	0.215820252	velar u	preceding vowel duration in ms	215.8202521
Baer_Henney_unpublished	tut2	DaAr	voiced	velar_u	0.118469495	velar u	preceding vowel duration in ms	118.4694948
Baer_Henney_unpublished	tut5	DaDr	voiced	velar_u	0.065793514	velar u	preceding vowel duration in ms	65.7935144
Baer_Henney_unpublished	tut9	DaHe	voiced	velar_u	0.090078678	velar u	preceding vowel duration in ms	90.0786782
Baer_Henney_unpublished	tut9	EdGr	voiced	velar_u	0.116341711	velar u	preceding vowel duration in ms	116.3417105
Baer_Henney_unpublished	tut7	FrSc	voiced	velar_u	0.23457244	velar u	preceding vowel duration in ms	234.5724397
Baer_Henney_unpublished	tut4	HaAl	voiced	velar_u	0.114096419	velar u	preceding vowel duration in ms	114.0964194
Baer_Henney_unpublished	tut5	IsRa	voiced	velar_u	0.154604217	velar u	preceding vowel duration in ms	154.6042167
Baer_Henney_unpublished	tut2	JeMe	voiced	velar_u	0.127973135	velar u	preceding vowel duration in ms	127.9731347
Baer_Henney_unpublished	tut5	JeSc	voiced	velar_u	0.095726891	velar u	preceding vowel duration in ms	95.7268913
Baer_Henney_unpublished	tut7	JuSo	voiced	velar_u	0.103874512	velar u	preceding vowel duration in ms	103.8745118
Baer_Henney_unpublished	tut4	KaGr	voiced	velar_u	0.17843213	velar u	preceding vowel duration in ms	178.4321299
Baer_Henney_unpublished	tut4	KaRe	voiced	velar_u	0.131964183	velar u	preceding vowel duration in ms	131.9641832
Baer_Henney_unpublished	tut2	MaGe	voiced	velar_u	0.087270711	velar u	preceding vowel duration in ms	87.2707108
Baer_Henney_unpublished	tut6	MaHo	voiced	velar_u	0.084600921	velar u	preceding vowel duration in ms	84.6009207
Baer_Henney_unpublished	tut4	MaKu	voiced	velar_u	0.135001425	velar u	preceding vowel duration in ms	135.001425
Baer_Henney_unpublished	tut7	MaMe	voiced	velar_u	0.13714912	velar u	preceding vowel duration in ms	137.14912
Baer_Henney_unpublished	tut7	MaRe	voiced	velar_u	0.159057846	velar u	preceding vowel duration in ms	159.0578462
Baer_Henney_unpublished	tut9	MaRo	voiced	velar_u	0.159372296	velar u	preceding vowel duration in ms	159.3722957
Baer_Henney_unpublished	tut2	MaSc	voiced	velar_u	0.463807891	velar u	preceding vowel duration in ms	463.8078912
Baer_Henney_unpublished	tut7	MiMi	voiced	velar_u	0.206677511	velar u	preceding vowel duration in ms	206.6775113
Baer_Henney_unpublished	tut2	MiPa	voiced	velar_u	0.118887625	velar u	preceding vowel duration in ms	118.8876248
Baer_Henney_unpublished	tut6	MlHa	voiced	velar_u	0.141399822	velar u	preceding vowel duration in ms	141.3998217
Baer_Henney_unpublished	tut2	MoSc	voiced	velar_u	0.227071892	velar u	preceding vowel duration in ms	227.071892
Baer_Henney_unpublished	tut8	PaNu	voiced	velar_u	0.183362746	velar u	preceding vowel duration in ms	183.3627464
Baer_Henney_unpublished	tut2	RoBe	voiced	velar_u	0.082969726	velar u	preceding vowel duration in ms	82.9697256
Baer_Henney_unpublished	tut7	SaBa	voiced	velar_u	0.125275311	velar u	preceding vowel duration in ms	125.2753106
Baer_Henney_unpublished	tut2	SeUc	voiced	velar_u	0.129513562	velar u	preceding vowel duration in ms	129.5135622
Baer_Henney_unpublished	tut2	SiCa	voiced	velar_u	0.128254946	velar u	preceding vowel duration in ms	128.2549462
Baer_Henney_unpublished	tut8	SoBe	voiced	velar_u	0.162303861	velar u	preceding vowel duration in ms	162.3038607
Baer_Henney_unpublished	tut4	StKa	voiced	velar_u	0.147074723	velar u	preceding vowel duration in ms	147.0747231
Baer_Henney_unpublished	tut7	TcQu	voiced	velar_u	0.087048555	velar u	preceding vowel duration in ms	87.0485548
Baer_Henney_unpublished	tut9	VaHu	voiced	velar_u	0.097630234	velar u	preceding vowel duration in ms	97.6302337
Baer_Henney_unpublished	tut7	VaMa	voiced	velar_u	0.144279976	velar u	preceding vowel duration in ms	144.2799762
Baer_Henney_unpublished	tut7	VaSc	voiced	velar_u	0.051718429	velar u	preceding vowel duration in ms	51.718429
Baer_Henney_unpublished	tut9	ViBe	voiced	velar_u	0.145545905	velar u	preceding vowel duration in ms	145.5459047
Baer_Henney_unpublished	tut7	YuVo	voiced	velar_u	0.169799723	velar u	preceding vowel duration in ms	169.7997226
Baer_Henney_unpublished	tut3	LaKu	voiced	velar_u	0.253603789	velar u	preceding vowel duration in ms	253.6037891
Baer_Henney_unpublished	tut7	AnHu	voiced	velar_u	0.101265987	velar u	preceding vowel duration in ms	101.2659869
Baer_Henney_unpublished	tut3	AnRu	voiced	velar_u	0.086780047	velar u	preceding vowel duration in ms	86.7800466
Baer_Henney_unpublished	tut7	BeNi	voiced	velar_u	0.182335988	velar u	preceding vowel duration in ms	182.3359878
Baer_Henney_unpublished	tut7	BeNi	voiced	velar_u	0.182335988	velar u	preceding vowel duration in ms	182.3359878
Baer_Henney_unpublished	tut1	CaMu	voiced	velar_u	0.149784738	velar u	preceding vowel duration in ms	149.784738
Baer_Henney_unpublished	tut4	CoLa	voiced	velar_u	0.117950195	velar u	preceding vowel duration in ms	117.9501948
Baer_Henney_unpublished	tut7	FrSc	voiced	velar_u	0.222266274	velar u	preceding vowel duration in ms	222.2662736
Baer_Henney_unpublished	tut4	HaAl	voiced	velar_u	0.153023433	velar u	preceding vowel duration in ms	153.0234331
Baer_Henney_unpublished	tut7	JuSo	voiced	velar_u	0.155811768	velar u	preceding vowel duration in ms	155.8117677
Baer_Henney_unpublished	tut4	KaGr	voiced	velar_u	0.148312176	velar u	preceding vowel duration in ms	148.3121763
Baer_Henney_unpublished	tut4	KaRe	voiced	velar_u	0.144648481	velar u	preceding vowel duration in ms	144.6484809
Baer_Henney_unpublished	tut1	KaTh	voiced	velar_u	0.158502368	velar u	preceding vowel duration in ms	158.5023682
Baer_Henney_unpublished	tut3	LiRi	voiced	velar_u	0.08602108	velar u	preceding vowel duration in ms	86.0210801
Baer_Henney_unpublished	tut6	MaHo	voiced	velar_u	0.075471325	velar u	preceding vowel duration in ms	75.471325
Baer_Henney_unpublished	tut3	MaKo	voiced	velar_u	0.149725371	velar u	preceding vowel duration in ms	149.7253705
Baer_Henney_unpublished	tut4	MaKu	voiced	velar_u	0.109482863	velar u	preceding vowel duration in ms	109.4828629
Baer_Henney_unpublished	tut7	MaMe	voiced	velar_u	0.137955405	velar u	preceding vowel duration in ms	137.9554052
Baer_Henney_unpublished	tut3	MeDo	voiced	velar_u	0.072911089	velar u	preceding vowel duration in ms	72.9110894
Baer_Henney_unpublished	tut7	MiMi	voiced	velar_u	0.128417307	velar u	preceding vowel duration in ms	128.4173068
Baer_Henney_unpublished	tut7	SaBa	voiced	velar_u	0.107664548	velar u	preceding vowel duration in ms	107.6645484
Baer_Henney_unpublished	tut4	StKa	voiced	velar_u	0.148995475	velar u	preceding vowel duration in ms	148.9954751
Baer_Henney_unpublished	tut7	TcQu	voiced	velar_u	0.024408621	velar u	preceding vowel duration in ms	24.4086209
Baer_Henney_unpublished	tut7	VaMa	voiced	velar_u	0.083838178	velar u	preceding vowel duration in ms	83.8381776
Baer_Henney_unpublished	tut7	VaSc	voiced	velar_u	0.032848191	velar u	preceding vowel duration in ms	32.8481914
Baer_Henney_unpublished	tut7	YuVo	voiced	velar_u	0.176183171	velar u	preceding vowel duration in ms	176.1831708
Baer_Henney_unpublished	tut7	MaRe	voiced	velar_u	0.158246327	velar u	preceding vowel duration in ms	158.2463266
Baer_Henney_unpublished	tut3	KiSt	voiced	velar_u	0.143794714	velar u	preceding vowel duration in ms	143.7947142
Baer_Henney_unpublished	tut3	AnRu	voiced	velar_u	0.082474597	velar u	preceding vowel duration in ms	82.4745972
Baer_Henney_unpublished	tut10	ClGo	voiced	velar_u	0.204871391	velar u	preceding vowel duration in ms	204.8713907
Baer_Henney_unpublished	tut10	DiTu	voiced	velar_u	0.119399755	velar u	preceding vowel duration in ms	119.3997551
Baer_Henney_unpublished	tut5	IsRa	voiced	velar_u	0.123200235	velar u	preceding vowel duration in ms	123.2002352
Baer_Henney_unpublished	tut10	JoTh	voiced	velar_u	0.109822542	velar u	preceding vowel duration in ms	109.8225422
Baer_Henney_unpublished	tut9	KaKe	voiced	velar_u	0.159626537	velar u	preceding vowel duration in ms	159.6265374
Baer_Henney_unpublished	tut3	LiRi	voiced	velar_u	0.097382355	velar u	preceding vowel duration in ms	97.3823548
Baer_Henney_unpublished	tut6	MaHo	voiced	velar_u	0.090890198	velar u	preceding vowel duration in ms	90.8901978
Baer_Henney_unpublished	tut3	MaKo	voiced	velar_u	0.127814341	velar u	preceding vowel duration in ms	127.8143407
Baer_Henney_unpublished	tut3	MeDo	voiced	velar_u	0.044380663	velar u	preceding vowel duration in ms	44.3806631
Baer_Henney_unpublished	tut10	PhLu	voiced	velar_u	0.072618001	velar u	preceding vowel duration in ms	72.6180014
Baer_Henney_unpublished	tut10	RuYi	voiced	velar_u	0.314668191	velar u	preceding vowel duration in ms	314.6681905
Baer_Henney_unpublished	tut10	SeGu	voiced	velar_u	0.518079658	velar u	preceding vowel duration in ms	518.0796577
Baer_Henney_unpublished	tut3	KiSt	voiced	velar_u	0.206414993	velar u	preceding vowel duration in ms	206.414993
Baer_Henney_unpublished	tut3	LaKu	voiced	velar_u	0.355045305	velar u	preceding vowel duration in ms	355.0453048
Baer_Henney_unpublished	tut6	AnHo	voiced	velar_u	0.292147064	velar u	preceding vowel duration in ms	292.1470644
Baer_Henney_unpublished	tut3	AnRu	voiced	velar_u	0.100683275	velar u	preceding vowel duration in ms	100.6832745
Baer_Henney_unpublished	tut10	DiTu	voiced	velar_u	0.128139706	velar u	preceding vowel duration in ms	128.139706
Baer_Henney_unpublished	tut10	JoTh	voiced	velar_u	0.115713814	velar u	preceding vowel duration in ms	115.7138136
Baer_Henney_unpublished	tut3	LiRi	voiced	velar_u	0.137958336	velar u	preceding vowel duration in ms	137.958336
Baer_Henney_unpublished	tut3	MaKo	voiced	velar_u	0.208154783	velar u	preceding vowel duration in ms	208.1547834
Baer_Henney_unpublished	tut3	MeDo	voiced	velar_u	0.049135734	velar u	preceding vowel duration in ms	49.1357341
Baer_Henney_unpublished	tut10	PhLu	voiced	velar_u	0.066543543	velar u	preceding vowel duration in ms	66.5435428
Baer_Henney_unpublished	tut3	KiSt	voiced	velar_u	0.197137915	velar u	preceding vowel duration in ms	197.1379146
Baer_Henney_unpublished	tut10	ClGo	voiced	velar_u	0.120097022	velar u	preceding vowel duration in ms	120.0970221
Baer_Henney_unpublished	tut2	DaAr	voiced	velar_u	0.118652908	velar u	preceding vowel duration in ms	118.6529076
Baer_Henney_unpublished	tut10	DiTu	voiced	velar_u	0.13450817	velar u	preceding vowel duration in ms	134.5081703
Baer_Henney_unpublished	tut2	JeMe	voiced	velar_u	0.101566277	velar u	preceding vowel duration in ms	101.566277
Baer_Henney_unpublished	tut10	JoTh	voiced	velar_u	0.138462172	velar u	preceding vowel duration in ms	138.4621722
Baer_Henney_unpublished	tut2	MaGe	voiced	velar_u	0.10138446	velar u	preceding vowel duration in ms	101.3844598
Baer_Henney_unpublished	tut2	MaSc	voiced	velar_u	0.213171605	velar u	preceding vowel duration in ms	213.1716046
Baer_Henney_unpublished	tut2	MiPa	voiced	velar_u	0.087238358	velar u	preceding vowel duration in ms	87.2383577
Baer_Henney_unpublished	tut2	MoSc	voiced	velar_u	0.235976672	velar u	preceding vowel duration in ms	235.9766721
Baer_Henney_unpublished	tut10	PhLu	voiced	velar_u	0.069482171	velar u	preceding vowel duration in ms	69.4821709
Baer_Henney_unpublished	tut2	RoBe	voiced	velar_u	0.075754967	velar u	preceding vowel duration in ms	75.7549669
Baer_Henney_unpublished	tut2	SeUc	voiced	velar_u	0.125123272	velar u	preceding vowel duration in ms	125.1232719
Baer_Henney_unpublished	tut2	SiCa	voiced	velar_u	0.150808964	velar u	preceding vowel duration in ms	150.8089641
Baer_Henney_unpublished	tut10	RuYi	voiced	velar_u	0.253578762	velar u	preceding vowel duration in ms	253.5787616
Baer_Henney_unpublished	tut10	SeGu	voiced	velar_u	0.287529827	velar u	preceding vowel duration in ms	287.5298269
Baer_Henney_unpublished	tut10	ClGo	voiced	velar_u	0.148355145	velar u	preceding vowel duration in ms	148.355145
Baer_Henney_unpublished	tut10	DiTu	voiced	velar_u	0.135325588	velar u	preceding vowel duration in ms	135.3255883
Baer_Henney_unpublished	tut10	JoTh	voiced	velar_u	0.083145769	velar u	preceding vowel duration in ms	83.1457686
Baer_Henney_unpublished	tut10	PhLu	voiced	velar_u	0.093765281	velar u	preceding vowel duration in ms	93.7652811
Baer_Henney_unpublished	tut9	KaKe	voiced	velar_u	0.106417692	velar u	preceding vowel duration in ms	106.4176916
Baer_Henney_unpublished	tut9	KaKe	voiced	velar_u	0.153764546	velar u	preceding vowel duration in ms	153.7645459
Baer_Henney_unpublished	tut8	JeHa	voiced	velar_u	0.142950578	velar u	preceding vowel duration in ms	142.950578
Baer_Henney_unpublished	tut8	PaNu	voiced	velar_u	0.197274294	velar u	preceding vowel duration in ms	197.2742944
Baer_Henney_unpublished	tut1	CaMu	voiced	velar_u	0.142652131	velar u	preceding vowel duration in ms	142.6521314
Baer_Henney_unpublished	tut5	ClFi	voiced	velar_u	0.216496977	velar u	preceding vowel duration in ms	216.4969768
Baer_Henney_unpublished	tut5	DaDr	voiced	velar_u	0.076661781	velar u	preceding vowel duration in ms	76.6617814
Baer_Henney_unpublished	tut5	IsRa	voiced	velar_u	0.118368853	velar u	preceding vowel duration in ms	118.3688534
Baer_Henney_unpublished	tut8	JeHa	voiced	velar_u	0.100633234	velar u	preceding vowel duration in ms	100.6332338
Baer_Henney_unpublished	tut5	JeSc	voiced	velar_u	0.137216686	velar u	preceding vowel duration in ms	137.2166858
Baer_Henney_unpublished	tut7	AnHu	voiced	velar_u	0.099415309	velar u	preceding vowel duration in ms	99.4153094
Baer_Henney_unpublished	tut7	Beck	voiced	velar_u	0.273520255	velar u	preceding vowel duration in ms	273.5202552
Baer_Henney_unpublished	tut7	BeNi	voiced	velar_u	0.238439369	velar u	preceding vowel duration in ms	238.4393687
Baer_Henney_unpublished	tut7	BeNi	voiced	velar_u	0.238439369	velar u	preceding vowel duration in ms	238.4393687
Baer_Henney_unpublished	tut5	ClFi	voiced	velar_u	0.239680191	velar u	preceding vowel duration in ms	239.6801913
Baer_Henney_unpublished	tut4	CoLa	voiced	velar_u	0.088462646	velar u	preceding vowel duration in ms	88.4626461
Baer_Henney_unpublished	tut2	DaAr	voiced	velar_u	0.104930504	velar u	preceding vowel duration in ms	104.9305035
Baer_Henney_unpublished	tut5	DaDr	voiced	velar_u	0.115099912	velar u	preceding vowel duration in ms	115.0999115
Baer_Henney_unpublished	tut7	FrSc	voiced	velar_u	0.198783254	velar u	preceding vowel duration in ms	198.7832537
Baer_Henney_unpublished	tut4	HaAl	voiced	velar_u	0.175240921	velar u	preceding vowel duration in ms	175.2409209
Baer_Henney_unpublished	tut4	HaAl	voiced	velar_u	0.128861838	velar u	preceding vowel duration in ms	128.8618384
Baer_Henney_unpublished	tut5	IsRa	voiced	velar_u	0.19083958	velar u	preceding vowel duration in ms	190.83958
Baer_Henney_unpublished	tut8	JeHa	voiced	velar_u	0.103378801	velar u	preceding vowel duration in ms	103.3788005
Baer_Henney_unpublished	tut2	JeMe	voiced	velar_u	0.127961619	velar u	preceding vowel duration in ms	127.9616187
Baer_Henney_unpublished	tut5	JeSc	voiced	velar_u	0.148548262	velar u	preceding vowel duration in ms	148.5482615
Baer_Henney_unpublished	tut7	JuSo	voiced	velar_u	0.181780396	velar u	preceding vowel duration in ms	181.7803957
Baer_Henney_unpublished	tut4	KaGr	voiced	velar_u	0.180719721	velar u	preceding vowel duration in ms	180.7197213
Baer_Henney_unpublished	tut4	KaGr	voiced	velar_u	0.151369762	velar u	preceding vowel duration in ms	151.3697616
Baer_Henney_unpublished	tut9	KaKe	voiced	velar_u	0.150608089	velar u	preceding vowel duration in ms	150.6080889
Baer_Henney_unpublished	tut4	KaRe	voiced	velar_u	0.148328718	velar u	preceding vowel duration in ms	148.3287179
Baer_Henney_unpublished	tut1	KaTh	voiced	velar_u	0.164842463	velar u	preceding vowel duration in ms	164.8424629
Baer_Henney_unpublished	tut2	MaGe	voiced	velar_u	0.100544941	velar u	preceding vowel duration in ms	100.5449409
Baer_Henney_unpublished	tut6	MaHo	voiced	velar_u	0.084398041	velar u	preceding vowel duration in ms	84.3980408
Baer_Henney_unpublished	tut4	MaKu	voiced	velar_u	0.077241669	velar u	preceding vowel duration in ms	77.241669
Baer_Henney_unpublished	tut7	MaMe	voiced	velar_u	0.175554608	velar u	preceding vowel duration in ms	175.5546075
Baer_Henney_unpublished	tut7	MaRe	voiced	velar_u	0.269424515	velar u	preceding vowel duration in ms	269.424515
Baer_Henney_unpublished	tut2	MaSc	voiced	velar_u	0.190935888	velar u	preceding vowel duration in ms	190.9358876
Baer_Henney_unpublished	tut7	MiMi	voiced	velar_u	0.211147964	velar u	preceding vowel duration in ms	211.1479636
Baer_Henney_unpublished	tut2	MiPa	voiced	velar_u	0.133089218	velar u	preceding vowel duration in ms	133.0892182
Baer_Henney_unpublished	tut6	MlHa	voiced	velar_u	0.182641436	velar u	preceding vowel duration in ms	182.6414364
Baer_Henney_unpublished	tut2	MoSc	voiced	velar_u	0.209262332	velar u	preceding vowel duration in ms	209.2623319
Baer_Henney_unpublished	tut8	PaNu	voiced	velar_u	0.160600412	velar u	preceding vowel duration in ms	160.6004121
Baer_Henney_unpublished	tut2	RoBe	voiced	velar_u	0.108221381	velar u	preceding vowel duration in ms	108.2213813
Baer_Henney_unpublished	tut2	SiCa	voiced	velar_u	0.089778462	velar u	preceding vowel duration in ms	89.7784624
Baer_Henney_unpublished	tut8	SoBe	voiced	velar_u	0.178534247	velar u	preceding vowel duration in ms	178.5342468
Baer_Henney_unpublished	tut4	StKa	voiced	velar_u	0.154757731	velar u	preceding vowel duration in ms	154.7577311
Baer_Henney_unpublished	tut7	TcQu	voiced	velar_u	0.101051691	velar u	preceding vowel duration in ms	101.0516906
Baer_Henney_unpublished	tut7	VaMa	voiced	velar_u	0.138407177	velar u	preceding vowel duration in ms	138.4071766
Baer_Henney_unpublished	tut7	VaSc	voiced	velar_u	0.103436858	velar u	preceding vowel duration in ms	103.4368581
Baer_Henney_unpublished	tut7	YuVo	voiced	velar_u	0.162139585	velar u	preceding vowel duration in ms	162.1395847
Baer_Henney_unpublished	tut7	AnHu	voiceless	velar_u	0.098024655	velar u	preceding vowel duration in ms	98.0246554
Baer_Henney_unpublished	tut6	AnHo	voiceless	velar_u	0.200209555	velar u	preceding vowel duration in ms	200.2095553
Baer_Henney_unpublished	tut7	AnHu	voiceless	velar_u	0.104585221	velar u	preceding vowel duration in ms	104.5852205
Baer_Henney_unpublished	tut9	AnKu	voiceless	velar_u	0.177522513	velar u	preceding vowel duration in ms	177.5225131
Baer_Henney_unpublished	tut5	ClFi	voiceless	velar_u	0.200272552	velar u	preceding vowel duration in ms	200.2725522
Baer_Henney_unpublished	tut4	CoLa	voiceless	velar_u	0.14350607	velar u	preceding vowel duration in ms	143.5060704
Baer_Henney_unpublished	tut4	CoLa	voiceless	velar_u	0.129745214	velar u	preceding vowel duration in ms	129.7452143
Baer_Henney_unpublished	tut2	DaAr	voiceless	velar_u	0.153352894	velar u	preceding vowel duration in ms	153.3528936
Baer_Henney_unpublished	tut5	DaDr	voiceless	velar_u	0.064940582	velar u	preceding vowel duration in ms	64.9405824
Baer_Henney_unpublished	tut9	DaHe	voiceless	velar_u	0.04382206	velar u	preceding vowel duration in ms	43.8220597
Baer_Henney_unpublished	tut7	FrSc	voiceless	velar_u	0.238878009	velar u	preceding vowel duration in ms	238.878009
Baer_Henney_unpublished	tut4	HaAl	voiceless	velar_u	0.101348349	velar u	preceding vowel duration in ms	101.3483485
Baer_Henney_unpublished	tut5	IsRa	voiceless	velar_u	0.111121781	velar u	preceding vowel duration in ms	111.1217807
Baer_Henney_unpublished	tut2	JeMe	voiceless	velar_u	0.150766572	velar u	preceding vowel duration in ms	150.766572
Baer_Henney_unpublished	tut5	JeSc	voiceless	velar_u	0.11978783	velar u	preceding vowel duration in ms	119.7878303
Baer_Henney_unpublished	tut7	JuSo	voiceless	velar_u	0.12984314	velar u	preceding vowel duration in ms	129.8431398
Baer_Henney_unpublished	tut4	KaGr	voiceless	velar_u	0.098271468	velar u	preceding vowel duration in ms	98.2714683
Baer_Henney_unpublished	tut2	MaGe	voiceless	velar_u	0.102357576	velar u	preceding vowel duration in ms	102.3575763
Baer_Henney_unpublished	tut6	MaHo	voiceless	velar_u	0.081151962	velar u	preceding vowel duration in ms	81.1519623
Baer_Henney_unpublished	tut4	MaKu	voiceless	velar_u	0.057073773	velar u	preceding vowel duration in ms	57.0737732
Baer_Henney_unpublished	tut7	MaMe	voiceless	velar_u	0.168717931	velar u	preceding vowel duration in ms	168.7179307
Baer_Henney_unpublished	tut7	MaRe	voiceless	velar_u	0.116858826	velar u	preceding vowel duration in ms	116.8588258
Baer_Henney_unpublished	tut2	MaSc	voiceless	velar_u	0.318949723	velar u	preceding vowel duration in ms	318.9497234
Baer_Henney_unpublished	tut7	MiMi	voiceless	velar_u	0.2389806	velar u	preceding vowel duration in ms	238.9805996
Baer_Henney_unpublished	tut2	MiPa	voiceless	velar_u	0.110772429	velar u	preceding vowel duration in ms	110.7724286
Baer_Henney_unpublished	tut6	MlHa	voiceless	velar_u	0.188533096	velar u	preceding vowel duration in ms	188.5330956
Baer_Henney_unpublished	tut2	MoSc	voiceless	velar_u	0.158059848	velar u	preceding vowel duration in ms	158.0598482
Baer_Henney_unpublished	tut8	PaNu	voiceless	velar_u	0.184793483	velar u	preceding vowel duration in ms	184.7934831
Baer_Henney_unpublished	tut2	RoBe	voiceless	velar_u	0.05952176	velar u	preceding vowel duration in ms	59.5217597
Baer_Henney_unpublished	tut7	SaBa	voiceless	velar_u	0.133693892	velar u	preceding vowel duration in ms	133.693892
Baer_Henney_unpublished	tut2	SeUc	voiceless	velar_u	0.095488813	velar u	preceding vowel duration in ms	95.4888128
Baer_Henney_unpublished	tut2	SiCa	voiceless	velar_u	0.130737382	velar u	preceding vowel duration in ms	130.7373823
Baer_Henney_unpublished	tut8	SoBe	voiceless	velar_u	0.146073475	velar u	preceding vowel duration in ms	146.0734746
Baer_Henney_unpublished	tut4	StKa	voiceless	velar_u	0.142684383	velar u	preceding vowel duration in ms	142.6843825
Baer_Henney_unpublished	tut7	TcQu	voiceless	velar_u	0.117637881	velar u	preceding vowel duration in ms	117.6378814
Baer_Henney_unpublished	tut7	VaMa	voiceless	velar_u	0.110210089	velar u	preceding vowel duration in ms	110.2100888
Baer_Henney_unpublished	tut7	VaSc	voiceless	velar_u	0.058707406	velar u	preceding vowel duration in ms	58.7074059
Baer_Henney_unpublished	tut7	YuVo	voiceless	velar_u	0.172580279	velar u	preceding vowel duration in ms	172.5802788
Baer_Henney_unpublished	tut3	LaKu	voiceless	velar_u	0.608649094	velar u	preceding vowel duration in ms	608.6490939
Baer_Henney_unpublished	tut3	AnRu	voiceless	velar_u	0.091535118	velar u	preceding vowel duration in ms	91.5351176
Baer_Henney_unpublished	tut7	BeNi	voiceless	velar_u	0.098180917	velar u	preceding vowel duration in ms	98.1809165
Baer_Henney_unpublished	tut7	BeNi	voiceless	velar_u	0.098180917	velar u	preceding vowel duration in ms	98.1809165
Baer_Henney_unpublished	tut4	CoLa	voiceless	velar_u	0.142523152	velar u	preceding vowel duration in ms	142.5231521
Baer_Henney_unpublished	tut7	FrSc	voiceless	velar_u	0.241451624	velar u	preceding vowel duration in ms	241.4516241
Baer_Henney_unpublished	tut4	HaAl	voiceless	velar_u	0.120810562	velar u	preceding vowel duration in ms	120.8105617
Baer_Henney_unpublished	tut7	JuSo	voiceless	velar_u	0.181780396	velar u	preceding vowel duration in ms	181.7803957
Baer_Henney_unpublished	tut4	KaGr	voiceless	velar_u	0.080836208	velar u	preceding vowel duration in ms	80.8362078
Baer_Henney_unpublished	tut4	KaRe	voiceless	velar_u	0.114422725	velar u	preceding vowel duration in ms	114.4227251
Baer_Henney_unpublished	tut1	KaTh	voiceless	velar_u	0.139482084	velar u	preceding vowel duration in ms	139.482084
Baer_Henney_unpublished	tut3	LiRi	voiceless	velar_u	0.116858826	velar u	preceding vowel duration in ms	116.8588258
Baer_Henney_unpublished	tut6	MaHo	voiceless	velar_u	0.08662972	velar u	preceding vowel duration in ms	86.6297198
Baer_Henney_unpublished	tut3	MaKo	voiceless	velar_u	0.138769856	velar u	preceding vowel duration in ms	138.7698556
Baer_Henney_unpublished	tut4	MaKu	voiceless	velar_u	0.112775581	velar u	preceding vowel duration in ms	112.7755806
Baer_Henney_unpublished	tut7	MaMe	voiceless	velar_u	0.130360068	velar u	preceding vowel duration in ms	130.3600681
Baer_Henney_unpublished	tut7	MaRe	voiceless	velar_u	0.168796082	velar u	preceding vowel duration in ms	168.7960817
Baer_Henney_unpublished	tut3	MeDo	voiceless	velar_u	0.076081137	velar u	preceding vowel duration in ms	76.0811367
Baer_Henney_unpublished	tut7	MiMi	voiceless	velar_u	0.221517094	velar u	preceding vowel duration in ms	221.5170941
Baer_Henney_unpublished	tut7	SaBa	voiceless	velar_u	0.147801327	velar u	preceding vowel duration in ms	147.801327
Baer_Henney_unpublished	tut4	StKa	voiceless	velar_u	0.149818655	velar u	preceding vowel duration in ms	149.8186545
Baer_Henney_unpublished	tut7	VaMa	voiceless	velar_u	0.108420011	velar u	preceding vowel duration in ms	108.4200106
Baer_Henney_unpublished	tut7	VaSc	voiceless	velar_u	0.055911815	velar u	preceding vowel duration in ms	55.9118152
Baer_Henney_unpublished	tut7	YuVo	voiceless	velar_u	0.168908358	velar u	preceding vowel duration in ms	168.908358
Baer_Henney_unpublished	tut3	KiSt	voiceless	velar_u	0.160029601	velar u	preceding vowel duration in ms	160.0296013
Baer_Henney_unpublished	tut3	AnRu	voiceless	velar_u	0.106038768	velar u	preceding vowel duration in ms	106.0387678
Baer_Henney_unpublished	tut10	ClGo	voiceless	velar_u	0.095371165	velar u	preceding vowel duration in ms	95.3711646
Baer_Henney_unpublished	tut10	DiTu	voiceless	velar_u	0.153235691	velar u	preceding vowel duration in ms	153.2356913
Baer_Henney_unpublished	tut5	IsRa	voiceless	velar_u	0.111121781	velar u	preceding vowel duration in ms	111.1217807
Baer_Henney_unpublished	tut3	JeJe	voiceless	velar_u	0.082421232	velar u	preceding vowel duration in ms	82.4212315
Baer_Henney_unpublished	tut10	JoTh	voiceless	velar_u	0.15855199	velar u	preceding vowel duration in ms	158.5519897
Baer_Henney_unpublished	tut3	LiRi	voiceless	velar_u	0.123350983	velar u	preceding vowel duration in ms	123.3509828
Baer_Henney_unpublished	tut6	MaHo	voiceless	velar_u	0.073848286	velar u	preceding vowel duration in ms	73.8482857
Baer_Henney_unpublished	tut3	MaKo	voiceless	velar_u	0.133292098	velar u	preceding vowel duration in ms	133.2920982
Baer_Henney_unpublished	tut3	MeDo	voiceless	velar_u	0.042795639	velar u	preceding vowel duration in ms	42.7956394
Baer_Henney_unpublished	tut10	PhLu	voiceless	velar_u	0.085598255	velar u	preceding vowel duration in ms	85.598255
Baer_Henney_unpublished	tut10	RuYi	voiceless	velar_u	0.295829041	velar u	preceding vowel duration in ms	295.8290406
Baer_Henney_unpublished	tut10	SeGu	voiceless	velar_u	0.326977517	velar u	preceding vowel duration in ms	326.9775166
Baer_Henney_unpublished	tut3	KiSt	voiceless	velar_u	0.255119654	velar u	preceding vowel duration in ms	255.1196542
Baer_Henney_unpublished	tut3	LaKu	voiceless	velar_u	0.304324547	velar u	preceding vowel duration in ms	304.324547
Baer_Henney_unpublished	tut3	AnRu	voiceless	velar_u	0.090742606	velar u	preceding vowel duration in ms	90.7426058
Baer_Henney_unpublished	tut10	ClGo	voiceless	velar_u	0.09890343	velar u	preceding vowel duration in ms	98.90343
Baer_Henney_unpublished	tut3	JeJe	voiceless	velar_u	0.101441516	velar u	preceding vowel duration in ms	101.4415157
Baer_Henney_unpublished	tut10	JoTh	voiceless	velar_u	0.080445288	velar u	preceding vowel duration in ms	80.4452883
Baer_Henney_unpublished	tut3	JuEh	voiceless	velar_u	0.112718541	velar u	preceding vowel duration in ms	112.7185411
Baer_Henney_unpublished	tut3	LiRi	voiceless	velar_u	0.126597061	velar u	preceding vowel duration in ms	126.5970613
Baer_Henney_unpublished	tut3	MaKo	voiceless	velar_u	0.182591915	velar u	preceding vowel duration in ms	182.5919153
Baer_Henney_unpublished	tut9	MaRo	voiceless	velar_u	0.173691248	velar u	preceding vowel duration in ms	173.6912476
Baer_Henney_unpublished	tut3	MeDo	voiceless	velar_u	0.085591279	velar u	preceding vowel duration in ms	85.5912788
Baer_Henney_unpublished	tut10	PhLu	voiceless	velar_u	0.080080332	velar u	preceding vowel duration in ms	80.0803324
Baer_Henney_unpublished	tut3	KiSt	voiceless	velar_u	0.199457184	velar u	preceding vowel duration in ms	199.4571842
Baer_Henney_unpublished	tut10	ClGo	voiceless	velar_u	0.120097022	velar u	preceding vowel duration in ms	120.0970221
Baer_Henney_unpublished	tut10	DiTu	voiceless	velar_u	0.119857947	velar u	preceding vowel duration in ms	119.8579472
Baer_Henney_unpublished	tut2	JeMe	voiceless	velar_u	0.19695461	velar u	preceding vowel duration in ms	196.9546099
Baer_Henney_unpublished	tut10	JoTh	voiceless	velar_u	0.078059602	velar u	preceding vowel duration in ms	78.0596024
Baer_Henney_unpublished	tut2	MaGe	voiceless	velar_u	0.085353639	velar u	preceding vowel duration in ms	85.3536389
Baer_Henney_unpublished	tut2	MaSc	voiceless	velar_u	0.186685234	velar u	preceding vowel duration in ms	186.6852337
Baer_Henney_unpublished	tut2	MiPa	voiceless	velar_u	0.101845713	velar u	preceding vowel duration in ms	101.8457127
Baer_Henney_unpublished	tut2	MoSc	voiceless	velar_u	0.207036137	velar u	preceding vowel duration in ms	207.0361369
Baer_Henney_unpublished	tut10	PhLu	voiceless	velar_u	0.046971892	velar u	preceding vowel duration in ms	46.9718915
Baer_Henney_unpublished	tut2	RoBe	voiceless	velar_u	0.093791864	velar u	preceding vowel duration in ms	93.7918638
Baer_Henney_unpublished	tut2	SeUc	voiceless	velar_u	0.109757256	velar u	preceding vowel duration in ms	109.7572561
Baer_Henney_unpublished	tut2	SiCa	voiceless	velar_u	0.116178758	velar u	preceding vowel duration in ms	116.1787576
Baer_Henney_unpublished	tut10	ClGo	voiceless	velar_u	0.14482288	velar u	preceding vowel duration in ms	144.8228796
Baer_Henney_unpublished	tut10	DiTu	voiceless	velar_u	0.104223108	velar u	preceding vowel duration in ms	104.2231083
Baer_Henney_unpublished	tut10	JoTh	voiceless	velar_u	0.089138597	velar u	preceding vowel duration in ms	89.138597
Baer_Henney_unpublished	tut2	MoSc	voiceless	velar_u	0.171417019	velar u	preceding vowel duration in ms	171.4170185
Baer_Henney_unpublished	tut10	PhLu	voiceless	velar_u	0.104584691	velar u	preceding vowel duration in ms	104.5846914
Baer_Henney_unpublished	tut2	SeUc	voiceless	velar_u	0.144879578	velar u	preceding vowel duration in ms	144.879578
Baer_Henney_unpublished	tut10	RuYi	voiceless	velar_u	0.223984845	velar u	preceding vowel duration in ms	223.984845
Baer_Henney_unpublished	tut10	SeGu	voiceless	velar_u	0.257724906	velar u	preceding vowel duration in ms	257.7249058
Baer_Henney_unpublished	tut3	JuEh	voiceless	velar_u	0.121225601	velar u	preceding vowel duration in ms	121.2256008
Baer_Henney_unpublished	tut6	AnHo	voiceless	velar_u	0.331100006	velar u	preceding vowel duration in ms	331.1000064
Baer_Henney_unpublished	tut7	Beck	voiceless	velar_u	0.131249666	velar u	preceding vowel duration in ms	131.2496663
Baer_Henney_unpublished	tut8	ViGr	voiceless	velar_u	0.14700053	velar u	preceding vowel duration in ms	147.0005304
Baer_Henney_unpublished	tut1	HaSa	voiceless	velar_u	0.084791319	velar u	preceding vowel duration in ms	84.7913194
Baer_Henney_unpublished	tut3	JeJe	voiceless	velar_u	0.101441516	velar u	preceding vowel duration in ms	101.4415157
Baer_Henney_unpublished	tut2	MoSc	voiceless	velar_u	0.198131357	velar u	preceding vowel duration in ms	198.1313568
Baer_Henney_unpublished	tut8	ViCo	voiceless	velar_u	0.194215042	velar u	preceding vowel duration in ms	194.2150416
Baer_Henney_unpublished	tut1	CaMu	voiceless	velar_u	0.177522652	velar u	preceding vowel duration in ms	177.5226524
Baer_Henney_unpublished	tut5	ClFi	voiceless	velar_u	0.165125104	velar u	preceding vowel duration in ms	165.1251035
Baer_Henney_unpublished	tut5	DaDr	voiceless	velar_u	0.085685578	velar u	preceding vowel duration in ms	85.6855776
Baer_Henney_unpublished	tut5	IsRa	voiceless	velar_u	0.120784544	velar u	preceding vowel duration in ms	120.7845443
Baer_Henney_unpublished	tut8	JeHa	voiceless	velar_u	0.188287923	velar u	preceding vowel duration in ms	188.2879234
Baer_Henney_unpublished	tut5	JeSc	voiceless	velar_u	0.125662501	velar u	preceding vowel duration in ms	125.6625014
Baer_Henney_unpublished	tut6	MlHa	voiceless	velar_u	0.159074799	velar u	preceding vowel duration in ms	159.0747994
Baer_Henney_unpublished	tut5	NaFo	voiceless	velar_u	0.139991849	velar u	preceding vowel duration in ms	139.9918488
Baer_Henney_unpublished	tut8	NiBi	voiceless	velar_u	0.178528122	velar u	preceding vowel duration in ms	178.5281221
Baer_Henney_unpublished	tut5	PaMe	voiceless	velar_u	0.16081944	velar u	preceding vowel duration in ms	160.8194395
Baer_Henney_unpublished	tut8	ViCo	voiceless	velar_u	0.130273474	velar u	preceding vowel duration in ms	130.2734741
Baer_Henney_unpublished	tut8	ViGr	voiceless	velar_u	0.154247036	velar u	preceding vowel duration in ms	154.2470355
Baer_Henney_unpublished	tut3	Pred	voiceless	velar_u	0.164271741	velar u	preceding vowel duration in ms	164.2717414
Baer_Henney_unpublished	tut6	AlSt	voiceless	velar_u	0.137982261	velar u	preceding vowel duration in ms	137.9822611
Baer_Henney_unpublished	tut6	AnHo	voiceless	velar_u	0.257025781	velar u	preceding vowel duration in ms	257.0257805
Baer_Henney_unpublished	tut7	AnHu	voiceless	velar_u	0.09356969	velar u	preceding vowel duration in ms	93.5696902
Baer_Henney_unpublished	tut7	Beck	voiceless	velar_u	0.212627324	velar u	preceding vowel duration in ms	212.6273241
Baer_Henney_unpublished	tut7	BeNi	voiceless	velar_u	0.182335988	velar u	preceding vowel duration in ms	182.3359878
Baer_Henney_unpublished	tut7	BeNi	voiceless	velar_u	0.182335988	velar u	preceding vowel duration in ms	182.3359878
Baer_Henney_unpublished	tut4	CaBa	voiceless	velar_u	0.197312974	velar u	preceding vowel duration in ms	197.3129737
Baer_Henney_unpublished	tut2	ChBu	voiceless	velar_u	0.090890198	velar u	preceding vowel duration in ms	90.8901978
Baer_Henney_unpublished	tut5	ClFi	voiceless	velar_u	0.179141463	velar u	preceding vowel duration in ms	179.1414632
Baer_Henney_unpublished	tut4	CoLa	voiceless	velar_u	0.071753035	velar u	preceding vowel duration in ms	71.7530352
Baer_Henney_unpublished	tut5	DaDr	voiceless	velar_u	0.046432824	velar u	preceding vowel duration in ms	46.4328236
Baer_Henney_unpublished	tut7	FrSc	voiceless	velar_u	0.212311306	velar u	preceding vowel duration in ms	212.3113056
Baer_Henney_unpublished	tut4	GaPr	voiceless	velar_u	0.173798087	velar u	preceding vowel duration in ms	173.7980866
Baer_Henney_unpublished	tut5	IsRa	voiceless	velar_u	0.157019908	velar u	preceding vowel duration in ms	157.0199076
Baer_Henney_unpublished	tut8	JeHa	voiceless	velar_u	0.161518463	velar u	preceding vowel duration in ms	161.5184627
Baer_Henney_unpublished	tut2	JeMe	voiceless	velar_u	0.16823164	velar u	preceding vowel duration in ms	168.2316402
Baer_Henney_unpublished	tut5	JeSc	voiceless	velar_u	0.127234888	velar u	preceding vowel duration in ms	127.2348875
Baer_Henney_unpublished	tut7	JuSo	voiceless	velar_u	0.155811765	velar u	preceding vowel duration in ms	155.811765
Baer_Henney_unpublished	tut4	KaGr	voiceless	velar_u	0.120479814	velar u	preceding vowel duration in ms	120.4798142
Baer_Henney_unpublished	tut4	KaRe	voiceless	velar_u	0.150207885	velar u	preceding vowel duration in ms	150.2078852
Baer_Henney_unpublished	tut2	MaGe	voiceless	velar_u	0.060973868	velar u	preceding vowel duration in ms	60.973868
Baer_Henney_unpublished	tut6	MaHo	voiceless	velar_u	0.15013113	velar u	preceding vowel duration in ms	150.1311303
Baer_Henney_unpublished	tut4	MaKu	voiceless	velar_u	0.11401035	velar u	preceding vowel duration in ms	114.0103498
Baer_Henney_unpublished	tut7	MaMe	voiceless	velar_u	0.177785896	velar u	preceding vowel duration in ms	177.7858963
Baer_Henney_unpublished	tut7	MaRe	voiceless	velar_u	0.19476471	velar u	preceding vowel duration in ms	194.7647096
Baer_Henney_unpublished	tut2	MaSc	voiceless	velar_u	0.254983475	velar u	preceding vowel duration in ms	254.9834746
Baer_Henney_unpublished	tut7	MiMi	voiceless	velar_u	0.159640173	velar u	preceding vowel duration in ms	159.6401734
Baer_Henney_unpublished	tut2	MiPa	voiceless	velar_u	0.117061706	velar u	preceding vowel duration in ms	117.0617057
Baer_Henney_unpublished	tut6	MlHa	voiceless	velar_u	0.082483229	velar u	preceding vowel duration in ms	82.4832293
Baer_Henney_unpublished	tut2	MoSc	voiceless	velar_u	0.155833653	velar u	preceding vowel duration in ms	155.8336532
Baer_Henney_unpublished	tut5	NaFo	voiceless	velar_u	0.163826144	velar u	preceding vowel duration in ms	163.8261441
Baer_Henney_unpublished	tut8	NiBi	voiceless	velar_u	0.161826234	velar u	preceding vowel duration in ms	161.826234
Baer_Henney_unpublished	tut5	PaMe	voiceless	velar_u	0.115239598	velar u	preceding vowel duration in ms	115.2395984
Baer_Henney_unpublished	tut8	PaNu	voiceless	velar_u	0.126712215	velar u	preceding vowel duration in ms	126.7122154
Baer_Henney_unpublished	tut7	PiSt	voiceless	velar_u	0.210381787	velar u	preceding vowel duration in ms	210.3817866
Baer_Henney_unpublished	tut2	RaRa	voiceless	velar_u	0.126232607	velar u	preceding vowel duration in ms	126.2326069
Baer_Henney_unpublished	tut2	RoBe	voiceless	velar_u	0.110025071	velar u	preceding vowel duration in ms	110.025071
Baer_Henney_unpublished	tut7	SaBa	voiceless	velar_u	0.129499887	velar u	preceding vowel duration in ms	129.4998866
Baer_Henney_unpublished	tut2	SeUc	voiceless	velar_u	0.111952401	velar u	preceding vowel duration in ms	111.9524012
Baer_Henney_unpublished	tut2	SiCa	voiceless	velar_u	0.071348124	velar u	preceding vowel duration in ms	71.3481243
Baer_Henney_unpublished	tut8	SoBe	voiceless	velar_u	0.17528817	velar u	preceding vowel duration in ms	175.2881696
Baer_Henney_unpublished	tut7	VaMa	voiceless	velar_u	0.107757353	velar u	preceding vowel duration in ms	107.7573532
Baer_Henney_unpublished	tut7	VaSc	voiceless	velar_u	0.050320634	velar u	preceding vowel duration in ms	50.3206337
Baer_Henney_unpublished	tut4	VaSm	voiceless	velar_u	0.171199662	velar u	preceding vowel duration in ms	171.1996623
Baer_Henney_unpublished	tut8	ViCo	voiceless	velar_u	0.076490847	velar u	preceding vowel duration in ms	76.4908472
Baer_Henney_unpublished	tut8	ViGr	voiceless	velar_u	0.11594408	velar u	preceding vowel duration in ms	115.9440804
Baer_Henney_unpublished	tut9	VaHu	voiceless	velar_u	0.142651899	velar u	preceding vowel duration in ms	142.6518985
Baer_Henney_unpublished	tut9	KaKe	voiceless	velar_u	0.183976348	velar u	preceding vowel duration in ms	183.9763482
Baer_Henney_unpublished	tut6	MlHa	voiced	alveolar_y	0.097212377	alveolar y	preceding vowel duration in ms	97.2123774
Baer_Henney_unpublished	tut1	KaTh	voiced	alveolar_y	0.133141989	alveolar y	preceding vowel duration in ms	133.1419893
Baer_Henney_unpublished	tut8	JeHa	voiced	alveolar_y	0.095485866	alveolar y	preceding vowel duration in ms	95.4858664
Baer_Henney_unpublished	tut1	KaTh	voiced	alveolar_y	0.183862747	alveolar y	preceding vowel duration in ms	183.8627471
Baer_Henney_unpublished	tut8	JeHa	voiced	alveolar_y	0.139633724	alveolar y	preceding vowel duration in ms	139.633724
Baer_Henney_unpublished	tut2	JeMe	voiced	alveolar_y	0.140973709	alveolar y	preceding vowel duration in ms	140.9737091
Baer_Henney_unpublished	tut2	MiPa	voiced	alveolar_y	0.109555149	alveolar y	preceding vowel duration in ms	109.5551492
Baer_Henney_unpublished	tut2	MoSc	voiced	alveolar_y	0.142476481	alveolar y	preceding vowel duration in ms	142.4764813
Baer_Henney_unpublished	tut2	SeUc	voiced	alveolar_y	0.147074723	alveolar y	preceding vowel duration in ms	147.0747231
Baer_Henney_unpublished	tut2	DaAr	voiced	alveolar_y	0.139299654	alveolar y	preceding vowel duration in ms	139.2996541
Baer_Henney_unpublished	tut2	MaSc	voiced	alveolar_y	0.380660503	alveolar y	preceding vowel duration in ms	380.6605034
Baer_Henney_unpublished	tut2	SiCa	voiced	alveolar_y	0.190865099	alveolar y	preceding vowel duration in ms	190.8650994
Baer_Henney_unpublished	tut9	VaHu	voiced	alveolar_y	0.065086823	alveolar y	preceding vowel duration in ms	65.0868225
Baer_Henney_unpublished	tut9	ViBe	voiced	alveolar_y	0.130991637	alveolar y	preceding vowel duration in ms	130.9916371
Baer_Henney_unpublished	tut3	LaKu	voiced	alveolar_y	0.304324547	alveolar y	preceding vowel duration in ms	304.324547
Baer_Henney_unpublished	tut9	AnKu	voiced	alveolar_y	0.152162091	alveolar y	preceding vowel duration in ms	152.162091
Baer_Henney_unpublished	tut3	AnRu	voiced	alveolar_y	0.079261301	alveolar y	preceding vowel duration in ms	79.2613012
Baer_Henney_unpublished	tut9	DaHe	voiced	alveolar_y	0.114830027	alveolar y	preceding vowel duration in ms	114.8300267
Baer_Henney_unpublished	tut9	EdGr	voiced	alveolar_y	0.10592305	alveolar y	preceding vowel duration in ms	105.9230499
Baer_Henney_unpublished	tut3	LiRi	voiced	alveolar_y	0.149319611	alveolar y	preceding vowel duration in ms	149.3196107
Baer_Henney_unpublished	tut3	MaKo	voiced	alveolar_y	0.135118017	alveolar y	preceding vowel duration in ms	135.1180173
Baer_Henney_unpublished	tut3	MeDo	voiced	alveolar_y	0.031700474	alveolar y	preceding vowel duration in ms	31.7004736
Baer_Henney_unpublished	tut3	KiSt	voiced	alveolar_y	0.218011341	alveolar y	preceding vowel duration in ms	218.0113409
Baer_Henney_unpublished	tut2	JeMe	voiced	alveolar_y	0.140752704	alveolar y	preceding vowel duration in ms	140.7527039
Baer_Henney_unpublished	tut10	JoTh	voiced	alveolar_y	0.094753992	alveolar y	preceding vowel duration in ms	94.7539922
Baer_Henney_unpublished	tut2	MiPa	voiced	alveolar_y	0.073848286	alveolar y	preceding vowel duration in ms	73.8482857
Baer_Henney_unpublished	tut2	MoSc	voiced	alveolar_y	0.160286043	alveolar y	preceding vowel duration in ms	160.2860432
Baer_Henney_unpublished	tut2	SeUc	voiced	alveolar_y	0.122928127	alveolar y	preceding vowel duration in ms	122.9281268
Baer_Henney_unpublished	tut10	ClGo	voiced	alveolar_y	0.233129514	alveolar y	preceding vowel duration in ms	233.1295136
Baer_Henney_unpublished	tut2	DaAr	voiced	alveolar_y	0.128394066	alveolar y	preceding vowel duration in ms	128.3940655
Baer_Henney_unpublished	tut2	MaSc	voiced	alveolar_y	0.280699639	alveolar y	preceding vowel duration in ms	280.6996391
Baer_Henney_unpublished	tut10	PhLu	voiced	alveolar_y	0.110880426	alveolar y	preceding vowel duration in ms	110.8804263
Baer_Henney_unpublished	tut2	SiCa	voiced	alveolar_y	0.119883713	alveolar y	preceding vowel duration in ms	119.8837128
Baer_Henney_unpublished	tut2	JeMe	voiced	alveolar_y	0.131977079	alveolar y	preceding vowel duration in ms	131.9770789
Baer_Henney_unpublished	tut10	JoTh	voiced	alveolar_y	0.094630896	alveolar y	preceding vowel duration in ms	94.6308962
Baer_Henney_unpublished	tut2	MiPa	voiced	alveolar_y	0.075471325	alveolar y	preceding vowel duration in ms	75.471325
Baer_Henney_unpublished	tut2	MoSc	voiced	alveolar_y	0.151381263	alveolar y	preceding vowel duration in ms	151.3812631
Baer_Henney_unpublished	tut2	SeUc	voiced	alveolar_y	0.156952876	alveolar y	preceding vowel duration in ms	156.9528762
Baer_Henney_unpublished	tut10	ClGo	voiced	alveolar_y	0.147074723	alveolar y	preceding vowel duration in ms	147.0747231
Baer_Henney_unpublished	tut2	DaAr	voiced	alveolar_y	0.113905204	alveolar y	preceding vowel duration in ms	113.9052039
Baer_Henney_unpublished	tut2	MaSc	voiced	alveolar_y	0.149114374	alveolar y	preceding vowel duration in ms	149.114374
Baer_Henney_unpublished	tut10	PhLu	voiced	alveolar_y	0.111112994	alveolar y	preceding vowel duration in ms	111.1129943
Baer_Henney_unpublished	tut2	SiCa	voiced	alveolar_y	0.148004584	alveolar y	preceding vowel duration in ms	148.0045837
Baer_Henney_unpublished	tut9	KaKe	voiced	alveolar_y	0.157822848	alveolar y	preceding vowel duration in ms	157.8228477
Baer_Henney_unpublished	tut7	Beck	voiced	alveolar_y	0.184020405	alveolar y	preceding vowel duration in ms	184.0204045
Baer_Henney_unpublished	tut6	MlHa	voiced	alveolar_y	0.200316414	alveolar y	preceding vowel duration in ms	200.3164141
Baer_Henney_unpublished	tut9	KaKe	voiced	alveolar_y	0.192092952	alveolar y	preceding vowel duration in ms	192.0929518
Baer_Henney_unpublished	tut1	CaMu	voiceless	alveolar_y	0.12917943	alveolar y	preceding vowel duration in ms	129.1794301
Baer_Henney_unpublished	tut6	MlHa	voiceless	alveolar_y	0.144345651	alveolar y	preceding vowel duration in ms	144.3456513
Baer_Henney_unpublished	tut1	KaTh	voiceless	alveolar_y	0.152162274	alveolar y	preceding vowel duration in ms	152.1622735
Baer_Henney_unpublished	tut6	AnHo	voiceless	alveolar_y	0.147902554	alveolar y	preceding vowel duration in ms	147.9025544
Baer_Henney_unpublished	tut8	JeHa	voiceless	alveolar_y	0.117909768	alveolar y	preceding vowel duration in ms	117.9097683
Baer_Henney_unpublished	tut1	CaMu	voiceless	alveolar_y	0.132349478	alveolar y	preceding vowel duration in ms	132.3494775
Baer_Henney_unpublished	tut1	KaTh	voiceless	alveolar_y	0.133141989	alveolar y	preceding vowel duration in ms	133.1419893
Baer_Henney_unpublished	tut8	JeHa	voiceless	alveolar_y	0.117282899	alveolar y	preceding vowel duration in ms	117.2828989
Baer_Henney_unpublished	tut2	JeMe	voiceless	alveolar_y	0.127294541	alveolar y	preceding vowel duration in ms	127.2945408
Baer_Henney_unpublished	tut2	MiPa	voiceless	alveolar_y	0.10387451	alveolar y	preceding vowel duration in ms	103.8745097
Baer_Henney_unpublished	tut2	MoSc	voiceless	alveolar_y	0.182547992	alveolar y	preceding vowel duration in ms	182.5479916
Baer_Henney_unpublished	tut2	SeUc	voiceless	alveolar_y	0.100976676	alveolar y	preceding vowel duration in ms	100.9766756
Baer_Henney_unpublished	tut2	DaAr	voiceless	alveolar_y	0.147928836	alveolar y	preceding vowel duration in ms	147.9288363
Baer_Henney_unpublished	tut2	SiCa	voiceless	alveolar_y	0.164130267	alveolar y	preceding vowel duration in ms	164.1302671
Baer_Henney_unpublished	tut5	ClFi	voiceless	alveolar_y	0.17201167	alveolar y	preceding vowel duration in ms	172.0116699
Baer_Henney_unpublished	tut5	DaDr	voiceless	alveolar_y	0.090484757	alveolar y	preceding vowel duration in ms	90.4847568
Baer_Henney_unpublished	tut5	JeSc	voiceless	alveolar_y	0.120871965	alveolar y	preceding vowel duration in ms	120.8719652
Baer_Henney_unpublished	tut9	MaRo	voiceless	alveolar_y	0.128983036	alveolar y	preceding vowel duration in ms	128.9830356
Baer_Henney_unpublished	tut9	VaHu	voiceless	alveolar_y	0.080015864	alveolar y	preceding vowel duration in ms	80.0158638
Baer_Henney_unpublished	tut3	LaKu	voiceless	alveolar_y	0.557928336	alveolar y	preceding vowel duration in ms	557.9283361
Baer_Henney_unpublished	tut9	AnKu	voiceless	alveolar_y	0.164841612	alveolar y	preceding vowel duration in ms	164.8416117
Baer_Henney_unpublished	tut3	AnRu	voiceless	alveolar_y	0.08836507	alveolar y	preceding vowel duration in ms	88.3650703
Baer_Henney_unpublished	tut9	DaHe	voiceless	alveolar_y	0.092513236	alveolar y	preceding vowel duration in ms	92.5132356
Baer_Henney_unpublished	tut9	EdGr	voiceless	alveolar_y	0.062511964	alveolar y	preceding vowel duration in ms	62.5119639
Baer_Henney_unpublished	tut3	LiRi	voiceless	alveolar_y	0.139581375	alveolar y	preceding vowel duration in ms	139.5813752
Baer_Henney_unpublished	tut3	MaKo	voiceless	alveolar_y	0.169810481	alveolar y	preceding vowel duration in ms	169.8104812
Baer_Henney_unpublished	tut3	MeDo	voiceless	alveolar_y	0.123631847	alveolar y	preceding vowel duration in ms	123.6318472
Baer_Henney_unpublished	tut3	KiSt	voiceless	alveolar_y	0.264396733	alveolar y	preceding vowel duration in ms	264.3967326
Baer_Henney_unpublished	tut2	JeMe	voiceless	alveolar_y	0.110142949	alveolar y	preceding vowel duration in ms	110.1429494
Baer_Henney_unpublished	tut10	JoTh	voiceless	alveolar_y	0.105229073	alveolar y	preceding vowel duration in ms	105.2290734
Baer_Henney_unpublished	tut2	MiPa	voiceless	alveolar_y	0.096570833	alveolar y	preceding vowel duration in ms	96.5708332
Baer_Henney_unpublished	tut2	MoSc	voiceless	alveolar_y	0.142476481	alveolar y	preceding vowel duration in ms	142.4764813
Baer_Henney_unpublished	tut2	SeUc	voiceless	alveolar_y	0.092196095	alveolar y	preceding vowel duration in ms	92.1960951
Baer_Henney_unpublished	tut10	ClGo	voiceless	alveolar_y	0.162484206	alveolar y	preceding vowel duration in ms	162.4842064
Baer_Henney_unpublished	tut2	MaSc	voiceless	alveolar_y	0.230842689	alveolar y	preceding vowel duration in ms	230.8426888
Baer_Henney_unpublished	tut10	PhLu	voiceless	alveolar_y	0.11704045	alveolar y	preceding vowel duration in ms	117.04045
Baer_Henney_unpublished	tut2	SiCa	voiceless	alveolar_y	0.095512344	alveolar y	preceding vowel duration in ms	95.512344
Baer_Henney_unpublished	tut2	JeMe	voiceless	alveolar_y	0.149831859	alveolar y	preceding vowel duration in ms	149.8318585
Baer_Henney_unpublished	tut10	JoTh	voiceless	alveolar_y	0.10871619	alveolar y	preceding vowel duration in ms	108.7161895
Baer_Henney_unpublished	tut2	MiPa	voiceless	alveolar_y	0.124568262	alveolar y	preceding vowel duration in ms	124.5682622
Baer_Henney_unpublished	tut2	MoSc	voiceless	alveolar_y	0.155833651	alveolar y	preceding vowel duration in ms	155.8336514
Baer_Henney_unpublished	tut2	SeUc	voiceless	alveolar_y	0.118537837	alveolar y	preceding vowel duration in ms	118.5378366
Baer_Henney_unpublished	tut10	ClGo	voiceless	alveolar_y	0.127161553	alveolar y	preceding vowel duration in ms	127.1615528
Baer_Henney_unpublished	tut10	PhLu	voiceless	alveolar_y	0.050489035	alveolar y	preceding vowel duration in ms	50.4890349
Baer_Henney_unpublished	tut2	SiCa	voiceless	alveolar_y	0.137882482	alveolar y	preceding vowel duration in ms	137.8824815
Baer_Henney_unpublished	tut7	Beck	voiceless	alveolar_y	0.18693296	alveolar y	preceding vowel duration in ms	186.9329597
Baer_Henney_unpublished	tut6	MlHa	voiceless	alveolar_y	0.176749777	alveolar y	preceding vowel duration in ms	176.7497771
Baer_Henney_unpublished	tut6	AnHo	voiceless	alveolar_y	0.201256867	alveolar y	preceding vowel duration in ms	201.2568666
Baer_Henney_unpublished	tut3	JuEh	voiceless	alveolar_y	0.093577657	alveolar y	preceding vowel duration in ms	93.5776567
Baer_Henney_unpublished	tut7	Beck	voiceless	labial_y	0.212593268	labial y	preceding vowel duration in ms	212.5932681
Baer_Henney_unpublished	tut6	MlHa	voiced	labial_y	0.182641436	labial y	preceding vowel duration in ms	182.6414364
Baer_Henney_unpublished	tut5	ClFi	voiced	labial_y	0.244821865	labial y	preceding vowel duration in ms	244.8218654
Baer_Henney_unpublished	tut5	DaDr	voiced	labial_y	0.060259328	labial y	preceding vowel duration in ms	60.2593277
Baer_Henney_unpublished	tut5	JeSc	voiced	labial_y	0.118895188	labial y	preceding vowel duration in ms	118.8951876
Baer_Henney_unpublished	tut9	KaKe	voiced	labial_y	0.138884106	labial y	preceding vowel duration in ms	138.884106
Baer_Henney_unpublished	tut5	ClFi	voiced	labial_y	0.19709939	labial y	preceding vowel duration in ms	197.09939
Baer_Henney_unpublished	tut5	DaDr	voiced	labial_y	0.060441414	labial y	preceding vowel duration in ms	60.4414142
Baer_Henney_unpublished	tut8	JeHa	voiced	labial_y	0.173123851	labial y	preceding vowel duration in ms	173.1238507
Baer_Henney_unpublished	tut5	JeSc	voiced	labial_y	0.095456022	labial y	preceding vowel duration in ms	95.4560222
Baer_Henney_unpublished	tut8	SoBe	voiced	labial_y	0.165550003	labial y	preceding vowel duration in ms	165.5500032
Baer_Henney_unpublished	tut8	JeHa	voiced	labial_y	0.126598032	labial y	preceding vowel duration in ms	126.5980319
Baer_Henney_unpublished	tut10	JoTh	voiced	labial_y	0.13064166	labial y	preceding vowel duration in ms	130.6416604
Baer_Henney_unpublished	tut10	ClGo	voiced	labial_y	0.127161553	labial y	preceding vowel duration in ms	127.1615528
Baer_Henney_unpublished	tut10	PhLu	voiced	labial_y	0.095900945	labial y	preceding vowel duration in ms	95.9009451
Baer_Henney_unpublished	tut7	MaMe	voiced	labial_y	0.202458227	labial y	preceding vowel duration in ms	202.4582274
Baer_Henney_unpublished	tut7	MaRe	voiced	labial_y	0.142827454	labial y	preceding vowel duration in ms	142.8274537
Baer_Henney_unpublished	tut7	VaMa	voiced	labial_y	0.094797724	labial y	preceding vowel duration in ms	94.7977242
Baer_Henney_unpublished	tut7	VaSc	voiced	labial_y	0.095050086	labial y	preceding vowel duration in ms	95.0500858
Baer_Henney_unpublished	tut7	AnHu	voiced	labial_y	0.076647992	labial y	preceding vowel duration in ms	76.6479924
Baer_Henney_unpublished	tut7	JuSo	voiced	labial_y	0.181780396	labial y	preceding vowel duration in ms	181.7803957
Baer_Henney_unpublished	tut7	MiMi	voiced	labial_y	0.185246428	labial y	preceding vowel duration in ms	185.2464277
Baer_Henney_unpublished	tut7	SaBa	voiced	labial_y	0.174514465	labial y	preceding vowel duration in ms	174.5144646
Baer_Henney_unpublished	tut7	Beck	voiced	labial_y	0.185460494	labial y	preceding vowel duration in ms	185.4604937
Baer_Henney_unpublished	tut7	MiMi	voiced	labial_y	0.210674737	labial y	preceding vowel duration in ms	210.674737
Baer_Henney_unpublished	tut6	MlHa	voiceless	labial_y	0.176749777	labial y	preceding vowel duration in ms	176.7497771
Baer_Henney_unpublished	tut5	ClFi	voiceless	labial_y	0.180572396	labial y	preceding vowel duration in ms	180.5723955
Baer_Henney_unpublished	tut5	DaDr	voiceless	labial_y	0.093866855	labial y	preceding vowel duration in ms	93.8668551
Baer_Henney_unpublished	tut5	ClFi	voiceless	labial_y	0.208932252	labial y	preceding vowel duration in ms	208.9322515
Baer_Henney_unpublished	tut5	DaDr	voiceless	labial_y	0.05558501	labial y	preceding vowel duration in ms	55.5850096
Baer_Henney_unpublished	tut8	JeHa	voiceless	labial_y	0.12017971	labial y	preceding vowel duration in ms	120.1797103
Baer_Henney_unpublished	tut8	PaNu	voiceless	labial_y	0.10003257	labial y	preceding vowel duration in ms	100.0325697
Baer_Henney_unpublished	tut8	SoBe	voiceless	labial_y	0.19801071	labial y	preceding vowel duration in ms	198.0107101
Baer_Henney_unpublished	tut8	JeHa	voiceless	labial_y	0.133747419	labial y	preceding vowel duration in ms	133.7474189
Baer_Henney_unpublished	tut8	PaNu	voiceless	labial_y	0.137243083	labial y	preceding vowel duration in ms	137.2430827
Baer_Henney_unpublished	tut8	PaNu	voiceless	labial_y	0.112270716	labial y	preceding vowel duration in ms	112.2707161
Baer_Henney_unpublished	tut10	JoTh	voiceless	labial_y	0.156048386	labial y	preceding vowel duration in ms	156.0483856
Baer_Henney_unpublished	tut10	ClGo	voiceless	labial_y	0.102435695	labial y	preceding vowel duration in ms	102.4356954
Baer_Henney_unpublished	tut10	PhLu	voiceless	labial_y	0.088355746	labial y	preceding vowel duration in ms	88.3557457
Baer_Henney_unpublished	tut7	FrSc	voiceless	labial_y	0.18766985	labial y	preceding vowel duration in ms	187.6698503
Baer_Henney_unpublished	tut7	MaMe	voiceless	labial_y	0.146743914	labial y	preceding vowel duration in ms	146.7439144
Baer_Henney_unpublished	tut7	MaRe	voiceless	labial_y	0.141204415	labial y	preceding vowel duration in ms	141.2044145
Baer_Henney_unpublished	tut7	VaMa	voiceless	labial_y	0.13060792	labial y	preceding vowel duration in ms	130.6079197
Baer_Henney_unpublished	tut7	VaSc	voiceless	labial_y	0.061502997	labial y	preceding vowel duration in ms	61.5029967
Baer_Henney_unpublished	tut7	AnHu	voiceless	labial_y	0.101089547	labial y	preceding vowel duration in ms	101.0895466
Baer_Henney_unpublished	tut7	JuSo	voiceless	labial_y	0.181780396	labial y	preceding vowel duration in ms	181.7803957
Baer_Henney_unpublished	tut7	BeNi	voiceless	labial_y	0.210387678	labial y	preceding vowel duration in ms	210.3876782
Baer_Henney_unpublished	tut7	BeNi	voiceless	labial_y	0.210387678	labial y	preceding vowel duration in ms	210.3876782
Baer_Henney_unpublished	tut7	MiMi	voiceless	labial_y	0.163481508	labial y	preceding vowel duration in ms	163.4815075
Baer_Henney_unpublished	tut7	SaBa	voiceless	labial_y	0.142233479	labial y	preceding vowel duration in ms	142.2334786
Baer_Henney_unpublished	tut7	Beck	voiceless	labial_y	0.170796483	labial y	preceding vowel duration in ms	170.7964831
Baer_Henney_unpublished	tut5	JeSc	voiceless	labial_y	0.097176746	labial y	preceding vowel duration in ms	97.1767463
Baer_Henney_unpublished	tut5	JeSc	voiceless	labial_y	0.132582227	labial y	preceding vowel duration in ms	132.5822272
Baer_Henney_unpublished	tut9	KaKe	voiceless	labial_y	0.180368969	labial y	preceding vowel duration in ms	180.3689688
Baer_Henney_unpublished	tut9	ViBe	voiced	labial_y	0.111585719	labial y	preceding vowel duration in ms	111.5857186
Baer_Henney_unpublished	tut8	JeHa	voiced	velar_y	0.145841614	velar y	preceding vowel duration in ms	145.8416143
Baer_Henney_unpublished	tut8	JeHa	voiced	velar_y	0.10314264	velar y	preceding vowel duration in ms	103.1426396
Baer_Henney_unpublished	tut6	MlHa	voiced	velar_y	0.200316414	velar y	preceding vowel duration in ms	200.3164141
Baer_Henney_unpublished	tut8	PaNu	voiced	velar_y	0.177412656	velar y	preceding vowel duration in ms	177.4126557
Baer_Henney_unpublished	tut6	AlSt	voiced	velar_y	0.110926916	velar y	preceding vowel duration in ms	110.9269158
Baer_Henney_unpublished	tut5	ClFi	voiced	velar_y	0.248832759	velar y	preceding vowel duration in ms	248.8327587
Baer_Henney_unpublished	tut5	DaDr	voiced	velar_y	0.08348125	velar y	preceding vowel duration in ms	83.4812502
Baer_Henney_unpublished	tut6	MlHa	voiced	velar_y	0.129616503	velar y	preceding vowel duration in ms	129.6165032
Baer_Henney_unpublished	tut5	JeSc	voiced	velar_y	0.137692531	velar y	preceding vowel duration in ms	137.6925314
Baer_Henney_unpublished	tut6	AnHo	voiced	velar_y	0.202013245	velar y	preceding vowel duration in ms	202.013245
Baer_Henney_unpublished	tut3	JeJe	voiced	velar_y	0.10778161	velar y	preceding vowel duration in ms	107.7816104
Baer_Henney_unpublished	tut9	KaKe	voiced	velar_y	0.181721736	velar y	preceding vowel duration in ms	181.721736
Baer_Henney_unpublished	tut3	JeJe	voiced	velar_y	0.10778161	velar y	preceding vowel duration in ms	107.7816104
Baer_Henney_unpublished	tut7	Beck	voiced	velar_y	0.1998322	velar y	preceding vowel duration in ms	199.8321999
Baer_Henney_unpublished	tut6	AnHo	voiced	velar_y	0.155811768	velar y	preceding vowel duration in ms	155.8117677
Baer_Henney_unpublished	tut3	JeJe	voiced	velar_y	0.069741042	velar y	preceding vowel duration in ms	69.741042
Baer_Henney_unpublished	tut9	VaHu	voiced	velar_y	0.190202635	velar y	preceding vowel duration in ms	190.2026348
Baer_Henney_unpublished	tut9	AnKu	voiced	velar_y	0.12997186	velar y	preceding vowel duration in ms	129.9718602
Baer_Henney_unpublished	tut9	DaHe	voiced	velar_y	0.115235787	velar y	preceding vowel duration in ms	115.2357865
Baer_Henney_unpublished	tut9	DaHe	voiced	velar_y	0.062487011	velar y	preceding vowel duration in ms	62.487011
Baer_Henney_unpublished	tut9	EdGr	voiced	velar_y	0.054697968	velar y	preceding vowel duration in ms	54.6979684
Baer_Henney_unpublished	tut7	Beck	voiced	velar_y	0.133632334	velar y	preceding vowel duration in ms	133.6323343
Baer_Henney_unpublished	tut3	JeJe	voiced	velar_y	0.10778161	velar y	preceding vowel duration in ms	107.7816104
Baer_Henney_unpublished	tut8	JeHa	voiceless	velar_y	0.128956429	velar y	preceding vowel duration in ms	128.9564289
Baer_Henney_unpublished	tut8	JeHa	voiceless	velar_y	0.105816332	velar y	preceding vowel duration in ms	105.8163324
Baer_Henney_unpublished	tut8	SoBe	voiceless	velar_y	0.107120548	velar y	preceding vowel duration in ms	107.1205481
Baer_Henney_unpublished	tut6	AnHo	voiceless	velar_y	0.238087039	velar y	preceding vowel duration in ms	238.0870388
Baer_Henney_unpublished	tut5	ClFi	voiceless	velar_y	0.198709278	velar y	preceding vowel duration in ms	198.709278
Baer_Henney_unpublished	tut5	DaDr	voiceless	velar_y	0.081962658	velar y	preceding vowel duration in ms	81.9626575
Baer_Henney_unpublished	tut5	JeSc	voiceless	velar_y	0.117089351	velar y	preceding vowel duration in ms	117.0893507
Baer_Henney_unpublished	tut6	AnHo	voiceless	velar_y	0.165939451	velar y	preceding vowel duration in ms	165.9394513
Baer_Henney_unpublished	tut3	JeJe	voiceless	velar_y	0.082421232	velar y	preceding vowel duration in ms	82.4212315
Baer_Henney_unpublished	tut9	MaRo	voiceless	velar_y	0.16214173	velar y	preceding vowel duration in ms	162.1417297
Baer_Henney_unpublished	tut9	VaHu	voiceless	velar_y	0.103957855	velar y	preceding vowel duration in ms	103.9578547
Baer_Henney_unpublished	tut9	AnKu	voiceless	velar_y	0.193372403	velar y	preceding vowel duration in ms	193.3724025
Baer_Henney_unpublished	tut9	EdGr	voiceless	velar_y	0.092031502	velar y	preceding vowel duration in ms	92.0315023
Baer_Henney_unpublished	tut9	ViBe	voiceless	velar_y	0.14797167	velar y	preceding vowel duration in ms	147.9716698
Baer_Henney_unpublished	tut4	CaBa	voiced	alveolar_a	0.240541882	alveolar a	preceding vowel duration in ms	240.5418816
Baer_Henney_unpublished	tut4	GaPr	voiced	alveolar_a	0.188784533	alveolar a	preceding vowel duration in ms	188.7845333
Baer_Henney_unpublished	tut4	VaSm	voiced	alveolar_a	0.195594194	alveolar a	preceding vowel duration in ms	195.5941943
Baer_Henney_unpublished	tut3	Pred	voiced	alveolar_e	0.123203806	alveolar e	preceding vowel duration in ms	123.203806
Baer_Henney_unpublished	tut7	PiSt	voiced	alveolar_o	0.187231759	alveolar o	preceding vowel duration in ms	187.2317593
Baer_Henney_unpublished	tut1	ImNi	voiced	alveolar_u	0.064267801	alveolar u	preceding vowel duration in ms	64.2678005
Baer_Henney_unpublished	tut1	LeVe	voiced	alveolar_u	0.140283097	alveolar u	preceding vowel duration in ms	140.2830974
Baer_Henney_unpublished	tut8	NiBi	voiced	alveolar_u	0.176819719	alveolar u	preceding vowel duration in ms	176.819719
Baer_Henney_unpublished	tut8	ViCo	voiced	alveolar_u	0.21034983	alveolar u	preceding vowel duration in ms	210.3498297
Baer_Henney_unpublished	tut8	ViGr	voiced	alveolar_u	0.13043709	alveolar u	preceding vowel duration in ms	130.4370904
Baer_Henney_unpublished	tut1	SaBe	voiced	alveolar_y	0.104614002	alveolar y	preceding vowel duration in ms	104.6140019
Baer_Henney_unpublished	tut2	RaRa	voiced	alveolar_e	0.13324553	alveolar e	preceding vowel duration in ms	133.2455296
Baer_Henney_unpublished	tut3	Pred	voiced	alveolar_o	0.078029077	alveolar o	preceding vowel duration in ms	78.0290772
Baer_Henney_unpublished	tut4	CaBa	voiced	alveolar_u	0.171586006	alveolar u	preceding vowel duration in ms	171.5860059
Baer_Henney_unpublished	tut4	GaPr	voiced	alveolar_u	0.137590152	alveolar u	preceding vowel duration in ms	137.5901519
Baer_Henney_unpublished	tut1	ImNi	voiced	alveolar_u	0.059324124	alveolar u	preceding vowel duration in ms	59.3241235
Baer_Henney_unpublished	tut1	LeVe	voiced	alveolar_u	0.117837802	alveolar u	preceding vowel duration in ms	117.8378018
Baer_Henney_unpublished	tut8	NiBi	voiced	alveolar_u	0.119161115	alveolar u	preceding vowel duration in ms	119.161115
Baer_Henney_unpublished	tut7	PiSt	voiced	alveolar_u	0.141168429	alveolar u	preceding vowel duration in ms	141.1684288
Baer_Henney_unpublished	tut1	SaBe	voiced	alveolar_u	0.093791864	alveolar u	preceding vowel duration in ms	93.7918638
Baer_Henney_unpublished	tut4	VaSm	voiced	alveolar_u	0.152848582	alveolar u	preceding vowel duration in ms	152.8485815
Baer_Henney_unpublished	tut8	ViGr	voiced	alveolar_u	0.127331445	alveolar u	preceding vowel duration in ms	127.3314454
Baer_Henney_unpublished	tut1	ImNi	voiced	alveolar_au	0.111232732	alveolar au	preceding vowel duration in ms	111.2327316
Baer_Henney_unpublished	tut1	LeVe	voiced	alveolar_au	0.180965196	alveolar au	preceding vowel duration in ms	180.9651957
Baer_Henney_unpublished	tut4	GaPr	voiced	alveolar_u	0.060631538	alveolar u	preceding vowel duration in ms	60.6315381
Baer_Henney_unpublished	tut8	NiBi	voiced	alveolar_u	0.133671446	alveolar u	preceding vowel duration in ms	133.6714462
Baer_Henney_unpublished	tut7	PiSt	voiced	alveolar_u	0.153041605	alveolar u	preceding vowel duration in ms	153.0416051
Baer_Henney_unpublished	tut4	VaSm	voiced	alveolar_u	0.209151866	alveolar u	preceding vowel duration in ms	209.1518655
Baer_Henney_unpublished	tut8	ViGr	voiced	alveolar_u	0.145965315	alveolar u	preceding vowel duration in ms	145.9653154
Baer_Henney_unpublished	tut4	CaBa	voiced	alveolar_au	0.191784443	alveolar au	preceding vowel duration in ms	191.7844433
Baer_Henney_unpublished	tut4	GaPr	voiced	alveolar_au	0.128219987	alveolar au	preceding vowel duration in ms	128.219987
Baer_Henney_unpublished	tut1	LeVe	voiced	alveolar_au	0.131866112	alveolar au	preceding vowel duration in ms	131.8661116
Baer_Henney_unpublished	tut8	NiBi	voiced	alveolar_au	0.234343449	alveolar au	preceding vowel duration in ms	234.3434491
Baer_Henney_unpublished	tut2	RaRa	voiced	alveolar_au	0.13324553	alveolar au	preceding vowel duration in ms	133.2455296
Baer_Henney_unpublished	tut4	VaSm	voiced	alveolar_au	0.157109552	alveolar au	preceding vowel duration in ms	157.1095522
Baer_Henney_unpublished	tut8	ViCo	voiced	alveolar_au	0.241424236	alveolar au	preceding vowel duration in ms	241.4242363
Baer_Henney_unpublished	tut8	ViGr	voiced	alveolar_au	0.158387896	alveolar au	preceding vowel duration in ms	158.3878955
Baer_Henney_unpublished	tut3	Pred	voiced	alveolar_o	0.176592122	alveolar o	preceding vowel duration in ms	176.592122
Baer_Henney_unpublished	tut1	ImNi	voiced	alveolar_oi	0.16314134	alveolar oi	preceding vowel duration in ms	163.1413397
Baer_Henney_unpublished	tut1	SaBe	voiced	alveolar_oi	0.187583728	alveolar oi	preceding vowel duration in ms	187.5837275
Baer_Henney_unpublished	tut1	ImNi	voiced	alveolar_ai	0.190331563	alveolar ai	preceding vowel duration in ms	190.331563
Baer_Henney_unpublished	tut1	LeVe	voiced	alveolar_ai	0.120643464	alveolar ai	preceding vowel duration in ms	120.6434638
Baer_Henney_unpublished	tut4	CaBa	voiced	alveolar_au	0.286964892	alveolar au	preceding vowel duration in ms	286.9648915
Baer_Henney_unpublished	tut4	GaPr	voiced	alveolar_au	0.24259296	alveolar au	preceding vowel duration in ms	242.5929602
Baer_Henney_unpublished	tut7	PiSt	voiced	alveolar_au	0.192060962	alveolar au	preceding vowel duration in ms	192.0609618
Baer_Henney_unpublished	tut3	Pred	voiced	alveolar_au	0.172485329	alveolar au	preceding vowel duration in ms	172.4853285
Baer_Henney_unpublished	tut4	VaSm	voiced	alveolar_au	0.180037808	alveolar au	preceding vowel duration in ms	180.0378084
Baer_Henney_unpublished	tut8	ViCo	voiced	alveolar_au	0.199593304	alveolar au	preceding vowel duration in ms	199.5933043
Baer_Henney_unpublished	tut8	ViGr	voiced	alveolar_au	0.182197841	alveolar au	preceding vowel duration in ms	182.1978406
Baer_Henney_unpublished	tut8	NiBi	voiced	alveolar_au	0.182614906	alveolar au	preceding vowel duration in ms	182.6149061
Baer_Henney_unpublished	tut4	CaBa	voiced	alveolar_o	0.18955396	alveolar o	preceding vowel duration in ms	189.55396
Baer_Henney_unpublished	tut2	RaRa	voiced	alveolar_u	0.063116304	alveolar u	preceding vowel duration in ms	63.1163035
Baer_Henney_unpublished	tut2	ChBu	voiced	alveolar_y	0.116858826	alveolar y	preceding vowel duration in ms	116.8588258
Baer_Henney_unpublished	tut1	ImNi	voiced	alveolar_ai	0.137187036	alveolar ai	preceding vowel duration in ms	137.1870357
Baer_Henney_unpublished	tut1	LeVe	voiced	alveolar_ai	0.126254788	alveolar ai	preceding vowel duration in ms	126.2547877
Baer_Henney_unpublished	tut3	Pred	voiced	alveolar_ai	0.110883425	alveolar ai	preceding vowel duration in ms	110.8834254
Baer_Henney_unpublished	tut1	SaBe	voiced	alveolar_ai	0.11543614	alveolar ai	preceding vowel duration in ms	115.43614
Baer_Henney_unpublished	tut8	NiBi	voiced	alveolar_ai	0.286607096	alveolar ai	preceding vowel duration in ms	286.607096
Baer_Henney_unpublished	tut8	ViCo	voiced	alveolar_ai	0.205569152	alveolar ai	preceding vowel duration in ms	205.5691517
Baer_Henney_unpublished	tut8	ViCo	voiced	alveolar_ai	0.141029999	alveolar ai	preceding vowel duration in ms	141.0299994
Baer_Henney_unpublished	tut8	ViGr	voiced	alveolar_ai	0.179092196	alveolar ai	preceding vowel duration in ms	179.0921955
Baer_Henney_unpublished	tut4	GaPr	voiced	alveolar_oi	0.199143641	alveolar oi	preceding vowel duration in ms	199.1436409
Baer_Henney_unpublished	tut4	VaSm	voiced	alveolar_oi	0.180059909	alveolar oi	preceding vowel duration in ms	180.0599088
Baer_Henney_unpublished	tut4	CaBa	voiced	alveolar_o	0.089788683	alveolar o	preceding vowel duration in ms	89.7886834
Baer_Henney_unpublished	tut2	ChBu	voiced	alveolar_y	0.558325501	alveolar y	preceding vowel duration in ms	558.3255009
Baer_Henney_unpublished	tut7	PiSt	voiced	alveolar_a	0.181701745	alveolar a	preceding vowel duration in ms	181.7017445
Baer_Henney_unpublished	tut2	RaRa	voiced	alveolar_a	0.087661533	alveolar a	preceding vowel duration in ms	87.6615326
Baer_Henney_unpublished	tut1	ImNi	voiced	alveolar_e	0.074155154	alveolar e	preceding vowel duration in ms	74.1551544
Baer_Henney_unpublished	tut1	LeVe	voiced	alveolar_e	0.168368911	alveolar e	preceding vowel duration in ms	168.3689109
Baer_Henney_unpublished	tut8	NiBi	voiced	alveolar_e	0.140500766	alveolar e	preceding vowel duration in ms	140.5007662
Baer_Henney_unpublished	tut1	SaBe	voiced	alveolar_e	0.075754967	alveolar e	preceding vowel duration in ms	75.7549669
Baer_Henney_unpublished	tut8	ViCo	voiced	alveolar_e	0.231862881	alveolar e	preceding vowel duration in ms	231.8628805
Baer_Henney_unpublished	tut8	ViGr	voiced	alveolar_e	0.13457795	alveolar e	preceding vowel duration in ms	134.5779504
Baer_Henney_unpublished	tut4	CaBa	voiced	alveolar_i	0.148311436	alveolar i	preceding vowel duration in ms	148.3114362
Baer_Henney_unpublished	tut4	GaPr	voiced	alveolar_i	0.083720649	alveolar i	preceding vowel duration in ms	83.7206488
Baer_Henney_unpublished	tut4	VaSm	voiced	alveolar_i	0.146302037	alveolar i	preceding vowel duration in ms	146.3020368
Baer_Henney_unpublished	tut3	Pred	voiced	alveolar_o	0.1273106	alveolar o	preceding vowel duration in ms	127.3105996
Baer_Henney_unpublished	tut1	SaBe	voiced	alveolar_E	0.147902554	alveolar E	preceding vowel duration in ms	147.9025544
Baer_Henney_unpublished	tut1	ImNi	voiced	alveolar_e	0.126258278	alveolar e	preceding vowel duration in ms	126.2582781
Baer_Henney_unpublished	tut1	LeVe	voiced	alveolar_e	0.19476471	alveolar e	preceding vowel duration in ms	194.7647096
Baer_Henney_unpublished	tut8	ViCo	voiced	alveolar_e	0.223496694	alveolar e	preceding vowel duration in ms	223.496694
Baer_Henney_unpublished	tut8	ViCo	voiced	alveolar_e	0.223496694	alveolar e	preceding vowel duration in ms	223.496694
Baer_Henney_unpublished	tut8	ViGr	voiced	alveolar_e	0.127849053	alveolar e	preceding vowel duration in ms	127.8490529
Baer_Henney_unpublished	tut4	CaBa	voiced	alveolar_i	0.177359613	alveolar i	preceding vowel duration in ms	177.3596131
Baer_Henney_unpublished	tut4	GaPr	voiced	alveolar_i	0.090519837	alveolar i	preceding vowel duration in ms	90.5198368
Baer_Henney_unpublished	tut4	VaSm	voiced	alveolar_i	0.119447825	alveolar i	preceding vowel duration in ms	119.4478252
Baer_Henney_unpublished	tut1	ImNi	voiced	alveolar_a	0.100109459	alveolar a	preceding vowel duration in ms	100.1094585
Baer_Henney_unpublished	tut1	LeVe	voiced	alveolar_a	0.118889925	alveolar a	preceding vowel duration in ms	118.8899251
Baer_Henney_unpublished	tut3	Pred	voiced	alveolar_a	0.1273106	alveolar a	preceding vowel duration in ms	127.3105996
Baer_Henney_unpublished	tut1	SaBe	voiced	alveolar_a	0.079362346	alveolar a	preceding vowel duration in ms	79.3623463
Baer_Henney_unpublished	tut7	PiSt	voiced	alveolar_e	0.172501566	alveolar e	preceding vowel duration in ms	172.501566
Baer_Henney_unpublished	tut4	VaSm	voiced	alveolar_e	0.190910151	alveolar e	preceding vowel duration in ms	190.910151
Baer_Henney_unpublished	tut4	CaBa	voiced	alveolar_i	0.227796873	alveolar i	preceding vowel duration in ms	227.7968726
Baer_Henney_unpublished	tut4	GaPr	voiced	alveolar_i	0.119717021	alveolar i	preceding vowel duration in ms	119.7170211
Baer_Henney_unpublished	tut8	NiBi	voiced	alveolar_i	0.12947897	alveolar i	preceding vowel duration in ms	129.4789704
Baer_Henney_unpublished	tut8	ViCo	voiced	alveolar_i	0.181665762	alveolar i	preceding vowel duration in ms	181.665762
Baer_Henney_unpublished	tut8	ViGr	voiced	alveolar_i	0.151141391	alveolar i	preceding vowel duration in ms	151.1413905
Baer_Henney_unpublished	tut2	RaRa	voiced	alveolar_a	0.112206762	alveolar a	preceding vowel duration in ms	112.2067617
Baer_Henney_unpublished	tut4	GaPr	voiced	alveolar_e	0.130348565	alveolar e	preceding vowel duration in ms	130.348565
Baer_Henney_unpublished	tut7	PiSt	voiced	alveolar_e	0.194641107	alveolar e	preceding vowel duration in ms	194.6411072
Baer_Henney_unpublished	tut4	VaSm	voiced	alveolar_e	0.173822503	alveolar e	preceding vowel duration in ms	173.8225033
Baer_Henney_unpublished	tut4	CaBa	voiced	alveolar_i	0.150756308	alveolar i	preceding vowel duration in ms	150.756308
Baer_Henney_unpublished	tut1	ImNi	voiced	alveolar_i	0.066739639	alveolar i	preceding vowel duration in ms	66.739639
Baer_Henney_unpublished	tut1	LeVe	voiced	alveolar_i	0.082767028	alveolar i	preceding vowel duration in ms	82.7670275
Baer_Henney_unpublished	tut8	NiBi	voiced	alveolar_i	0.156094092	alveolar i	preceding vowel duration in ms	156.0940921
Baer_Henney_unpublished	tut1	SaBe	voiced	alveolar_i	0.093791864	alveolar i	preceding vowel duration in ms	93.7918638
Baer_Henney_unpublished	tut8	ViCo	voiced	alveolar_i	0.124895211	alveolar i	preceding vowel duration in ms	124.8952114
Baer_Henney_unpublished	tut8	ViGr	voiced	alveolar_i	0.09938064	alveolar i	preceding vowel duration in ms	99.3806403
Baer_Henney_unpublished	tut3	Pred	voiced	alveolar_o	0.258727993	alveolar o	preceding vowel duration in ms	258.7279927
Baer_Henney_unpublished	tut3	Pred	voiced	alveolar_au	0.143737774	alveolar au	preceding vowel duration in ms	143.7377737
Baer_Henney_unpublished	tut2	ChBu	voiced	alveolar_e	0.06492157	alveolar e	preceding vowel duration in ms	64.9215699
Baer_Henney_unpublished	tut7	PiSt	voiced	alveolar_e	0.182905929	alveolar e	preceding vowel duration in ms	182.9059286
Baer_Henney_unpublished	tut2	RaRa	voiced	alveolar_e	0.042077536	alveolar e	preceding vowel duration in ms	42.0775356
Baer_Henney_unpublished	tut1	ImNi	voiced	alveolar_i	0.150782147	alveolar i	preceding vowel duration in ms	150.7821473
Baer_Henney_unpublished	tut1	LeVe	voiced	alveolar_i	0.185173689	alveolar i	preceding vowel duration in ms	185.1736886
Baer_Henney_unpublished	tut1	SaBe	voiced	alveolar_i	0.064932829	alveolar i	preceding vowel duration in ms	64.9328288
Baer_Henney_unpublished	tut4	CaBa	voiced	alveolar_o	0.133572412	alveolar o	preceding vowel duration in ms	133.5724115
Baer_Henney_unpublished	tut4	GaPr	voiced	alveolar_o	0.197333244	alveolar o	preceding vowel duration in ms	197.3332442
Baer_Henney_unpublished	tut8	NiBi	voiced	alveolar_o	0.142832729	alveolar o	preceding vowel duration in ms	142.8327291
Baer_Henney_unpublished	tut4	VaSm	voiced	alveolar_o	0.129258578	alveolar o	preceding vowel duration in ms	129.2585779
Baer_Henney_unpublished	tut8	ViCo	voiced	alveolar_o	0.147005847	alveolar o	preceding vowel duration in ms	147.0058469
Baer_Henney_unpublished	tut8	ViCo	voiced	alveolar_o	0.201983643	alveolar o	preceding vowel duration in ms	201.9836433
Baer_Henney_unpublished	tut8	ViGr	voiced	alveolar_o	0.162528756	alveolar o	preceding vowel duration in ms	162.5287555
Baer_Henney_unpublished	tut1	ImNi	voiced	alveolar_i	0.066739639	alveolar i	preceding vowel duration in ms	66.739639
Baer_Henney_unpublished	tut1	LeVe	voiced	alveolar_i	0.105212323	alveolar i	preceding vowel duration in ms	105.2123231
Baer_Henney_unpublished	tut1	LeVe	voiced	alveolar_i	0.095392506	alveolar i	preceding vowel duration in ms	95.3925062
Baer_Henney_unpublished	tut7	PiSt	voiced	alveolar_i	0.154853366	alveolar i	preceding vowel duration in ms	154.8533661
Baer_Henney_unpublished	tut1	SaBe	voiced	alveolar_i	0.111828761	alveolar i	preceding vowel duration in ms	111.8287606
Baer_Henney_unpublished	tut2	RaRa	voiced	alveolar_i	0.115713223	alveolar i	preceding vowel duration in ms	115.713223
Baer_Henney_unpublished	tut4	CaBa	voiced	alveolar_o	0.230567969	alveolar o	preceding vowel duration in ms	230.5679693
Baer_Henney_unpublished	tut4	GaPr	voiced	alveolar_o	0.128638266	alveolar o	preceding vowel duration in ms	128.6382655
Baer_Henney_unpublished	tut8	NiBi	voiced	alveolar_o	0.111850936	alveolar o	preceding vowel duration in ms	111.850936
Baer_Henney_unpublished	tut4	VaSm	voiced	alveolar_o	0.161293228	alveolar o	preceding vowel duration in ms	161.2932275
Baer_Henney_unpublished	tut8	ViCo	voiced	alveolar_o	0.172104406	alveolar o	preceding vowel duration in ms	172.1044061
Baer_Henney_unpublished	tut8	ViGr	voiced	alveolar_o	0.178056981	alveolar o	preceding vowel duration in ms	178.0569805
Baer_Henney_unpublished	tut4	CaBa	voiced	alveolar_a	0.243870966	alveolar a	preceding vowel duration in ms	243.8709664
Baer_Henney_unpublished	tut4	VaSm	voiced	alveolar_a	0.170140934	alveolar a	preceding vowel duration in ms	170.140934
Baer_Henney_unpublished	tut4	GaPr	voiced	alveolar_au	0.181039479	alveolar au	preceding vowel duration in ms	181.0394794
Baer_Henney_unpublished	tut2	ChBu	voiced	alveolar_i	0.051937256	alveolar i	preceding vowel duration in ms	51.9372559
Baer_Henney_unpublished	tut7	PiSt	voiced	alveolar_i	0.114748654	alveolar i	preceding vowel duration in ms	114.748654
Baer_Henney_unpublished	tut2	RaRa	voiced	alveolar_i	0.070129226	alveolar i	preceding vowel duration in ms	70.1292261
Baer_Henney_unpublished	tut8	NiBi	voiced	alveolar_o	0.148801444	alveolar o	preceding vowel duration in ms	148.8014437
Baer_Henney_unpublished	tut8	ViCo	voiced	alveolar_o	0.207959491	alveolar o	preceding vowel duration in ms	207.9594907
Baer_Henney_unpublished	tut8	ViGr	voiced	alveolar_o	0.125261015	alveolar o	preceding vowel duration in ms	125.2610154
Baer_Henney_unpublished	tut3	Pred	voiced	alveolar_oe	0.176592122	alveolar oe	preceding vowel duration in ms	176.592122
Baer_Henney_unpublished	tut1	ImNi	voiced	alveolar_u	0.122356005	alveolar u	preceding vowel duration in ms	122.3560048
Baer_Henney_unpublished	tut1	LeVe	voiced	alveolar_u	0.126254788	alveolar u	preceding vowel duration in ms	126.2547877
Baer_Henney_unpublished	tut1	SaBe	voiced	alveolar_u	0.101006623	alveolar u	preceding vowel duration in ms	101.0066225
Baer_Henney_unpublished	tut4	CaBa	voiced	alveolar_a	0.174104729	alveolar a	preceding vowel duration in ms	174.1047294
Baer_Henney_unpublished	tut4	GaPr	voiced	alveolar_a	0.064991176	alveolar a	preceding vowel duration in ms	64.9911759
Baer_Henney_unpublished	tut4	VaSm	voiced	alveolar_a	0.195913636	alveolar a	preceding vowel duration in ms	195.9136356
Baer_Henney_unpublished	tut8	ViCo	voiced	alveolar_i	0.192422287	alveolar i	preceding vowel duration in ms	192.4222874
Baer_Henney_unpublished	tut7	PiSt	voiced	alveolar_o	0.147460113	alveolar o	preceding vowel duration in ms	147.4601134
Baer_Henney_unpublished	tut1	ImNi	voiced	alveolar_u	0.093929862	alveolar u	preceding vowel duration in ms	93.9298623
Baer_Henney_unpublished	tut1	LeVe	voiced	alveolar_u	0.137982261	alveolar u	preceding vowel duration in ms	137.9822611
Baer_Henney_unpublished	tut8	NiBi	voiced	alveolar_u	0.111878697	alveolar u	preceding vowel duration in ms	111.8786974
Baer_Henney_unpublished	tut1	SaBe	voiced	alveolar_u	0.119043519	alveolar u	preceding vowel duration in ms	119.0435194
Baer_Henney_unpublished	tut3	Pred	voiced	alveolar_y	0.119097013	alveolar y	preceding vowel duration in ms	119.0970125
Baer_Henney_unpublished	tut1	ImNi	voiceless	alveolar_a	0.165613178	alveolar a	preceding vowel duration in ms	165.6131782
Baer_Henney_unpublished	tut8	NiBi	voiceless	alveolar_a	0.201771396	alveolar a	preceding vowel duration in ms	201.7713956
Baer_Henney_unpublished	tut7	PiSt	voiceless	alveolar_a	0.194148954	alveolar a	preceding vowel duration in ms	194.1489544
Baer_Henney_unpublished	tut1	SaBe	voiceless	alveolar_a	0.126258278	alveolar a	preceding vowel duration in ms	126.2582781
Baer_Henney_unpublished	tut8	ViCo	voiceless	alveolar_a	0.160152711	alveolar a	preceding vowel duration in ms	160.1527112
Baer_Henney_unpublished	tut8	ViGr	voiceless	alveolar_a	0.145447708	alveolar a	preceding vowel duration in ms	145.4477079
Baer_Henney_unpublished	tut1	LeVe	voiceless	alveolar_a	0.137189483	alveolar a	preceding vowel duration in ms	137.1894829
Baer_Henney_unpublished	tut4	CaBa	voiceless	alveolar_i	0.10593674	alveolar i	preceding vowel duration in ms	105.9367401
Baer_Henney_unpublished	tut4	VaSm	voiceless	alveolar_i	0.135259477	alveolar i	preceding vowel duration in ms	135.2594767
Baer_Henney_unpublished	tut4	CaBa	voiceless	alveolar_a	0.16489416	alveolar a	preceding vowel duration in ms	164.8941597
Baer_Henney_unpublished	tut4	GaPr	voiceless	alveolar_a	0.193389034	alveolar a	preceding vowel duration in ms	193.3890341
Baer_Henney_unpublished	tut5	NaFo	voiceless	alveolar_a	0.183822536	alveolar a	preceding vowel duration in ms	183.8225363
Baer_Henney_unpublished	tut5	PaMe	voiceless	alveolar_a	0.227039209	alveolar a	preceding vowel duration in ms	227.0392088
Baer_Henney_unpublished	tut3	Pred	voiceless	alveolar_a	0.176592122	alveolar a	preceding vowel duration in ms	176.592122
Baer_Henney_unpublished	tut2	RaRa	voiceless	alveolar_a	0.115713223	alveolar a	preceding vowel duration in ms	115.713223
Baer_Henney_unpublished	tut4	VaSm	voiceless	alveolar_a	0.163819903	alveolar a	preceding vowel duration in ms	163.8199034
Baer_Henney_unpublished	tut7	PiSt	voiceless	alveolar_o	0.115946106	alveolar o	preceding vowel duration in ms	115.9461061
Baer_Henney_unpublished	tut1	LeVe	voiceless	alveolar_u	0.138884106	alveolar u	preceding vowel duration in ms	138.884106
Baer_Henney_unpublished	tut8	NiBi	voiceless	alveolar_u	0.131974138	alveolar u	preceding vowel duration in ms	131.9741381
Baer_Henney_unpublished	tut8	ViCo	voiceless	alveolar_u	0.105174915	alveolar u	preceding vowel duration in ms	105.1749148
Baer_Henney_unpublished	tut8	ViGr	voiceless	alveolar_u	0.110768005	alveolar u	preceding vowel duration in ms	110.7680053
Baer_Henney_unpublished	tut1	SaBe	voiceless	alveolar_y	0.119043519	alveolar y	preceding vowel duration in ms	119.0435194
Baer_Henney_unpublished	tut1	ImNi	voiceless	alveolar_y	0.091458024	alveolar y	preceding vowel duration in ms	91.4580238
Baer_Henney_unpublished	tut5	NaFo	voiceless	alveolar_o	0.168303413	alveolar o	preceding vowel duration in ms	168.3034126
Baer_Henney_unpublished	tut4	VaSm	voiceless	alveolar_o	0.173683765	alveolar o	preceding vowel duration in ms	173.683765
Baer_Henney_unpublished	tut4	CaBa	voiceless	alveolar_u	0.173065016	alveolar u	preceding vowel duration in ms	173.0650157
Baer_Henney_unpublished	tut2	ChBu	voiceless	alveolar_u	0.058429413	alveolar u	preceding vowel duration in ms	58.4294129
Baer_Henney_unpublished	tut4	GaPr	voiceless	alveolar_u	0.140270312	alveolar u	preceding vowel duration in ms	140.2703119
Baer_Henney_unpublished	tut1	LeVe	voiceless	alveolar_u	0.174056055	alveolar u	preceding vowel duration in ms	174.0560549
Baer_Henney_unpublished	tut8	NiBi	voiceless	alveolar_u	0.162410688	alveolar u	preceding vowel duration in ms	162.4106877
Baer_Henney_unpublished	tut7	PiSt	voiceless	alveolar_u	0.130188854	alveolar u	preceding vowel duration in ms	130.1888536
Baer_Henney_unpublished	tut2	RaRa	voiceless	alveolar_u	0.114116278	alveolar u	preceding vowel duration in ms	114.1162784
Baer_Henney_unpublished	tut8	ViGr	voiceless	alveolar_u	0.153211821	alveolar u	preceding vowel duration in ms	153.2118205
Baer_Henney_unpublished	tut1	SaBe	voiceless	alveolar_y	0.165939451	alveolar y	preceding vowel duration in ms	165.9394513
Baer_Henney_unpublished	tut1	ImNi	voiceless	alveolar_y	0.091458024	alveolar y	preceding vowel duration in ms	91.4580238
Baer_Henney_unpublished	tut1	ImNi	voiceless	alveolar_au	0.207634432	alveolar au	preceding vowel duration in ms	207.6344324
Baer_Henney_unpublished	tut1	LeVe	voiceless	alveolar_au	0.187076568	alveolar au	preceding vowel duration in ms	187.0765676
Baer_Henney_unpublished	tut1	SaBe	voiceless	alveolar_au	0.11543614	alveolar au	preceding vowel duration in ms	115.43614
Baer_Henney_unpublished	tut5	NaFo	voiceless	alveolar_o	0.212940936	alveolar o	preceding vowel duration in ms	212.9409361
Baer_Henney_unpublished	tut5	PaMe	voiceless	alveolar_o	0.204863572	alveolar o	preceding vowel duration in ms	204.8635718
Baer_Henney_unpublished	tut4	CaBa	voiceless	alveolar_u	0.195747122	alveolar u	preceding vowel duration in ms	195.7471217
Baer_Henney_unpublished	tut8	NiBi	voiceless	alveolar_u	0.124593448	alveolar u	preceding vowel duration in ms	124.5934477
Baer_Henney_unpublished	tut7	PiSt	voiceless	alveolar_u	0.149083417	alveolar u	preceding vowel duration in ms	149.0834165
Baer_Henney_unpublished	tut8	ViGr	voiceless	alveolar_u	0.13871881	alveolar u	preceding vowel duration in ms	138.7188104
Baer_Henney_unpublished	tut4	GaPr	voiceless	alveolar_au	0.304146652	alveolar au	preceding vowel duration in ms	304.1466516
Baer_Henney_unpublished	tut1	LeVe	voiceless	alveolar_au	0.100302415	alveolar au	preceding vowel duration in ms	100.3024147
Baer_Henney_unpublished	tut8	NiBi	voiceless	alveolar_au	0.151910728	alveolar au	preceding vowel duration in ms	151.9107276
Baer_Henney_unpublished	tut4	VaSm	voiceless	alveolar_au	0.179888042	alveolar au	preceding vowel duration in ms	179.8880424
Baer_Henney_unpublished	tut8	ViCo	voiceless	alveolar_au	0.169714067	alveolar au	preceding vowel duration in ms	169.7140671
Baer_Henney_unpublished	tut8	ViGr	voiceless	alveolar_au	0.184268271	alveolar au	preceding vowel duration in ms	184.2682706
Baer_Henney_unpublished	tut4	GaPr	voiceless	alveolar_i	0.088873721	alveolar i	preceding vowel duration in ms	88.8737211
Baer_Henney_unpublished	tut4	CaBa	voiceless	alveolar_o	0.25495495	alveolar o	preceding vowel duration in ms	254.9549497
Baer_Henney_unpublished	tut1	ImNi	voiceless	alveolar_oi	0.106289055	alveolar oi	preceding vowel duration in ms	106.2890547
Baer_Henney_unpublished	tut1	SaBe	voiceless	alveolar_oi	0.147902554	alveolar oi	preceding vowel duration in ms	147.9025544
Baer_Henney_unpublished	tut7	PiSt	voiceless	alveolar_u	0.136584869	alveolar u	preceding vowel duration in ms	136.5848686
Baer_Henney_unpublished	tut5	PaMe	voiceless	alveolar_y	0.147735199	alveolar y	preceding vowel duration in ms	147.7351994
Baer_Henney_unpublished	tut5	NaFo	voiceless	alveolar_y	0.125612168	alveolar y	preceding vowel duration in ms	125.6121682
Baer_Henney_unpublished	tut1	ImNi	voiceless	alveolar_ai	0.116176409	alveolar ai	preceding vowel duration in ms	116.1764086
Baer_Henney_unpublished	tut1	LeVe	voiceless	alveolar_ai	0.149401499	alveolar ai	preceding vowel duration in ms	149.4014987
Baer_Henney_unpublished	tut1	SaBe	voiceless	alveolar_ai	0.202013245	alveolar ai	preceding vowel duration in ms	202.013245
Baer_Henney_unpublished	tut4	GaPr	voiceless	alveolar_au	0.246213956	alveolar au	preceding vowel duration in ms	246.213956
Baer_Henney_unpublished	tut8	NiBi	voiceless	alveolar_au	0.186001805	alveolar au	preceding vowel duration in ms	186.0018046
Baer_Henney_unpublished	tut7	PiSt	voiceless	alveolar_au	0.181569027	alveolar au	preceding vowel duration in ms	181.5690271
Baer_Henney_unpublished	tut3	Pred	voiceless	alveolar_au	0.082135871	alveolar au	preceding vowel duration in ms	82.1358707
Baer_Henney_unpublished	tut4	VaSm	voiceless	alveolar_au	0.206516049	alveolar au	preceding vowel duration in ms	206.5160491
Baer_Henney_unpublished	tut8	ViCo	voiceless	alveolar_au	0.190629533	alveolar au	preceding vowel duration in ms	190.6295332
Baer_Henney_unpublished	tut8	ViGr	voiceless	alveolar_au	0.13871881	alveolar au	preceding vowel duration in ms	138.7188104
Baer_Henney_unpublished	tut5	PaMe	voiceless	alveolar_oe	0.140056655	alveolar oe	preceding vowel duration in ms	140.0566548
Baer_Henney_unpublished	tut5	NaFo	voiceless	alveolar_oe	0.159960497	alveolar oe	preceding vowel duration in ms	159.9604973
Baer_Henney_unpublished	tut1	ImNi	voiceless	alveolar_ai	0.121120086	alveolar ai	preceding vowel duration in ms	121.1200856
Baer_Henney_unpublished	tut1	LeVe	voiceless	alveolar_ai	0.178159534	alveolar ai	preceding vowel duration in ms	178.1595337
Baer_Henney_unpublished	tut7	PiSt	voiceless	alveolar_ai	0.189772842	alveolar ai	preceding vowel duration in ms	189.7728422
Baer_Henney_unpublished	tut1	SaBe	voiceless	alveolar_ai	0.111828761	alveolar ai	preceding vowel duration in ms	111.8287606
Baer_Henney_unpublished	tut5	PaMe	voiceless	alveolar_au	0.231830621	alveolar au	preceding vowel duration in ms	231.8306206
Baer_Henney_unpublished	tut5	PaMe	voiceless	alveolar_au	0.207320706	alveolar au	preceding vowel duration in ms	207.3207061
Baer_Henney_unpublished	tut5	NaFo	voiceless	alveolar_au	0.148594797	alveolar au	preceding vowel duration in ms	148.5947969
Baer_Henney_unpublished	tut5	NaFo	voiceless	alveolar_au	0.183725028	alveolar au	preceding vowel duration in ms	183.7250277
Baer_Henney_unpublished	tut3	Pred	voiceless	alveolar_e	0.13963098	alveolar e	preceding vowel duration in ms	139.6309802
Baer_Henney_unpublished	tut8	NiBi	voiceless	alveolar_ai	0.218495763	alveolar ai	preceding vowel duration in ms	218.4957626
Baer_Henney_unpublished	tut8	ViCo	voiceless	alveolar_ai	0.200788474	alveolar ai	preceding vowel duration in ms	200.7884738
Baer_Henney_unpublished	tut8	ViGr	voiceless	alveolar_ai	0.1449301	alveolar ai	preceding vowel duration in ms	144.9301004
Baer_Henney_unpublished	tut4	CaBa	voiceless	alveolar_oi	0.191607321	alveolar oi	preceding vowel duration in ms	191.6073213
Baer_Henney_unpublished	tut4	GaPr	voiceless	alveolar_oi	0.193388907	alveolar oi	preceding vowel duration in ms	193.3889072
Baer_Henney_unpublished	tut4	VaSm	voiceless	alveolar_oi	0.168850617	alveolar oi	preceding vowel duration in ms	168.8506173
Baer_Henney_unpublished	tut7	PiSt	voiceless	alveolar_a	0.141856206	alveolar a	preceding vowel duration in ms	141.8562055
Baer_Henney_unpublished	tut3	Pred	voiceless	alveolar_a	0.236300147	alveolar a	preceding vowel duration in ms	236.3001465
Baer_Henney_unpublished	tut1	ImNi	voiceless	alveolar_e	0.118648247	alveolar e	preceding vowel duration in ms	118.6482471
Baer_Henney_unpublished	tut1	LeVe	voiceless	alveolar_e	0.122046295	alveolar e	preceding vowel duration in ms	122.0462948
Baer_Henney_unpublished	tut8	NiBi	voiceless	alveolar_e	0.175560896	alveolar e	preceding vowel duration in ms	175.5608957
Baer_Henney_unpublished	tut8	ViGr	voiceless	alveolar_e	0.14078924	alveolar e	preceding vowel duration in ms	140.7892404
Baer_Henney_unpublished	tut4	CaBa	voiceless	alveolar_i	0.146321943	alveolar i	preceding vowel duration in ms	146.321943
Baer_Henney_unpublished	tut4	GaPr	voiceless	alveolar_i	0.092090016	alveolar i	preceding vowel duration in ms	92.0900162
Baer_Henney_unpublished	tut4	VaSm	voiceless	alveolar_i	0.142826879	alveolar i	preceding vowel duration in ms	142.8268785
Baer_Henney_unpublished	tut7	PiSt	voiceless	alveolar_a	0.152391174	alveolar a	preceding vowel duration in ms	152.3911738
Baer_Henney_unpublished	tut1	ImNi	voiceless	alveolar_e	0.128535601	alveolar e	preceding vowel duration in ms	128.535601
Baer_Henney_unpublished	tut1	LeVe	voiceless	alveolar_e	0.147297252	alveolar e	preceding vowel duration in ms	147.2972523
Baer_Henney_unpublished	tut8	NiBi	voiceless	alveolar_e	0.14435961	alveolar e	preceding vowel duration in ms	144.3596096
Baer_Henney_unpublished	tut8	ViGr	voiceless	alveolar_e	0.159423111	alveolar e	preceding vowel duration in ms	159.4231105
Baer_Henney_unpublished	tut4	CaBa	voiceless	alveolar_i	0.206048802	alveolar i	preceding vowel duration in ms	206.0488021
Baer_Henney_unpublished	tut4	VaSm	voiceless	alveolar_i	0.17363795	alveolar i	preceding vowel duration in ms	173.6379495
Baer_Henney_unpublished	tut3	Pred	voiceless	alveolar_u	0.180698916	alveolar u	preceding vowel duration in ms	180.6989155
Baer_Henney_unpublished	tut1	ImNi	voiceless	alveolar_a	0.135951116	alveolar a	preceding vowel duration in ms	135.9511164
Baer_Henney_unpublished	tut1	LeVe	voiceless	alveolar_a	0.145193006	alveolar a	preceding vowel duration in ms	145.1930058
Baer_Henney_unpublished	tut1	SaBe	voiceless	alveolar_a	0.097399243	alveolar a	preceding vowel duration in ms	97.3992431
Baer_Henney_unpublished	tut4	CaBa	voiceless	alveolar_e	0.192877271	alveolar e	preceding vowel duration in ms	192.8772708
Baer_Henney_unpublished	tut7	PiSt	voiceless	alveolar_e	0.125685431	alveolar e	preceding vowel duration in ms	125.6854308
Baer_Henney_unpublished	tut4	VaSm	voiceless	alveolar_e	0.131296763	alveolar e	preceding vowel duration in ms	131.2967629
Baer_Henney_unpublished	tut8	NiBi	voiceless	alveolar_i	0.088657128	alveolar i	preceding vowel duration in ms	88.6571284
Baer_Henney_unpublished	tut8	ViCo	voiceless	alveolar_i	0.096808728	alveolar i	preceding vowel duration in ms	96.8087284
Baer_Henney_unpublished	tut8	ViGr	voiceless	alveolar_i	0.119049725	alveolar i	preceding vowel duration in ms	119.0497254
Baer_Henney_unpublished	tut3	Pred	voiceless	alveolar_oi	0.205339677	alveolar oi	preceding vowel duration in ms	205.3396767
Baer_Henney_unpublished	tut4	GaPr	voiceless	alveolar_e	0.115865391	alveolar e	preceding vowel duration in ms	115.8653911
Baer_Henney_unpublished	tut7	PiSt	voiceless	alveolar_e	0.106665642	alveolar e	preceding vowel duration in ms	106.6656423
Baer_Henney_unpublished	tut4	VaSm	voiceless	alveolar_e	0.186056372	alveolar e	preceding vowel duration in ms	186.0563723
Baer_Henney_unpublished	tut4	CaBa	voiceless	alveolar_i	0.182392256	alveolar i	preceding vowel duration in ms	182.3922562
Baer_Henney_unpublished	tut1	ImNi	voiceless	alveolar_i	0.148310309	alveolar i	preceding vowel duration in ms	148.3103088
Baer_Henney_unpublished	tut1	LeVe	voiceless	alveolar_i	0.193896641	alveolar i	preceding vowel duration in ms	193.8966414
Baer_Henney_unpublished	tut8	NiBi	voiceless	alveolar_i	0.165735936	alveolar i	preceding vowel duration in ms	165.7359364
Baer_Henney_unpublished	tut1	SaBe	voiceless	alveolar_i	0.079362346	alveolar i	preceding vowel duration in ms	79.3623463
Baer_Henney_unpublished	tut8	ViGr	voiceless	alveolar_i	0.12629623	alveolar i	preceding vowel duration in ms	126.2962304
Baer_Henney_unpublished	tut3	Pred	voiceless	alveolar_o	0.222216653	alveolar o	preceding vowel duration in ms	222.2166526
Baer_Henney_unpublished	tut5	NaFo	voiceless	alveolar_u	0.135188817	alveolar u	preceding vowel duration in ms	135.1888165
Baer_Henney_unpublished	tut5	PaMe	voiceless	alveolar_u	0.129368121	alveolar u	preceding vowel duration in ms	129.3681206
Baer_Henney_unpublished	tut7	PiSt	voiceless	alveolar_e	0.160233786	alveolar e	preceding vowel duration in ms	160.2337856
Baer_Henney_unpublished	tut1	ImNi	voiceless	alveolar_i	0.066739639	alveolar i	preceding vowel duration in ms	66.739639
Baer_Henney_unpublished	tut1	LeVe	voiceless	alveolar_i	0.112226478	alveolar i	preceding vowel duration in ms	112.2264779
Baer_Henney_unpublished	tut5	NaFo	voiceless	alveolar_i	0.129943051	alveolar i	preceding vowel duration in ms	129.9430513
Baer_Henney_unpublished	tut5	PaMe	voiceless	alveolar_i	0.147059488	alveolar i	preceding vowel duration in ms	147.0594875
Baer_Henney_unpublished	tut1	SaBe	voiceless	alveolar_i	0.046895932	alveolar i	preceding vowel duration in ms	46.8959319
Baer_Henney_unpublished	tut4	CaBa	voiceless	alveolar_o	0.1741043	alveolar o	preceding vowel duration in ms	174.1043004
Baer_Henney_unpublished	tut4	GaPr	voiceless	alveolar_o	0.235351576	alveolar o	preceding vowel duration in ms	235.3515756
Baer_Henney_unpublished	tut8	NiBi	voiceless	alveolar_o	0.125140526	alveolar o	preceding vowel duration in ms	125.1405258
Baer_Henney_unpublished	tut4	VaSm	voiceless	alveolar_o	0.153398273	alveolar o	preceding vowel duration in ms	153.3982734
Baer_Henney_unpublished	tut8	ViGr	voiceless	alveolar_o	0.125261015	alveolar o	preceding vowel duration in ms	125.2610154
Baer_Henney_unpublished	tut3	Pred	voiceless	alveolar_e	0.15661314	alveolar e	preceding vowel duration in ms	156.6131397
Baer_Henney_unpublished	tut1	ImNi	voiceless	alveolar_i	0.061795962	alveolar i	preceding vowel duration in ms	61.795962
Baer_Henney_unpublished	tut1	LeVe	voiceless	alveolar_i	0.085572689	alveolar i	preceding vowel duration in ms	85.5726894
Baer_Henney_unpublished	tut5	NaFo	voiceless	alveolar_i	0.128376907	alveolar i	preceding vowel duration in ms	128.3769072
Baer_Henney_unpublished	tut5	PaMe	voiceless	alveolar_i	0.151359473	alveolar i	preceding vowel duration in ms	151.3594725
Baer_Henney_unpublished	tut7	PiSt	voiceless	alveolar_i	0.155377617	alveolar i	preceding vowel duration in ms	155.3776169
Baer_Henney_unpublished	tut1	SaBe	voiceless	alveolar_i	0.05771807	alveolar i	preceding vowel duration in ms	57.71807
Baer_Henney_unpublished	tut4	CaBa	voiceless	alveolar_o	0.181796629	alveolar o	preceding vowel duration in ms	181.7966286
Baer_Henney_unpublished	tut4	GaPr	voiceless	alveolar_o	0.156553028	alveolar o	preceding vowel duration in ms	156.5530276
Baer_Henney_unpublished	tut8	NiBi	voiceless	alveolar_o	0.281549324	alveolar o	preceding vowel duration in ms	281.5493237
Baer_Henney_unpublished	tut4	VaSm	voiceless	alveolar_o	0.170105476	alveolar o	preceding vowel duration in ms	170.1054759
Baer_Henney_unpublished	tut8	ViCo	voiceless	alveolar_o	0.192422287	alveolar o	preceding vowel duration in ms	192.4222874
Baer_Henney_unpublished	tut8	ViGr	voiceless	alveolar_o	0.153211821	alveolar o	preceding vowel duration in ms	153.2118205
Baer_Henney_unpublished	tut4	CaBa	voiceless	alveolar_a	0.210032267	alveolar a	preceding vowel duration in ms	210.0322668
Baer_Henney_unpublished	tut4	GaPr	voiceless	alveolar_a	0.154058254	alveolar a	preceding vowel duration in ms	154.0582537
Baer_Henney_unpublished	tut3	Pred	voiceless	alveolar_a	0.188912503	alveolar a	preceding vowel duration in ms	188.9125026
Baer_Henney_unpublished	tut4	VaSm	voiceless	alveolar_a	0.160262576	alveolar a	preceding vowel duration in ms	160.2625763
Baer_Henney_unpublished	tut5	NaFo	voiceless	alveolar_e	0.188504012	alveolar e	preceding vowel duration in ms	188.504012
Baer_Henney_unpublished	tut5	PaMe	voiceless	alveolar_e	0.183670789	alveolar e	preceding vowel duration in ms	183.6707885
Baer_Henney_unpublished	tut8	NiBi	voiceless	alveolar_o	0.208960535	alveolar o	preceding vowel duration in ms	208.9605349
Baer_Henney_unpublished	tut8	ViCo	voiceless	alveolar_o	0.145810677	alveolar o	preceding vowel duration in ms	145.8106774
Baer_Henney_unpublished	tut8	ViCo	voiceless	alveolar_o	0.178080254	alveolar o	preceding vowel duration in ms	178.0802535
Baer_Henney_unpublished	tut8	ViGr	voiceless	alveolar_o	0.14285967	alveolar o	preceding vowel duration in ms	142.8596704
Baer_Henney_unpublished	tut1	ImNi	voiceless	alveolar_u	0.111232732	alveolar u	preceding vowel duration in ms	111.2327316
Baer_Henney_unpublished	tut1	LeVe	voiceless	alveolar_u	0.121344879	alveolar u	preceding vowel duration in ms	121.3448793
Baer_Henney_unpublished	tut1	SaBe	voiceless	alveolar_u	0.097399243	alveolar u	preceding vowel duration in ms	97.3992431
Baer_Henney_unpublished	tut4	CaBa	voiceless	alveolar_a	0.270474553	alveolar a	preceding vowel duration in ms	270.4745525
Baer_Henney_unpublished	tut4	GaPr	voiceless	alveolar_a	0.101299018	alveolar a	preceding vowel duration in ms	101.2990178
Baer_Henney_unpublished	tut5	NaFo	voiceless	alveolar_a	0.205684608	alveolar a	preceding vowel duration in ms	205.6846076
Baer_Henney_unpublished	tut4	VaSm	voiceless	alveolar_a	0.164043771	alveolar a	preceding vowel duration in ms	164.0437705
Baer_Henney_unpublished	tut1	SaBe	voiceless	alveolar_e	0.079362346	alveolar e	preceding vowel duration in ms	79.3623463
Baer_Henney_unpublished	tut7	PiSt	voiceless	alveolar_o	0.18969734	alveolar o	preceding vowel duration in ms	189.6973395
Baer_Henney_unpublished	tut1	ImNi	voiceless	alveolar_u	0.108760893	alveolar u	preceding vowel duration in ms	108.7608931
Baer_Henney_unpublished	tut1	LeVe	voiceless	alveolar_u	0.143088759	alveolar u	preceding vowel duration in ms	143.0887594
Baer_Henney_unpublished	tut8	NiBi	voiceless	alveolar_u	0.158252075	alveolar u	preceding vowel duration in ms	158.252075
Baer_Henney_unpublished	tut1	SaBe	voiceless	alveolar_u	0.082969726	alveolar u	preceding vowel duration in ms	82.9697256
Baer_Henney_unpublished	tut8	ViGr	voiceless	alveolar_u	0.13871881	alveolar u	preceding vowel duration in ms	138.7188104
Baer_Henney_unpublished	tut8	ViGr	voiceless	alveolar_u	0.123190585	alveolar u	preceding vowel duration in ms	123.1905854
Baer_Henney_unpublished	tut4	GaPr	voiceless	alveolar_u	0.179575414	alveolar u	preceding vowel duration in ms	179.5754138
Baer_Henney_unpublished	tut8	ViCo	voiced	alveolar_i	0.134456567	alveolar i	preceding vowel duration in ms	134.4565673
Baer_Henney_unpublished	tut2	ChBu	voiced	labial_u	0.12984314	labial u	preceding vowel duration in ms	129.8431398
Baer_Henney_unpublished	tut1	ImNi	voiced	labial_a	0.096401701	labial a	preceding vowel duration in ms	96.4017007
Baer_Henney_unpublished	tut8	NiBi	voiced	labial_a	0.179894283	labial a	preceding vowel duration in ms	179.8942827
Baer_Henney_unpublished	tut8	NiBi	voiced	labial_a	0.176896045	labial a	preceding vowel duration in ms	176.8960447
Baer_Henney_unpublished	tut7	PiSt	voiced	labial_a	0.147196381	labial a	preceding vowel duration in ms	147.196381
Baer_Henney_unpublished	tut3	Pred	voiced	labial_a	0.065708697	labial a	preceding vowel duration in ms	65.7086966
Baer_Henney_unpublished	tut1	SaBe	voiced	labial_a	0.072147588	labial a	preceding vowel duration in ms	72.1475875
Baer_Henney_unpublished	tut8	ViCo	voiced	labial_a	0.176885084	labial a	preceding vowel duration in ms	176.8850841
Baer_Henney_unpublished	tut8	ViGr	voiced	labial_a	0.173916121	labial a	preceding vowel duration in ms	173.9161205
Baer_Henney_unpublished	tut1	LeVe	voiced	labial_a	0.106615154	labial a	preceding vowel duration in ms	106.615154
Baer_Henney_unpublished	tut4	CaBa	voiced	labial_o	0.17778839	labial o	preceding vowel duration in ms	177.7883902
Baer_Henney_unpublished	tut4	GaPr	voiced	labial_o	0.147344026	labial o	preceding vowel duration in ms	147.344026
Baer_Henney_unpublished	tut4	VaSm	voiced	labial_o	0.114722015	labial o	preceding vowel duration in ms	114.7220146
Baer_Henney_unpublished	tut5	NaFo	voiced	labial_oe	0.131041692	labial oe	preceding vowel duration in ms	131.0416924
Baer_Henney_unpublished	tut5	PaMe	voiced	labial_y	0.145953777	labial y	preceding vowel duration in ms	145.9537771
Baer_Henney_unpublished	tut2	RaRa	voiced	labial_a	0.122726146	labial a	preceding vowel duration in ms	122.7261456
Baer_Henney_unpublished	tut3	Pred	voiced	labial_au	0.275155167	labial au	preceding vowel duration in ms	275.1551668
Baer_Henney_unpublished	tut7	PiSt	voiced	labial_o	0.160348749	labial o	preceding vowel duration in ms	160.3487487
Baer_Henney_unpublished	tut4	CaBa	voiced	labial_u	0.165815356	labial u	preceding vowel duration in ms	165.8153561
Baer_Henney_unpublished	tut4	GaPr	voiced	labial_u	0.124321522	labial u	preceding vowel duration in ms	124.3215219
Baer_Henney_unpublished	tut1	ImNi	voiced	labial_u	0.155725824	labial u	preceding vowel duration in ms	155.7258243
Baer_Henney_unpublished	tut1	LeVe	voiced	labial_u	0.069440133	labial u	preceding vowel duration in ms	69.4401332
Baer_Henney_unpublished	tut8	NiBi	voiced	labial_u	0.213033336	labial u	preceding vowel duration in ms	213.0333362
Baer_Henney_unpublished	tut1	SaBe	voiced	labial_u	0.079362346	labial u	preceding vowel duration in ms	79.3623463
Baer_Henney_unpublished	tut8	ViCo	voiced	labial_u	0.147005847	labial u	preceding vowel duration in ms	147.0058469
Baer_Henney_unpublished	tut8	ViGr	voiced	labial_u	0.159423111	labial u	preceding vowel duration in ms	159.4231105
Baer_Henney_unpublished	tut5	PaMe	voiced	labial_y	0.178142236	labial y	preceding vowel duration in ms	178.1422363
Baer_Henney_unpublished	tut4	VaSm	voiced	labial_y	0.165190386	labial y	preceding vowel duration in ms	165.1903856
Baer_Henney_unpublished	tut5	NaFo	voiced	labial_y	0.13985249	labial y	preceding vowel duration in ms	139.8524896
Baer_Henney_unpublished	tut4	CaBa	voiced	labial_ai	0.204503432	labial ai	preceding vowel duration in ms	204.5034324
Baer_Henney_unpublished	tut4	GaPr	voiced	labial_ai	0.151948527	labial ai	preceding vowel duration in ms	151.9485268
Baer_Henney_unpublished	tut4	VaSm	voiced	labial_ai	0.14029379	labial ai	preceding vowel duration in ms	140.29379
Baer_Henney_unpublished	tut7	PiSt	voiced	labial_o	0.174148291	labial o	preceding vowel duration in ms	174.1482909
Baer_Henney_unpublished	tut3	Pred	voiced	labial_o	0.110883425	labial o	preceding vowel duration in ms	110.8834254
Baer_Henney_unpublished	tut1	ImNi	voiced	labial_u	0.074155154	labial u	preceding vowel duration in ms	74.1551544
Baer_Henney_unpublished	tut1	LeVe	voiced	labial_u	0.080662781	labial u	preceding vowel duration in ms	80.662781
Baer_Henney_unpublished	tut8	NiBi	voiced	labial_u	0.129257374	labial u	preceding vowel duration in ms	129.2573735
Baer_Henney_unpublished	tut1	SaBe	voiced	labial_u	0.068540208	labial u	preceding vowel duration in ms	68.5402081
Baer_Henney_unpublished	tut8	ViGr	voiced	labial_u	0.12629623	labial u	preceding vowel duration in ms	126.2962304
Baer_Henney_unpublished	tut5	PaMe	voiced	labial_y	0.154799461	labial y	preceding vowel duration in ms	154.7994605
Baer_Henney_unpublished	tut5	NaFo	voiced	labial_y	0.154651146	labial y	preceding vowel duration in ms	154.6511463
Baer_Henney_unpublished	tut4	CaBa	voiced	labial_au	0.206183981	labial au	preceding vowel duration in ms	206.1839812
Baer_Henney_unpublished	tut4	CaBa	voiced	labial_au	0.168493444	labial au	preceding vowel duration in ms	168.4934441
Baer_Henney_unpublished	tut4	GaPr	voiced	labial_au	0.1665565	labial au	preceding vowel duration in ms	166.5564997
Baer_Henney_unpublished	tut5	PaMe	voiced	labial_au	0.112782464	labial au	preceding vowel duration in ms	112.7824641
Baer_Henney_unpublished	tut4	VaSm	voiced	labial_au	0.143778078	labial au	preceding vowel duration in ms	143.7780778
Baer_Henney_unpublished	tut5	NaFo	voiced	labial_au	0.174236102	labial au	preceding vowel duration in ms	174.2361016
Baer_Henney_unpublished	tut1	ImNi	voiced	labial_u	0.155725824	labial u	preceding vowel duration in ms	155.7258243
Baer_Henney_unpublished	tut1	LeVe	voiced	labial_u	0.117837802	labial u	preceding vowel duration in ms	117.8378018
Baer_Henney_unpublished	tut8	NiBi	voiced	labial_u	0.146023506	labial u	preceding vowel duration in ms	146.0235055
Baer_Henney_unpublished	tut7	PiSt	voiced	labial_u	0.2163766	labial u	preceding vowel duration in ms	216.3766003
Baer_Henney_unpublished	tut1	SaBe	voiced	labial_u	0.122650899	labial u	preceding vowel duration in ms	122.6508988
Baer_Henney_unpublished	tut8	ViGr	voiced	labial_u	0.127331445	labial u	preceding vowel duration in ms	127.3314454
Baer_Henney_unpublished	tut4	CaBa	voiced	labial_au	0.178471035	labial au	preceding vowel duration in ms	178.4710348
Baer_Henney_unpublished	tut4	GaPr	voiced	labial_au	0.161157423	labial au	preceding vowel duration in ms	161.1574227
Baer_Henney_unpublished	tut8	NiBi	voiced	labial_au	0.144526178	labial au	preceding vowel duration in ms	144.5261784
Baer_Henney_unpublished	tut5	PaMe	voiced	labial_au	0.196079317	labial au	preceding vowel duration in ms	196.0793167
Baer_Henney_unpublished	tut4	VaSm	voiced	labial_au	0.15393781	labial au	preceding vowel duration in ms	153.9378099
Baer_Henney_unpublished	tut8	ViCo	voiced	labial_au	0.206764321	labial au	preceding vowel duration in ms	206.7643212
Baer_Henney_unpublished	tut8	ViGr	voiced	labial_au	0.226712086	labial au	preceding vowel duration in ms	226.7120857
Baer_Henney_unpublished	tut8	ViGr	voiced	labial_au	0.13871881	labial au	preceding vowel duration in ms	138.7188104
Baer_Henney_unpublished	tut5	NaFo	voiced	labial_au	0.165815426	labial au	preceding vowel duration in ms	165.8154262
Baer_Henney_unpublished	tut1	ImNi	voiced	labial_u	0.046964931	labial u	preceding vowel duration in ms	46.9649311
Baer_Henney_unpublished	tut1	LeVe	voiced	labial_u	0.082065612	labial u	preceding vowel duration in ms	82.065612
Baer_Henney_unpublished	tut7	PiSt	voiced	labial_u	0.185015419	labial u	preceding vowel duration in ms	185.0154194
Baer_Henney_unpublished	tut3	Pred	voiced	labial_u	0.258727993	labial u	preceding vowel duration in ms	258.7279927
Baer_Henney_unpublished	tut2	RaRa	voiced	labial_u	0.082230848	labial u	preceding vowel duration in ms	82.2308477
Baer_Henney_unpublished	tut1	SaBe	voiced	labial_u	0.064932829	labial u	preceding vowel duration in ms	64.9328288
Baer_Henney_unpublished	tut3	Pred	voiced	labial_a	0.090349458	labial a	preceding vowel duration in ms	90.3494578
Baer_Henney_unpublished	tut2	ChBu	voiced	labial_ai	0.142827454	labial ai	preceding vowel duration in ms	142.8274537
Baer_Henney_unpublished	tut2	RaRa	voiced	labial_ai	0.087265389	labial ai	preceding vowel duration in ms	87.2653894
Baer_Henney_unpublished	tut5	NaFo	voiced	labial_ai	0.196423074	labial ai	preceding vowel duration in ms	196.4230735
Baer_Henney_unpublished	tut1	ImNi	voiced	labial_au	0.134715197	labial au	preceding vowel duration in ms	134.7151972
Baer_Henney_unpublished	tut1	LeVe	voiced	labial_au	0.119591341	labial au	preceding vowel duration in ms	119.5913405
Baer_Henney_unpublished	tut8	NiBi	voiced	labial_au	0.175785686	labial au	preceding vowel duration in ms	175.7856855
Baer_Henney_unpublished	tut1	SaBe	voiced	labial_au	0.137080416	labial au	preceding vowel duration in ms	137.0804163
Baer_Henney_unpublished	tut8	ViCo	voiced	labial_au	0.196007796	labial au	preceding vowel duration in ms	196.0077958
Baer_Henney_unpublished	tut8	ViGr	voiced	labial_au	0.157352681	labial au	preceding vowel duration in ms	157.3526805
Baer_Henney_unpublished	tut8	ViGr	voiced	labial_au	0.108179968	labial au	preceding vowel duration in ms	108.1799678
Baer_Henney_unpublished	tut5	PaMe	voiced	labial_ai	0.199642161	labial ai	preceding vowel duration in ms	199.6421614
Baer_Henney_unpublished	tut4	CaBa	voiced	labial_oi	0.181796629	labial oi	preceding vowel duration in ms	181.7966286
Baer_Henney_unpublished	tut4	GaPr	voiced	labial_oi	0.147554093	labial oi	preceding vowel duration in ms	147.5540926
Baer_Henney_unpublished	tut4	VaSm	voiced	labial_oi	0.16464811	labial oi	preceding vowel duration in ms	164.6481096
Baer_Henney_unpublished	tut7	PiSt	voiced	labial_y	0.16628023	labial y	preceding vowel duration in ms	166.2802301
Baer_Henney_unpublished	tut3	Pred	voiced	labial_ai	0.123203806	labial ai	preceding vowel duration in ms	123.203806
Baer_Henney_unpublished	tut1	ImNi	voiced	labial_au	0.155725824	labial au	preceding vowel duration in ms	155.7258243
Baer_Henney_unpublished	tut1	LeVe	voiced	labial_au	0.085572689	labial au	preceding vowel duration in ms	85.5726894
Baer_Henney_unpublished	tut7	PiSt	voiced	labial_au	0.144386829	labial au	preceding vowel duration in ms	144.3868286
Baer_Henney_unpublished	tut1	SaBe	voiced	labial_au	0.111828761	labial au	preceding vowel duration in ms	111.8287606
Baer_Henney_unpublished	tut8	NiBi	voiced	labial_ai	0.230409626	labial ai	preceding vowel duration in ms	230.4096262
Baer_Henney_unpublished	tut8	ViCo	voiced	labial_ai	0.127883135	labial ai	preceding vowel duration in ms	127.8831351
Baer_Henney_unpublished	tut8	ViGr	voiced	labial_ai	0.173916121	labial ai	preceding vowel duration in ms	173.9161205
Baer_Henney_unpublished	tut5	PaMe	voiced	labial_oi	0.210822122	labial oi	preceding vowel duration in ms	210.8221224
Baer_Henney_unpublished	tut4	CaBa	voiced	labial_i	0.142785446	labial i	preceding vowel duration in ms	142.7854456
Baer_Henney_unpublished	tut4	GaPr	voiced	labial_i	0.069067512	labial i	preceding vowel duration in ms	69.0675122
Baer_Henney_unpublished	tut4	VaSm	voiced	labial_i	0.151022271	labial i	preceding vowel duration in ms	151.0222707
Baer_Henney_unpublished	tut5	NaFo	voiced	labial_oi	0.16739257	labial oi	preceding vowel duration in ms	167.3925703
Baer_Henney_unpublished	tut1	ImNi	voiced	labial_a	0.138422955	labial a	preceding vowel duration in ms	138.4229549
Baer_Henney_unpublished	tut7	PiSt	voiced	labial_a	0.118325304	labial a	preceding vowel duration in ms	118.3253044
Baer_Henney_unpublished	tut2	RaRa	voiced	labial_a	0.101687378	labial a	preceding vowel duration in ms	101.6873778
Baer_Henney_unpublished	tut1	SaBe	voiced	labial_a	0.090184484	labial a	preceding vowel duration in ms	90.1844844
Baer_Henney_unpublished	tut1	LeVe	voiced	labial_a	0.106615154	labial a	preceding vowel duration in ms	106.615154
Baer_Henney_unpublished	tut4	CaBa	voiced	labial_e	0.162129122	labial e	preceding vowel duration in ms	162.129122
Baer_Henney_unpublished	tut8	NiBi	voiced	labial_e	0.130728731	labial e	preceding vowel duration in ms	130.7287311
Baer_Henney_unpublished	tut4	VaSm	voiced	labial_e	0.198522944	labial e	preceding vowel duration in ms	198.5229437
Baer_Henney_unpublished	tut8	ViCo	voiced	labial_e	0.086052203	labial e	preceding vowel duration in ms	86.0522031
Baer_Henney_unpublished	tut8	ViCo	voiced	labial_e	0.169714067	labial e	preceding vowel duration in ms	169.7140671
Baer_Henney_unpublished	tut8	ViGr	voiced	labial_e	0.246381171	labial e	preceding vowel duration in ms	246.3811708
Baer_Henney_unpublished	tut5	PaMe	voiced	labial_oe	0.098776799	labial oe	preceding vowel duration in ms	98.7767986
Baer_Henney_unpublished	tut5	NaFo	voiced	labial_oe	0.099309544	labial oe	preceding vowel duration in ms	99.3095443
Baer_Henney_unpublished	tut3	Pred	voiced	labial_y	0.143737774	labial y	preceding vowel duration in ms	143.7377737
Baer_Henney_unpublished	tut4	CaBa	voiced	labial_a	0.305945822	labial a	preceding vowel duration in ms	305.9458222
Baer_Henney_unpublished	tut2	ChBu	voiced	labial_a	0.12984314	labial a	preceding vowel duration in ms	129.8431398
Baer_Henney_unpublished	tut4	GaPr	voiced	labial_a	0.147344026	labial a	preceding vowel duration in ms	147.344026
Baer_Henney_unpublished	tut5	NaFo	voiced	labial_a	0.145399738	labial a	preceding vowel duration in ms	145.3997379
Baer_Henney_unpublished	tut5	PaMe	voiced	labial_a	0.167699416	labial a	preceding vowel duration in ms	167.6994156
Baer_Henney_unpublished	tut2	RaRa	voiced	labial_a	0.114116278	labial a	preceding vowel duration in ms	114.1162784
Baer_Henney_unpublished	tut4	VaSm	voiced	labial_a	0.143018982	labial a	preceding vowel duration in ms	143.018982
Baer_Henney_unpublished	tut1	ImNi	voiced	labial_e	0.108760893	labial e	preceding vowel duration in ms	108.7608931
Baer_Henney_unpublished	tut1	LeVe	voiced	labial_e	0.182368027	labial e	preceding vowel duration in ms	182.3680266
Baer_Henney_unpublished	tut8	NiBi	voiced	labial_e	0.137953549	labial e	preceding vowel duration in ms	137.9535489
Baer_Henney_unpublished	tut7	PiSt	voiced	labial_e	0.146640788	labial e	preceding vowel duration in ms	146.6407883
Baer_Henney_unpublished	tut1	SaBe	voiced	labial_e	0.101006623	labial e	preceding vowel duration in ms	101.0066225
Baer_Henney_unpublished	tut8	ViCo	voiced	labial_e	0.188836779	labial e	preceding vowel duration in ms	188.8367789
Baer_Henney_unpublished	tut2	ChBu	voiced	labial_a	0.048691177	labial a	preceding vowel duration in ms	48.6911774
Baer_Henney_unpublished	tut2	RaRa	voiced	labial_a	0.114116278	labial a	preceding vowel duration in ms	114.1162784
Baer_Henney_unpublished	tut1	SaBe	voiced	labial_E	0.093791864	labial E	preceding vowel duration in ms	93.7918638
Baer_Henney_unpublished	tut1	ImNi	voiced	labial_e	0.126063763	labial e	preceding vowel duration in ms	126.0637625
Baer_Henney_unpublished	tut1	LeVe	voiced	labial_e	0.093791864	labial e	preceding vowel duration in ms	93.7918638
Baer_Henney_unpublished	tut5	NaFo	voiced	labial_e	0.211789635	labial e	preceding vowel duration in ms	211.7896354
Baer_Henney_unpublished	tut5	PaMe	voiced	labial_e	0.188339344	labial e	preceding vowel duration in ms	188.3393436
Baer_Henney_unpublished	tut7	PiSt	voiced	labial_e	0.140943191	labial e	preceding vowel duration in ms	140.9431911
Baer_Henney_unpublished	tut4	CaBa	voiced	labial_i	0.133020059	labial i	preceding vowel duration in ms	133.0200589
Baer_Henney_unpublished	tut4	GaPr	voiced	labial_i	0.055949297	labial i	preceding vowel duration in ms	55.9492965
Baer_Henney_unpublished	tut8	NiBi	voiced	labial_i	0.101273818	labial i	preceding vowel duration in ms	101.2738184
Baer_Henney_unpublished	tut4	VaSm	voiced	labial_i	0.087794284	labial i	preceding vowel duration in ms	87.7942842
Baer_Henney_unpublished	tut8	ViCo	voiced	labial_i	0.275486567	labial i	preceding vowel duration in ms	275.4865667
Baer_Henney_unpublished	tut8	ViGr	voiced	labial_i	0.192549991	labial i	preceding vowel duration in ms	192.5499906
Baer_Henney_unpublished	tut2	RaRa	voiced	labial_a	0.045583997	labial a	preceding vowel duration in ms	45.583997
Baer_Henney_unpublished	tut2	ChBu	voiced	labial_au	0.071413727	labial au	preceding vowel duration in ms	71.4137269
Baer_Henney_unpublished	tut4	CaBa	voiced	labial_e	0.208190392	labial e	preceding vowel duration in ms	208.1903916
Baer_Henney_unpublished	tut4	GaPr	voiced	labial_e	0.191902054	labial e	preceding vowel duration in ms	191.902054
Baer_Henney_unpublished	tut7	PiSt	voiced	labial_e	0.192573197	labial e	preceding vowel duration in ms	192.5731965
Baer_Henney_unpublished	tut3	Pred	voiced	labial_e	0.13963098	labial e	preceding vowel duration in ms	139.6309802
Baer_Henney_unpublished	tut4	VaSm	voiced	labial_e	0.144499513	labial e	preceding vowel duration in ms	144.4995125
Baer_Henney_unpublished	tut1	ImNi	voiced	labial_i	0.035841658	labial i	preceding vowel duration in ms	35.841658
Baer_Henney_unpublished	tut1	LeVe	voiced	labial_i	0.110122232	labial i	preceding vowel duration in ms	110.1222315
Baer_Henney_unpublished	tut5	NaFo	voiced	labial_i	0.134713919	labial i	preceding vowel duration in ms	134.7139192
Baer_Henney_unpublished	tut8	NiBi	voiced	labial_i	0.185856272	labial i	preceding vowel duration in ms	185.8562721
Baer_Henney_unpublished	tut5	PaMe	voiced	labial_i	0.145953777	labial i	preceding vowel duration in ms	145.9537771
Baer_Henney_unpublished	tut1	SaBe	voiced	labial_i	0.075754967	labial i	preceding vowel duration in ms	75.7549669
Baer_Henney_unpublished	tut8	ViCo	voiced	labial_i	0.148201016	labial i	preceding vowel duration in ms	148.2010164
Baer_Henney_unpublished	tut8	ViGr	voiced	labial_i	0.166669616	labial i	preceding vowel duration in ms	166.6696155
Baer_Henney_unpublished	tut3	Pred	voiced	labial_a	0.168378535	labial a	preceding vowel duration in ms	168.3785349
Baer_Henney_unpublished	tut2	RaRa	voiced	labial_au	0.063116304	labial au	preceding vowel duration in ms	63.1163035
Baer_Henney_unpublished	tut7	PiSt	voiced	labial_e	0.207168979	labial e	preceding vowel duration in ms	207.1689792
Baer_Henney_unpublished	tut4	CaBa	voiced	labial_i	0.157409276	labial i	preceding vowel duration in ms	157.4092759
Baer_Henney_unpublished	tut4	GaPr	voiced	labial_i	0.090519837	labial i	preceding vowel duration in ms	90.5198368
Baer_Henney_unpublished	tut1	ImNi	voiced	labial_i	0.070447397	labial i	preceding vowel duration in ms	70.4473967
Baer_Henney_unpublished	tut1	LeVe	voiced	labial_i	0.097496753	labial i	preceding vowel duration in ms	97.4967527
Baer_Henney_unpublished	tut5	NaFo	voiced	labial_i	0.139285802	labial i	preceding vowel duration in ms	139.285802
Baer_Henney_unpublished	tut8	NiBi	voiced	labial_i	0.137419244	labial i	preceding vowel duration in ms	137.4192437
Baer_Henney_unpublished	tut5	PaMe	voiced	labial_i	0.157256595	labial i	preceding vowel duration in ms	157.2565948
Baer_Henney_unpublished	tut1	SaBe	voiced	labial_i	0.079362346	labial i	preceding vowel duration in ms	79.3623463
Baer_Henney_unpublished	tut4	VaSm	voiced	labial_i	0.091511825	labial i	preceding vowel duration in ms	91.5118253
Baer_Henney_unpublished	tut8	ViCo	voiced	labial_i	0.230070126	labial i	preceding vowel duration in ms	230.0701262
Baer_Henney_unpublished	tut8	ViGr	voiced	labial_i	0.137683595	labial i	preceding vowel duration in ms	137.6835954
Baer_Henney_unpublished	tut4	VaSm	voiced	labial_a	0.223518417	labial a	preceding vowel duration in ms	223.5184173
Baer_Henney_unpublished	tut4	CaBa	voiced	labial_e	0.171974615	labial e	preceding vowel duration in ms	171.9746149
Baer_Henney_unpublished	tut4	GaPr	voiced	labial_e	0.105003011	labial e	preceding vowel duration in ms	105.0030107
Baer_Henney_unpublished	tut7	PiSt	voiced	labial_i	0.155253383	labial i	preceding vowel duration in ms	155.2533827
Baer_Henney_unpublished	tut1	ImNi	voiced	labial_o	0.085278428	labial o	preceding vowel duration in ms	85.2784276
Baer_Henney_unpublished	tut5	NaFo	voiced	labial_o	0.100419628	labial o	preceding vowel duration in ms	100.4196275
Baer_Henney_unpublished	tut8	NiBi	voiced	labial_o	0.166013551	labial o	preceding vowel duration in ms	166.013551
Baer_Henney_unpublished	tut5	PaMe	voiced	labial_o	0.100373936	labial o	preceding vowel duration in ms	100.3739359
Baer_Henney_unpublished	tut3	Pred	voiced	labial_o	0.1273106	labial o	preceding vowel duration in ms	127.3105996
Baer_Henney_unpublished	tut1	SaBe	voiced	labial_o	0.086577105	labial o	preceding vowel duration in ms	86.577105
Baer_Henney_unpublished	tut8	ViCo	voiced	labial_o	0.151786525	labial o	preceding vowel duration in ms	151.7865248
Baer_Henney_unpublished	tut8	ViGr	voiced	labial_o	0.199796496	labial o	preceding vowel duration in ms	199.7964956
Baer_Henney_unpublished	tut2	ChBu	voiced	labial_i	0.136335297	labial i	preceding vowel duration in ms	136.3352967
Baer_Henney_unpublished	tut7	PiSt	voiced	labial_i	0.170929666	labial i	preceding vowel duration in ms	170.9296659
Baer_Henney_unpublished	tut4	CaBa	voiced	labial_o	0.16738592	labial o	preceding vowel duration in ms	167.3859202
Baer_Henney_unpublished	tut4	GaPr	voiced	labial_o	0.115494076	labial o	preceding vowel duration in ms	115.4940758
Baer_Henney_unpublished	tut1	ImNi	voiced	labial_o	0.05591438	labial o	preceding vowel duration in ms	55.9143803
Baer_Henney_unpublished	tut1	LeVe	voiced	labial_o	0.155000248	labial o	preceding vowel duration in ms	155.0002481
Baer_Henney_unpublished	tut1	SaBe	voiced	labial_o	0.108221381	labial o	preceding vowel duration in ms	108.2213813
Baer_Henney_unpublished	tut4	VaSm	voiced	labial_o	0.098891339	labial o	preceding vowel duration in ms	98.8913387
Baer_Henney_unpublished	tut8	ViCo	voiced	labial_o	0.282059999	labial o	preceding vowel duration in ms	282.0599989
Baer_Henney_unpublished	tut5	NaFo	voiced	labial_o	0.176819836	labial o	preceding vowel duration in ms	176.8198362
Baer_Henney_unpublished	tut3	Pred	voiced	labial_oi	0.201232883	labial oi	preceding vowel duration in ms	201.2328832
Baer_Henney_unpublished	tut8	NiBi	voiced	labial_u	0.154548067	labial u	preceding vowel duration in ms	154.5480666
Baer_Henney_unpublished	tut5	PaMe	voiced	labial_u	0.180906512	labial u	preceding vowel duration in ms	180.9065124
Baer_Henney_unpublished	tut2	RaRa	voiced	labial_u	0.090621751	labial u	preceding vowel duration in ms	90.6217505
Baer_Henney_unpublished	tut8	ViGr	voiced	labial_u	0.13664838	labial u	preceding vowel duration in ms	136.6483804
Baer_Henney_unpublished	tut4	CaBa	voiced	labial_o	0.17686688	labial o	preceding vowel duration in ms	176.8668799
Baer_Henney_unpublished	tut4	CaBa	voiced	labial_o	0.202856564	labial o	preceding vowel duration in ms	202.8565635
Baer_Henney_unpublished	tut4	GaPr	voiced	labial_o	0.133530436	labial o	preceding vowel duration in ms	133.5304359
Baer_Henney_unpublished	tut1	ImNi	voiced	labial_o	0.133479278	labial o	preceding vowel duration in ms	133.479278
Baer_Henney_unpublished	tut1	LeVe	voiced	labial_o	0.094691091	labial o	preceding vowel duration in ms	94.6910908
Baer_Henney_unpublished	tut8	NiBi	voiced	labial_o	0.144764682	labial o	preceding vowel duration in ms	144.7646822
Baer_Henney_unpublished	tut7	PiSt	voiced	labial_o	0.110612545	labial o	preceding vowel duration in ms	110.6125448
Baer_Henney_unpublished	tut1	SaBe	voiced	labial_o	0.05771807	labial o	preceding vowel duration in ms	57.71807
Baer_Henney_unpublished	tut4	VaSm	voiced	labial_o	0.150281243	labial o	preceding vowel duration in ms	150.2812432
Baer_Henney_unpublished	tut8	ViCo	voiced	labial_o	0.147005847	labial o	preceding vowel duration in ms	147.0058469
Baer_Henney_unpublished	tut8	ViCo	voiced	labial_o	0.200788474	labial o	preceding vowel duration in ms	200.7884738
Baer_Henney_unpublished	tut8	ViGr	voiced	labial_o	0.151141391	labial o	preceding vowel duration in ms	151.1413905
Baer_Henney_unpublished	tut5	NaFo	voiced	labial_u	0.195216362	labial u	preceding vowel duration in ms	195.2163619
Baer_Henney_unpublished	tut5	PaMe	voiced	labial_u	0.155720886	labial u	preceding vowel duration in ms	155.7208859
Baer_Henney_unpublished	tut4	GaPr	voiceless	labial_e	0.10129898	labial e	preceding vowel duration in ms	101.2989799
Baer_Henney_unpublished	tut1	ImNi	voiceless	labial_a	0.084042508	labial a	preceding vowel duration in ms	84.0425083
Baer_Henney_unpublished	tut8	NiBi	voiceless	labial_a	0.161871192	labial a	preceding vowel duration in ms	161.871192
Baer_Henney_unpublished	tut7	PiSt	voiceless	labial_a	0.173592935	labial a	preceding vowel duration in ms	173.5929353
Baer_Henney_unpublished	tut1	SaBe	voiceless	labial_a	0.101006623	labial a	preceding vowel duration in ms	101.0066225
Baer_Henney_unpublished	tut8	ViCo	voiceless	labial_a	0.155372033	labial a	preceding vowel duration in ms	155.3720333
Baer_Henney_unpublished	tut8	ViGr	voiceless	labial_a	0.175986551	labial a	preceding vowel duration in ms	175.9865505
Baer_Henney_unpublished	tut1	LeVe	voiceless	labial_a	0.149401499	labial a	preceding vowel duration in ms	149.4014987
Baer_Henney_unpublished	tut4	CaBa	voiceless	labial_o	0.155388164	labial o	preceding vowel duration in ms	155.388164
Baer_Henney_unpublished	tut4	GaPr	voiceless	labial_o	0.100935029	labial o	preceding vowel duration in ms	100.9350287
Baer_Henney_unpublished	tut5	PaMe	voiceless	labial_oe	0.213770684	labial oe	preceding vowel duration in ms	213.7706836
Baer_Henney_unpublished	tut5	NaFo	voiceless	labial_oe	0.115685022	labial oe	preceding vowel duration in ms	115.6850222
Baer_Henney_unpublished	tut4	VaSm	voiceless	labial_u	0.084309489	labial u	preceding vowel duration in ms	84.3094891
Baer_Henney_unpublished	tut7	PiSt	voiceless	labial_o	0.166568951	labial o	preceding vowel duration in ms	166.5689507
Baer_Henney_unpublished	tut4	CaBa	voiceless	labial_u	0.118831556	labial u	preceding vowel duration in ms	118.8315564
Baer_Henney_unpublished	tut4	GaPr	voiceless	labial_u	0.202597903	labial u	preceding vowel duration in ms	202.5979028
Baer_Henney_unpublished	tut1	ImNi	voiceless	labial_u	0.133479278	labial u	preceding vowel duration in ms	133.479278
Baer_Henney_unpublished	tut1	LeVe	voiceless	labial_u	0.102406661	labial u	preceding vowel duration in ms	102.4066611
Baer_Henney_unpublished	tut8	NiBi	voiceless	labial_u	0.144652287	labial u	preceding vowel duration in ms	144.6522873
Baer_Henney_unpublished	tut1	SaBe	voiceless	labial_u	0.11543614	labial u	preceding vowel duration in ms	115.43614
Baer_Henney_unpublished	tut4	VaSm	voiceless	labial_u	0.151841787	labial u	preceding vowel duration in ms	151.8417873
Baer_Henney_unpublished	tut8	ViCo	voiceless	labial_u	0.164546977	labial u	preceding vowel duration in ms	164.546977
Baer_Henney_unpublished	tut8	ViGr	voiceless	labial_u	0.131472305	labial u	preceding vowel duration in ms	131.4723054
Baer_Henney_unpublished	tut5	PaMe	voiceless	labial_y	0.151113759	labial y	preceding vowel duration in ms	151.1137591
Baer_Henney_unpublished	tut5	NaFo	voiceless	labial_y	0.133940235	labial y	preceding vowel duration in ms	133.9402346
Baer_Henney_unpublished	tut4	CaBa	voiceless	labial_a	0.123631121	labial a	preceding vowel duration in ms	123.6311206
Baer_Henney_unpublished	tut4	CaBa	voiceless	labial_ai	0.212831958	labial ai	preceding vowel duration in ms	212.831958
Baer_Henney_unpublished	tut4	VaSm	voiceless	labial_ai	0.148898434	labial ai	preceding vowel duration in ms	148.8984343
Baer_Henney_unpublished	tut7	PiSt	voiceless	labial_o	0.160411221	labial o	preceding vowel duration in ms	160.411221
Baer_Henney_unpublished	tut3	Pred	voiceless	labial_o	0.151951361	labial o	preceding vowel duration in ms	151.9513608
Baer_Henney_unpublished	tut4	GaPr	voiceless	labial_u	0.078276514	labial u	preceding vowel duration in ms	78.2765138
Baer_Henney_unpublished	tut1	ImNi	voiceless	labial_u	0.091458024	labial u	preceding vowel duration in ms	91.4580238
Baer_Henney_unpublished	tut1	LeVe	voiceless	labial_u	0.084871274	labial u	preceding vowel duration in ms	84.8712739
Baer_Henney_unpublished	tut8	NiBi	voiceless	labial_u	0.121289834	labial u	preceding vowel duration in ms	121.2898335
Baer_Henney_unpublished	tut1	SaBe	voiceless	labial_u	0.072147588	labial u	preceding vowel duration in ms	72.1475875
Baer_Henney_unpublished	tut8	ViGr	voiceless	labial_u	0.13043709	labial u	preceding vowel duration in ms	130.4370904
Baer_Henney_unpublished	tut5	PaMe	voiceless	labial_y	0.129490977	labial y	preceding vowel duration in ms	129.4909773
Baer_Henney_unpublished	tut5	NaFo	voiceless	labial_y	0.143148155	labial y	preceding vowel duration in ms	143.1481549
Baer_Henney_unpublished	tut4	CaBa	voiceless	labial_au	0.182392621	labial au	preceding vowel duration in ms	182.3926214
Baer_Henney_unpublished	tut4	GaPr	voiceless	labial_au	0.136570259	labial au	preceding vowel duration in ms	136.5702591
Baer_Henney_unpublished	tut5	PaMe	voiceless	labial_au	0.201239299	labial au	preceding vowel duration in ms	201.2392987
Baer_Henney_unpublished	tut4	VaSm	voiceless	labial_au	0.13553679	labial au	preceding vowel duration in ms	135.53679
Baer_Henney_unpublished	tut5	NaFo	voiceless	labial_au	0.138815608	labial au	preceding vowel duration in ms	138.8156076
Baer_Henney_unpublished	tut3	Pred	voiceless	labial_o	0.135524187	labial o	preceding vowel duration in ms	135.5241866
Baer_Henney_unpublished	tut2	ChBu	voiceless	labial_u	0.181780396	labial u	preceding vowel duration in ms	181.7803957
Baer_Henney_unpublished	tut1	ImNi	voiceless	labial_u	0.106289055	labial u	preceding vowel duration in ms	106.2890547
Baer_Henney_unpublished	tut1	LeVe	voiceless	labial_u	0.105212323	labial u	preceding vowel duration in ms	105.2123231
Baer_Henney_unpublished	tut8	NiBi	voiceless	labial_u	0.234195705	labial u	preceding vowel duration in ms	234.1957051
Baer_Henney_unpublished	tut7	PiSt	voiceless	labial_u	0.24433921	labial u	preceding vowel duration in ms	244.3392096
Baer_Henney_unpublished	tut2	RaRa	voiceless	labial_u	0.073839945	labial u	preceding vowel duration in ms	73.8399448
Baer_Henney_unpublished	tut1	SaBe	voiceless	labial_u	0.079362346	labial u	preceding vowel duration in ms	79.3623463
Baer_Henney_unpublished	tut8	ViGr	voiceless	labial_y	0.13457795	labial y	preceding vowel duration in ms	134.5779504
Baer_Henney_unpublished	tut4	CaBa	voiceless	labial_au	0.176864156	labial au	preceding vowel duration in ms	176.8641556
Baer_Henney_unpublished	tut4	GaPr	voiceless	labial_au	0.17036653	labial au	preceding vowel duration in ms	170.36653
Baer_Henney_unpublished	tut8	NiBi	voiceless	labial_au	0.229285677	labial au	preceding vowel duration in ms	229.2856768
Baer_Henney_unpublished	tut5	PaMe	voiceless	labial_au	0.208856415	labial au	preceding vowel duration in ms	208.856415
Baer_Henney_unpublished	tut4	VaSm	voiceless	labial_au	0.161920157	labial au	preceding vowel duration in ms	161.9201569
Baer_Henney_unpublished	tut8	ViCo	voiceless	labial_au	0.200788474	labial au	preceding vowel duration in ms	200.7884738
Baer_Henney_unpublished	tut8	ViGr	voiceless	labial_au	0.175986551	labial au	preceding vowel duration in ms	175.9865505
Baer_Henney_unpublished	tut5	NaFo	voiceless	labial_au	0.153738804	labial au	preceding vowel duration in ms	153.7388035
Baer_Henney_unpublished	tut2	RaRa	voiceless	labial_i	0.182335988	labial i	preceding vowel duration in ms	182.3359878
Baer_Henney_unpublished	tut1	SaBe	voiceless	labial_o	0.079362346	labial o	preceding vowel duration in ms	79.3623463
Baer_Henney_unpublished	tut3	Pred	voiceless	labial_oi	0.123203806	labial oi	preceding vowel duration in ms	123.203806
Baer_Henney_unpublished	tut1	ImNi	voiceless	labial_u	0.132243359	labial u	preceding vowel duration in ms	132.2433587
Baer_Henney_unpublished	tut1	LeVe	voiceless	labial_u	0.10731657	labial u	preceding vowel duration in ms	107.3165695
Baer_Henney_unpublished	tut7	PiSt	voiceless	labial_u	0.165380046	labial u	preceding vowel duration in ms	165.380046
Baer_Henney_unpublished	tut5	NaFo	voiceless	labial_ai	0.188649743	labial ai	preceding vowel duration in ms	188.6497431
Baer_Henney_unpublished	tut1	ImNi	voiceless	labial_au	0.197747078	labial au	preceding vowel duration in ms	197.7470784
Baer_Henney_unpublished	tut1	LeVe	voiceless	labial_au	0.105212323	labial au	preceding vowel duration in ms	105.2123231
Baer_Henney_unpublished	tut8	NiBi	voiceless	labial_au	0.180955853	labial au	preceding vowel duration in ms	180.9558528
Baer_Henney_unpublished	tut1	SaBe	voiceless	labial_au	0.11543614	labial au	preceding vowel duration in ms	115.43614
Baer_Henney_unpublished	tut8	ViCo	voiceless	labial_au	0.118321779	labial au	preceding vowel duration in ms	118.3217792
Baer_Henney_unpublished	tut8	ViGr	voiceless	labial_au	0.153962388	labial au	preceding vowel duration in ms	153.9623876
Baer_Henney_unpublished	tut5	PaMe	voiceless	labial_ai	0.171016547	labial ai	preceding vowel duration in ms	171.0165469
Baer_Henney_unpublished	tut4	CaBa	voiceless	labial_oi	0.210026185	labial oi	preceding vowel duration in ms	210.0261848
Baer_Henney_unpublished	tut4	GaPr	voiceless	labial_oi	0.24983475	labial oi	preceding vowel duration in ms	249.8347495
Baer_Henney_unpublished	tut4	VaSm	voiceless	labial_oi	0.138420377	labial oi	preceding vowel duration in ms	138.4203774
Baer_Henney_unpublished	tut3	Pred	voiceless	labial_oe	0.156058154	labial oe	preceding vowel duration in ms	156.0581543
Baer_Henney_unpublished	tut7	PiSt	voiceless	labial_u	0.117732417	labial u	preceding vowel duration in ms	117.7324167
Baer_Henney_unpublished	tut2	RaRa	voiceless	labial_ai	0.080552667	labial ai	preceding vowel duration in ms	80.5526671
Baer_Henney_unpublished	tut2	ChBu	voiceless	labial_ai	0.110366669	labial ai	preceding vowel duration in ms	110.3666688
Baer_Henney_unpublished	tut1	ImNi	voiceless	labial_au	0.12977152	labial au	preceding vowel duration in ms	129.7715202
Baer_Henney_unpublished	tut1	LeVe	voiceless	labial_au	0.09328826	labial au	preceding vowel duration in ms	93.2882598
Baer_Henney_unpublished	tut7	PiSt	voiceless	labial_au	0.162100764	labial au	preceding vowel duration in ms	162.100764
Baer_Henney_unpublished	tut1	SaBe	voiceless	labial_au	0.101006623	labial au	preceding vowel duration in ms	101.0066225
Baer_Henney_unpublished	tut8	NiBi	voiceless	labial_ai	0.20032672	labial ai	preceding vowel duration in ms	200.3267198
Baer_Henney_unpublished	tut8	ViGr	voiceless	labial_ai	0.229817731	labial ai	preceding vowel duration in ms	229.8177307
Baer_Henney_unpublished	tut5	PaMe	voiceless	labial_oi	0.24159773	labial oi	preceding vowel duration in ms	241.5977295
Baer_Henney_unpublished	tut4	CaBa	voiceless	labial_i	0.237219029	labial i	preceding vowel duration in ms	237.2190291
Baer_Henney_unpublished	tut4	GaPr	voiceless	labial_i	0.133969358	labial i	preceding vowel duration in ms	133.9693584
Baer_Henney_unpublished	tut4	VaSm	voiceless	labial_i	0.098951289	labial i	preceding vowel duration in ms	98.9512887
Baer_Henney_unpublished	tut5	NaFo	voiceless	labial_oi	0.1438237	labial oi	preceding vowel duration in ms	143.8237002
Baer_Henney_unpublished	tut1	ImNi	voiceless	labial_a	0.14583847	labial a	preceding vowel duration in ms	145.8384704
Baer_Henney_unpublished	tut7	PiSt	voiceless	labial_a	0.142040014	labial a	preceding vowel duration in ms	142.0400139
Baer_Henney_unpublished	tut1	SaBe	voiceless	labial_a	0.140687796	labial a	preceding vowel duration in ms	140.6877956
Baer_Henney_unpublished	tut4	CaBa	voiceless	labial_e	0.190663634	labial e	preceding vowel duration in ms	190.6636341
Baer_Henney_unpublished	tut8	NiBi	voiceless	labial_e	0.131726869	labial e	preceding vowel duration in ms	131.7268692
Baer_Henney_unpublished	tut4	VaSm	voiceless	labial_e	0.150658478	labial e	preceding vowel duration in ms	150.6584779
Baer_Henney_unpublished	tut8	ViCo	voiceless	labial_e	0.103979745	labial e	preceding vowel duration in ms	103.9797454
Baer_Henney_unpublished	tut8	ViGr	voiceless	labial_e	0.180127411	labial e	preceding vowel duration in ms	180.1274106
Baer_Henney_unpublished	tut2	RaRa	voiceless	labial_i	0.126232607	labial i	preceding vowel duration in ms	126.2326069
Baer_Henney_unpublished	tut5	PaMe	voiceless	labial_oe	0.163399431	labial oe	preceding vowel duration in ms	163.3994306
Baer_Henney_unpublished	tut5	NaFo	voiceless	labial_oe	0.157695561	labial oe	preceding vowel duration in ms	157.695561
Baer_Henney_unpublished	tut4	CaBa	voiceless	labial_a	0.285991644	labial a	preceding vowel duration in ms	285.991644
Baer_Henney_unpublished	tut4	GaPr	voiceless	labial_a	0.108623804	labial a	preceding vowel duration in ms	108.6238041
Baer_Henney_unpublished	tut5	NaFo	voiceless	labial_a	0.164154742	labial a	preceding vowel duration in ms	164.1547418
Baer_Henney_unpublished	tut5	PaMe	voiceless	labial_a	0.192823614	labial a	preceding vowel duration in ms	192.8236137
Baer_Henney_unpublished	tut4	VaSm	voiceless	labial_a	0.150040488	labial a	preceding vowel duration in ms	150.0404879
Baer_Henney_unpublished	tut3	Pred	voiceless	labial_au	0.123203806	labial au	preceding vowel duration in ms	123.203806
Baer_Henney_unpublished	tut1	ImNi	voiceless	labial_e	0.091458024	labial e	preceding vowel duration in ms	91.4580238
Baer_Henney_unpublished	tut1	LeVe	voiceless	labial_e	0.082767028	labial e	preceding vowel duration in ms	82.7670275
Baer_Henney_unpublished	tut8	NiBi	voiceless	labial_e	0.125118047	labial e	preceding vowel duration in ms	125.1180468
Baer_Henney_unpublished	tut7	PiSt	voiceless	labial_e	0.140225749	labial e	preceding vowel duration in ms	140.2257485
Baer_Henney_unpublished	tut1	SaBe	voiceless	labial_e	0.097399243	labial e	preceding vowel duration in ms	97.3992431
Baer_Henney_unpublished	tut8	ViCo	voiceless	labial_e	0.145810677	labial e	preceding vowel duration in ms	145.8106774
Baer_Henney_unpublished	tut8	ViGr	voiceless	labial_e	0.197726066	labial e	preceding vowel duration in ms	197.7260656
Baer_Henney_unpublished	tut1	ImNi	voiceless	labial_e	0.093929862	labial e	preceding vowel duration in ms	93.9298623
Baer_Henney_unpublished	tut1	LeVe	voiceless	labial_e	0.077155704	labial e	preceding vowel duration in ms	77.1557036
Baer_Henney_unpublished	tut5	NaFo	voiceless	labial_e	0.139445592	labial e	preceding vowel duration in ms	139.4455918
Baer_Henney_unpublished	tut5	PaMe	voiceless	labial_e	0.163890857	labial e	preceding vowel duration in ms	163.8908574
Baer_Henney_unpublished	tut7	PiSt	voiceless	labial_e	0.102941447	labial e	preceding vowel duration in ms	102.9414473
Baer_Henney_unpublished	tut1	SaBe	voiceless	labial_e	0.108221381	labial e	preceding vowel duration in ms	108.2213813
Baer_Henney_unpublished	tut4	CaBa	voiceless	labial_i	0.163968316	labial i	preceding vowel duration in ms	163.9683161
Baer_Henney_unpublished	tut4	GaPr	voiceless	labial_i	0.087485458	labial i	preceding vowel duration in ms	87.485458
Baer_Henney_unpublished	tut8	NiBi	voiceless	labial_i	0.087892843	labial i	preceding vowel duration in ms	87.8928428
Baer_Henney_unpublished	tut4	VaSm	voiceless	labial_i	0.159702231	labial i	preceding vowel duration in ms	159.7022309
Baer_Henney_unpublished	tut8	ViCo	voiceless	labial_i	0.262937287	labial i	preceding vowel duration in ms	262.9372871
Baer_Henney_unpublished	tut8	ViGr	voiceless	labial_i	0.11387365	labial i	preceding vowel duration in ms	113.8736503
Baer_Henney_unpublished	tut3	Pred	voiceless	labial_o	0.13963098	labial o	preceding vowel duration in ms	139.6309802
Baer_Henney_unpublished	tut4	CaBa	voiceless	labial_e	0.156602765	labial e	preceding vowel duration in ms	156.6027647
Baer_Henney_unpublished	tut4	GaPr	voiceless	labial_e	0.162935706	labial e	preceding vowel duration in ms	162.9357062
Baer_Henney_unpublished	tut7	PiSt	voiceless	labial_e	0.141949104	labial e	preceding vowel duration in ms	141.9491037
Baer_Henney_unpublished	tut1	ImNi	voiceless	labial_i	0.086514347	labial i	preceding vowel duration in ms	86.5143468
Baer_Henney_unpublished	tut1	LeVe	voiceless	labial_i	0.072947211	labial i	preceding vowel duration in ms	72.9472107
Baer_Henney_unpublished	tut5	NaFo	voiceless	labial_i	0.129834208	labial i	preceding vowel duration in ms	129.834208
Baer_Henney_unpublished	tut8	NiBi	voiceless	labial_i	0.21611299	labial i	preceding vowel duration in ms	216.1129899
Baer_Henney_unpublished	tut5	PaMe	voiceless	labial_i	0.102892499	labial i	preceding vowel duration in ms	102.8924986
Baer_Henney_unpublished	tut1	SaBe	voiceless	labial_i	0.072147588	labial i	preceding vowel duration in ms	72.1475875
Baer_Henney_unpublished	tut8	ViCo	voiceless	labial_i	0.126687966	labial i	preceding vowel duration in ms	126.6879656
Baer_Henney_unpublished	tut8	ViGr	voiceless	labial_i	0.183233056	labial i	preceding vowel duration in ms	183.2330556
Baer_Henney_unpublished	tut7	PiSt	voiceless	labial_e	0.149960359	labial e	preceding vowel duration in ms	149.9603593
Baer_Henney_unpublished	tut1	SaBe	voiceless	labial_e	0.104614002	labial e	preceding vowel duration in ms	104.6140019
Baer_Henney_unpublished	tut4	CaBa	voiceless	labial_i	0.160283141	labial i	preceding vowel duration in ms	160.2831411
Baer_Henney_unpublished	tut4	GaPr	voiceless	labial_i	0.087485515	labial i	preceding vowel duration in ms	87.4855154
Baer_Henney_unpublished	tut1	ImNi	voiceless	labial_i	0.102581297	labial i	preceding vowel duration in ms	102.5812969
Baer_Henney_unpublished	tut1	LeVe	voiceless	labial_i	0.092586844	labial i	preceding vowel duration in ms	92.5868443
Baer_Henney_unpublished	tut5	NaFo	voiceless	labial_i	0.140144463	labial i	preceding vowel duration in ms	140.1444629
Baer_Henney_unpublished	tut8	NiBi	voiceless	labial_i	0.135952919	labial i	preceding vowel duration in ms	135.9529189
Baer_Henney_unpublished	tut5	PaMe	voiceless	labial_i	0.133483821	labial i	preceding vowel duration in ms	133.4838205
Baer_Henney_unpublished	tut4	VaSm	voiceless	labial_i	0.095875083	labial i	preceding vowel duration in ms	95.8750833
Baer_Henney_unpublished	tut8	ViGr	voiceless	labial_i	0.112838435	labial i	preceding vowel duration in ms	112.8384353
Baer_Henney_unpublished	tut3	Pred	voiceless	labial_o	0.156058154	labial o	preceding vowel duration in ms	156.0581543
Baer_Henney_unpublished	tut4	CaBa	voiceless	labial_e	0.149233821	labial e	preceding vowel duration in ms	149.2338205
Baer_Henney_unpublished	tut4	GaPr	voiceless	labial_e	0.065909797	labial e	preceding vowel duration in ms	65.9097972
Baer_Henney_unpublished	tut4	VaSm	voiceless	labial_e	0.123135167	labial e	preceding vowel duration in ms	123.1351667
Baer_Henney_unpublished	tut7	PiSt	voiceless	labial_i	0.144684476	labial i	preceding vowel duration in ms	144.6844763
Baer_Henney_unpublished	tut1	ImNi	voiceless	labial_o	0.101345378	labial o	preceding vowel duration in ms	101.3453777
Baer_Henney_unpublished	tut1	LeVe	voiceless	labial_o	0.102406661	labial o	preceding vowel duration in ms	102.4066611
Baer_Henney_unpublished	tut5	NaFo	voiceless	labial_o	0.139641117	labial o	preceding vowel duration in ms	139.6411174
Baer_Henney_unpublished	tut8	NiBi	voiceless	labial_o	0.135952919	labial o	preceding vowel duration in ms	135.9529189
Baer_Henney_unpublished	tut5	PaMe	voiceless	labial_o	0.111492469	labial o	preceding vowel duration in ms	111.4924686
Baer_Henney_unpublished	tut1	SaBe	voiceless	labial_o	0.090184484	labial o	preceding vowel duration in ms	90.1844844
Baer_Henney_unpublished	tut8	ViCo	voiceless	labial_o	0.21034983	labial o	preceding vowel duration in ms	210.3498297
Baer_Henney_unpublished	tut8	ViGr	voiceless	labial_o	0.167704831	labial o	preceding vowel duration in ms	167.7048305
Baer_Henney_unpublished	tut7	PiSt	voiceless	labial_i	0.169652879	labial i	preceding vowel duration in ms	169.652879
Baer_Henney_unpublished	tut4	CaBa	voiceless	labial_o	0.15740706	labial o	preceding vowel duration in ms	157.4070596
Baer_Henney_unpublished	tut4	GaPr	voiceless	labial_o	0.119486185	labial o	preceding vowel duration in ms	119.4861846
Baer_Henney_unpublished	tut1	ImNi	voiceless	labial_o	0.087750266	labial o	preceding vowel duration in ms	87.7502661
Baer_Henney_unpublished	tut1	LeVe	voiceless	labial_o	0.135373189	labial o	preceding vowel duration in ms	135.373189
Baer_Henney_unpublished	tut5	NaFo	voiceless	labial_o	0.157924873	labial o	preceding vowel duration in ms	157.9248727
Baer_Henney_unpublished	tut8	NiBi	voiceless	labial_o	0.09827558	labial o	preceding vowel duration in ms	98.2755804
Baer_Henney_unpublished	tut3	Pred	voiceless	labial_o	0.164271741	labial o	preceding vowel duration in ms	164.2717414
Baer_Henney_unpublished	tut1	SaBe	voiceless	labial_o	0.082969726	labial o	preceding vowel duration in ms	82.9697256
Baer_Henney_unpublished	tut4	VaSm	voiceless	labial_o	0.1489203	labial o	preceding vowel duration in ms	148.9202998
Baer_Henney_unpublished	tut8	ViCo	voiceless	labial_o	0.23305805	labial o	preceding vowel duration in ms	233.0580499
Baer_Henney_unpublished	tut5	PaMe	voiceless	labial_u	0.131149543	labial u	preceding vowel duration in ms	131.1495429
Baer_Henney_unpublished	tut8	ViGr	voiceless	labial_u	0.13043709	labial u	preceding vowel duration in ms	130.4370904
Baer_Henney_unpublished	tut3	Pred	voiceless	labial_e	0.19712609	labial e	preceding vowel duration in ms	197.1260897
Baer_Henney_unpublished	tut2	ChBu	voiceless	labial_i	0.12984314	labial i	preceding vowel duration in ms	129.8431398
Baer_Henney_unpublished	tut2	RaRa	voiceless	labial_i	0.115713223	labial i	preceding vowel duration in ms	115.713223
Baer_Henney_unpublished	tut4	CaBa	voiceless	labial_o	0.161840233	labial o	preceding vowel duration in ms	161.8402327
Baer_Henney_unpublished	tut4	GaPr	voiceless	labial_o	0.08327825	labial o	preceding vowel duration in ms	83.2782498
Baer_Henney_unpublished	tut1	ImNi	voiceless	labial_o	0.111232732	labial o	preceding vowel duration in ms	111.2327316
Baer_Henney_unpublished	tut1	LeVe	voiceless	labial_o	0.097496753	labial o	preceding vowel duration in ms	97.4967527
Baer_Henney_unpublished	tut8	NiBi	voiceless	labial_oo	0.10604879	labial oo	preceding vowel duration in ms	106.0487901
Baer_Henney_unpublished	tut7	PiSt	voiceless	labial_o	0.182021066	labial o	preceding vowel duration in ms	182.0210661
Baer_Henney_unpublished	tut1	SaBe	voiceless	labial_o	0.082969726	labial o	preceding vowel duration in ms	82.9697256
Baer_Henney_unpublished	tut4	VaSm	voiceless	labial_o	0.12058841	labial o	preceding vowel duration in ms	120.5884099
Baer_Henney_unpublished	tut5	NaFo	voiceless	labial_u	0.139546497	labial u	preceding vowel duration in ms	139.5464965
Baer_Henney_unpublished	tut5	PaMe	voiceless	labial_u	0.139749513	labial u	preceding vowel duration in ms	139.749513
Baer_Henney_unpublished	tut8	ViGr	voiceless	labial_u	0.166669616	labial u	preceding vowel duration in ms	166.6696155
Baer_Henney_unpublished	tut2	RaRa	voiceless	labial_a	0.094674455	labial a	preceding vowel duration in ms	94.6744552
Baer_Henney_unpublished	tut8	ViGr	voiceless	labial_e	0.154247036	labial e	preceding vowel duration in ms	154.2470355
Baer_Henney_unpublished	tut4	VaSm	voiceless	labial_e	0.144413938	labial e	preceding vowel duration in ms	144.4139383
Baer_Henney_unpublished	tut4	CaBa	voiced	velar_a	0.186230168	velar a	preceding vowel duration in ms	186.2301682
Baer_Henney_unpublished	tut1	ImNi	voiced	velar_a	0.106289055	velar a	preceding vowel duration in ms	106.2890547
Baer_Henney_unpublished	tut8	NiBi	voiced	velar_a	0.163332326	velar a	preceding vowel duration in ms	163.3323262
Baer_Henney_unpublished	tut7	PiSt	voiced	velar_a	0.168647975	velar a	preceding vowel duration in ms	168.6479748
Baer_Henney_unpublished	tut1	SaBe	voiced	velar_a	0.119043519	velar a	preceding vowel duration in ms	119.0435194
Baer_Henney_unpublished	tut4	VaSm	voiced	velar_a	0.188169378	velar a	preceding vowel duration in ms	188.169378
Baer_Henney_unpublished	tut8	ViCo	voiced	velar_a	0.181665762	velar a	preceding vowel duration in ms	181.665762
Baer_Henney_unpublished	tut8	ViGr	voiced	velar_a	0.148095344	velar a	preceding vowel duration in ms	148.0953441
Baer_Henney_unpublished	tut1	LeVe	voiced	velar_a	0.159922731	velar a	preceding vowel duration in ms	159.9227311
Baer_Henney_unpublished	tut3	Pred	voiced	velar_i	0.131417393	velar i	preceding vowel duration in ms	131.4173931
Baer_Henney_unpublished	tut5	PaMe	voiced	velar_oe	0.17126226	velar oe	preceding vowel duration in ms	171.2622603
Baer_Henney_unpublished	tut5	NaFo	voiced	velar_oe	0.129951032	velar oe	preceding vowel duration in ms	129.9510322
Baer_Henney_unpublished	tut1	ImNi	voiced	velar_o	0.139658874	velar o	preceding vowel duration in ms	139.6588742
Baer_Henney_unpublished	tut1	LeVe	voiced	velar_o	0.109420816	velar o	preceding vowel duration in ms	109.420816
Baer_Henney_unpublished	tut3	Pred	voiced	velar_o	0.1273106	velar o	preceding vowel duration in ms	127.3105996
Baer_Henney_unpublished	tut1	SaBe	voiced	velar_o	0.061325449	velar o	preceding vowel duration in ms	61.3254494
Baer_Henney_unpublished	tut4	CaBa	voiced	velar_u	0.163969933	velar u	preceding vowel duration in ms	163.9699325
Baer_Henney_unpublished	tut4	GaPr	voiced	velar_u	0.09051974	velar u	preceding vowel duration in ms	90.5197397
Baer_Henney_unpublished	tut5	NaFo	voiced	velar_u	0.152525861	velar u	preceding vowel duration in ms	152.5258607
Baer_Henney_unpublished	tut8	NiBi	voiced	velar_u	0.167423502	velar u	preceding vowel duration in ms	167.423502
Baer_Henney_unpublished	tut7	PiSt	voiced	velar_u	0.201330126	velar u	preceding vowel duration in ms	201.330126
Baer_Henney_unpublished	tut8	ViGr	voiced	velar_u	0.1242258	velar u	preceding vowel duration in ms	124.2258004
Baer_Henney_unpublished	tut5	NaFo	voiced	velar_e	0.134731461	velar e	preceding vowel duration in ms	134.7314606
Baer_Henney_unpublished	tut5	PaMe	voiced	velar_e	0.139749513	velar e	preceding vowel duration in ms	139.749513
Baer_Henney_unpublished	tut4	CaBa	voiced	velar_u	0.124361699	velar u	preceding vowel duration in ms	124.3616991
Baer_Henney_unpublished	tut4	CaBa	voiced	velar_u	0.147431764	velar u	preceding vowel duration in ms	147.4317636
Baer_Henney_unpublished	tut4	GaPr	voiced	velar_u	0.137590152	velar u	preceding vowel duration in ms	137.5901519
Baer_Henney_unpublished	tut1	ImNi	voiced	velar_u	0.069211478	velar u	preceding vowel duration in ms	69.2114775
Baer_Henney_unpublished	tut1	LeVe	voiced	velar_u	0.14519702	velar u	preceding vowel duration in ms	145.1970199
Baer_Henney_unpublished	tut8	NiBi	voiced	velar_u	0.196376439	velar u	preceding vowel duration in ms	196.3764385
Baer_Henney_unpublished	tut7	PiSt	voiced	velar_u	0.149040492	velar u	preceding vowel duration in ms	149.0404922
Baer_Henney_unpublished	tut1	SaBe	voiced	velar_u	0.158724693	velar u	preceding vowel duration in ms	158.7246925
Baer_Henney_unpublished	tut4	VaSm	voiced	velar_u	0.175129623	velar u	preceding vowel duration in ms	175.129623
Baer_Henney_unpublished	tut8	ViGr	voiced	velar_u	0.1242258	velar u	preceding vowel duration in ms	124.2258004
Baer_Henney_unpublished	tut4	GaPr	voiced	velar_a	0.145780133	velar a	preceding vowel duration in ms	145.7801329
Baer_Henney_unpublished	tut1	ImNi	voiced	velar_ai	0.182916048	velar ai	preceding vowel duration in ms	182.9160476
Baer_Henney_unpublished	tut1	LeVe	voiced	velar_ai	0.183069442	velar ai	preceding vowel duration in ms	183.0694421
Baer_Henney_unpublished	tut1	SaBe	voiced	velar_ai	0.119043519	velar ai	preceding vowel duration in ms	119.0435194
Baer_Henney_unpublished	tut4	CaBa	voiced	velar_au	0.206180022	velar au	preceding vowel duration in ms	206.1800224
Baer_Henney_unpublished	tut8	NiBi	voiced	velar_au	0.220923493	velar au	preceding vowel duration in ms	220.9234933
Baer_Henney_unpublished	tut4	VaSm	voiced	velar_au	0.223000561	velar au	preceding vowel duration in ms	223.0005614
Baer_Henney_unpublished	tut7	PiSt	voiced	velar_i	0.181254947	velar i	preceding vowel duration in ms	181.254947
Baer_Henney_unpublished	tut3	Pred	voiced	velar_i	0.143737774	velar i	preceding vowel duration in ms	143.7377737
Baer_Henney_unpublished	tut5	PaMe	voiced	velar_y	0.156273741	velar y	preceding vowel duration in ms	156.2737411
Baer_Henney_unpublished	tut5	NaFo	voiced	velar_y	0.158363797	velar y	preceding vowel duration in ms	158.3637969
Baer_Henney_unpublished	tut1	ImNi	voiced	velar_ai	0.153253986	velar ai	preceding vowel duration in ms	153.2539858
Baer_Henney_unpublished	tut1	LeVe	voiced	velar_ai	0.141589641	velar ai	preceding vowel duration in ms	141.5896405
Baer_Henney_unpublished	tut7	PiSt	voiced	velar_ai	0.208128093	velar ai	preceding vowel duration in ms	208.1280926
Baer_Henney_unpublished	tut1	SaBe	voiced	velar_ai	0.126258278	velar ai	preceding vowel duration in ms	126.2582781
Baer_Henney_unpublished	tut4	CaBa	voiced	velar_au	0.177357774	velar au	preceding vowel duration in ms	177.3577742
Baer_Henney_unpublished	tut8	NiBi	voiced	velar_au	0.23144732	velar au	preceding vowel duration in ms	231.4473202
Baer_Henney_unpublished	tut5	PaMe	voiced	velar_au	0.233120616	velar au	preceding vowel duration in ms	233.1206162
Baer_Henney_unpublished	tut4	VaSm	voiced	velar_au	0.145077847	velar au	preceding vowel duration in ms	145.0778473
Baer_Henney_unpublished	tut8	ViCo	voiced	velar_au	0.193617457	velar au	preceding vowel duration in ms	193.6174569
Baer_Henney_unpublished	tut5	NaFo	voiced	velar_au	0.210100667	velar au	preceding vowel duration in ms	210.1006674
Baer_Henney_unpublished	tut3	Pred	voiced	velar_o	0.164271741	velar o	preceding vowel duration in ms	164.2717414
Baer_Henney_unpublished	tut4	GaPr	voiced	velar_u	0.202597903	velar u	preceding vowel duration in ms	202.5979028
Baer_Henney_unpublished	tut7	PiSt	voiced	velar_ai	0.229135484	velar ai	preceding vowel duration in ms	229.1354835
Baer_Henney_unpublished	tut1	ImNi	voiced	velar_au	0.184151967	velar au	preceding vowel duration in ms	184.1519668
Baer_Henney_unpublished	tut1	LeVe	voiced	velar_au	0.149401499	velar au	preceding vowel duration in ms	149.4014987
Baer_Henney_unpublished	tut5	PaMe	voiced	velar_au	0.206399281	velar au	preceding vowel duration in ms	206.3992807
Baer_Henney_unpublished	tut1	SaBe	voiced	velar_au	0.119043519	velar au	preceding vowel duration in ms	119.0435194
Baer_Henney_unpublished	tut5	NaFo	voiced	velar_au	0.233167848	velar au	preceding vowel duration in ms	233.1678484
Baer_Henney_unpublished	tut4	CaBa	voiced	velar_ai	0.220589551	velar ai	preceding vowel duration in ms	220.5895506
Baer_Henney_unpublished	tut4	GaPr	voiced	velar_ai	0.211807037	velar ai	preceding vowel duration in ms	211.8070373
Baer_Henney_unpublished	tut8	NiBi	voiced	velar_ai	0.204379893	velar ai	preceding vowel duration in ms	204.3798934
Baer_Henney_unpublished	tut4	VaSm	voiced	velar_ai	0.168250866	velar ai	preceding vowel duration in ms	168.2508658
Baer_Henney_unpublished	tut8	ViCo	voiced	velar_ai	0.16254305	velar ai	preceding vowel duration in ms	162.5430502
Baer_Henney_unpublished	tut8	ViCo	voiced	velar_ai	0.240229067	velar ai	preceding vowel duration in ms	240.2290669
Baer_Henney_unpublished	tut8	ViGr	voiced	velar_ai	0.180127411	velar ai	preceding vowel duration in ms	180.1274106
Baer_Henney_unpublished	tut3	Pred	voiced	velar_y	0.188912503	velar y	preceding vowel duration in ms	188.9125026
Baer_Henney_unpublished	tut5	NaFo	voiced	velar_ai	0.258749952	velar ai	preceding vowel duration in ms	258.7499523
Baer_Henney_unpublished	tut1	ImNi	voiced	velar_au	0.200218917	velar au	preceding vowel duration in ms	200.2189169
Baer_Henney_unpublished	tut1	LeVe	voiced	velar_au	0.172252365	velar au	preceding vowel duration in ms	172.2523652
Baer_Henney_unpublished	tut8	NiBi	voiced	velar_au	0.199793245	velar au	preceding vowel duration in ms	199.7932446
Baer_Henney_unpublished	tut7	PiSt	voiced	velar_au	0.253983915	velar au	preceding vowel duration in ms	253.983915
Baer_Henney_unpublished	tut1	SaBe	voiced	velar_au	0.194798486	velar au	preceding vowel duration in ms	194.7984863
Baer_Henney_unpublished	tut2	RaRa	voiced	velar_e	0.084155071	velar e	preceding vowel duration in ms	84.1550713
Baer_Henney_unpublished	tut4	CaBa	voiced	velar_ai	0.250565794	velar ai	preceding vowel duration in ms	250.5657937
Baer_Henney_unpublished	tut5	PaMe	voiced	velar_ai	0.228513489	velar ai	preceding vowel duration in ms	228.5134894
Baer_Henney_unpublished	tut4	VaSm	voiced	velar_ai	0.168330373	velar ai	preceding vowel duration in ms	168.330373
Baer_Henney_unpublished	tut8	ViGr	voiced	velar_ai	0.158387896	velar ai	preceding vowel duration in ms	158.3878955
Baer_Henney_unpublished	tut3	Pred	voiced	velar_oi	0.106776632	velar oi	preceding vowel duration in ms	106.7766319
Baer_Henney_unpublished	tut4	CaBa	voiced	velar_a	0.155680949	velar a	preceding vowel duration in ms	155.6809485
Baer_Henney_unpublished	tut4	GaPr	voiced	velar_a	0.199143641	velar a	preceding vowel duration in ms	199.1436409
Baer_Henney_unpublished	tut1	ImNi	voiced	velar_a	0.109996812	velar a	preceding vowel duration in ms	109.9968124
Baer_Henney_unpublished	tut8	NiBi	voiced	velar_a	0.20071538	velar a	preceding vowel duration in ms	200.7153802
Baer_Henney_unpublished	tut1	SaBe	voiced	velar_a	0.097399243	velar a	preceding vowel duration in ms	97.3992431
Baer_Henney_unpublished	tut4	VaSm	voiced	velar_a	0.202743466	velar a	preceding vowel duration in ms	202.7434657
Baer_Henney_unpublished	tut8	ViCo	voiced	velar_a	0.174494745	velar a	preceding vowel duration in ms	174.4947451
Baer_Henney_unpublished	tut8	ViCo	voiced	velar_a	0.188836779	velar a	preceding vowel duration in ms	188.8367789
Baer_Henney_unpublished	tut8	ViGr	voiced	velar_a	0.163563971	velar a	preceding vowel duration in ms	163.5639705
Baer_Henney_unpublished	tut1	LeVe	voiced	velar_a	0.124851957	velar a	preceding vowel duration in ms	124.8519567
Baer_Henney_unpublished	tut2	RaRa	voiced	velar_o	0.129739068	velar o	preceding vowel duration in ms	129.7390682
Baer_Henney_unpublished	tut1	ImNi	voiced	velar_a	0.153253986	velar a	preceding vowel duration in ms	153.2539858
Baer_Henney_unpublished	tut5	NaFo	voiced	velar_a	0.227445812	velar a	preceding vowel duration in ms	227.4458124
Baer_Henney_unpublished	tut5	NaFo	voiced	velar_a	0.180646262	velar a	preceding vowel duration in ms	180.6462615
Baer_Henney_unpublished	tut8	NiBi	voiced	velar_a	0.163764873	velar a	preceding vowel duration in ms	163.7648725
Baer_Henney_unpublished	tut5	PaMe	voiced	velar_a	0.153570893	velar a	preceding vowel duration in ms	153.5708934
Baer_Henney_unpublished	tut7	PiSt	voiced	velar_a	0.170149704	velar a	preceding vowel duration in ms	170.1497043
Baer_Henney_unpublished	tut1	SaBe	voiced	velar_a	0.101006623	velar a	preceding vowel duration in ms	101.0066225
Baer_Henney_unpublished	tut8	ViCo	voiced	velar_a	0.206764321	velar a	preceding vowel duration in ms	206.7643212
Baer_Henney_unpublished	tut8	ViGr	voiced	velar_a	0.178056981	velar a	preceding vowel duration in ms	178.0569805
Baer_Henney_unpublished	tut1	LeVe	voiced	velar_a	0.132216819	velar a	preceding vowel duration in ms	132.2168193
Baer_Henney_unpublished	tut4	CaBa	voiced	velar_i	0.162130808	velar i	preceding vowel duration in ms	162.1308077
Baer_Henney_unpublished	tut4	GaPr	voiced	velar_i	0.076036663	velar i	preceding vowel duration in ms	76.0366629
Baer_Henney_unpublished	tut4	VaSm	voiced	velar_i	0.106115816	velar i	preceding vowel duration in ms	106.1158162
Baer_Henney_unpublished	tut3	Pred	voiced	velar_o	0.156058154	velar o	preceding vowel duration in ms	156.0581543
Baer_Henney_unpublished	tut2	RaRa	voiced	velar_o	0.122726146	velar o	preceding vowel duration in ms	122.7261456
Baer_Henney_unpublished	tut1	ImNi	voiced	velar_a	0.135951116	velar a	preceding vowel duration in ms	135.9511164
Baer_Henney_unpublished	tut1	SaBe	voiced	velar_a	0.104614002	velar a	preceding vowel duration in ms	104.6140019
Baer_Henney_unpublished	tut1	LeVe	voiced	velar_a	0.133970358	velar a	preceding vowel duration in ms	133.970358
Baer_Henney_unpublished	tut8	NiBi	voiced	velar_e	0.147913077	velar e	preceding vowel duration in ms	147.9130769
Baer_Henney_unpublished	tut7	PiSt	voiced	velar_e	0.155650802	velar e	preceding vowel duration in ms	155.6508015
Baer_Henney_unpublished	tut8	ViCo	voiced	velar_e	0.215728092	velar e	preceding vowel duration in ms	215.7280924
Baer_Henney_unpublished	tut4	CaBa	voiced	velar_i	0.189551437	velar i	preceding vowel duration in ms	189.5514366
Baer_Henney_unpublished	tut4	GaPr	voiced	velar_i	0.101382217	velar i	preceding vowel duration in ms	101.3822172
Baer_Henney_unpublished	tut5	NaFo	voiced	velar_i	0.281478816	velar i	preceding vowel duration in ms	281.4788157
Baer_Henney_unpublished	tut5	NaFo	voiced	velar_i	0.143858077	velar i	preceding vowel duration in ms	143.8580766
Baer_Henney_unpublished	tut4	VaSm	voiced	velar_i	0.126110218	velar i	preceding vowel duration in ms	126.1102181
Baer_Henney_unpublished	tut3	Pred	voiced	velar_oi	0.188912503	velar oi	preceding vowel duration in ms	188.9125026
Baer_Henney_unpublished	tut4	CaBa	voiced	velar_e	0.148540729	velar e	preceding vowel duration in ms	148.5407294
Baer_Henney_unpublished	tut4	GaPr	voiced	velar_e	0.101382217	velar e	preceding vowel duration in ms	101.3822172
Baer_Henney_unpublished	tut1	ImNi	voiced	velar_e	0.128535601	velar e	preceding vowel duration in ms	128.535601
Baer_Henney_unpublished	tut1	LeVe	voiced	velar_e	0.183976348	velar e	preceding vowel duration in ms	183.9763482
Baer_Henney_unpublished	tut7	PiSt	voiced	velar_e	0.14630524	velar e	preceding vowel duration in ms	146.3052397
Baer_Henney_unpublished	tut1	SaBe	voiced	velar_e	0.147902554	velar e	preceding vowel duration in ms	147.9025544
Baer_Henney_unpublished	tut2	ChBu	voiced	velar_i	0.116858826	velar i	preceding vowel duration in ms	116.8588258
Baer_Henney_unpublished	tut8	NiBi	voiced	velar_i	0.138245776	velar i	preceding vowel duration in ms	138.2457757
Baer_Henney_unpublished	tut5	PaMe	voiced	velar_i	0.142820931	velar i	preceding vowel duration in ms	142.8209308
Baer_Henney_unpublished	tut2	RaRa	voiced	velar_i	0.077142149	velar i	preceding vowel duration in ms	77.1421487
Baer_Henney_unpublished	tut4	VaSm	voiced	velar_i	0.209555236	velar i	preceding vowel duration in ms	209.5552359
Baer_Henney_unpublished	tut8	ViCo	voiced	velar_i	0.223496694	velar i	preceding vowel duration in ms	223.496694
Baer_Henney_unpublished	tut8	ViGr	voiced	velar_i	0.156317466	velar i	preceding vowel duration in ms	156.3174655
Baer_Henney_unpublished	tut8	ViGr	voiced	velar_i	0.13043709	velar i	preceding vowel duration in ms	130.4370904
Baer_Henney_unpublished	tut3	Pred	voiced	velar_u	0.135524187	velar u	preceding vowel duration in ms	135.5241866
Baer_Henney_unpublished	tut4	CaBa	voiced	velar_e	0.292881693	velar e	preceding vowel duration in ms	292.8816934
Baer_Henney_unpublished	tut4	GaPr	voiced	velar_e	0.137590004	velar e	preceding vowel duration in ms	137.5900043
Baer_Henney_unpublished	tut3	Pred	voiced	velar_e	0.193019296	velar e	preceding vowel duration in ms	193.0192961
Baer_Henney_unpublished	tut4	VaSm	voiced	velar_e	0.121542077	velar e	preceding vowel duration in ms	121.5420766
Baer_Henney_unpublished	tut1	ImNi	voiced	velar_i	0.153253986	velar i	preceding vowel duration in ms	153.2539858
Baer_Henney_unpublished	tut1	LeVe	voiced	velar_i	0.19019451	velar i	preceding vowel duration in ms	190.1945104
Baer_Henney_unpublished	tut5	NaFo	voiced	velar_i	0.157368111	velar i	preceding vowel duration in ms	157.3681108
Baer_Henney_unpublished	tut8	NiBi	voiced	velar_i	0.135920125	velar i	preceding vowel duration in ms	135.9201247
Baer_Henney_unpublished	tut5	PaMe	voiced	velar_i	0.130965258	velar i	preceding vowel duration in ms	130.9652579
Baer_Henney_unpublished	tut7	PiSt	voiced	velar_i	0.192005375	velar i	preceding vowel duration in ms	192.0053745
Baer_Henney_unpublished	tut1	SaBe	voiced	velar_i	0.093791864	velar i	preceding vowel duration in ms	93.7918638
Baer_Henney_unpublished	tut8	ViCo	voiced	velar_i	0.145810677	velar i	preceding vowel duration in ms	145.8106774
Baer_Henney_unpublished	tut2	RaRa	voiced	velar_e	0.196361833	velar e	preceding vowel duration in ms	196.361833
Baer_Henney_unpublished	tut1	ImNi	voiced	velar_i	0.074155154	velar i	preceding vowel duration in ms	74.1551544
Baer_Henney_unpublished	tut1	SaBe	voiced	velar_i	0.097399243	velar i	preceding vowel duration in ms	97.3992431
Baer_Henney_unpublished	tut4	CaBa	voiced	velar_o	0.206347999	velar o	preceding vowel duration in ms	206.3479987
Baer_Henney_unpublished	tut4	GaPr	voiced	velar_o	0.168464327	velar o	preceding vowel duration in ms	168.4643265
Baer_Henney_unpublished	tut5	NaFo	voiced	velar_o	0.239512673	velar o	preceding vowel duration in ms	239.5126731
Baer_Henney_unpublished	tut5	PaMe	voiced	velar_o	0.116591022	velar o	preceding vowel duration in ms	116.5910223
Baer_Henney_unpublished	tut7	PiSt	voiced	velar_o	0.101630863	velar o	preceding vowel duration in ms	101.6308633
Baer_Henney_unpublished	tut4	VaSm	voiced	velar_o	0.141121385	velar o	preceding vowel duration in ms	141.1213854
Baer_Henney_unpublished	tut8	NiBi	voiced	velar_u	0.100607543	velar u	preceding vowel duration in ms	100.6075433
Baer_Henney_unpublished	tut8	ViCo	voiced	velar_u	0.205569152	velar u	preceding vowel duration in ms	205.5691517
Baer_Henney_unpublished	tut8	ViGr	voiced	velar_u	0.153211821	velar u	preceding vowel duration in ms	153.2118205
Baer_Henney_unpublished	tut2	ChBu	voiced	velar_o	0.090890198	velar o	preceding vowel duration in ms	90.8901978
Baer_Henney_unpublished	tut4	GaPr	voiced	velar_o	0.164516769	velar o	preceding vowel duration in ms	164.5167685
Baer_Henney_unpublished	tut7	PiSt	voiced	velar_o	0.1437528	velar o	preceding vowel duration in ms	143.7527997
Baer_Henney_unpublished	tut4	VaSm	voiced	velar_o	0.217079662	velar o	preceding vowel duration in ms	217.0796616
Baer_Henney_unpublished	tut1	LeVe	voiced	velar_o	0.120979435	velar o	preceding vowel duration in ms	120.9794348
Baer_Henney_unpublished	tut2	RaRa	voiced	velar_o	0.127541723	velar o	preceding vowel duration in ms	127.5417229
Baer_Henney_unpublished	tut1	ImNi	voiced	velar_u	0.093929862	velar u	preceding vowel duration in ms	93.9298623
Baer_Henney_unpublished	tut5	NaFo	voiced	velar_u	0.159921276	velar u	preceding vowel duration in ms	159.9212758
Baer_Henney_unpublished	tut8	NiBi	voiced	velar_u	0.170098502	velar u	preceding vowel duration in ms	170.0985016
Baer_Henney_unpublished	tut5	PaMe	voiced	velar_u	0.168559413	velar u	preceding vowel duration in ms	168.5594126
Baer_Henney_unpublished	tut1	SaBe	voiced	velar_u	0.108221381	velar u	preceding vowel duration in ms	108.2213813
Baer_Henney_unpublished	tut8	ViCo	voiced	velar_u	0.136249322	velar u	preceding vowel duration in ms	136.2493215
Baer_Henney_unpublished	tut8	ViGr	voiced	velar_u	0.13871881	velar u	preceding vowel duration in ms	138.7188104
Baer_Henney_unpublished	tut1	ImNi	voiced	velar_o	0.140894793	velar o	preceding vowel duration in ms	140.8947934
Baer_Henney_unpublished	tut1	LeVe	voiced	velar_o	0.120643464	velar o	preceding vowel duration in ms	120.6434638
Baer_Henney_unpublished	tut3	Pred	voiced	velar_o	0.234087232	velar o	preceding vowel duration in ms	234.0872315
Baer_Henney_unpublished	tut1	SaBe	voiced	velar_o	0.05771807	velar o	preceding vowel duration in ms	57.71807
Baer_Henney_unpublished	tut4	CaBa	voiced	velar_u	0.158444125	velar u	preceding vowel duration in ms	158.4441252
Baer_Henney_unpublished	tut4	GaPr	voiced	velar_u	0.09051974	velar u	preceding vowel duration in ms	90.5197397
Baer_Henney_unpublished	tut5	NaFo	voiced	velar_u	0.216248799	velar u	preceding vowel duration in ms	216.2487985
Baer_Henney_unpublished	tut8	NiBi	voiced	velar_u	0.187160053	velar u	preceding vowel duration in ms	187.1600534
Baer_Henney_unpublished	tut5	PaMe	voiced	velar_u	0.275690468	velar u	preceding vowel duration in ms	275.6904678
Baer_Henney_unpublished	tut7	PiSt	voiced	velar_u	0.218412533	velar u	preceding vowel duration in ms	218.4125326
Baer_Henney_unpublished	tut8	ViCo	voiced	velar_u	0.135054152	velar u	preceding vowel duration in ms	135.054152
Baer_Henney_unpublished	tut8	ViGr	voiced	velar_u	0.09109892	velar u	preceding vowel duration in ms	91.0989203
Baer_Henney_unpublished	tut4	VaSm	voiced	velar_y	0.162143472	velar y	preceding vowel duration in ms	162.1434722
Baer_Henney_unpublished	tut2	ChBu	voiceless	velar_a	0.168796082	velar a	preceding vowel duration in ms	168.7960817
Baer_Henney_unpublished	tut2	RaRa	voiceless	velar_u	0.122726146	velar u	preceding vowel duration in ms	122.7261456
Baer_Henney_unpublished	tut4	CaBa	voiceless	velar_a	0.197132755	velar a	preceding vowel duration in ms	197.1327551
Baer_Henney_unpublished	tut4	GaPr	voiceless	velar_a	0.14211617	velar a	preceding vowel duration in ms	142.1161697
Baer_Henney_unpublished	tut1	ImNi	voiceless	velar_a	0.123591924	velar a	preceding vowel duration in ms	123.591924
Baer_Henney_unpublished	tut8	NiBi	voiceless	velar_a	0.241828952	velar a	preceding vowel duration in ms	241.8289521
Baer_Henney_unpublished	tut7	PiSt	voiceless	velar_a	0.119342953	velar a	preceding vowel duration in ms	119.3429531
Baer_Henney_unpublished	tut1	SaBe	voiceless	velar_a	0.101006623	velar a	preceding vowel duration in ms	101.0066225
Baer_Henney_unpublished	tut4	VaSm	voiceless	velar_a	0.196555161	velar a	preceding vowel duration in ms	196.5551607
Baer_Henney_unpublished	tut8	ViCo	voiceless	velar_a	0.227082203	velar a	preceding vowel duration in ms	227.0822025
Baer_Henney_unpublished	tut8	ViGr	voiceless	velar_a	0.193585206	velar a	preceding vowel duration in ms	193.5852056
Baer_Henney_unpublished	tut1	LeVe	voiceless	velar_a	0.157117069	velar a	preceding vowel duration in ms	157.1170691
Baer_Henney_unpublished	tut5	PaMe	voiceless	velar_oe	0.154799461	velar oe	preceding vowel duration in ms	154.7994605
Baer_Henney_unpublished	tut5	NaFo	voiceless	velar_oe	0.211450302	velar oe	preceding vowel duration in ms	211.4503021
Baer_Henney_unpublished	tut3	Pred	voiceless	velar_oi	0.176592122	velar oi	preceding vowel duration in ms	176.592122
Baer_Henney_unpublished	tut1	SaBe	voiceless	velar_ai	0.137080416	velar ai	preceding vowel duration in ms	137.0804163
Baer_Henney_unpublished	tut1	ImNi	voiceless	velar_o	0.066739639	velar o	preceding vowel duration in ms	66.739639
Baer_Henney_unpublished	tut1	LeVe	voiceless	velar_o	0.127657619	velar o	preceding vowel duration in ms	127.6576186
Baer_Henney_unpublished	tut3	Pred	voiceless	velar_o	0.090349458	velar o	preceding vowel duration in ms	90.3494578
Baer_Henney_unpublished	tut2	RaRa	voiceless	velar_o	0.08064861	velar o	preceding vowel duration in ms	80.64861
Baer_Henney_unpublished	tut1	SaBe	voiceless	velar_o	0.086577105	velar o	preceding vowel duration in ms	86.577105
Baer_Henney_unpublished	tut4	CaBa	voiceless	velar_u	0.096288066	velar u	preceding vowel duration in ms	96.2880656
Baer_Henney_unpublished	tut2	ChBu	voiceless	velar_u	0.058429413	velar u	preceding vowel duration in ms	58.4294129
Baer_Henney_unpublished	tut4	GaPr	voiceless	velar_u	0.115865391	velar u	preceding vowel duration in ms	115.8653911
Baer_Henney_unpublished	tut5	NaFo	voiceless	velar_u	0.165831238	velar u	preceding vowel duration in ms	165.8312379
Baer_Henney_unpublished	tut8	NiBi	voiceless	velar_u	0.11572183	velar u	preceding vowel duration in ms	115.7218298
Baer_Henney_unpublished	tut5	PaMe	voiceless	velar_u	0.136002383	velar u	preceding vowel duration in ms	136.0023832
Baer_Henney_unpublished	tut5	PaMe	voiceless	velar_u	0.143742356	velar u	preceding vowel duration in ms	143.7423562
Baer_Henney_unpublished	tut7	PiSt	voiceless	velar_u	0.119081874	velar u	preceding vowel duration in ms	119.0818742
Baer_Henney_unpublished	tut4	VaSm	voiceless	velar_u	0.100265863	velar u	preceding vowel duration in ms	100.2658632
Baer_Henney_unpublished	tut4	VaSm	voiceless	velar_u	0.11171881	velar u	preceding vowel duration in ms	111.7188099
Baer_Henney_unpublished	tut8	ViCo	voiceless	velar_u	0.137444491	velar u	preceding vowel duration in ms	137.444491
Baer_Henney_unpublished	tut8	ViGr	voiceless	velar_u	0.14285967	velar u	preceding vowel duration in ms	142.8596704
Baer_Henney_unpublished	tut2	ChBu	voiceless	velar_ai	0.103874512	velar ai	preceding vowel duration in ms	103.8745118
Baer_Henney_unpublished	tut2	RaRa	voiceless	velar_ai	0.107403556	velar ai	preceding vowel duration in ms	107.4035561
Baer_Henney_unpublished	tut5	NaFo	voiceless	velar_e	0.173471557	velar e	preceding vowel duration in ms	173.4715569
Baer_Henney_unpublished	tut5	PaMe	voiceless	velar_e	0.10135679	velar e	preceding vowel duration in ms	101.3567896
Baer_Henney_unpublished	tut4	GaPr	voiceless	velar_u	0.08288096	velar u	preceding vowel duration in ms	82.8809602
Baer_Henney_unpublished	tut1	ImNi	voiceless	velar_u	0.126063763	velar u	preceding vowel duration in ms	126.0637625
Baer_Henney_unpublished	tut1	LeVe	voiceless	velar_u	0.116434971	velar u	preceding vowel duration in ms	116.4349709
Baer_Henney_unpublished	tut8	NiBi	voiceless	velar_u	0.125657543	velar u	preceding vowel duration in ms	125.6575425
Baer_Henney_unpublished	tut7	PiSt	voiceless	velar_u	0.157721127	velar u	preceding vowel duration in ms	157.7211269
Baer_Henney_unpublished	tut1	SaBe	voiceless	velar_u	0.05771807	velar u	preceding vowel duration in ms	57.71807
Baer_Henney_unpublished	tut4	VaSm	voiceless	velar_u	0.159692089	velar u	preceding vowel duration in ms	159.6920894
Baer_Henney_unpublished	tut8	ViGr	voiceless	velar_u	0.10973279	velar u	preceding vowel duration in ms	109.7327903
Baer_Henney_unpublished	tut1	ImNi	voiceless	velar_ai	0.128535601	velar ai	preceding vowel duration in ms	128.535601
Baer_Henney_unpublished	tut1	LeVe	voiceless	velar_ai	0.116434971	velar ai	preceding vowel duration in ms	116.4349709
Baer_Henney_unpublished	tut1	SaBe	voiceless	velar_ai	0.111828761	velar ai	preceding vowel duration in ms	111.8287606
Baer_Henney_unpublished	tut4	CaBa	voiceless	velar_au	0.208189975	velar au	preceding vowel duration in ms	208.1899747
Baer_Henney_unpublished	tut4	GaPr	voiceless	velar_au	0.19140556	velar au	preceding vowel duration in ms	191.4055599
Baer_Henney_unpublished	tut8	NiBi	voiceless	velar_au	0.216697444	velar au	preceding vowel duration in ms	216.6974436
Baer_Henney_unpublished	tut4	VaSm	voiceless	velar_au	0.175962679	velar au	preceding vowel duration in ms	175.9626789
Baer_Henney_unpublished	tut8	ViCo	voiceless	velar_au	0.16254305	velar au	preceding vowel duration in ms	162.5430502
Baer_Henney_unpublished	tut8	ViGr	voiceless	velar_au	0.211183861	velar au	preceding vowel duration in ms	211.1838606
Baer_Henney_unpublished	tut7	PiSt	voiceless	velar_i	0.167565831	velar i	preceding vowel duration in ms	167.5658309
Baer_Henney_unpublished	tut3	Pred	voiceless	velar_u	0.151951361	velar u	preceding vowel duration in ms	151.9513608
Baer_Henney_unpublished	tut5	PaMe	voiceless	velar_y	0.143189501	velar y	preceding vowel duration in ms	143.189501
Baer_Henney_unpublished	tut5	NaFo	voiceless	velar_y	0.134286155	velar y	preceding vowel duration in ms	134.2861549
Baer_Henney_unpublished	tut1	ImNi	voiceless	velar_ai	0.148310309	velar ai	preceding vowel duration in ms	148.3103088
Baer_Henney_unpublished	tut1	LeVe	voiceless	velar_ai	0.167778587	velar ai	preceding vowel duration in ms	167.7785867
Baer_Henney_unpublished	tut7	PiSt	voiceless	velar_ai	0.200130319	velar ai	preceding vowel duration in ms	200.1303193
Baer_Henney_unpublished	tut3	Pred	voiceless	velar_ai	0.20944647	velar ai	preceding vowel duration in ms	209.4464703
Baer_Henney_unpublished	tut4	CaBa	voiceless	velar_au	0.15605446	velar au	preceding vowel duration in ms	156.0544599
Baer_Henney_unpublished	tut4	GaPr	voiceless	velar_au	0.209881324	velar au	preceding vowel duration in ms	209.8813238
Baer_Henney_unpublished	tut8	NiBi	voiceless	velar_au	0.233057485	velar au	preceding vowel duration in ms	233.0574851
Baer_Henney_unpublished	tut5	PaMe	voiceless	velar_au	0.218807809	velar au	preceding vowel duration in ms	218.8078089
Baer_Henney_unpublished	tut4	VaSm	voiceless	velar_au	0.176835252	velar au	preceding vowel duration in ms	176.8352517
Baer_Henney_unpublished	tut8	ViCo	voiceless	velar_au	0.215130508	velar au	preceding vowel duration in ms	215.1305076
Baer_Henney_unpublished	tut8	ViGr	voiceless	velar_au	0.169775261	velar au	preceding vowel duration in ms	169.7752605
Baer_Henney_unpublished	tut5	NaFo	voiceless	velar_au	0.186619901	velar au	preceding vowel duration in ms	186.6199012
Baer_Henney_unpublished	tut4	CaBa	voiceless	velar_a	0.093113559	velar a	preceding vowel duration in ms	93.1135585
Baer_Henney_unpublished	tut7	PiSt	voiceless	velar_ai	0.193879942	velar ai	preceding vowel duration in ms	193.879942
Baer_Henney_unpublished	tut1	ImNi	voiceless	velar_au	0.088986185	velar au	preceding vowel duration in ms	88.9861853
Baer_Henney_unpublished	tut1	LeVe	voiceless	velar_au	0.174301749	velar au	preceding vowel duration in ms	174.3017485
Baer_Henney_unpublished	tut5	PaMe	voiceless	velar_au	0.223230651	velar au	preceding vowel duration in ms	223.2306506
Baer_Henney_unpublished	tut1	SaBe	voiceless	velar_au	0.090184484	velar au	preceding vowel duration in ms	90.1844844
Baer_Henney_unpublished	tut5	NaFo	voiceless	velar_au	0.194779733	velar au	preceding vowel duration in ms	194.7797333
Baer_Henney_unpublished	tut3	Pred	voiceless	velar_e	0.13963098	velar e	preceding vowel duration in ms	139.6309802
Baer_Henney_unpublished	tut4	GaPr	voiceless	velar_ai	0.206385228	velar ai	preceding vowel duration in ms	206.3852279
Baer_Henney_unpublished	tut8	NiBi	voiceless	velar_ai	0.206128866	velar ai	preceding vowel duration in ms	206.1288656
Baer_Henney_unpublished	tut4	VaSm	voiceless	velar_ai	0.184304306	velar ai	preceding vowel duration in ms	184.3043064
Baer_Henney_unpublished	tut8	ViCo	voiceless	velar_ai	0.243814575	velar ai	preceding vowel duration in ms	243.8145753
Baer_Henney_unpublished	tut8	ViGr	voiceless	velar_ai	0.159423111	velar ai	preceding vowel duration in ms	159.4231105
Baer_Henney_unpublished	tut2	RaRa	voiceless	velar_a	0.046989056	velar a	preceding vowel duration in ms	46.9890558
Baer_Henney_unpublished	tut5	NaFo	voiceless	velar_ai	0.207974344	velar ai	preceding vowel duration in ms	207.9743438
Baer_Henney_unpublished	tut1	ImNi	voiceless	velar_au	0.087750266	velar au	preceding vowel duration in ms	87.7502661
Baer_Henney_unpublished	tut1	LeVe	voiceless	velar_au	0.142036636	velar au	preceding vowel duration in ms	142.0366361
Baer_Henney_unpublished	tut8	NiBi	voiceless	velar_au	0.180921457	velar au	preceding vowel duration in ms	180.9214568
Baer_Henney_unpublished	tut7	PiSt	voiceless	velar_au	0.240856956	velar au	preceding vowel duration in ms	240.8569562
Baer_Henney_unpublished	tut1	SaBe	voiceless	velar_au	0.108221381	velar au	preceding vowel duration in ms	108.2213813
Baer_Henney_unpublished	tut4	CaBa	voiceless	velar_ai	0.230292224	velar ai	preceding vowel duration in ms	230.2922241
Baer_Henney_unpublished	tut4	GaPr	voiceless	velar_ai	0.126853135	velar ai	preceding vowel duration in ms	126.8531346
Baer_Henney_unpublished	tut5	PaMe	voiceless	velar_ai	0.206522137	velar ai	preceding vowel duration in ms	206.5221374
Baer_Henney_unpublished	tut4	VaSm	voiceless	velar_ai	0.125791865	velar ai	preceding vowel duration in ms	125.7918652
Baer_Henney_unpublished	tut8	ViGr	voiceless	velar_ai	0.171845691	velar ai	preceding vowel duration in ms	171.8456905
Baer_Henney_unpublished	tut8	ViCo	voiceless	velar_oi	0.239033897	velar oi	preceding vowel duration in ms	239.0338974
Baer_Henney_unpublished	tut4	CaBa	voiceless	velar_a	0.249638955	velar a	preceding vowel duration in ms	249.6389553
Baer_Henney_unpublished	tut4	GaPr	voiceless	velar_a	0.202764434	velar a	preceding vowel duration in ms	202.7644344
Baer_Henney_unpublished	tut1	ImNi	voiceless	velar_a	0.126063763	velar a	preceding vowel duration in ms	126.0637625
Baer_Henney_unpublished	tut5	NaFo	voiceless	velar_a	0.200182491	velar a	preceding vowel duration in ms	200.1824913
Baer_Henney_unpublished	tut8	NiBi	voiceless	velar_a	0.192599969	velar a	preceding vowel duration in ms	192.5999685
Baer_Henney_unpublished	tut5	PaMe	voiceless	velar_a	0.160328013	velar a	preceding vowel duration in ms	160.3280127
Baer_Henney_unpublished	tut7	PiSt	voiceless	velar_a	0.146276602	velar a	preceding vowel duration in ms	146.2766022
Baer_Henney_unpublished	tut1	SaBe	voiceless	velar_a	0.126258278	velar a	preceding vowel duration in ms	126.2582781
Baer_Henney_unpublished	tut4	VaSm	voiceless	velar_a	0.189080315	velar a	preceding vowel duration in ms	189.0803154
Baer_Henney_unpublished	tut8	ViCo	voiceless	velar_a	0.132663813	velar a	preceding vowel duration in ms	132.663813
Baer_Henney_unpublished	tut8	ViGr	voiceless	velar_a	0.194620421	velar a	preceding vowel duration in ms	194.6204206
Baer_Henney_unpublished	tut1	LeVe	voiceless	velar_a	0.138178851	velar a	preceding vowel duration in ms	138.178851
Baer_Henney_unpublished	tut3	Pred	voiceless	velar_i	0.13963098	velar i	preceding vowel duration in ms	139.6309802
Baer_Henney_unpublished	tut1	ImNi	voiceless	velar_a	0.134715197	velar a	preceding vowel duration in ms	134.7151972
Baer_Henney_unpublished	tut5	NaFo	voiceless	velar_a	0.165731609	velar a	preceding vowel duration in ms	165.7316093
Baer_Henney_unpublished	tut8	NiBi	voiceless	velar_a	0.185057915	velar a	preceding vowel duration in ms	185.0579149
Baer_Henney_unpublished	tut5	PaMe	voiceless	velar_a	0.201239299	velar a	preceding vowel duration in ms	201.2392987
Baer_Henney_unpublished	tut7	PiSt	voiceless	velar_a	0.096553154	velar a	preceding vowel duration in ms	96.5531539
Baer_Henney_unpublished	tut1	SaBe	voiceless	velar_a	0.090184484	velar a	preceding vowel duration in ms	90.1844844
Baer_Henney_unpublished	tut8	ViCo	voiceless	velar_a	0.158957542	velar a	preceding vowel duration in ms	158.9575418
Baer_Henney_unpublished	tut8	ViGr	voiceless	velar_a	0.155282251	velar a	preceding vowel duration in ms	155.2822505
Baer_Henney_unpublished	tut1	LeVe	voiceless	velar_a	0.12274771	velar a	preceding vowel duration in ms	122.7477102
Baer_Henney_unpublished	tut4	CaBa	voiceless	velar_i	0.089355833	velar i	preceding vowel duration in ms	89.3558328
Baer_Henney_unpublished	tut4	GaPr	voiceless	velar_i	0.082881015	velar i	preceding vowel duration in ms	82.8810146
Baer_Henney_unpublished	tut4	VaSm	voiceless	velar_i	0.160073571	velar i	preceding vowel duration in ms	160.0735709
Baer_Henney_unpublished	tut1	ImNi	voiceless	velar_a	0.123591924	velar a	preceding vowel duration in ms	123.591924
Baer_Henney_unpublished	tut1	SaBe	voiceless	velar_a	0.104614002	velar a	preceding vowel duration in ms	104.6140019
Baer_Henney_unpublished	tut1	LeVe	voiceless	velar_a	0.143088759	velar a	preceding vowel duration in ms	143.0887594
Baer_Henney_unpublished	tut8	NiBi	voiceless	velar_e	0.168547451	velar e	preceding vowel duration in ms	168.5474514
Baer_Henney_unpublished	tut7	PiSt	voiceless	velar_e	0.150204392	velar e	preceding vowel duration in ms	150.2043923
Baer_Henney_unpublished	tut8	ViCo	voiceless	velar_e	0.149396186	velar e	preceding vowel duration in ms	149.3961859
Baer_Henney_unpublished	tut8	ViGr	voiceless	velar_e	0.14078924	velar e	preceding vowel duration in ms	140.7892404
Baer_Henney_unpublished	tut4	CaBa	voiceless	velar_i	0.210614959	velar i	preceding vowel duration in ms	210.6149585
Baer_Henney_unpublished	tut4	GaPr	voiceless	velar_i	0.112244598	velar i	preceding vowel duration in ms	112.2445976
Baer_Henney_unpublished	tut5	NaFo	voiceless	velar_i	0.134496301	velar i	preceding vowel duration in ms	134.4963014
Baer_Henney_unpublished	tut5	PaMe	voiceless	velar_i	0.151359473	velar i	preceding vowel duration in ms	151.3594725
Baer_Henney_unpublished	tut5	PaMe	voiceless	velar_i	0.102339643	velar i	preceding vowel duration in ms	102.3396433
Baer_Henney_unpublished	tut4	VaSm	voiceless	velar_i	0.112712945	velar i	preceding vowel duration in ms	112.7129447
Baer_Henney_unpublished	tut3	Pred	voiceless	velar_u	0.110883425	velar u	preceding vowel duration in ms	110.8834254
Baer_Henney_unpublished	tut4	CaBa	voiceless	velar_e	0.138304094	velar e	preceding vowel duration in ms	138.3040938
Baer_Henney_unpublished	tut4	GaPr	voiceless	velar_e	0.097761424	velar e	preceding vowel duration in ms	97.7614237
Baer_Henney_unpublished	tut1	ImNi	voiceless	velar_e	0.071683316	velar e	preceding vowel duration in ms	71.6833159
Baer_Henney_unpublished	tut1	LeVe	voiceless	velar_e	0.098198168	velar e	preceding vowel duration in ms	98.1981682
Baer_Henney_unpublished	tut7	PiSt	voiceless	velar_e	0.199608927	velar e	preceding vowel duration in ms	199.6089268
Baer_Henney_unpublished	tut3	Pred	voiceless	velar_e	0.13963098	velar e	preceding vowel duration in ms	139.6309802
Baer_Henney_unpublished	tut1	SaBe	voiceless	velar_e	0.093791864	velar e	preceding vowel duration in ms	93.7918638
Baer_Henney_unpublished	tut4	VaSm	voiceless	velar_e	0.112596836	velar e	preceding vowel duration in ms	112.5968355
Baer_Henney_unpublished	tut5	NaFo	voiceless	velar_i	0.140819861	velar i	preceding vowel duration in ms	140.8198612
Baer_Henney_unpublished	tut8	NiBi	voiceless	velar_i	0.1723464	velar i	preceding vowel duration in ms	172.3464004
Baer_Henney_unpublished	tut5	PaMe	voiceless	velar_i	0.099329654	velar i	preceding vowel duration in ms	99.3296538
Baer_Henney_unpublished	tut8	ViCo	voiceless	velar_i	0.138639661	velar i	preceding vowel duration in ms	138.6396605
Baer_Henney_unpublished	tut8	ViGr	voiceless	velar_i	0.110768005	velar i	preceding vowel duration in ms	110.7680053
