publication	class	subject	Item	voicing	pair	dur
Baer_Henney_unpublished_2017	tut1	LeKa	alveaolar-voiced-7-u	voiced	alveolar_u	0.311862429
Baer_Henney_unpublished_2017	tut1	AnFo	alveolar-voiced-1-a	voiced	alveolar_a	0.279048963
Baer_Henney_unpublished_2017	tut1	MeNa	alveolar-voiced-1-a	voiced	alveolar_a	0.525912526
Baer_Henney_unpublished_2017	tut1	MoKl	alveolar-voiced-1-a	voiced	alveolar_a	0.196442215
Baer_Henney_unpublished_2017	tut1	LeKa	alveolar-voiced-1-e	voiced	alveolar_e	0.280927476
Baer_Henney_unpublished_2017	tut1	JeRa	alveolar-voiced-1-i	voiced	alveolar_i	0.07652452
Baer_Henney_unpublished_2017	tut1	JeRa	alveolar-voiced-10-i	voiced	alveolar_i	0.051016347
Baer_Henney_unpublished_2017	tut1	AnFo	alveolar-voiced-10-u	voiced	alveolar_u	0.217234319
Baer_Henney_unpublished_2017	tut1	LeKa	alveolar-voiced-10-u	voiced	alveolar_u	0.268898819
Baer_Henney_unpublished_2017	tut1	MoKl	alveolar-voiced-10-u	voiced	alveolar_u	0.205474041
Baer_Henney_unpublished_2017	tut1	RoLa	alveolar-voiced-10-u	voiced	alveolar_u	0.130812015
Baer_Henney_unpublished_2017	tut1	MeNa	alveolar-voiced-10-y	voiced	alveolar_y	0.34029634
Baer_Henney_unpublished_2017	tut1	JeRa	alveolar-voiced-11-o	voiced	alveolar_o	0.086165423
Baer_Henney_unpublished_2017	tut1	AnFo	alveolar-voiced-11-u	voiced	alveolar_u	0.208109301
Baer_Henney_unpublished_2017	tut1	LeKa	alveolar-voiced-11-u	voiced	alveolar_u	0.321723594
Baer_Henney_unpublished_2017	tut1	MeNa	alveolar-voiced-11-u	voiced	alveolar_u	0.433104744
Baer_Henney_unpublished_2017	tut1	MoKl	alveolar-voiced-11-u	voiced	alveolar_u	0.071420013
Baer_Henney_unpublished_2017	tut1	RoLa	alveolar-voiced-11-u	voiced	alveolar_u	0.074900428
Baer_Henney_unpublished_2017	tut1	MoKl	alveolar-voiced-12-a	voiced	alveolar_a	0.249734388
Baer_Henney_unpublished_2017	tut1	AnFo	alveolar-voiced-12-a	voiced	alveolar_a	0.264625546
Baer_Henney_unpublished_2017	tut1	JeRa	alveolar-voiced-12-a	voiced	alveolar_a	0.093529969
Baer_Henney_unpublished_2017	tut1	MeNa	alveolar-voiced-12-a	voiced	alveolar_a	0.433104446
Baer_Henney_unpublished_2017	tut1	RoLa	alveolar-voiced-12-a	voiced	alveolar_a	0.152965663
Baer_Henney_unpublished_2017	tut1	LeKa	alveolar-voiced-12-e	voiced	alveolar_e	0.223701509
Baer_Henney_unpublished_2017	tut1	LeKa	alveolar-voiced-13-e	voiced	alveolar_e	0.206276228
Baer_Henney_unpublished_2017	tut1	MoKl	alveolar-voiced-13-u	voiced	alveolar_u	0.19690511
Baer_Henney_unpublished_2017	tut1	AnFo	alveolar-voiced-13-u	voiced	alveolar_u	0.223710139
Baer_Henney_unpublished_2017	tut1	JeRa	alveolar-voiced-13-u	voiced	alveolar_u	0.085027285
Baer_Henney_unpublished_2017	tut1	MeNa	alveolar-voiced-13-u	voiced	alveolar_u	0.371232441
Baer_Henney_unpublished_2017	tut1	RoLa	alveolar-voiced-13-u	voiced	alveolar_u	0.13089598
Baer_Henney_unpublished_2017	tut1	MoKl	alveolar-voiced-14-e	voiced	alveolar_e	0.180042321
Baer_Henney_unpublished_2017	tut1	AnFo	alveolar-voiced-14-e	voiced	alveolar_e	0.200161704
Baer_Henney_unpublished_2017	tut1	JeRa	alveolar-voiced-14-e	voiced	alveolar_e	0.042513622
Baer_Henney_unpublished_2017	tut1	MeNa	alveolar-voiced-14-e	voiced	alveolar_e	0.464040464
Baer_Henney_unpublished_2017	tut1	RoLa	alveolar-voiced-14-e	voiced	alveolar_e	0.172398688
Baer_Henney_unpublished_2017	tut1	LeKa	alveolar-voiced-14-i	voiced	alveolar_i	0.124856656
Baer_Henney_unpublished_2017	tut1	RoLa	alveolar-voiced-15	voiced	alveolar_o	0.132347998
Baer_Henney_unpublished_2017	tut1	MoKl	alveolar-voiced-15-o	voiced	alveolar_u	0.091140562
Baer_Henney_unpublished_2017	tut1	AnFo	alveolar-voiced-15-o	voiced	alveolar_o	0.186621353
Baer_Henney_unpublished_2017	tut1	LeKa	alveolar-voiced-15-o	voiced	alveolar_o	0.266000101
Baer_Henney_unpublished_2017	tut1	MeNa	alveolar-voiced-15-o	voiced	alveolar_o	0.371232621
Baer_Henney_unpublished_2017	tut1	MoKl	alveolar-voiced-2-a	voiced	alveolar_a	0.175023512
Baer_Henney_unpublished_2017	tut1	AnFo	alveolar-voiced-2-a	voiced	alveolar_a	0.186032642
Baer_Henney_unpublished_2017	tut1	LeKa	alveolar-voiced-2-a	voiced	alveolar_a	0.386331706
Baer_Henney_unpublished_2017	tut1	MeNa	alveolar-voiced-2-a	voiced	alveolar_a	0.309360532
Baer_Henney_unpublished_2017	tut1	RoLa	alveolar-voiced-2-a	voiced	alveolar_a	0.166013551
Baer_Henney_unpublished_2017	tut1	JeRa	alveolar-voiced-2-u	voiced	alveolar_u	0.074415593
Baer_Henney_unpublished_2017	tut1	MoKl	alveolar-voiced-3-e	voiced	alveolar_e	0.184498814
Baer_Henney_unpublished_2017	tut1	AnFo	alveolar-voiced-3-e	voiced	alveolar_e	0.225476272
Baer_Henney_unpublished_2017	tut1	JeRa	alveolar-voiced-3-e	voiced	alveolar_e	0.102032694
Baer_Henney_unpublished_2017	tut1	MeNa	alveolar-voiced-3-e	voiced	alveolar_e	0.525912526
Baer_Henney_unpublished_2017	tut1	RoLa	alveolar-voiced-3-e	voiced	alveolar_e	0.177229182
Baer_Henney_unpublished_2017	tut1	LeKa	alveolar-voiced-3-o	voiced	alveolar_o	0.260118034
Baer_Henney_unpublished_2017	tut1	AnFo	alveolar-voiced-4	voiced	alveolar_e	0.270807011
Baer_Henney_unpublished_2017	tut1	MoKl	alveolar-voiced-4-e	voiced	alveolar_e	0.217120343
Baer_Henney_unpublished_2017	tut1	LeKa	alveolar-voiced-4-e	voiced	alveolar_e	0.286129837
Baer_Henney_unpublished_2017	tut1	MeNa	alveolar-voiced-4-e	voiced	alveolar_e	0.464040464
Baer_Henney_unpublished_2017	tut1	RoLa	alveolar-voiced-4-e	voiced	alveolar_e	0.187306593
Baer_Henney_unpublished_2017	tut1	JeRa	alveolar-voiced-4-y	voiced	alveolar_y	0.102032694
Baer_Henney_unpublished_2017	tut1	MoKl	alveolar-voiced-5-o	voiced	alveolar_o	0.201522617
Baer_Henney_unpublished_2017	tut1	AnFo	alveolar-voiced-5-o	voiced	alveolar_o	0.180145533
Baer_Henney_unpublished_2017	tut1	JeRa	alveolar-voiced-5-o	voiced	alveolar_o	0.059519071
Baer_Henney_unpublished_2017	tut1	MeNa	alveolar-voiced-5-o	voiced	alveolar_o	0.494976495
Baer_Henney_unpublished_2017	tut1	RoLa	alveolar-voiced-5-o	voiced	alveolar_o	0.164209056
Baer_Henney_unpublished_2017	tut1	LeKa	alveolar-voiced-5-oe	voiced	alveolar_oe	0.22890387
Baer_Henney_unpublished_2017	tut1	JeRa	alveolar-voiced-6-a	voiced	alveolar_a	0.059519071
Baer_Henney_unpublished_2017	tut1	LeKa	alveolar-voiced-6-a	voiced	alveolar_a	0.296534558
Baer_Henney_unpublished_2017	tut1	RoLa	alveolar-voiced-6-o	voiced	alveolar_o	0.143526766
Baer_Henney_unpublished_2017	tut1	AnFo	alveolar-voiced-6-oe	voiced	alveolar_oe	0.210464144
Baer_Henney_unpublished_2017	tut1	MoKl	alveolar-voiced-6-oe	voiced	alveolar_oe	0.164711984
Baer_Henney_unpublished_2017	tut1	MeNa	alveolar-voiced-6-oe	voiced	alveolar_oe	0.433104433
Baer_Henney_unpublished_2017	tut1	MoKl	alveolar-voiced-7-u	voiced	alveolar_u	0.162931797
Baer_Henney_unpublished_2017	tut1	AnFo	alveolar-voiced-7-u	voiced	alveolar_u	0.156008387
Baer_Henney_unpublished_2017	tut1	JeRa	alveolar-voiced-7-u	voiced	alveolar_u	0.109665084
Baer_Henney_unpublished_2017	tut1	MeNa	alveolar-voiced-7-u	voiced	alveolar_u	0.433104744
Baer_Henney_unpublished_2017	tut1	RoLa	alveolar-voiced-7-u	voiced	alveolar_u	0.160100359
Baer_Henney_unpublished_2017	tut1	JeRa	alveolar-voiced-8-ei	voiced	alveolar_y	0.07652452
Baer_Henney_unpublished_2017	tut1	RoLa	alveolar-voiced-8-u	voiced	alveolar_u	0.12748064
Baer_Henney_unpublished_2017	tut1	MoKl	alveolar-voiced-8-y	voiced	alveolar_y	0.170089486
Baer_Henney_unpublished_2017	tut1	AnFo	alveolar-voiced-8-y	voiced	alveolar_y	0.240782755
Baer_Henney_unpublished_2017	tut1	LeKa	alveolar-voiced-8-y	voiced	alveolar_y	0.249713312
Baer_Henney_unpublished_2017	tut1	JeRa	alveolar-voiced-9-e	voiced	alveolar_e	0.085027285
Baer_Henney_unpublished_2017	tut1	LeKa	alveolar-voiced-9-o	voiced	alveolar_o	0.252836342
Baer_Henney_unpublished_2017	tut1	RoLa	alveolar-voiced-9-u	voiced	alveolar_u	0.113460024
Baer_Henney_unpublished_2017	tut1	MoKl	alveolar-voiced-9-y	voiced	alveolar_y	0.138850416
Baer_Henney_unpublished_2017	tut1	AnFo	alveolar-voiced-9-y	voiced	alveolar_y	0.130105107
Baer_Henney_unpublished_2017	tut1	MeNa	alveolar-voiced-9-y	voiced	alveolar_y	0.433104534
Baer_Henney_unpublished_2017	tut1	MeNa	alveolar-voiceess-6-oe	voiceless	alveolar_oe	0.433104433
Baer_Henney_unpublished_2017	tut1	MoKl	alveolar-voiceless-1-a	voiceless	alveolar_a	0.194927008
Baer_Henney_unpublished_2017	tut1	AnFo	alveolar-voiceless-1-a	voiceless	alveolar_a	0.224004495
Baer_Henney_unpublished_2017	tut1	MeNa	alveolar-voiceless-1-a	voiceless	alveolar_a	0.742464742
Baer_Henney_unpublished_2017	tut1	RoLa	alveolar-voiceless-1-a	voiceless	alveolar_a	0.188222722
Baer_Henney_unpublished_2017	tut1	JeRa	alveolar-voiceless-1-e	voiceless	alveolar_e	0.068021796
Baer_Henney_unpublished_2017	tut1	LeKa	alveolar-voiceless-1-oe	voiceless	alveolar_oe	0.223701509
Baer_Henney_unpublished_2017	tut1	MoKl	alveolar-voiceless-10-u	voiceless	alveolar_u	0.147656728
Baer_Henney_unpublished_2017	tut1	AnFo	alveolar-voiceless-10-u	voiceless	alveolar_u	0.146000301
Baer_Henney_unpublished_2017	tut1	JeRa	alveolar-voiceless-10-u	voiceless	alveolar_u	0.068021828
Baer_Henney_unpublished_2017	tut1	MeNa	alveolar-voiceless-10-u	voiceless	alveolar_u	0.556848661
Baer_Henney_unpublished_2017	tut1	RoLa	alveolar-voiceless-10-u	voiceless	alveolar_u	0.129090805
Baer_Henney_unpublished_2017	tut1	LeKa	alveolar-voiceless-10-y	voiceless	alveolar_y	0.176880263
Baer_Henney_unpublished_2017	tut1	LeKa	alveolar-voiceless-11-a	voiceless	alveolar_a	0.199102409
Baer_Henney_unpublished_2017	tut1	JeRa	alveolar-voiceless-11-e	voiceless	alveolar_e	0.059519099
Baer_Henney_unpublished_2017	tut1	MoKl	alveolar-voiceless-11-u	voiceless	alveolar_u	0.13016548
Baer_Henney_unpublished_2017	tut1	AnFo	alveolar-voiceless-11-u	voiceless	alveolar_u	0.141879325
Baer_Henney_unpublished_2017	tut1	MeNa	alveolar-voiceless-11-u	voiceless	alveolar_u	0.494976611
Baer_Henney_unpublished_2017	tut1	RoLa	alveolar-voiceless-11-u	voiceless	alveolar_u	0.11755858
Baer_Henney_unpublished_2017	tut1	MoKl	alveolar-voiceless-12-a	voiceless	alveolar_a	0.141113855
Baer_Henney_unpublished_2017	tut1	AnFo	alveolar-voiceless-12-a	voiceless	alveolar_a	0.186326998
Baer_Henney_unpublished_2017	tut1	JeRa	alveolar-voiceless-12-a	voiceless	alveolar_a	0.059519099
Baer_Henney_unpublished_2017	tut1	MeNa	alveolar-voiceless-12-a	voiceless	alveolar_a	0.433104507
Baer_Henney_unpublished_2017	tut1	RoLa	alveolar-voiceless-12-a	voiceless	alveolar_a	0.211597874
Baer_Henney_unpublished_2017	tut1	LeKa	alveolar-voiceless-12-e	voiceless	alveolar_e	0.254915673
Baer_Henney_unpublished_2017	tut1	JeRa	alveolar-voiceless-13-o	voiceless	alveolar_o	0.136043592
Baer_Henney_unpublished_2017	tut1	MoKl	alveolar-voiceless-13-u	voiceless	alveolar_u	0.175615538
Baer_Henney_unpublished_2017	tut1	AnFo	alveolar-voiceless-13-u	voiceless	alveolar_u	0.258444082
Baer_Henney_unpublished_2017	tut1	LeKa	alveolar-voiceless-13-u	voiceless	alveolar_u	0.270522755
Baer_Henney_unpublished_2017	tut1	RoLa	alveolar-voiceless-13-u	voiceless	alveolar_u	0.17622977
Baer_Henney_unpublished_2017	tut1	LeKa	alveolar-voiceless-14-a	voiceless	alveolar_a	0.130059017
Baer_Henney_unpublished_2017	tut1	MoKl	alveolar-voiceless-14-e	voiceless	alveolar_e	0.174991629
Baer_Henney_unpublished_2017	tut1	AnFo	alveolar-voiceless-14-e	voiceless	alveolar_e	0.23725049
Baer_Henney_unpublished_2017	tut1	MeNa	alveolar-voiceless-14-e	voiceless	alveolar_e	0.464040464
Baer_Henney_unpublished_2017	tut1	RoLa	alveolar-voiceless-14-e	voiceless	alveolar_e	0.142777206
Baer_Henney_unpublished_2017	tut1	JeRa	alveolar-voiceless-14-o	voiceless	alveolar_o	0.102032694
Baer_Henney_unpublished_2017	tut1	MoKl	alveolar-voiceless-15-o	voiceless	alveolar_o	0.198135683
Baer_Henney_unpublished_2017	tut1	AnFo	alveolar-voiceless-15-o	voiceless	alveolar_o	0.251379551
Baer_Henney_unpublished_2017	tut1	JeRa	alveolar-voiceless-15-o	voiceless	alveolar_o	0.102032694
Baer_Henney_unpublished_2017	tut1	LeKa	alveolar-voiceless-15-o	voiceless	alveolar_o	0.343355805
Baer_Henney_unpublished_2017	tut1	MoKl	alveolar-voiceless-2-a	voiceless	alveolar_a	0.205592796
Baer_Henney_unpublished_2017	tut1	AnFo	alveolar-voiceless-2-a	voiceless	alveolar_a	0.178379401
Baer_Henney_unpublished_2017	tut1	LeKa	alveolar-voiceless-2-a	voiceless	alveolar_a	0.375514675
Baer_Henney_unpublished_2017	tut1	MeNa	alveolar-voiceless-2-a	voiceless	alveolar_a	0.618721034
Baer_Henney_unpublished_2017	tut1	RoLa	alveolar-voiceless-2-a	voiceless	alveolar_a	0.148872547
Baer_Henney_unpublished_2017	tut1	JeRa	alveolar-voiceless-2-o	voiceless	alveolar_o	0.102032742
Baer_Henney_unpublished_2017	tut1	MoKl	alveolar-voiceless-3-e	voiceless	alveolar_e	0.1575729
Baer_Henney_unpublished_2017	tut1	AnFo	alveolar-voiceless-3-e	voiceless	alveolar_e	0.142173681
Baer_Henney_unpublished_2017	tut1	LeKa	alveolar-voiceless-3-e	voiceless	alveolar_e	0.262617113
Baer_Henney_unpublished_2017	tut1	RoLa	alveolar-voiceless-3-e	voiceless	alveolar_e	0.143461953
Baer_Henney_unpublished_2017	tut1	JeRa	alveolar-voiceless-3-o	voiceless	alveolar_o	0.068021828
Baer_Henney_unpublished_2017	tut1	LeKa	alveolar-voiceless-4-a	voiceless	alveolar_a	0.249713312
Baer_Henney_unpublished_2017	tut1	MoKl	alveolar-voiceless-4-e	voiceless	alveolar_e	0.174380828
Baer_Henney_unpublished_2017	tut1	AnFo	alveolar-voiceless-4-e	voiceless	alveolar_e	0.194863306
Baer_Henney_unpublished_2017	tut1	JeRa	alveolar-voiceless-4-e	voiceless	alveolar_e	0.093529969
Baer_Henney_unpublished_2017	tut1	MeNa	alveolar-voiceless-4-e	voiceless	alveolar_e	0.804336829
Baer_Henney_unpublished_2017	tut1	RoLa	alveolar-voiceless-4-e	voiceless	alveolar_e	0.143915426
Baer_Henney_unpublished_2017	tut1	LeKa	alveolar-voiceless-5-a	voiceless	alveolar_a	0.271346352
Baer_Henney_unpublished_2017	tut1	MoKl	alveolar-voiceless-5-o	voiceless	alveolar_o	0.167882163
Baer_Henney_unpublished_2017	tut1	AnFo	alveolar-voiceless-5-o	voiceless	alveolar_o	0.235484357
Baer_Henney_unpublished_2017	tut1	JeRa	alveolar-voiceless-5-o	voiceless	alveolar_o	0.102032742
Baer_Henney_unpublished_2017	tut1	MeNa	alveolar-voiceless-5-o	voiceless	alveolar_o	0.402168477
Baer_Henney_unpublished_2017	tut1	RoLa	alveolar-voiceless-5-o	voiceless	alveolar_o	0.128738085
Baer_Henney_unpublished_2017	tut1	LeKa	alveolar-voiceless-6-o	voiceless	alveolar_o	0.270522755
Baer_Henney_unpublished_2017	tut1	RoLa	alveolar-voiceless-6-o	voiceless	alveolar_o	0.155269865
Baer_Henney_unpublished_2017	tut1	AnFo	alveolar-voiceless-6-oe	voiceless	alveolar_oe	0.224887561
Baer_Henney_unpublished_2017	tut1	MoKl	alveolar-voiceless-6-oe	voiceless	alveolar_oe	0.169524997
Baer_Henney_unpublished_2017	tut1	JeRa	alveolar-voiceless-6-y	voiceless	alveolar_y	0.102032694
Baer_Henney_unpublished_2017	tut1	MoKl	alveolar-voiceless-7-u	voiceless	alveolar_u	0.195264357
Baer_Henney_unpublished_2017	tut1	AnFo	alveolar-voiceless-7-u	voiceless	alveolar_u	0.211347211
Baer_Henney_unpublished_2017	tut1	JeRa	alveolar-voiceless-7-u	voiceless	alveolar_u	0.110535418
Baer_Henney_unpublished_2017	tut1	LeKa	alveolar-voiceless-7-u	voiceless	alveolar_u	0.140463738
Baer_Henney_unpublished_2017	tut1	MeNa	alveolar-voiceless-7-u	voiceless	alveolar_u	0.804336804
Baer_Henney_unpublished_2017	tut1	RoLa	alveolar-voiceless-7-u	voiceless	alveolar_u	0.260957756
Baer_Henney_unpublished_2017	tut1	LeKa	alveolar-voiceless-8-a	voiceless	alveolar_a	0.208094427
Baer_Henney_unpublished_2017	tut1	JeRa	alveolar-voiceless-8-o	voiceless	alveolar_o	0.110535418
Baer_Henney_unpublished_2017	tut1	RoLa	alveolar-voiceless-8-u	voiceless	alveolar_u	0.158573479
Baer_Henney_unpublished_2017	tut1	MoKl	alveolar-voiceless-8-y	voiceless	alveolar_y	0.12906004
Baer_Henney_unpublished_2017	tut1	AnFo	alveolar-voiceless-8-y	voiceless	alveolar_y	0.232835158
Baer_Henney_unpublished_2017	tut1	MeNa	alveolar-voiceless-8-y	voiceless	alveolar_y	0.587784588
Baer_Henney_unpublished_2017	tut1	LeKa	alveolar-voiceless-9-e	voiceless	alveolar_e	0.208094427
Baer_Henney_unpublished_2017	tut1	MeNa	alveolar-voiceless-9-oe	voiceless	alveolar_oe	0.587784588
Baer_Henney_unpublished_2017	tut1	JeRa	alveolar-voiceless-9-u	voiceless	alveolar_u	0.110535418
Baer_Henney_unpublished_2017	tut1	MoKl	alveolar-voiceless-9-y	voiceless	alveolar_y	0.17424888
Baer_Henney_unpublished_2017	tut1	MeNa	alveolar-voicless-3-i	voiceless	alveolar_i	0.247488348
Baer_Henney_unpublished_2017	tut1	LeKa	labial-vioceless-12-i	voiceless	labial_i	0.244510952
Baer_Henney_unpublished_2017	tut1	MoKl	labial-voiced-1-a	voiced	labial_a	0.208847549
Baer_Henney_unpublished_2017	tut1	AnFo	labial-voiced-1-a	voiced	labial_a	0.165133405
Baer_Henney_unpublished_2017	tut1	MeNa	labial-voiced-1-a	voiced	labial_a	0.835273031
Baer_Henney_unpublished_2017	tut1	RoLa	labial-voiced-1-a	voiced	labial_a	0.202416181
Baer_Henney_unpublished_2017	tut1	JeRa	labial-voiced-1-u	voiced	labial_u	0.076524556
Baer_Henney_unpublished_2017	tut1	LeKa	labial-voiced-1-y	voiced	labial_y	0.251560601
Baer_Henney_unpublished_2017	tut1	MoKl	labial-voiced-10-a	voiced	labial_a	0.199205613
Baer_Henney_unpublished_2017	tut1	AnFo	labial-voiced-10-a	voiced	labial_a	0.192214107
Baer_Henney_unpublished_2017	tut1	JeRa	labial-voiced-10-a	voiced	labial_a	0.076524556
Baer_Henney_unpublished_2017	tut1	MeNa	labial-voiced-10-a	voiced	labial_a	0.464040551
Baer_Henney_unpublished_2017	tut1	RoLa	labial-voiced-10-a	voiced	labial_a	0.159517369
Baer_Henney_unpublished_2017	tut1	LeKa	labial-voiced-10-u	voiced	labial_u	0.187284984
Baer_Henney_unpublished_2017	tut1	JeRa	labial-voiced-11-e	voiced	labial_e	0.110535418
Baer_Henney_unpublished_2017	tut1	MeNa	labial-voiced-11-e	voiced	labial_e	0.556848557
Baer_Henney_unpublished_2017	tut1	MoKl	labial-voiced-11-i	voiced	labial_i	0.147866441
Baer_Henney_unpublished_2017	tut1	AnFo	labial-voiced-11-i	voiced	labial_i	0.20752059
Baer_Henney_unpublished_2017	tut1	RoLa	labial-voiced-11-i	voiced	labial_i	0.186557034
Baer_Henney_unpublished_2017	tut1	LeKa	labial-voiced-11-y	voiced	labial_y	0.175246414
Baer_Henney_unpublished_2017	tut1	LeKa	labial-voiced-12-a	voiced	labial_a	0.343355805
Baer_Henney_unpublished_2017	tut1	JeRa	labial-voiced-12-eu	voiced	labial_i	0.07652452
Baer_Henney_unpublished_2017	tut1	MoKl	labial-voiced-12-i	voiced	labial_i	0.136012169
Baer_Henney_unpublished_2017	tut1	AnFo	labial-voiced-12-i	voiced	labial_i	0.212524632
Baer_Henney_unpublished_2017	tut1	RoLa	labial-voiced-12-i	voiced	labial_i	0.173647953
Baer_Henney_unpublished_2017	tut1	MeNa	labial-voiced-12-oe	voiced	labial_oe	0.556848557
Baer_Henney_unpublished_2017	tut1	JeRa	labial-voiced-13-a	voiced	labial_a	0.085027245
Baer_Henney_unpublished_2017	tut1	MoKl	labial-voiced-13-i	voiced	labial_i	0.209633435
Baer_Henney_unpublished_2017	tut1	AnFo	labial-voiced-13-i	voiced	labial_i	0.234895646
Baer_Henney_unpublished_2017	tut1	MeNa	labial-voiced-13-i	voiced	labial_i	0.587784588
Baer_Henney_unpublished_2017	tut1	LeKa	labial-voiced-13-o	voiced	labial_o	0.296534558
Baer_Henney_unpublished_2017	tut1	MoKl	labial-voiced-14-o	voiced	labial_o	0.165068968
Baer_Henney_unpublished_2017	tut1	AnFo	labial-voiced-14-o	voiced	labial_o	0.157774519
Baer_Henney_unpublished_2017	tut1	JeRa	labial-voiced-14-o	voiced	labial_o	0.068021796
Baer_Henney_unpublished_2017	tut1	MeNa	labial-voiced-14-o	voiced	labial_o	0.402168402
Baer_Henney_unpublished_2017	tut1	RoLa	labial-voiced-14-o	voiced	labial_o	0.206434242
Baer_Henney_unpublished_2017	tut1	LeKa	labial-voiced-14-u	voiced	labial_u	0.286129837
Baer_Henney_unpublished_2017	tut1	MoKl	labial-voiced-15-o	voiced	labial_o	0.149738168
Baer_Henney_unpublished_2017	tut1	AnFo	labial-voiced-15-o	voiced	labial_o	0.261387636
Baer_Henney_unpublished_2017	tut1	JeRa	labial-voiced-15-o	voiced	labial_o	0.07652452
Baer_Henney_unpublished_2017	tut1	LeKa	labial-voiced-15-o	voiced	labial_o	0.338153444
Baer_Henney_unpublished_2017	tut1	MeNa	labial-voiced-15-o	voiced	labial_o	0.618720619
Baer_Henney_unpublished_2017	tut1	RoLa	labial-voiced-15-o	voiced	labial_o	0.189055566
Baer_Henney_unpublished_2017	tut1	JeRa	labial-voiced-2-a	voiced	labial_a	0.076524556
Baer_Henney_unpublished_2017	tut1	MoKl	labial-voiced-2-i	voiced	labial_i	0.128229404
Baer_Henney_unpublished_2017	tut1	AnFo	labial-voiced-2-i	voiced	labial_i	0.117447823
Baer_Henney_unpublished_2017	tut1	MeNa	labial-voiced-2-i	voiced	labial_i	0.402168672
Baer_Henney_unpublished_2017	tut1	RoLa	labial-voiced-2-i	voiced	labial_i	0.106212577
Baer_Henney_unpublished_2017	tut1	LeKa	labial-voiced-3-a	voiced	labial_a	0.223701509
Baer_Henney_unpublished_2017	tut1	MeNa	labial-voiced-3-a	voiced	labial_a	0.649656649
Baer_Henney_unpublished_2017	tut1	MoKl	labial-voiced-3-i	voiced	labial_i	0.11634418
Baer_Henney_unpublished_2017	tut1	AnFo	labial-voiced-3-i	voiced	labial_i	0.174847135
Baer_Henney_unpublished_2017	tut1	RoLa	labial-voiced-3-i	voiced	labial_i	0.1365864
Baer_Henney_unpublished_2017	tut1	JeRa	labial-voiced-3-o	voiced	labial_o	0.07652452
Baer_Henney_unpublished_2017	tut1	LeKa	labial-voiced-4-i	voiced	labial_i	0.218499148
Baer_Henney_unpublished_2017	tut1	MoKl	labial-voiced-4-o	voiced	labial_o	0.204553033
Baer_Henney_unpublished_2017	tut1	AnFo	labial-voiced-4-o	voiced	labial_o	0.295532868
Baer_Henney_unpublished_2017	tut1	RoLa	labial-voiced-4-o	voiced	labial_o	0.191554097
Baer_Henney_unpublished_2017	tut1	MeNa	labial-voiced-4-u	voiced	labial_u	0.34029634
Baer_Henney_unpublished_2017	tut1	JeRa	labial-voiced-4-y	voiced	labial_y	0.059519071
Baer_Henney_unpublished_2017	tut1	JeRa	labial-voiced-5-a	voiced	labial_a	0.102032694
Baer_Henney_unpublished_2017	tut1	MoKl	labial-voiced-5-o	voiced	labial_o	0.230192723
Baer_Henney_unpublished_2017	tut1	AnFo	labial-voiced-5-o	voiced	labial_o	0.242548888
Baer_Henney_unpublished_2017	tut1	LeKa	labial-voiced-5-o	voiced	labial_o	0.161273181
Baer_Henney_unpublished_2017	tut1	RoLa	labial-voiced-5-o	voiced	labial_o	0.182281769
Baer_Henney_unpublished_2017	tut1	MoKl	labial-voiced-6-a	voiced	labial_a	0.237400189
Baer_Henney_unpublished_2017	tut1	JeRa	labial-voiced-6-a	voiced	labial_a	0.093530013
Baer_Henney_unpublished_2017	tut1	LeKa	labial-voiced-6-a	voiced	labial_a	0.286129837
Baer_Henney_unpublished_2017	tut1	MeNa	labial-voiced-6-a	voiced	labial_a	0.371232441
Baer_Henney_unpublished_2017	tut1	RoLa	labial-voiced-6-a	voiced	labial_a	0.172631641
Baer_Henney_unpublished_2017	tut1	AnFo	labial-voiced-7-e	voiced	labial_e	0.096254231
Baer_Henney_unpublished_2017	tut1	LeKa	labial-voiced-7-e	voiced	labial_e	0.171430905
Baer_Henney_unpublished_2017	tut1	RoLa	labial-voiced-7-e	voiced	labial_e	0.111060869
Baer_Henney_unpublished_2017	tut1	MoKl	labial-voiced-7-i	voiced	labial_i	0.130843416
Baer_Henney_unpublished_2017	tut1	MeNa	labial-voiced-7-i	voiced	labial_i	0.556848931
Baer_Henney_unpublished_2017	tut1	JeRa	labial-voiced-7-u	voiced	labial_u	0.042513642
Baer_Henney_unpublished_2017	tut1	MoKl	labial-voiced-8-u	voiced	labial_u	0.249607162
Baer_Henney_unpublished_2017	tut1	AnFo	labial-voiced-8-u	voiced	labial_u	0.217319367
Baer_Henney_unpublished_2017	tut1	JeRa	labial-voiced-8-u	voiced	labial_u	0.109665166
Baer_Henney_unpublished_2017	tut1	MeNa	labial-voiced-8-u	voiced	labial_u	0.247488472
Baer_Henney_unpublished_2017	tut1	RoLa	labial-voiced-8-u	voiced	labial_u	0.190499162
Baer_Henney_unpublished_2017	tut1	JeRa	labial-voiced-9-e	voiced	labial_e	0.102032742
Baer_Henney_unpublished_2017	tut1	LeKa	labial-voiced-9-e	voiced	labial_e	0.260167004
Baer_Henney_unpublished_2017	tut1	MoKl	labial-voiced-9-u	voiced	labial_u	0.164455997
Baer_Henney_unpublished_2017	tut1	AnFo	labial-voiced-9-u	voiced	labial_u	0.146000301
Baer_Henney_unpublished_2017	tut1	MeNa	labial-voiced-9-u	voiced	labial_u	0.556848661
Baer_Henney_unpublished_2017	tut1	RoLa	labial-voiced-9-u	voiced	labial_u	0.089552664
Baer_Henney_unpublished_2017	tut1	MeNa	labial-voiceledd-9-u	voiceless	labial_u	0.464040464
Baer_Henney_unpublished_2017	tut1	MoKl	labial-voiceless-1-a	voiceless	labial_a	0.18663793
Baer_Henney_unpublished_2017	tut1	AnFo	labial-voiceless-1-a	voiceless	labial_a	0.179556822
Baer_Henney_unpublished_2017	tut1	MeNa	labial-voiceless-1-o	voiceless	labial_o	0.464040464
Baer_Henney_unpublished_2017	tut1	LeKa	labial-voiceless-1-oe	voiceless	labial_oe	0.182082624
Baer_Henney_unpublished_2017	tut1	JeRa	labial-voiceless-1-y	voiceless	labial_y	0.093529969
Baer_Henney_unpublished_2017	tut1	MoKl	labial-voiceless-10-a	voiceless	labial_a	0.225598985
Baer_Henney_unpublished_2017	tut1	AnFo	labial-voiceless-10-a	voiceless	labial_a	0.178968111
Baer_Henney_unpublished_2017	tut1	JeRa	labial-voiceless-10-a	voiceless	labial_a	0.093530013
Baer_Henney_unpublished_2017	tut1	LeKa	labial-voiceless-10-a	voiceless	labial_a	0.217864055
Baer_Henney_unpublished_2017	tut1	MeNa	labial-voiceless-10-a	voiceless	labial_a	0.494976827
Baer_Henney_unpublished_2017	tut1	RoLa	labial-voiceless-10-a	voiceless	labial_a	0.214124556
Baer_Henney_unpublished_2017	tut1	MoKl	labial-voiceless-11-i	voiceless	labial_i	0.190916164
Baer_Henney_unpublished_2017	tut1	AnFo	labial-voiceless-11-i	voiceless	labial_i	0.226064983
Baer_Henney_unpublished_2017	tut1	MeNa	labial-voiceless-11-i	voiceless	labial_i	0.433104433
Baer_Henney_unpublished_2017	tut1	RoLa	labial-voiceless-11-i	voiceless	labial_i	0.176146485
Baer_Henney_unpublished_2017	tut1	JeRa	labial-voiceless-11-o	voiceless	labial_o	0.110535418
Baer_Henney_unpublished_2017	tut1	LeKa	labial-voiceless-11-oe	voiceless	labial_oe	0.083237771
Baer_Henney_unpublished_2017	tut1	JeRa	labial-voiceless-12-e	voiceless	labial_e	0.07652452
Baer_Henney_unpublished_2017	tut1	MeNa	labial-voiceless-12-e	voiceless	labial_e	0.433104433
Baer_Henney_unpublished_2017	tut1	MoKl	labial-voiceless-12-i	voiceless	labial_i	0.138775195
Baer_Henney_unpublished_2017	tut1	AnFo	labial-voiceless-12-i	voiceless	labial_i	0.150709989
Baer_Henney_unpublished_2017	tut1	RoLa	labial-voiceless-12-i	voiceless	labial_i	0.117708605
Baer_Henney_unpublished_2017	tut1	MoKl	labial-voiceless-13-i	voiceless	labial_i	0.147886074
Baer_Henney_unpublished_2017	tut1	AnFo	labial-voiceless-13-i	voiceless	labial_i	0.139230126
Baer_Henney_unpublished_2017	tut1	LeKa	labial-voiceless-13-i	voiceless	labial_i	0.193362745
Baer_Henney_unpublished_2017	tut1	RoLa	labial-voiceless-13-i	voiceless	labial_i	0.096693177
Baer_Henney_unpublished_2017	tut1	JeRa	labial-voiceless-13-o	voiceless	labial_o	0.090082033
Baer_Henney_unpublished_2017	tut1	JeRa	labial-voiceless-14-eu	voiceless	labial_o	0.119038199
Baer_Henney_unpublished_2017	tut1	MoKl	labial-voiceless-14-o	voiceless	labial_o	0.099858735
Baer_Henney_unpublished_2017	tut1	AnFo	labial-voiceless-14-o	voiceless	labial_o	0.137758349
Baer_Henney_unpublished_2017	tut1	LeKa	labial-voiceless-14-o	voiceless	labial_o	0.288991729
Baer_Henney_unpublished_2017	tut1	RoLa	labial-voiceless-14-o	voiceless	labial_o	0.121129197
Baer_Henney_unpublished_2017	tut1	MeNa	labial-voiceless-14-u	voiceless	labial_u	0.433104724
Baer_Henney_unpublished_2017	tut1	MoKl	labial-voiceless-15-o	voiceless	labial_o	0.150272947
Baer_Henney_unpublished_2017	tut1	AnFo	labial-voiceless-15-o	voiceless	labial_o	0.272278788
Baer_Henney_unpublished_2017	tut1	MeNa	labial-voiceless-15-o	voiceless	labial_o	0.371232371
Baer_Henney_unpublished_2017	tut1	RoLa	labial-voiceless-15-o	voiceless	labial_o	0.188777951
Baer_Henney_unpublished_2017	tut1	JeRa	labial-voiceless-15-u	voiceless	labial_u	0.119038143
Baer_Henney_unpublished_2017	tut1	LeKa	labial-voiceless-15-y	voiceless	labial_y	0.265320394
Baer_Henney_unpublished_2017	tut1	MoKl	labial-voiceless-2-i	voiceless	labial_i	0.126742663
Baer_Henney_unpublished_2017	tut1	AnFo	labial-voiceless-2-i	voiceless	labial_i	0.176613268
Baer_Henney_unpublished_2017	tut1	LeKa	labial-voiceless-2-i	voiceless	labial_i	0.174810787
Baer_Henney_unpublished_2017	tut1	LeKa	labial-voiceless-2-i	voiceless	labial_i	0.223701509
Baer_Henney_unpublished_2017	tut1	RoLa	labial-voiceless-2-i	voiceless	labial_i	0.138029996
Baer_Henney_unpublished_2017	tut1	MeNa	labial-voiceless-2-u	voiceless	labial_u	0.402168402
Baer_Henney_unpublished_2017	tut1	JeRa	labial-voiceless-2-y	voiceless	labial_y	0.068021796
Baer_Henney_unpublished_2017	tut1	JeRa	labial-voiceless-3-a	voiceless	labial_a	0.07652452
Baer_Henney_unpublished_2017	tut1	MoKl	labial-voiceless-3-i	voiceless	labial_i	0.150985986
Baer_Henney_unpublished_2017	tut1	AnFo	labial-voiceless-3-i	voiceless	labial_i	0.138935771
Baer_Henney_unpublished_2017	tut1	MeNa	labial-voiceless-3-i	voiceless	labial_i	0.494976495
Baer_Henney_unpublished_2017	tut1	RoLa	labial-voiceless-3-i	voiceless	labial_i	0.131922474
Baer_Henney_unpublished_2017	tut1	LeKa	labial-voiceless-3-oe	voiceless	labial_oe	0.249713312
Baer_Henney_unpublished_2017	tut1	MoKl	labial-voiceless-4-o	voiceless	labial_o	0.149500488
Baer_Henney_unpublished_2017	tut1	AnFo	labial-voiceless-4-o	voiceless	labial_o	0.271984432
Baer_Henney_unpublished_2017	tut1	JeRa	labial-voiceless-4-o	voiceless	labial_o	0.093529969
Baer_Henney_unpublished_2017	tut1	RoLa	labial-voiceless-4-o	voiceless	labial_o	0.20413004
Baer_Henney_unpublished_2017	tut1	LeKa	labial-voiceless-4-u	voiceless	labial_u	0.244510952
Baer_Henney_unpublished_2017	tut1	MeNa	labial-voiceless-4-u	voiceless	labial_u	0.556848557
Baer_Henney_unpublished_2017	tut1	JeRa	labial-voiceless-5-a	voiceless	labial_a	0.127540867
Baer_Henney_unpublished_2017	tut1	LeKa	labial-voiceless-5-e	voiceless	labial_e	0.197689706
Baer_Henney_unpublished_2017	tut1	MoKl	labial-voiceless-5-o	voiceless	labial_o	0.176298867
Baer_Henney_unpublished_2017	tut1	AnFo	labial-voiceless-5-o	voiceless	labial_o	0.231952092
Baer_Henney_unpublished_2017	tut1	MeNa	labial-voiceless-5-o	voiceless	labial_o	0.371232371
Baer_Henney_unpublished_2017	tut1	RoLa	labial-voiceless-5-o	voiceless	labial_o	0.215151341
Baer_Henney_unpublished_2017	tut1	MoKl	labial-voiceless-6-a	voiceless	labial_a	0.194959931
Baer_Henney_unpublished_2017	tut1	AnFo	labial-voiceless-6-a	voiceless	labial_a	0.156891453
Baer_Henney_unpublished_2017	tut1	JeRa	labial-voiceless-6-a	voiceless	labial_a	0.051016371
Baer_Henney_unpublished_2017	tut1	MeNa	labial-voiceless-6-a	voiceless	labial_a	0.433104514
Baer_Henney_unpublished_2017	tut1	RoLa	labial-voiceless-6-a	voiceless	labial_a	0.157264809
Baer_Henney_unpublished_2017	tut1	LeKa	labial-voiceless-6-i	voiceless	labial_i	0.166475542
Baer_Henney_unpublished_2017	tut1	MoKl	labial-voiceless-7-e	voiceless	labial_e	0.132684654
Baer_Henney_unpublished_2017	tut1	AnFo	labial-voiceless-7-e	voiceless	labial_e	0.162778562
Baer_Henney_unpublished_2017	tut1	JeRa	labial-voiceless-7-e	voiceless	labial_e	0.051016347
Baer_Henney_unpublished_2017	tut1	RoLa	labial-voiceless-7-e	voiceless	labial_e	0.163487258
Baer_Henney_unpublished_2017	tut1	LeKa	labial-voiceless-7-o	voiceless	labial_o	0.280927476
Baer_Henney_unpublished_2017	tut1	MeNa	labial-voiceless-7-u	voiceless	labial_u	0.587784588
Baer_Henney_unpublished_2017	tut1	MeNa	labial-voiceless-8-e	voiceless	labial_e	0.464040464
Baer_Henney_unpublished_2017	tut1	JeRa	labial-voiceless-8-ei	voiceless	labial_u	0.07652452
Baer_Henney_unpublished_2017	tut1	MoKl	labial-voiceless-8-u	voiceless	labial_u	0.173209031
Baer_Henney_unpublished_2017	tut1	AnFo	labial-voiceless-8-u	voiceless	labial_u	0.227242405
Baer_Henney_unpublished_2017	tut1	RoLa	labial-voiceless-8-u	voiceless	labial_u	0.189471988
Baer_Henney_unpublished_2017	tut1	LeKa	labial-voiceless-9-e	voiceless	labial_e	0.254915673
Baer_Henney_unpublished_2017	tut1	MoKl	labial-voiceless-9-u	voiceless	labial_u	0.136428108
Baer_Henney_unpublished_2017	tut1	AnFo	labial-voiceless-9-u	voiceless	labial_u	0.238427912
Baer_Henney_unpublished_2017	tut1	JeRa	labial-voiceless-9-u	voiceless	labial_u	0.068021796
Baer_Henney_unpublished_2017	tut1	RoLa	labial-voiceless-9-u	voiceless	labial_u	0.19255351
Baer_Henney_unpublished_2017	tut1	LeKa	labial-voiceless8-u	voiceless	labial_u	0.301736919
Baer_Henney_unpublished_2017	tut1	MeNa	laibial-voicless-13-i	voiceless	labial_i	0.556848931
Baer_Henney_unpublished_2017	tut1	MeNa	vealr-voiced-3-e	voiced	velar_e	0.402168496
Baer_Henney_unpublished_2017	tut1	JeRa	vealr-voiceless-8-u	voiceless	velar_u	0.093530013
Baer_Henney_unpublished_2017	tut1	MeNa	vealr-voicless-8-u	voiceless	velar_u	0.402168496
Baer_Henney_unpublished_2017	tut1	MeNa	vela-voiceless-15-i	voiceless	velar_i	0.494976588
Baer_Henney_unpublished_2017	tut1	JeRa	velar-voiced-1-a	voiced	velar_a	0.051016347
Baer_Henney_unpublished_2017	tut1	MoKl	velar-voiced-1-e	voiced	velar_e	0.168098919
Baer_Henney_unpublished_2017	tut1	AnFo	velar-voiced-1-e	voiced	velar_e	0.293766736
Baer_Henney_unpublished_2017	tut1	LeKa	velar-voiced-1-e	voiced	velar_e	0.254915673
Baer_Henney_unpublished_2017	tut1	RoLa	velar-voiced-1-e	voiced	velar_e	0.149245627
Baer_Henney_unpublished_2017	tut1	MeNa	velar-voiced-1-i	voiced	velar_i	0.587784588
Baer_Henney_unpublished_2017	tut1	JeRa	velar-voiced-10-o	voiced	velar_o	0.105748474
Baer_Henney_unpublished_2017	tut1	RoLa	velar-voiced-10-o	voiced	velar_o	0.125925998
Baer_Henney_unpublished_2017	tut1	AnFo	velar-voiced-10-oe	voiced	velar_oe	0.267258918
Baer_Henney_unpublished_2017	tut1	MoKl	velar-voiced-10-oe	voiced	velar_oe	0.142623635
Baer_Henney_unpublished_2017	tut1	LeKa	velar-voiced-10-oe	voiced	velar_oe	0.313844571
Baer_Henney_unpublished_2017	tut1	MeNa	velar-voiced-10-y	voiced	velar_y	0.464040826
Baer_Henney_unpublished_2017	tut1	MoKl	velar-voiced-11-a	voiced	velar_a	0.205236362
Baer_Henney_unpublished_2017	tut1	AnFo	velar-voiced-11-a	voiced	velar_a	0.234306935
Baer_Henney_unpublished_2017	tut1	RoLa	velar-voiced-11-a	voiced	velar_a	0.205212737
Baer_Henney_unpublished_2017	tut1	JeRa	velar-voiced-11-e	voiced	velar_e	0.093529969
Baer_Henney_unpublished_2017	tut1	LeKa	velar-voiced-11-o	voiced	velar_o	0.478617182
Baer_Henney_unpublished_2017	tut1	MeNa	velar-voiced-11-o	voiced	velar_o	0.804336804
Baer_Henney_unpublished_2017	tut1	MoKl	velar-voiced-12-a	voiced	velar_a	0.18681619
Baer_Henney_unpublished_2017	tut1	AnFo	velar-voiced-12-a	voiced	velar_a	0.294355446
Baer_Henney_unpublished_2017	tut1	LeKa	velar-voiced-12-a	voiced	velar_a	0.291332198
Baer_Henney_unpublished_2017	tut1	MeNa	velar-voiced-12-a	voiced	velar_a	0.525912526
Baer_Henney_unpublished_2017	tut1	RoLa	velar-voiced-12-a	voiced	velar_a	0.219593175
Baer_Henney_unpublished_2017	tut1	JeRa	velar-voiced-12-y	voiced	velar_y	0.110535418
Baer_Henney_unpublished_2017	tut1	MoKl	velar-voiced-13-a	voiced	velar_a	0.164711984
Baer_Henney_unpublished_2017	tut1	AnFo	velar-voiced-13-a	voiced	velar_a	0.289351404
Baer_Henney_unpublished_2017	tut1	RoLa	velar-voiced-13-a	voiced	velar_a	0.215873139
Baer_Henney_unpublished_2017	tut1	LeKa	velar-voiced-13-oe	voiced	velar_oe	0.280927476
Baer_Henney_unpublished_2017	tut1	JeRa	velar-voiced-13-u	voiced	velar_u	0.110535418
Baer_Henney_unpublished_2017	tut1	MoKl	velar-voiced-14-a	voiced	velar_a	0.157930625
Baer_Henney_unpublished_2017	tut1	AnFo	velar-voiced-14-a	voiced	velar_a	0.167105422
Baer_Henney_unpublished_2017	tut1	JeRa	velar-voiced-14-a	voiced	velar_a	0.09791529
Baer_Henney_unpublished_2017	tut1	LeKa	velar-voiced-14-a	voiced	velar_a	0.181422816
Baer_Henney_unpublished_2017	tut1	MeNa	velar-voiced-14-a	voiced	velar_a	0.247488456
Baer_Henney_unpublished_2017	tut1	RoLa	velar-voiced-14-a	voiced	velar_a	0.220176166
Baer_Henney_unpublished_2017	tut1	MoKl	velar-voiced-15-i	voiced	velar_i	0.183465695
Baer_Henney_unpublished_2017	tut1	AnFo	velar-voiced-15-i	voiced	velar_i	0.290823181
Baer_Henney_unpublished_2017	tut1	JeRa	velar-voiced-15-i	voiced	velar_i	0.051016371
Baer_Henney_unpublished_2017	tut1	RoLa	velar-voiced-15-i	voiced	velar_i	0.19691206
Baer_Henney_unpublished_2017	tut1	LeKa	velar-voiced-15-o	voiced	velar_o	0.291332198
Baer_Henney_unpublished_2017	tut1	JeRa	velar-voiced-2-i	voiced	velar_i	0.085027245
Baer_Henney_unpublished_2017	tut1	LeKa	velar-voiced-2-i	voiced	velar_i	0.249713312
Baer_Henney_unpublished_2017	tut1	MoKl	velar-voiced-3-e	voiced	velar_e	0.142235477
Baer_Henney_unpublished_2017	tut1	AnFo	velar-voiced-3-e	voiced	velar_e	0.173081002
Baer_Henney_unpublished_2017	tut1	RoLa	velar-voiced-3-e	voiced	velar_e	0.128642175
Baer_Henney_unpublished_2017	tut1	JeRa	velar-voiced-3-u	voiced	velar_u	0.085027285
Baer_Henney_unpublished_2017	tut1	LeKa	velar-voiced-3-y	voiced	velar_y	0.208554983
Baer_Henney_unpublished_2017	tut1	MoKl	velar-voiced-4-e	voiced	velar_e	0.198938706
Baer_Henney_unpublished_2017	tut1	AnFo	velar-voiced-4-e	voiced	velar_e	0.18485522
Baer_Henney_unpublished_2017	tut1	MeNa	velar-voiced-4-e	voiced	velar_e	0.587784698
Baer_Henney_unpublished_2017	tut1	RoLa	velar-voiced-4-e	voiced	velar_e	0.161143223
Baer_Henney_unpublished_2017	tut1	JeRa	velar-voiced-4-u	voiced	velar_u	0.102032742
Baer_Henney_unpublished_2017	tut1	MeNa	velar-voiced-5-e	voiced	velar_e	0.464040464
Baer_Henney_unpublished_2017	tut1	MoKl	velar-voiced-5-o	voiced	velar_o	0.160582301
Baer_Henney_unpublished_2017	tut1	AnFo	velar-voiced-5-o	voiced	velar_o	0.180734244
Baer_Henney_unpublished_2017	tut1	JeRa	velar-voiced-5-u	voiced	velar_u	0.093529969
Baer_Henney_unpublished_2017	tut1	LeKa	velar-voiced-5-u	voiced	velar_u	0.22890387
Baer_Henney_unpublished_2017	tut1	LeKa	velar-voiced-6-i	voiced	velar_i	0.197689706
Baer_Henney_unpublished_2017	tut1	MoKl	velar-voiced-6-o	voiced	velar_o	0.189102292
Baer_Henney_unpublished_2017	tut1	AnFo	velar-voiced-6-o	voiced	velar_o	0.203988324
Baer_Henney_unpublished_2017	tut1	JeRa	velar-voiced-6-o	voiced	velar_o	0.11053547
Baer_Henney_unpublished_2017	tut1	MeNa	velar-voiced-6-o	voiced	velar_o	0.556848661
Baer_Henney_unpublished_2017	tut1	RoLa	velar-voiced-6-o	voiced	velar_o	0.140750619
Baer_Henney_unpublished_2017	tut1	LeKa	velar-voiced-7-a	voiced	velar_a	0.239308591
Baer_Henney_unpublished_2017	tut1	JeRa	velar-voiced-7-ei	voiced	velar_o	0.051016347
Baer_Henney_unpublished_2017	tut1	MoKl	velar-voiced-7-o	voiced	velar_o	0.211297192
Baer_Henney_unpublished_2017	tut1	AnFo	velar-voiced-7-o	voiced	velar_o	0.224887561
Baer_Henney_unpublished_2017	tut1	RoLa	velar-voiced-7-o	voiced	velar_o	0.230392385
Baer_Henney_unpublished_2017	tut1	MoKl	velar-voiced-8-o	voiced	velar_o	0.139074775
Baer_Henney_unpublished_2017	tut1	JeRa	velar-voiced-8-o	voiced	velar_o	0.109665084
Baer_Henney_unpublished_2017	tut1	AnFo	velar-voiced-8-u	voiced	velar_u	0.201339125
Baer_Henney_unpublished_2017	tut1	LeKa	velar-voiced-8-u	voiced	velar_u	0.305878142
Baer_Henney_unpublished_2017	tut1	MeNa	velar-voiced-8-u	voiced	velar_u	0.278424478
Baer_Henney_unpublished_2017	tut1	LeKa	velar-voiced-9-i	voiced	velar_i	0.171677902
Baer_Henney_unpublished_2017	tut1	MoKl	velar-voiced-9-o	voiced	velar_o	0.208178303
Baer_Henney_unpublished_2017	tut1	AnFo	velar-voiced-9-u	voiced	velar_u	0.226948049
Baer_Henney_unpublished_2017	tut1	JeRa	velar-voiced-9-u	voiced	velar_u	0.11053547
Baer_Henney_unpublished_2017	tut1	MeNa	velar-voiced-9-u	voiced	velar_u	0.742464881
Baer_Henney_unpublished_2017	tut1	RoLa	velar-voiced-9-u	voiced	velar_u	0.142943775
Baer_Henney_unpublished_2017	tut1	JeRa	velar-voiceless-1-a	voiceless	velar_a	0.042513622
Baer_Henney_unpublished_2017	tut1	MoKl	velar-voiceless-1-e	voiceless	velar_e	0.156363487
Baer_Henney_unpublished_2017	tut1	AnFo	velar-voiceless-1-e	voiceless	velar_e	0.286407849
Baer_Henney_unpublished_2017	tut1	MeNa	velar-voiceless-1-e	voiceless	velar_e	0.494976495
Baer_Henney_unpublished_2017	tut1	RoLa	velar-voiceless-1-e	voiceless	velar_e	0.158795571
Baer_Henney_unpublished_2017	tut1	LeKa	velar-voiceless-1-u	voiceless	velar_u	0.161273181
Baer_Henney_unpublished_2017	tut1	JeRa	velar-voiceless-10-a	voiceless	velar_a	0.035249491
Baer_Henney_unpublished_2017	tut1	RoLa	velar-voiceless-10-o	voiceless	velar_o	0.146913664
Baer_Henney_unpublished_2017	tut1	AnFo	velar-voiceless-10-oe	voiceless	velar_oe	0.139230126
Baer_Henney_unpublished_2017	tut1	MoKl	velar-voiceless-10-oe	voiceless	velar_oe	0.151533799
Baer_Henney_unpublished_2017	tut1	LeKa	velar-voiceless-10-oe	voiceless	velar_oe	0.297670966
Baer_Henney_unpublished_2017	tut1	AnFo	velar-voiceless-11-a	voiceless	velar_a	0.264331191
Baer_Henney_unpublished_2017	tut1	LeKa	velar-voiceless-11-e	voiceless	velar_e	0.30693928
Baer_Henney_unpublished_2017	tut1	RoLa	velar-voiceless-11-e	voiceless	velar_e	0.189000043
Baer_Henney_unpublished_2017	tut1	MoKl	velar-voiceless-11-i	voiceless	velar_i	0.200542189
Baer_Henney_unpublished_2017	tut1	MeNa	velar-voiceless-11-oe	voiceless	velar_oe	0.371232371
Baer_Henney_unpublished_2017	tut1	JeRa	velar-voiceless-11-u	voiceless	velar_u	0.085027245
Baer_Henney_unpublished_2017	tut1	MoKl	velar-voiceless-12-a	voiceless	velar_a	0.185631917
Baer_Henney_unpublished_2017	tut1	AnFo	velar-voiceless-12-a	voiceless	velar_a	0.275516698
Baer_Henney_unpublished_2017	tut1	JeRa	velar-voiceless-12-a	voiceless	velar_a	0.068021828
Baer_Henney_unpublished_2017	tut1	MeNa	velar-voiceless-12-a	voiceless	velar_a	0.618720735
Baer_Henney_unpublished_2017	tut1	LeKa	velar-voiceless-12-u	voiceless	velar_u	0.104047213
Baer_Henney_unpublished_2017	tut1	MoKl	velar-voiceless-13-a	voiceless	velar_a	0.168589133
Baer_Henney_unpublished_2017	tut1	AnFo	velar-voiceless-13-a	voiceless	velar_a	0.190153618
Baer_Henney_unpublished_2017	tut1	JeRa	velar-voiceless-13-a	voiceless	velar_a	0.059519071
Baer_Henney_unpublished_2017	tut1	MeNa	velar-voiceless-13-a	voiceless	velar_a	0.494976495
Baer_Henney_unpublished_2017	tut1	RoLa	velar-voiceless-13-a	voiceless	velar_a	0.223757395
Baer_Henney_unpublished_2017	tut1	LeKa	velar-voiceless-13-o	voiceless	velar_o	0.161273181
Baer_Henney_unpublished_2017	tut1	MoKl	velar-voiceless-14-a	voiceless	velar_a	0.176060754
Baer_Henney_unpublished_2017	tut1	AnFo	velar-voiceless-14-a	voiceless	velar_a	0.182206021
Baer_Henney_unpublished_2017	tut1	JeRa	velar-voiceless-14-a	voiceless	velar_a	0.119038199
Baer_Henney_unpublished_2017	tut1	MeNa	velar-voiceless-14-a	voiceless	velar_a	0.371232441
Baer_Henney_unpublished_2017	tut1	RoLa	velar-voiceless-14-a	voiceless	velar_a	0.183437466
Baer_Henney_unpublished_2017	tut1	LeKa	velar-voiceless-14-e	voiceless	velar_e	0.177387606
Baer_Henney_unpublished_2017	tut1	LeKa	velar-voiceless-15-a	voiceless	velar_a	0.249713312
Baer_Henney_unpublished_2017	tut1	MoKl	velar-voiceless-15-i	voiceless	velar_i	0.13527832
Baer_Henney_unpublished_2017	tut1	AnFo	velar-voiceless-15-i	voiceless	velar_i	0.165722116
Baer_Henney_unpublished_2017	tut1	JeRa	velar-voiceless-15-i	voiceless	velar_i	0.093530013
Baer_Henney_unpublished_2017	tut1	RoLa	velar-voiceless-15-i	voiceless	velar_i	0.165961782
Baer_Henney_unpublished_2017	tut1	MoKl	velar-voiceless-2-a	voiceless	velar_a	0.19520709
Baer_Henney_unpublished_2017	tut1	AnFo	velar-voiceless-2-a	voiceless	velar_a	0.173669713
Baer_Henney_unpublished_2017	tut1	LeKa	velar-voiceless-2-a	voiceless	velar_a	0.288688747
Baer_Henney_unpublished_2017	tut1	RoLa	velar-voiceless-2-a	voiceless	velar_a	0.231505932
Baer_Henney_unpublished_2017	tut1	JeRa	velar-voiceless-2-o	voiceless	velar_o	0.059519099
Baer_Henney_unpublished_2017	tut1	MeNa	velar-voiceless-2a	voiceless	velar_a	0.340296569
Baer_Henney_unpublished_2017	tut1	LeKa	velar-voiceless-3-a	voiceless	velar_a	0.15607082
Baer_Henney_unpublished_2017	tut1	AnFo	velar-voiceless-3-e	voiceless	velar_e	0.165722116
Baer_Henney_unpublished_2017	tut1	JeRa	velar-voiceless-3-e	voiceless	velar_e	0.068021828
Baer_Henney_unpublished_2017	tut1	RoLa	velar-voiceless-3-e	voiceless	velar_e	0.189471988
Baer_Henney_unpublished_2017	tut1	MoKl	velar-voiceless-3-i	voiceless	velar_i	0.171883042
Baer_Henney_unpublished_2017	tut1	MeNa	velar-voiceless-3-i	voiceless	velar_i	0.556848661
Baer_Henney_unpublished_2017	tut1	LeKa	velar-voiceless-4-a	voiceless	velar_a	0.254915673
Baer_Henney_unpublished_2017	tut1	MoKl	velar-voiceless-4-e	voiceless	velar_e	0.17130833
Baer_Henney_unpublished_2017	tut1	AnFo	velar-voiceless-4-e	voiceless	velar_e	0.269923944
Baer_Henney_unpublished_2017	tut1	JeRa	velar-voiceless-4-e	voiceless	velar_e	0.051016371
Baer_Henney_unpublished_2017	tut1	MeNa	velar-voiceless-4-e	voiceless	velar_e	0.711528845
Baer_Henney_unpublished_2017	tut1	RoLa	velar-voiceless-4-e	voiceless	velar_e	0.170566431
Baer_Henney_unpublished_2017	tut1	MeNa	velar-voiceless-5-e	voiceless	velar_e	0.464040464
Baer_Henney_unpublished_2017	tut1	JeRa	velar-voiceless-5-i	voiceless	velar_i	0.07652452
Baer_Henney_unpublished_2017	tut1	MeNa	velar-voiceless-5-i	voiceless	velar_i	0.556848557
Baer_Henney_unpublished_2017	tut1	MoKl	velar-voiceless-5-o	voiceless	velar_o	0.151699025
Baer_Henney_unpublished_2017	tut1	AnFo	velar-voiceless-5-o	voiceless	velar_o	0.220766585
Baer_Henney_unpublished_2017	tut1	LeKa	velar-voiceless-5-o	voiceless	velar_o	0.447403018
Baer_Henney_unpublished_2017	tut1	RoLa	velar-voiceless-5-o	voiceless	velar_o	0.212208626
Baer_Henney_unpublished_2017	tut1	LeKa	velar-voiceless-6-a	voiceless	velar_a	0.145666099
Baer_Henney_unpublished_2017	tut1	MoKl	velar-voiceless-6-o	voiceless	velar_o	0.129442784
Baer_Henney_unpublished_2017	tut1	AnFo	velar-voiceless-6-o	voiceless	velar_o	0.215762542
Baer_Henney_unpublished_2017	tut1	JeRa	velar-voiceless-6-o	voiceless	velar_o	0.076524556
Baer_Henney_unpublished_2017	tut1	MeNa	velar-voiceless-6-o	voiceless	velar_o	0.928081102
Baer_Henney_unpublished_2017	tut1	RoLa	velar-voiceless-6-o	voiceless	velar_o	0.185974043
Baer_Henney_unpublished_2017	tut1	JeRa	velar-voiceless-7-a	voiceless	velar_a	0.082248813
Baer_Henney_unpublished_2017	tut1	MoKl	velar-voiceless-7-o	voiceless	velar_o	0.096220558
Baer_Henney_unpublished_2017	tut1	AnFo	velar-voiceless-7-o	voiceless	velar_o	0.208403656
Baer_Henney_unpublished_2017	tut1	LeKa	velar-voiceless-7-o	voiceless	velar_o	0.343284148
Baer_Henney_unpublished_2017	tut1	RoLa	velar-voiceless-7-o	voiceless	velar_o	0.16656878
Baer_Henney_unpublished_2017	tut1	LeKa	velar-voiceless-8-e	voiceless	velar_e	0.202426099
Baer_Henney_unpublished_2017	tut1	MoKl	velar-voiceless-8-o	voiceless	velar_o	0.166089689
Baer_Henney_unpublished_2017	tut1	AnFo	velar-voiceless-8-u	voiceless	velar_u	0.160129363
Baer_Henney_unpublished_2017	tut1	RoLa	velar-voiceless-8-u	voiceless	velar_u	0.176937658
Baer_Henney_unpublished_2017	tut1	JeRa	velar-voiceless-9-e	voiceless	velar_e	0.068021796
Baer_Henney_unpublished_2017	tut1	MeNa	velar-voiceless-9-e	voiceless	velar_e	0.433104433
Baer_Henney_unpublished_2017	tut1	MoKl	velar-voiceless-9-o	voiceless	velar_o	0.218665261
Baer_Henney_unpublished_2017	tut1	AnFo	velar-voiceless-9-o	voiceless	velar_o	0.229008537
Baer_Henney_unpublished_2017	tut1	AnFo	velar-voiceless-9-u	voiceless	velar_u	0.219589163
Baer_Henney_unpublished_2017	tut1	AnFo	velar-voiceless-9-u	voiceless	velar_u	0.18161731
Baer_Henney_unpublished_2017	tut1	LeKa	velar-voiceless-9-u	voiceless	velar_u	0.338153444
Baer_Henney_unpublished_2017	tut1	RoLa	velar-voiceless-9-u	voiceless	velar_u	0.158073772
Baer_Henney_unpublished_2017	tut1	MeNa	velar-voicless-10-y	voiceless	velar_y	0.433104724
Baer_Henney_unpublished_2017	tut1	MeNa	velar-voicless-7-o	voiceless	velar_o	0.371232638
Baer_Henney_unpublished_2017	tut1	MeNa	velar-voived-15-i	voiced	velar_i	0.680592808
Baer_Henney_unpublished_2017	tut1	LeKa	velkar-voiced-4-u	voiced	velar_u	0.269783715
Baer_Henney_unpublished_2017	tut10	JoOr	alvelar-voiceless-8-o	voiceless	alveolar_o	0.096614484
Baer_Henney_unpublished_2017	tut10	DiAf	alveolar-voiced-1-a	voiced	alveolar_a	0.164586684
Baer_Henney_unpublished_2017	tut10	FrWi	alveolar-voiced-1-a	voiced	alveolar_a	0.281375591
Baer_Henney_unpublished_2017	tut10	JoOr	alveolar-voiced-1-a	voiced	alveolar_a	0.150289197
Baer_Henney_unpublished_2017	tut10	MiAm	alveolar-voiced-1-a	voiced	alveolar_a	0.276201302
Baer_Henney_unpublished_2017	tut10	SaKo	alveolar-voiced-1-a	voiced	alveolar_a	0.156623269
Baer_Henney_unpublished_2017	tut10	DiAf	alveolar-voiced-10-o	voiced	alveolar_o	0.196151254
Baer_Henney_unpublished_2017	tut10	FrWi	alveolar-voiced-10-o	voiced	alveolar_o	0.266946074
Baer_Henney_unpublished_2017	tut10	JoOr	alveolar-voiced-10-o	voiced	alveolar_o	0.19936322
Baer_Henney_unpublished_2017	tut10	SaKo	alveolar-voiced-10-o	voiced	alveolar_o	0.190405972
Baer_Henney_unpublished_2017	tut10	DiAf	alveolar-voiced-11-u	voiced	alveolar_u	0.153764546
Baer_Henney_unpublished_2017	tut10	FrWi	alveolar-voiced-11-u	voiced	alveolar_u	0.23087228
Baer_Henney_unpublished_2017	tut10	JoOr	alveolar-voiced-11-u	voiced	alveolar_u	0.110416553
Baer_Henney_unpublished_2017	tut10	SaKo	alveolar-voiced-11-u	voiced	alveolar_u	0.166789727
Baer_Henney_unpublished_2017	tut10	SaKo	alveolar-voiced-12-oe	voiced	alveolar_oe	0.121632964
Baer_Henney_unpublished_2017	tut10	FrWi	alveolar-voiced-12-y	voiced	alveolar_y	0.180368969
Baer_Henney_unpublished_2017	tut10	DiAf	alveolar-voiced-12-y	voiced	alveolar_y	0.121749054
Baer_Henney_unpublished_2017	tut10	JoOr	alveolar-voiced-12-y	voiced	alveolar_y	0.1042823
Baer_Henney_unpublished_2017	tut10	FrWi	alveolar-voiced-13-y	voiced	alveolar_y	0.23087228
Baer_Henney_unpublished_2017	tut10	DiAf	alveolar-voiced-13-y	voiced	alveolar_y	0.153764546
Baer_Henney_unpublished_2017	tut10	JoOr	alveolar-voiced-13-y	voiced	alveolar_y	0.077142149
Baer_Henney_unpublished_2017	tut10	SaKo	alveolar-voiced-14-oe	voiced	alveolar_oe	0.147733646
Baer_Henney_unpublished_2017	tut10	FrWi	alveolar-voiced-14-y	voiced	alveolar_y	0.202013245
Baer_Henney_unpublished_2017	tut10	DiAf	alveolar-voiced-14-y	voiced	alveolar_y	0.165488529
Baer_Henney_unpublished_2017	tut10	JoOr	alveolar-voiced-14-y	voiced	alveolar_y	0.124218622
Baer_Henney_unpublished_2017	tut10	SaKo	alveolar-voiced-15-e	voiced	alveolar_e	0.159955679
Baer_Henney_unpublished_2017	tut10	DiAf	alveolar-voiced-15-e	voiced	alveolar_e	0.194798486
Baer_Henney_unpublished_2017	tut10	FrWi	alveolar-voiced-15-e	voiced	alveolar_e	0.216442763
Baer_Henney_unpublished_2017	tut10	JoOr	alveolar-voiced-15-e	voiced	alveolar_e	0.128819312
Baer_Henney_unpublished_2017	tut10	SaKo	alveolar-voiced-2-e	voiced	alveolar_e	0.144126732
Baer_Henney_unpublished_2017	tut10	DiAf	alveolar-voiced-2-e	voiced	alveolar_e	0.148804399
Baer_Henney_unpublished_2017	tut10	FrWi	alveolar-voiced-2-e	voiced	alveolar_e	0.216442763
Baer_Henney_unpublished_2017	tut10	JoOr	alveolar-voiced-2-e	voiced	alveolar_e	0.15182276
Baer_Henney_unpublished_2017	tut10	MiAm	alveolar-voiced-2-e	voiced	alveolar_e	0.192604784
Baer_Henney_unpublished_2017	tut10	SaKo	alveolar-voiced-3-e	voiced	alveolar_e	0.186614959
Baer_Henney_unpublished_2017	tut10	DiAf	alveolar-voiced-3-e	voiced	alveolar_e	0.183525426
Baer_Henney_unpublished_2017	tut10	FrWi	alveolar-voiced-3-e	voiced	alveolar_e	0.245301798
Baer_Henney_unpublished_2017	tut10	JoOr	alveolar-voiced-3-e	voiced	alveolar_e	0.14722207
Baer_Henney_unpublished_2017	tut10	SaKo	alveolar-voiced-4-e	voiced	alveolar_e	0.144126732
Baer_Henney_unpublished_2017	tut10	DiAf	alveolar-voiced-4-e	voiced	alveolar_e	0.154666391
Baer_Henney_unpublished_2017	tut10	FrWi	alveolar-voiced-4-e	voiced	alveolar_e	0.23087228
Baer_Henney_unpublished_2017	tut10	JoOr	alveolar-voiced-4-e	voiced	alveolar_e	0.154284297
Baer_Henney_unpublished_2017	tut10	MiAm	alveolar-voiced-4-e	voiced	alveolar_e	0.165560438
Baer_Henney_unpublished_2017	tut10	SaKo	alveolar-voiced-5-e	voiced	alveolar_e	0.148292244
Baer_Henney_unpublished_2017	tut10	DiAf	alveolar-voiced-5-e	voiced	alveolar_e	0.138884106
Baer_Henney_unpublished_2017	tut10	FrWi	alveolar-voiced-5-e	voiced	alveolar_e	0.245301798
Baer_Henney_unpublished_2017	tut10	JoOr	alveolar-voiced-5-e	voiced	alveolar_e	0.071882457
Baer_Henney_unpublished_2017	tut10	SaKo	alveolar-voiced-6-i	voiced	alveolar_i	0.153290859
Baer_Henney_unpublished_2017	tut10	DiAf	alveolar-voiced-6-i	voiced	alveolar_i	0.157822848
Baer_Henney_unpublished_2017	tut10	FrWi	alveolar-voiced-6-i	voiced	alveolar_i	0.216442763
Baer_Henney_unpublished_2017	tut10	JoOr	alveolar-voiced-6-i	voiced	alveolar_i	0.098148047
Baer_Henney_unpublished_2017	tut10	SaKo	alveolar-voiced-7-o	voiced	alveolar_o	0.174951524
Baer_Henney_unpublished_2017	tut10	DiAf	alveolar-voiced-7-o	voiced	alveolar_o	0.155117313
Baer_Henney_unpublished_2017	tut10	FrWi	alveolar-voiced-7-o	voiced	alveolar_o	0.216442763
Baer_Henney_unpublished_2017	tut10	JoOr	alveolar-voiced-7-o	voiced	alveolar_o	0.1042823
Baer_Henney_unpublished_2017	tut10	MiAm	alveolar-voiced-7-o	voiced	alveolar_o	0.215460448
Baer_Henney_unpublished_2017	tut10	SaKo	alveolar-voiced-8-o	voiced	alveolar_o	0.146626039
Baer_Henney_unpublished_2017	tut10	DiAf	alveolar-voiced-8-o	voiced	alveolar_o	0.153313623
Baer_Henney_unpublished_2017	tut10	FrWi	alveolar-voiced-8-o	voiced	alveolar_o	0.202013245
Baer_Henney_unpublished_2017	tut10	JoOr	alveolar-voiced-8-o	voiced	alveolar_o	0.128819312
Baer_Henney_unpublished_2017	tut10	MiAm	alveolar-voiced-8-o	voiced	alveolar_o	0.21300062
Baer_Henney_unpublished_2017	tut10	SaKo	alveolar-voiced-9-o	voiced	alveolar_o	0.172452217
Baer_Henney_unpublished_2017	tut10	DiAf	alveolar-voiced-9-o	voiced	alveolar_o	0.107319536
Baer_Henney_unpublished_2017	tut10	FrWi	alveolar-voiced-9-o	voiced	alveolar_o	0.209228004
Baer_Henney_unpublished_2017	tut10	JoOr	alveolar-voiced-9-o	voiced	alveolar_o	0.138020691
Baer_Henney_unpublished_2017	tut10	SaKo	alveolar-voiceless-1-a	voiceless	alveolar_a	0.124965374
Baer_Henney_unpublished_2017	tut10	DiAf	alveolar-voiceless-1-a	voiceless	alveolar_a	0.158724693
Baer_Henney_unpublished_2017	tut10	JoOr	alveolar-voiceless-1-a	voiceless	alveolar_a	0.182494025
Baer_Henney_unpublished_2017	tut10	MiAm	alveolar-voiceless-1-a	voiceless	alveolar_a	0.22316701
Baer_Henney_unpublished_2017	tut10	SaKo	alveolar-voiceless-10-o	voiceless	alveolar_o	0.196310033
Baer_Henney_unpublished_2017	tut10	DiAf	alveolar-voiceless-10-o	voiceless	alveolar_o	0.183976348
Baer_Henney_unpublished_2017	tut10	FrWi	alveolar-voiceless-10-o	voiceless	alveolar_o	0.259731315
Baer_Henney_unpublished_2017	tut10	JoOr	alveolar-voiceless-10-o	voiceless	alveolar_o	0.174826209
Baer_Henney_unpublished_2017	tut10	SaKo	alveolar-voiceless-11-u	voiceless	alveolar_u	0.141210873
Baer_Henney_unpublished_2017	tut10	DiAf	alveolar-voiceless-11-u	voiceless	alveolar_u	0.134374882
Baer_Henney_unpublished_2017	tut10	FrWi	alveolar-voiceless-11-u	voiceless	alveolar_u	0.223657521
Baer_Henney_unpublished_2017	tut10	JoOr	alveolar-voiceless-11-u	voiceless	alveolar_u	0.116550806
Baer_Henney_unpublished_2017	tut10	SaKo	alveolar-voiceless-12-oe	voiceless	alveolar_oe	0.141627424
Baer_Henney_unpublished_2017	tut10	FrWi	alveolar-voiceless-12-y	voiceless	alveolar_y	0.223657521
Baer_Henney_unpublished_2017	tut10	MiAm	alveolar-voiceless-12-y	voiceless	alveolar_y	0.180356292
Baer_Henney_unpublished_2017	tut10	DiAf	alveolar-voiceless-12-y	voiceless	alveolar_y	0.136178571
Baer_Henney_unpublished_2017	tut10	JoOr	alveolar-voiceless-12-y	voiceless	alveolar_y	0.092013794
Baer_Henney_unpublished_2017	tut10	SaKo	alveolar-voiceless-13-oe	voiceless	alveolar_oe	0.137045361
Baer_Henney_unpublished_2017	tut10	SaKo	alveolar-voiceless-13-oe	voiceless	alveolar_oe	0.144959834
Baer_Henney_unpublished_2017	tut10	FrWi	alveolar-voiceless-13-y	voiceless	alveolar_y	0.209228004
Baer_Henney_unpublished_2017	tut10	DiAf	alveolar-voiceless-13-y	voiceless	alveolar_y	0.151509934
Baer_Henney_unpublished_2017	tut10	JoOr	alveolar-voiceless-13-y	voiceless	alveolar_y	0.124218622
Baer_Henney_unpublished_2017	tut10	SaKo	alveolar-voiceless-14-u	voiceless	alveolar_u	0.151624654
Baer_Henney_unpublished_2017	tut10	FrWi	alveolar-voiceless-14-y	voiceless	alveolar_y	0.223657521
Baer_Henney_unpublished_2017	tut10	DiAf	alveolar-voiceless-14-y	voiceless	alveolar_y	0.105064924
Baer_Henney_unpublished_2017	tut10	JoOr	alveolar-voiceless-14-y	voiceless	alveolar_y	0.136487128
Baer_Henney_unpublished_2017	tut10	SaKo	alveolar-voiceless-15-e	voiceless	alveolar_e	0.128297784
Baer_Henney_unpublished_2017	tut10	DiAf	alveolar-voiceless-15-e	voiceless	alveolar_e	0.144295175
Baer_Henney_unpublished_2017	tut10	FrWi	alveolar-voiceless-15-e	voiceless	alveolar_e	0.194798486
Baer_Henney_unpublished_2017	tut10	JoOr	alveolar-voiceless-15-e	voiceless	alveolar_e	0.116550806
Baer_Henney_unpublished_2017	tut10	SaKo	alveolar-voiceless-2-e	voiceless	alveolar_e	0.147875693
Baer_Henney_unpublished_2017	tut10	DiAf	alveolar-voiceless-2-e	voiceless	alveolar_e	0.135727649
Baer_Henney_unpublished_2017	tut10	FrWi	alveolar-voiceless-2-e	voiceless	alveolar_e	0.180368969
Baer_Henney_unpublished_2017	tut10	JoOr	alveolar-voiceless-2-e	voiceless	alveolar_e	0.126518967
Baer_Henney_unpublished_2017	tut10	SaKo	alveolar-voiceless-3-e	voiceless	alveolar_e	0.154123962
Baer_Henney_unpublished_2017	tut10	DiAf	alveolar-voiceless-3-e	voiceless	alveolar_e	0.133923959
Baer_Henney_unpublished_2017	tut10	FrWi	alveolar-voiceless-3-e	voiceless	alveolar_e	0.259731315
Baer_Henney_unpublished_2017	tut10	JoOr	alveolar-voiceless-3-e	voiceless	alveolar_e	0.128819312
Baer_Henney_unpublished_2017	tut10	SaKo	alveolar-voiceless-4-e	voiceless	alveolar_e	0.129963989
Baer_Henney_unpublished_2017	tut10	DiAf	alveolar-voiceless-4-e	voiceless	alveolar_e	0.14158964
Baer_Henney_unpublished_2017	tut10	FrWi	alveolar-voiceless-4-e	voiceless	alveolar_e	0.194798486
Baer_Henney_unpublished_2017	tut10	JoOr	alveolar-voiceless-4-e	voiceless	alveolar_e	0.086646323
Baer_Henney_unpublished_2017	tut10	MiAm	alveolar-voiceless-4-e	voiceless	alveolar_e	0.189111636
Baer_Henney_unpublished_2017	tut10	SaKo	alveolar-voiceless-5-e	voiceless	alveolar_e	0.150791552
Baer_Henney_unpublished_2017	tut10	DiAf	alveolar-voiceless-5-e	voiceless	alveolar_e	0.14339333
Baer_Henney_unpublished_2017	tut10	FrWi	alveolar-voiceless-5-e	voiceless	alveolar_e	0.23087228
Baer_Henney_unpublished_2017	tut10	JoOr	alveolar-voiceless-5-e	voiceless	alveolar_e	0.177893335
Baer_Henney_unpublished_2017	tut10	SaKo	alveolar-voiceless-6-i	voiceless	alveolar_i	0.130797092
Baer_Henney_unpublished_2017	tut10	DiAf	alveolar-voiceless-6-i	voiceless	alveolar_i	0.141138718
Baer_Henney_unpublished_2017	tut10	FrWi	alveolar-voiceless-6-i	voiceless	alveolar_i	0.223657521
Baer_Henney_unpublished_2017	tut10	JoOr	alveolar-voiceless-6-i	voiceless	alveolar_i	0.096614484
Baer_Henney_unpublished_2017	tut10	MiAm	alveolar-voiceless-6-i	voiceless	alveolar_i	0.17901109
Baer_Henney_unpublished_2017	tut10	SaKo	alveolar-voiceless-7-o	voiceless	alveolar_o	0.174118422
Baer_Henney_unpublished_2017	tut10	DiAf	alveolar-voiceless-7-o	voiceless	alveolar_o	0.108221381
Baer_Henney_unpublished_2017	tut10	FrWi	alveolar-voiceless-7-o	voiceless	alveolar_o	0.266946074
Baer_Henney_unpublished_2017	tut10	JoOr	alveolar-voiceless-7-o	voiceless	alveolar_o	0.098148047
Baer_Henney_unpublished_2017	tut10	MiAm	alveolar-voiceless-7-o	voiceless	alveolar_o	0.22589457
Baer_Henney_unpublished_2017	tut10	SaKo	alveolar-voiceless-8-o	voiceless	alveolar_o	0.177859842
Baer_Henney_unpublished_2017	tut10	DiAf	alveolar-voiceless-8-o	voiceless	alveolar_o	0.143844253
Baer_Henney_unpublished_2017	tut10	FrWi	alveolar-voiceless-8-o	voiceless	alveolar_o	0.202013245
Baer_Henney_unpublished_2017	tut10	SaKo	alveolar-voiceless-9-o	voiceless	alveolar_o	0.140794322
Baer_Henney_unpublished_2017	tut10	DiAf	alveolar-voiceless-9-o	voiceless	alveolar_o	0.137080416
Baer_Henney_unpublished_2017	tut10	FrWi	alveolar-voiceless-9-o	voiceless	alveolar_o	0.252516556
Baer_Henney_unpublished_2017	tut10	JoOr	alveolar-voiceless-9-o	voiceless	alveolar_o	0.128819312
Baer_Henney_unpublished_2017	tut10	FrWi	alveolar-voicelsee-1-a	voiceless	alveolar_a	0.252516556
Baer_Henney_unpublished_2017	tut10	JoOr	labial-voiced-1-oe	voiced	labial_oe	0.1042823
Baer_Henney_unpublished_2017	tut10	SaKo	labial-voiced-1-oe	voiced	labial_oe	0.148708795
Baer_Henney_unpublished_2017	tut10	DiAf	labial-voiced-1-oe	voiced	labial_oe	0.124454588
Baer_Henney_unpublished_2017	tut10	FrWi	labial-voiced-1-y	voiced	labial_y	0.252516556
Baer_Henney_unpublished_2017	tut10	SaKo	labial-voiced-10-o	voiced	labial_o	0.216606649
Baer_Henney_unpublished_2017	tut10	DiAf	labial-voiced-10-o	voiced	labial_o	0.112279683
Baer_Henney_unpublished_2017	tut10	FrWi	labial-voiced-10-o	voiced	labial_o	0.223657521
Baer_Henney_unpublished_2017	tut10	JoOr	labial-voiced-10-o	voiced	labial_o	0.039872644
Baer_Henney_unpublished_2017	tut10	SaKo	labial-voiced-11	voiced	labial_u	0.162871538
Baer_Henney_unpublished_2017	tut10	DiAf	labial-voiced-11-u	voiced	labial_u	0.110926916
Baer_Henney_unpublished_2017	tut10	FrWi	labial-voiced-11-u	voiced	labial_u	0.310234626
Baer_Henney_unpublished_2017	tut10	JoOr	labial-voiced-11-u	voiced	labial_u	0.09508092
Baer_Henney_unpublished_2017	tut10	MiAm	labial-voiced-11-u	voiced	labial_u	0.17853292
Baer_Henney_unpublished_2017	tut10	SaKo	labial-voiced-12-u	voiced	labial_u	0.132463297
Baer_Henney_unpublished_2017	tut10	DiAf	labial-voiced-12-u	voiced	labial_u	0.140687796
Baer_Henney_unpublished_2017	tut10	FrWi	labial-voiced-12-u	voiced	labial_u	0.252516556
Baer_Henney_unpublished_2017	tut10	JoOr	labial-voiced-12-u	voiced	labial_u	0.1042823
Baer_Henney_unpublished_2017	tut10	SaKo	labial-voiced-13-u	voiced	labial_u	0.133296399
Baer_Henney_unpublished_2017	tut10	DiAf	labial-voiced-13-u	voiced	labial_u	0.114985218
Baer_Henney_unpublished_2017	tut10	FrWi	labial-voiced-13-u	voiced	labial_u	0.252516556
Baer_Henney_unpublished_2017	tut10	JoOr	labial-voiced-13-u	voiced	labial_u	0.075144598
Baer_Henney_unpublished_2017	tut10	MiAm	labial-voiced-13-u	voiced	labial_u	0.170085086
Baer_Henney_unpublished_2017	tut10	SaKo	labial-voiced-14-u	voiced	labial_u	0.145792937
Baer_Henney_unpublished_2017	tut10	DiAf	labial-voiced-14-u	voiced	labial_u	0.118592597
Baer_Henney_unpublished_2017	tut10	FrWi	labial-voiced-14-u	voiced	labial_u	0.223657521
Baer_Henney_unpublished_2017	tut10	JoOr	labial-voiced-14-u	voiced	labial_u	0.150289197
Baer_Henney_unpublished_2017	tut10	MiAm	labial-voiced-14-u	voiced	labial_u	0.142519813
Baer_Henney_unpublished_2017	tut10	SaKo	labial-voiced-15-u	voiced	labial_u	0.113301939
Baer_Henney_unpublished_2017	tut10	DiAf	labial-voiced-15-u	voiced	labial_u	0.098301088
Baer_Henney_unpublished_2017	tut10	FrWi	labial-voiced-15-u	voiced	labial_u	0.28859035
Baer_Henney_unpublished_2017	tut10	JoOr	labial-voiced-15-u	voiced	labial_u	0.1042823
Baer_Henney_unpublished_2017	tut10	MiAm	labial-voiced-15-u	voiced	labial_u	0.189328046
Baer_Henney_unpublished_2017	tut10	MiAm	labial-voiced-2	voiced	labial_a	0.250289582
Baer_Henney_unpublished_2017	tut10	SaKo	labial-voiced-2-a	voiced	labial_a	0.172452217
Baer_Henney_unpublished_2017	tut10	DiAf	labial-voiced-2-a	voiced	labial_a	0.150157167
Baer_Henney_unpublished_2017	tut10	FrWi	labial-voiced-2-a	voiced	labial_a	0.266946074
Baer_Henney_unpublished_2017	tut10	JoOr	labial-voiced-2-a	voiced	labial_a	0.121151495
Baer_Henney_unpublished_2017	tut10	SaKo	labial-voiced-3-e	voiced	labial_e	0.109969529
Baer_Henney_unpublished_2017	tut10	DiAf	labial-voiced-3-e	voiced	labial_e	0.109574149
Baer_Henney_unpublished_2017	tut10	FrWi	labial-voiced-3-e	voiced	labial_e	0.28859035
Baer_Henney_unpublished_2017	tut10	JoOr	labial-voiced-3-e	voiced	labial_e	0.118343069
Baer_Henney_unpublished_2017	tut10	MiAm	labial-voiced-3-e	voiced	labial_e	0.19969756
Baer_Henney_unpublished_2017	tut10	SaKo	labial-voiced-4-i	voiced	labial_i	0.120799862
Baer_Henney_unpublished_2017	tut10	DiAf	labial-voiced-4-i	voiced	labial_i	0.115887062
Baer_Henney_unpublished_2017	tut10	FrWi	labial-voiced-4-i	voiced	labial_i	0.180368969
Baer_Henney_unpublished_2017	tut10	JoOr	labial-voiced-4-i	voiced	labial_i	0.101215173
Baer_Henney_unpublished_2017	tut10	SaKo	labial-voiced-5-i	voiced	labial_i	0.123299169
Baer_Henney_unpublished_2017	tut10	DiAf	labial-voiced-5-i	voiced	labial_i	0.150608089
Baer_Henney_unpublished_2017	tut10	FrWi	labial-voiced-5-i	voiced	labial_i	0.209228004
Baer_Henney_unpublished_2017	tut10	JoOr	labial-voiced-5-i	voiced	labial_i	0.102748737
Baer_Henney_unpublished_2017	tut10	MiAm	labial-voiced-5-i	voiced	labial_i	0.199352393
Baer_Henney_unpublished_2017	tut10	MiAm	labial-voiced-5-i	voiced	labial_i	0.209760394
Baer_Henney_unpublished_2017	tut10	SaKo	labial-voiced-6-i	voiced	labial_i	0.135793406
Baer_Henney_unpublished_2017	tut10	DiAf	labial-voiced-6-i	voiced	labial_i	0.152862701
Baer_Henney_unpublished_2017	tut10	FrWi	labial-voiced-6-i	voiced	labial_i	0.23087228
Baer_Henney_unpublished_2017	tut10	JoOr	labial-voiced-6-i	voiced	labial_i	0.115017243
Baer_Henney_unpublished_2017	tut10	SaKo	labial-voiced-7-i	voiced	labial_i	0.115801247
Baer_Henney_unpublished_2017	tut10	DiAf	labial-voiced-7-i	voiced	labial_i	0.107319536
Baer_Henney_unpublished_2017	tut10	FrWi	labial-voiced-7-i	voiced	labial_i	0.180368969
Baer_Henney_unpublished_2017	tut10	JoOr	labial-voiced-7-i	voiced	labial_i	0.081278851
Baer_Henney_unpublished_2017	tut10	SaKo	labial-voiced-8-i	voiced	labial_i	0.133579383
Baer_Henney_unpublished_2017	tut10	DiAf	labial-voiced-8-i	voiced	labial_i	0.132571192
Baer_Henney_unpublished_2017	tut10	FrWi	labial-voiced-8-i	voiced	labial_i	0.223657521
Baer_Henney_unpublished_2017	tut10	JoOr	labial-voiced-8-i	voiced	labial_i	0.185561151
Baer_Henney_unpublished_2017	tut10	SaKo	labial-voiced-9-o	voiced	labial_o	0.166620499
Baer_Henney_unpublished_2017	tut10	DiAf	labial-voiced-9-o	voiced	labial_o	0.131669347
Baer_Henney_unpublished_2017	tut10	FrWi	labial-voiced-9-o	voiced	labial_o	0.216442763
Baer_Henney_unpublished_2017	tut10	JoOr	labial-voiced-9-o	voiced	labial_o	0.141087818
Baer_Henney_unpublished_2017	tut10	JoOr	labial-voiceless-1-oe	voiceless	labial_oe	0.100448392
Baer_Henney_unpublished_2017	tut10	SaKo	labial-voiceless-1-oe	voiceless	labial_oe	0.168286704
Baer_Henney_unpublished_2017	tut10	DiAf	labial-voiceless-1-oe	voiceless	labial_oe	0.107319536
Baer_Henney_unpublished_2017	tut10	FrWi	labial-voiceless-1-y	voiceless	labial_y	0.223657521
Baer_Henney_unpublished_2017	tut10	SaKo	labial-voiceless-10-o	voiceless	labial_o	0.164954294
Baer_Henney_unpublished_2017	tut10	DiAf	labial-voiceless-10-o	voiceless	labial_o	0.178114357
Baer_Henney_unpublished_2017	tut10	FrWi	labial-voiceless-10-o	voiceless	labial_o	0.202013245
Baer_Henney_unpublished_2017	tut10	JoOr	labial-voiceless-10-o	voiceless	labial_o	0.107349426
Baer_Henney_unpublished_2017	tut10	SaKo	labial-voiceless-11-u	voiceless	labial_u	0.106637119
Baer_Henney_unpublished_2017	tut10	DiAf	labial-voiceless-11-u	voiceless	labial_u	0.123101821
Baer_Henney_unpublished_2017	tut10	FrWi	labial-voiceless-11-u	voiceless	labial_u	0.209228004
Baer_Henney_unpublished_2017	tut10	JoOr	labial-voiceless-11-u	voiceless	labial_u	0.073611035
Baer_Henney_unpublished_2017	tut10	SaKo	labial-voiceless-12-u	voiceless	labial_u	0.152767582
Baer_Henney_unpublished_2017	tut10	DiAf	labial-voiceless-12-u	voiceless	labial_u	0.125807356
Baer_Henney_unpublished_2017	tut10	FrWi	labial-voiceless-12-u	voiceless	labial_u	0.353523179
Baer_Henney_unpublished_2017	tut10	JoOr	labial-voiceless-12-u	voiceless	labial_u	0.110416553
Baer_Henney_unpublished_2017	tut10	MiAm	labial-voiceless-12-u	voiceless	labial_u	0.143076755
Baer_Henney_unpublished_2017	tut10	SaKo	labial-voiceless-13-u	voiceless	labial_u	0.109969529
Baer_Henney_unpublished_2017	tut10	DiAf	labial-voiceless-13-u	voiceless	labial_u	0.07079482
Baer_Henney_unpublished_2017	tut10	FrWi	labial-voiceless-13-u	voiceless	labial_u	0.223657521
Baer_Henney_unpublished_2017	tut10	JoOr	labial-voiceless-13-u	voiceless	labial_u	0.118084369
Baer_Henney_unpublished_2017	tut10	SaKo	labial-voiceless-14-u	voiceless	labial_u	0.124723291
Baer_Henney_unpublished_2017	tut10	DiAf	labial-voiceless-14-u	voiceless	labial_u	0.136178571
Baer_Henney_unpublished_2017	tut10	FrWi	labial-voiceless-14-u	voiceless	labial_u	0.23087228
Baer_Henney_unpublished_2017	tut10	JoOr	labial-voiceless-14-u	voiceless	labial_u	0.065943219
Baer_Henney_unpublished_2017	tut10	SaKo	labial-voiceless-15-u	voiceless	labial_u	0.114135042
Baer_Henney_unpublished_2017	tut10	DiAf	labial-voiceless-15-u	voiceless	labial_u	0.101457545
Baer_Henney_unpublished_2017	tut10	FrWi	labial-voiceless-15-u	voiceless	labial_u	0.194798486
Baer_Henney_unpublished_2017	tut10	JoOr	labial-voiceless-15-u	voiceless	labial_u	0.092013794
Baer_Henney_unpublished_2017	tut10	SaKo	labial-voiceless-2-a	voiceless	labial_a	0.159122577
Baer_Henney_unpublished_2017	tut10	DiAf	labial-voiceless-2-a	voiceless	labial_a	0.136629494
Baer_Henney_unpublished_2017	tut10	FrWi	labial-voiceless-2-a	voiceless	labial_a	0.274160833
Baer_Henney_unpublished_2017	tut10	JoOr	labial-voiceless-2-a	voiceless	labial_a	0.133420001
Baer_Henney_unpublished_2017	tut10	SaKo	labial-voiceless-3-e	voiceless	labial_e	0.101638504
Baer_Henney_unpublished_2017	tut10	DiAf	labial-voiceless-3-e	voiceless	labial_e	0.14339333
Baer_Henney_unpublished_2017	tut10	FrWi	labial-voiceless-3-e	voiceless	labial_e	0.23087228
Baer_Henney_unpublished_2017	tut10	JoOr	labial-voiceless-3-e	voiceless	labial_e	0.107349426
Baer_Henney_unpublished_2017	tut10	SaKo	labial-voiceless-4-i	voiceless	labial_i	0.140377771
Baer_Henney_unpublished_2017	tut10	DiAf	labial-voiceless-4-i	voiceless	labial_i	0.123552744
Baer_Henney_unpublished_2017	tut10	FrWi	labial-voiceless-4-i	voiceless	labial_i	0.23087228
Baer_Henney_unpublished_2017	tut10	JoOr	labial-voiceless-4-i	voiceless	labial_i	0.118084369
Baer_Henney_unpublished_2017	tut10	SaKo	labial-voiceless-4-o	voiceless	labial_o	0.149958449
Baer_Henney_unpublished_2017	tut10	SaKo	labial-voiceless-5-i	voiceless	labial_i	0.127464682
Baer_Henney_unpublished_2017	tut10	DiAf	labial-voiceless-5-i	voiceless	labial_i	0.107071961
Baer_Henney_unpublished_2017	tut10	FrWi	labial-voiceless-5-i	voiceless	labial_i	0.238087039
Baer_Henney_unpublished_2017	tut10	JoOr	labial-voiceless-5-i	voiceless	labial_i	0.061342529
Baer_Henney_unpublished_2017	tut10	SaKo	labial-voiceless-6-i	voiceless	labial_i	0.126631579
Baer_Henney_unpublished_2017	tut10	DiAf	labial-voiceless-6-i	voiceless	labial_i	0.105966769
Baer_Henney_unpublished_2017	tut10	FrWi	labial-voiceless-6-i	voiceless	labial_i	0.238087039
Baer_Henney_unpublished_2017	tut10	JoOr	labial-voiceless-6-i	voiceless	labial_i	0.111183334
Baer_Henney_unpublished_2017	tut10	SaKo	labial-voiceless-7-i	voiceless	labial_i	0.120799862
Baer_Henney_unpublished_2017	tut10	DiAf	labial-voiceless-7-i	voiceless	labial_i	0.161881149
Baer_Henney_unpublished_2017	tut10	FrWi	labial-voiceless-7-i	voiceless	labial_i	0.180368969
Baer_Henney_unpublished_2017	tut10	JoOr	labial-voiceless-7-i	voiceless	labial_i	0.105815863
Baer_Henney_unpublished_2017	tut10	DiAf	labial-voiceless-8-i	voiceless	labial_i	0.111377838
Baer_Henney_unpublished_2017	tut10	FrWi	labial-voiceless-8-i	voiceless	labial_i	0.274160833
Baer_Henney_unpublished_2017	tut10	JoOr	labial-voiceless-8-i	voiceless	labial_i	0.064409656
Baer_Henney_unpublished_2017	tut10	DiAf	labial-voiceless-9-o	voiceless	labial_o	0.162782994
Baer_Henney_unpublished_2017	tut10	FrWi	labial-voiceless-9-o	voiceless	labial_o	0.209228004
Baer_Henney_unpublished_2017	tut10	JoOr	labial-voiceless-9-o	voiceless	labial_o	0.125752185
Baer_Henney_unpublished_2017	tut10	SaKo	laial-voiceless-8-i	voiceless	labial_i	0.133579383
Baer_Henney_unpublished_2017	tut10	JoOr	velar-voiced-1-oe	voiced	velar_oe	0.124218622
Baer_Henney_unpublished_2017	tut10	SaKo	velar-voiced-1-oe	voiced	velar_oe	0.129130887
Baer_Henney_unpublished_2017	tut10	DiAf	velar-voiced-1-oe	voiced	velar_oe	0.13212027
Baer_Henney_unpublished_2017	tut10	FrWi	velar-voiced-1-y	voiced	velar_y	0.238087039
Baer_Henney_unpublished_2017	tut10	MiAm	velar-voiced-1-y	voiced	velar_y	0.232661984
Baer_Henney_unpublished_2017	tut10	SaKo	velar-voiced-10-o	voiced	velar_o	0.167453602
Baer_Henney_unpublished_2017	tut10	DiAf	velar-voiced-10-o	voiced	velar_o	0.079362346
Baer_Henney_unpublished_2017	tut10	FrWi	velar-voiced-10-o	voiced	velar_o	0.223657521
Baer_Henney_unpublished_2017	tut10	JoOr	velar-voiced-10-o	voiced	velar_o	0.141087818
Baer_Henney_unpublished_2017	tut10	MiAm	velar-voiced-10-o	voiced	velar_o	0.196628331
Baer_Henney_unpublished_2017	tut10	SaKo	velar-voiced-11-o	voiced	velar_o	0.112052286
Baer_Henney_unpublished_2017	tut10	DiAf	velar-voiced-11-o	voiced	velar_o	0.183074503
Baer_Henney_unpublished_2017	tut10	FrWi	velar-voiced-11-o	voiced	velar_o	0.23087228
Baer_Henney_unpublished_2017	tut10	JoOr	velar-voiced-11-o	voiced	velar_o	0.144154944
Baer_Henney_unpublished_2017	tut10	SaKo	velar-voiced-12-o	voiced	velar_o	0.167453602
Baer_Henney_unpublished_2017	tut10	DiAf	velar-voiced-12-o	voiced	velar_o	0.120847209
Baer_Henney_unpublished_2017	tut10	FrWi	velar-voiced-12-o	voiced	velar_o	0.274160833
Baer_Henney_unpublished_2017	tut10	JoOr	velar-voiced-12-o	voiced	velar_o	0.165624829
Baer_Henney_unpublished_2017	tut10	MiAm	velar-voiced-12-o	voiced	velar_o	0.227290833
Baer_Henney_unpublished_2017	tut10	SaKo	velar-voiced-13-o	voiced	velar_o	0.150791552
Baer_Henney_unpublished_2017	tut10	DiAf	velar-voiced-13-o	voiced	velar_o	0.154666391
Baer_Henney_unpublished_2017	tut10	FrWi	velar-voiced-13-o	voiced	velar_o	0.281375591
Baer_Henney_unpublished_2017	tut10	JoOr	velar-voiced-13-o	voiced	velar_o	0.118084369
Baer_Henney_unpublished_2017	tut10	MiAm	velar-voiced-13-o	voiced	velar_o	0.206027649
Baer_Henney_unpublished_2017	tut10	SaKo	velar-voiced-14-u	voiced	velar_u	0.140794322
Baer_Henney_unpublished_2017	tut10	DiAf	velar-voiced-14-u	voiced	velar_u	0.18803465
Baer_Henney_unpublished_2017	tut10	FrWi	velar-voiced-14-u	voiced	velar_u	0.194798486
Baer_Henney_unpublished_2017	tut10	JoOr	velar-voiced-14-u	voiced	velar_u	0.118084369
Baer_Henney_unpublished_2017	tut10	SaKo	velar-voiced-15-u	voiced	velar_u	0.150791552
Baer_Henney_unpublished_2017	tut10	DiAf	velar-voiced-15-u	voiced	velar_u	0.143844253
Baer_Henney_unpublished_2017	tut10	FrWi	velar-voiced-15-u	voiced	velar_u	0.194798486
Baer_Henney_unpublished_2017	tut10	JoOr	velar-voiced-15-u	voiced	velar_u	0.105815863
Baer_Henney_unpublished_2017	tut10	SaKo	velar-voiced-2-a	voiced	velar_a	0.179950139
Baer_Henney_unpublished_2017	tut10	DiAf	velar-voiced-2-a	voiced	velar_a	0.137982261
Baer_Henney_unpublished_2017	tut10	FrWi	velar-voiced-2-a	voiced	velar_a	0.252516556
Baer_Henney_unpublished_2017	tut10	JoOr	velar-voiced-2-a	voiced	velar_a	0.119617932
Baer_Henney_unpublished_2017	tut10	MiAm	velar-voiced-2-a	voiced	velar_a	0.273828988
Baer_Henney_unpublished_2017	tut10	SaKo	velar-voiced-3-a	voiced	velar_a	0.145387505
Baer_Henney_unpublished_2017	tut10	DiAf	velar-voiced-3-a	voiced	velar_a	0.140687796
Baer_Henney_unpublished_2017	tut10	FrWi	velar-voiced-3-a	voiced	velar_a	0.216442763
Baer_Henney_unpublished_2017	tut10	JoOr	velar-voiced-3-a	voiced	velar_a	0.115017243
Baer_Henney_unpublished_2017	tut10	SaKo	velar-voiced-4-a	voiced	velar_a	0.159122577
Baer_Henney_unpublished_2017	tut10	DiAf	velar-voiced-4-a	voiced	velar_a	0.138884106
Baer_Henney_unpublished_2017	tut10	FrWi	velar-voiced-4-a	voiced	velar_a	0.209228004
Baer_Henney_unpublished_2017	tut10	JoOr	velar-voiced-4-a	voiced	velar_a	0.119617932
Baer_Henney_unpublished_2017	tut10	MiAm	velar-voiced-4-a	voiced	velar_a	0.25403987
Baer_Henney_unpublished_2017	tut10	SaKo	velar-voiced-5-a	voiced	velar_a	0.151624654
Baer_Henney_unpublished_2017	tut10	DiAf	velar-voiced-5-a	voiced	velar_a	0.133923959
Baer_Henney_unpublished_2017	tut10	FrWi	velar-voiced-5-a	voiced	velar_a	0.209228004
Baer_Henney_unpublished_2017	tut10	JoOr	velar-voiced-5-a	voiced	velar_a	0.134953565
Baer_Henney_unpublished_2017	tut10	SaKo	velar-voiced-6-e	voiced	velar_e	0.15645762
Baer_Henney_unpublished_2017	tut10	DiAf	velar-voiced-6-e	voiced	velar_e	0.170448675
Baer_Henney_unpublished_2017	tut10	FrWi	velar-voiced-6-e	voiced	velar_e	0.259731315
Baer_Henney_unpublished_2017	tut10	JoOr	velar-voiced-6-e	voiced	velar_e	0.144154944
Baer_Henney_unpublished_2017	tut10	SaKo	velar-voiced-7-i	voiced	velar_i	0.118717106
Baer_Henney_unpublished_2017	tut10	DiAf	velar-voiced-7-i	voiced	velar_i	0.118592597
Baer_Henney_unpublished_2017	tut10	FrWi	velar-voiced-7-i	voiced	velar_i	0.202013245
Baer_Henney_unpublished_2017	tut10	JoOr	velar-voiced-7-i	voiced	velar_i	0.102748737
Baer_Henney_unpublished_2017	tut10	SaKo	velar-voiced-8-i	voiced	velar_i	0.084976455
Baer_Henney_unpublished_2017	tut10	DiAf	velar-voiced-8-i	voiced	velar_i	0.116337985
Baer_Henney_unpublished_2017	tut10	FrWi	velar-voiced-8-i	voiced	velar_i	0.245301798
Baer_Henney_unpublished_2017	tut10	JoOr	velar-voiced-8-i	voiced	velar_i	0.116550806
Baer_Henney_unpublished_2017	tut10	MiAm	velar-voiced-8-i	voiced	velar_i	0.196216589
Baer_Henney_unpublished_2017	tut10	MiAm	velar-voiced-8-i	voiced	velar_i	0.179776476
Baer_Henney_unpublished_2017	tut10	SaKo	velar-voiced-9-i	voiced	velar_i	0.107470222
Baer_Henney_unpublished_2017	tut10	DiAf	velar-voiced-9-i	voiced	velar_i	0.111828761
Baer_Henney_unpublished_2017	tut10	FrWi	velar-voiced-9-i	voiced	velar_i	0.245301798
Baer_Henney_unpublished_2017	tut10	JoOr	velar-voiced-9-i	voiced	velar_i	0.138020691
Baer_Henney_unpublished_2017	tut10	MiAm	velar-voiced-9-i	voiced	velar_i	0.195722664
Baer_Henney_unpublished_2017	tut10	DiAf	velar-voiceless-1-o	voiceless	velar_o	0.129414735
Baer_Henney_unpublished_2017	tut10	JoOr	velar-voiceless-1-oe	voiceless	velar_oe	0.096614484
Baer_Henney_unpublished_2017	tut10	SaKo	velar-voiceless-1-oe	voiceless	velar_oe	0.153290859
Baer_Henney_unpublished_2017	tut10	DiAf	velar-voiceless-1-oe	voiceless	velar_oe	0.13212027
Baer_Henney_unpublished_2017	tut10	FrWi	velar-voiceless-1-y	voiceless	velar_y	0.209228004
Baer_Henney_unpublished_2017	tut10	MiAm	velar-voiceless-1-y	voiceless	velar_y	0.216331321
Baer_Henney_unpublished_2017	tut10	SaKo	velar-voiceless-10-o	voiceless	velar_o	0.159955679
Baer_Henney_unpublished_2017	tut10	DiAf	velar-voiceless-10-o	voiceless	velar_o	0.135276727
Baer_Henney_unpublished_2017	tut10	FrWi	velar-voiceless-10-o	voiceless	velar_o	0.317449385
Baer_Henney_unpublished_2017	tut10	JoOr	velar-voiceless-10-o	voiceless	velar_o	0.085879541
Baer_Henney_unpublished_2017	tut10	MiAm	velar-voiceless-10-o	voiceless	velar_o	0.210462829
Baer_Henney_unpublished_2017	tut10	JoOr	velar-voiceless-11-0	voiceless	velar_o	0.193228967
Baer_Henney_unpublished_2017	tut10	SaKo	velar-voiceless-11-o	voiceless	velar_o	0.145387505
Baer_Henney_unpublished_2017	tut10	FrWi	velar-voiceless-11-o	voiceless	velar_o	0.180368969
Baer_Henney_unpublished_2017	tut10	SaKo	velar-voiceless-12-o	voiceless	velar_o	0.153505589
Baer_Henney_unpublished_2017	tut10	DiAf	velar-voiceless-12-o	voiceless	velar_o	0.130767502
Baer_Henney_unpublished_2017	tut10	FrWi	velar-voiceless-12-o	voiceless	velar_o	0.23087228
Baer_Henney_unpublished_2017	tut10	JoOr	velar-voiceless-12-o	voiceless	velar_o	0.136487128
Baer_Henney_unpublished_2017	tut10	JoOr	velar-voiceless-13-0	voiceless	velar_o	0.107349426
Baer_Henney_unpublished_2017	tut10	SaKo	velar-voiceless-13-o	voiceless	velar_o	0.160885666
Baer_Henney_unpublished_2017	tut10	DiAf	velar-voiceless-13-o	voiceless	velar_o	0.136629494
Baer_Henney_unpublished_2017	tut10	FrWi	velar-voiceless-13-o	voiceless	velar_o	0.274160833
Baer_Henney_unpublished_2017	tut10	SaKo	velar-voiceless-14-u	voiceless	velar_u	0.099555748
Baer_Henney_unpublished_2017	tut10	DiAf	velar-voiceless-14-u	voiceless	velar_u	0.101119353
Baer_Henney_unpublished_2017	tut10	FrWi	velar-voiceless-14-u	voiceless	velar_u	0.180368969
Baer_Henney_unpublished_2017	tut10	JoOr	velar-voiceless-14-u	voiceless	velar_u	0.113483679
Baer_Henney_unpublished_2017	tut10	SaKo	velar-voiceless-15-u	voiceless	velar_u	0.124965374
Baer_Henney_unpublished_2017	tut10	DiAf	velar-voiceless-15-u	voiceless	velar_u	0.134825804
Baer_Henney_unpublished_2017	tut10	FrWi	velar-voiceless-15-u	voiceless	velar_u	0.274160833
Baer_Henney_unpublished_2017	tut10	JoOr	velar-voiceless-15-u	voiceless	velar_u	0.144154944
Baer_Henney_unpublished_2017	tut10	SaKo	velar-voiceless-2-a	voiceless	velar_a	0.180783242
Baer_Henney_unpublished_2017	tut10	DiAf	velar-voiceless-2-a	voiceless	velar_a	0.142491485
Baer_Henney_unpublished_2017	tut10	FrWi	velar-voiceless-2-a	voiceless	velar_a	0.245301798
Baer_Henney_unpublished_2017	tut10	JoOr	velar-voiceless-2-a	voiceless	velar_a	0.141087818
Baer_Henney_unpublished_2017	tut10	SaKo	velar-voiceless-3-a	voiceless	velar_a	0.155790167
Baer_Henney_unpublished_2017	tut10	DiAf	velar-voiceless-3-a	voiceless	velar_a	0.13031658
Baer_Henney_unpublished_2017	tut10	FrWi	velar-voiceless-3-a	voiceless	velar_a	0.23087228
Baer_Henney_unpublished_2017	tut10	JoOr	velar-voiceless-3-a	voiceless	velar_a	0.101215173
Baer_Henney_unpublished_2017	tut10	MiAm	velar-voiceless-3-a	voiceless	velar_a	0.259804644
Baer_Henney_unpublished_2017	tut10	SaKo	velar-voiceless-4-a	voiceless	velar_a	0.110386081
Baer_Henney_unpublished_2017	tut10	DiAf	velar-voiceless-4-a	voiceless	velar_a	0.140687796
Baer_Henney_unpublished_2017	tut10	FrWi	velar-voiceless-4-a	voiceless	velar_a	0.238087039
Baer_Henney_unpublished_2017	tut10	JoOr	velar-voiceless-4-a	voiceless	velar_a	0.1200963
Baer_Henney_unpublished_2017	tut10	MiAm	velar-voiceless-4-a	voiceless	velar_a	0.226069321
Baer_Henney_unpublished_2017	tut10	SaKo	velar-voiceless-5-a	voiceless	velar_a	0.156623269
Baer_Henney_unpublished_2017	tut10	DiAf	velar-voiceless-5-a	voiceless	velar_a	0.163684839
Baer_Henney_unpublished_2017	tut10	FrWi	velar-voiceless-5-a	voiceless	velar_a	0.252516556
Baer_Henney_unpublished_2017	tut10	JoOr	velar-voiceless-5-a	voiceless	velar_a	0.139554254
Baer_Henney_unpublished_2017	tut10	SaKo	velar-voiceless-6-e	voiceless	velar_e	0.140794322
Baer_Henney_unpublished_2017	tut10	DiAf	velar-voiceless-6-e	voiceless	velar_e	0.099653855
Baer_Henney_unpublished_2017	tut10	FrWi	velar-voiceless-6-e	voiceless	velar_e	0.187583728
Baer_Henney_unpublished_2017	tut10	JoOr	velar-voiceless-6-e	voiceless	velar_e	0.111950116
Baer_Henney_unpublished_2017	tut10	SaKo	velar-voiceless-7-i	voiceless	velar_i	0.088725416
Baer_Henney_unpublished_2017	tut10	DiAf	velar-voiceless-7-i	voiceless	velar_i	0.087929872
Baer_Henney_unpublished_2017	tut10	FrWi	velar-voiceless-7-i	voiceless	velar_i	0.144295175
Baer_Henney_unpublished_2017	tut10	JoOr	velar-voiceless-7-i	voiceless	velar_i	0.116550806
Baer_Henney_unpublished_2017	tut10	MiAm	velar-voiceless-7-i	voiceless	velar_i	0.197513289
Baer_Henney_unpublished_2017	tut10	SaKo	velar-voiceless-8-i	voiceless	velar_i	0.091641275
Baer_Henney_unpublished_2017	tut10	DiAf	velar-voiceless-8-i	voiceless	velar_i	0.102810312
Baer_Henney_unpublished_2017	tut10	FrWi	velar-voiceless-8-i	voiceless	velar_i	0.245301798
Baer_Henney_unpublished_2017	tut10	JoOr	velar-voiceless-8-i	voiceless	velar_i	0.110416553
Baer_Henney_unpublished_2017	tut10	SaKo	velar-voiceless-9-i	voiceless	velar_i	0.125798477
Baer_Henney_unpublished_2017	tut10	DiAf	velar-voiceless-9-i	voiceless	velar_i	0.125807356
Baer_Henney_unpublished_2017	tut10	FrWi	velar-voiceless-9-i	voiceless	velar_i	0.223657521
Baer_Henney_unpublished_2017	tut10	JoOr	velar-voiceless-9-i	voiceless	velar_i	0.1042823
Baer_Henney_unpublished_2017	tut11	LaBr	alveolar-voiced-1	voiced	alveolar_a	0.233717652
Baer_Henney_unpublished_2017	tut11	AnBr	alveolar-voiced-1-a	voiced	alveolar_a	0.237220893
Baer_Henney_unpublished_2017	tut11	MaSz	alveolar-voiced-1-a	voiced	alveolar_a	0.202502218
Baer_Henney_unpublished_2017	tut11	NaFl	alveolar-voiced-1-a	voiced	alveolar_a	0.242774371
Baer_Henney_unpublished_2017	tut11	RoSc	alveolar-voiced-1-a	voiced	alveolar_a	0.18759568
Baer_Henney_unpublished_2017	tut11	SiMo	alveolar-voiced-1-a	voiced	alveolar_a	0.186649513
Baer_Henney_unpublished_2017	tut11	AnBr	alveolar-voiced-10-e	voiced	alveolar_e	0.251713487
Baer_Henney_unpublished_2017	tut11	LaBr	alveolar-voiced-10-e	voiced	alveolar_e	0.207749024
Baer_Henney_unpublished_2017	tut11	MaSz	alveolar-voiced-10-e	voiced	alveolar_e	0.212627328
Baer_Henney_unpublished_2017	tut11	NaFl	alveolar-voiced-10-e	voiced	alveolar_e	0.2036763
Baer_Henney_unpublished_2017	tut11	RoSc	alveolar-voiced-10-e	voiced	alveolar_e	0.302734355
Baer_Henney_unpublished_2017	tut11	SiMo	alveolar-voiced-10-i	voiced	alveolar_i	0.137958336
Baer_Henney_unpublished_2017	tut11	AnBr	alveolar-voiced-11-u	voiced	alveolar_u	0.210524008
Baer_Henney_unpublished_2017	tut11	LaBr	alveolar-voiced-11-u	voiced	alveolar_u	0.155811768
Baer_Henney_unpublished_2017	tut11	MaSz	alveolar-voiced-11-u	voiced	alveolar_u	0.160314256
Baer_Henney_unpublished_2017	tut11	NaFl	alveolar-voiced-11-u	voiced	alveolar_u	0.240162347
Baer_Henney_unpublished_2017	tut11	RoSc	alveolar-voiced-11-u	voiced	alveolar_u	0.231209205
Baer_Henney_unpublished_2017	tut11	SiMo	alveolar-voiced-11-y	voiced	alveolar_y	0.131466179
Baer_Henney_unpublished_2017	tut11	MaSz	alveolar-voiced-12-u	voiced	alveolar_u	0.183939514
Baer_Henney_unpublished_2017	tut11	AnBr	alveolar-voiced-12-y	voiced	alveolar_y	0.271545459
Baer_Henney_unpublished_2017	tut11	LaBr	alveolar-voiced-12-y	voiced	alveolar_y	0.12984314
Baer_Henney_unpublished_2017	tut11	NaFl	alveolar-voiced-12-y	voiced	alveolar_y	0.179720374
Baer_Henney_unpublished_2017	tut11	RoSc	alveolar-voiced-12-y	voiced	alveolar_y	0.209949371
Baer_Henney_unpublished_2017	tut11	SiMo	alveolar-voiced-12-y	voiced	alveolar_y	0.124974022
Baer_Henney_unpublished_2017	tut11	SiMo	alveolar-voiced-13-a	voiced	alveolar_a	0.142827454
Baer_Henney_unpublished_2017	tut11	MaSz	alveolar-voiced-13-u	voiced	alveolar_u	0.178876959
Baer_Henney_unpublished_2017	tut11	AnBr	alveolar-voiced-13-y	voiced	alveolar_y	0.214337848
Baer_Henney_unpublished_2017	tut11	LaBr	alveolar-voiced-13-y	voiced	alveolar_y	0.201256867
Baer_Henney_unpublished_2017	tut11	NaFl	alveolar-voiced-13-y	voiced	alveolar_y	0.229168568
Baer_Henney_unpublished_2017	tut11	RoSc	alveolar-voiced-13-y	voiced	alveolar_y	0.241189459
Baer_Henney_unpublished_2017	tut11	AnBr	alveolar-voiced-14-e	voiced	alveolar_e	0.20137079
Baer_Henney_unpublished_2017	tut11	LaBr	alveolar-voiced-14-e	voiced	alveolar_e	0.246701966
Baer_Henney_unpublished_2017	tut11	MaSz	alveolar-voiced-14-e	voiced	alveolar_e	0.270002957
Baer_Henney_unpublished_2017	tut11	NaFl	alveolar-voiced-14-e	voiced	alveolar_e	0.244360716
Baer_Henney_unpublished_2017	tut11	RoSc	alveolar-voiced-14-e	voiced	alveolar_e	0.197941694
Baer_Henney_unpublished_2017	tut11	SiMo	alveolar-voiced-14-u	voiced	alveolar_u	0.124974022
Baer_Henney_unpublished_2017	tut11	AnBr	alveolar-voiced-15-o	voiced	alveolar_o	0.297479576
Baer_Henney_unpublished_2017	tut11	LaBr	alveolar-voiced-15-o	voiced	alveolar_o	0.176761589
Baer_Henney_unpublished_2017	tut11	MaSz	alveolar-voiced-15-o	voiced	alveolar_o	0.158626737
Baer_Henney_unpublished_2017	tut11	NaFl	alveolar-voiced-15-o	voiced	alveolar_o	0.298590434
Baer_Henney_unpublished_2017	tut11	RoSc	alveolar-voiced-15-o	voiced	alveolar_o	0.194608602
Baer_Henney_unpublished_2017	tut11	SiMo	alveolar-voiced-15-o	voiced	alveolar_o	0.136335297
Baer_Henney_unpublished_2017	tut11	LaBr	alveolar-voiced-2	voiced	alveolar_a	0.266178436
Baer_Henney_unpublished_2017	tut11	AnBr	alveolar-voiced-2-a	voiced	alveolar_a	0.228830443
Baer_Henney_unpublished_2017	tut11	MaSz	alveolar-voiced-2-a	voiced	alveolar_a	0.271690475
Baer_Henney_unpublished_2017	tut11	NaFl	alveolar-voiced-2-a	voiced	alveolar_a	0.225725264
Baer_Henney_unpublished_2017	tut11	RoSc	alveolar-voiced-2-a	voiced	alveolar_a	0.284023366
Baer_Henney_unpublished_2017	tut11	SiMo	alveolar-voiced-2-a	voiced	alveolar_a	0.19314167
Baer_Henney_unpublished_2017	tut11	AnBr	alveolar-voiced-3-i	voiced	alveolar_i	0.22196553
Baer_Henney_unpublished_2017	tut11	LaBr	alveolar-voiced-3-i	voiced	alveolar_i	0.240209809
Baer_Henney_unpublished_2017	tut11	MaSz	alveolar-voiced-3-i	voiced	alveolar_i	0.187314551
Baer_Henney_unpublished_2017	tut11	NaFl	alveolar-voiced-3-i	voiced	alveolar_i	0.185845286
Baer_Henney_unpublished_2017	tut11	RoSc	alveolar-voiced-3-i	voiced	alveolar_i	0.242852834
Baer_Henney_unpublished_2017	tut11	SiMo	alveolar-voiced-3-u	voiced	alveolar_u	0.144450493
Baer_Henney_unpublished_2017	tut11	AnBr	alveolar-voiced-4-i	voiced	alveolar_i	0.227304907
Baer_Henney_unpublished_2017	tut11	LaBr	alveolar-voiced-4-i	voiced	alveolar_i	0.110366669
Baer_Henney_unpublished_2017	tut11	MaSz	alveolar-voiced-4-i	voiced	alveolar_i	0.192377107
Baer_Henney_unpublished_2017	tut11	NaFl	alveolar-voiced-4-i	voiced	alveolar_i	0.232025878
Baer_Henney_unpublished_2017	tut11	RoSc	alveolar-voiced-4-i	voiced	alveolar_i	0.176733655
Baer_Henney_unpublished_2017	tut11	SiMo	alveolar-voiced-4-y	voiced	alveolar_y	0.167984562
Baer_Henney_unpublished_2017	tut11	AnBr	alveolar-voiced-5-e	voiced	alveolar_e	0.289089126
Baer_Henney_unpublished_2017	tut11	LaBr	alveolar-voiced-5-e	voiced	alveolar_e	0.188272553
Baer_Henney_unpublished_2017	tut11	MaSz	alveolar-voiced-5-e	voiced	alveolar_e	0.182251996
Baer_Henney_unpublished_2017	tut11	NaFl	alveolar-voiced-5-e	voiced	alveolar_e	0.289416968
Baer_Henney_unpublished_2017	tut11	RoSc	alveolar-voiced-5-e	voiced	alveolar_e	0.196800141
Baer_Henney_unpublished_2017	tut11	SiMo	alveolar-voiced-5-y	voiced	alveolar_y	0.147696571
Baer_Henney_unpublished_2017	tut11	AnBr	alveolar-voiced-6-i	voiced	alveolar_i	0.208998471
Baer_Henney_unpublished_2017	tut11	LaBr	alveolar-voiced-6-i	voiced	alveolar_i	0.162303925
Baer_Henney_unpublished_2017	tut11	MaSz	alveolar-voiced-6-i	voiced	alveolar_i	0.212627328
Baer_Henney_unpublished_2017	tut11	NaFl	alveolar-voiced-6-i	voiced	alveolar_i	0.213113611
Baer_Henney_unpublished_2017	tut11	RoSc	alveolar-voiced-6-i	voiced	alveolar_i	0.207921947
Baer_Henney_unpublished_2017	tut11	SiMo	alveolar-voiced-6-i	voiced	alveolar_i	0.15175417
Baer_Henney_unpublished_2017	tut11	SiMo	alveolar-voiced-7	voiced	alveolar_o	0.152565689
Baer_Henney_unpublished_2017	tut11	AnBr	alveolar-voiced-7-o	voiced	alveolar_o	0.258578401
Baer_Henney_unpublished_2017	tut11	LaBr	alveolar-voiced-7-o	voiced	alveolar_o	0.071413727
Baer_Henney_unpublished_2017	tut11	MaSz	alveolar-voiced-7-o	voiced	alveolar_o	0.248065217
Baer_Henney_unpublished_2017	tut11	NaFl	alveolar-voiced-7-o	voiced	alveolar_o	0.249585104
Baer_Henney_unpublished_2017	tut11	RoSc	alveolar-voiced-7-o	voiced	alveolar_o	0.2349518
Baer_Henney_unpublished_2017	tut11	AnBr	alveolar-voiced-8-o	voiced	alveolar_o	0.183064354
Baer_Henney_unpublished_2017	tut11	SiMo	alveolar-voiced-8-o	voiced	alveolar_o	0.201256867
Baer_Henney_unpublished_2017	tut11	LaBr	alveolar-voiced-8-u	voiced	alveolar_u	0.188272553
Baer_Henney_unpublished_2017	tut11	MaSz	alveolar-voiced-8-u	voiced	alveolar_u	0.175501922
Baer_Henney_unpublished_2017	tut11	NaFl	alveolar-voiced-8-u	voiced	alveolar_u	0.198172069
Baer_Henney_unpublished_2017	tut11	RoSc	alveolar-voiced-8-u	voiced	alveolar_u	0.262397497
Baer_Henney_unpublished_2017	tut11	AnBr	alveolar-voiced-9-a	voiced	alveolar_a	0.215863385
Baer_Henney_unpublished_2017	tut11	LaBr	alveolar-voiced-9-a	voiced	alveolar_a	0.19476471
Baer_Henney_unpublished_2017	tut11	MaSz	alveolar-voiced-9-a	voiced	alveolar_a	0.253127772
Baer_Henney_unpublished_2017	tut11	NaFl	alveolar-voiced-9-a	voiced	alveolar_a	0.205966465
Baer_Henney_unpublished_2017	tut11	RoSc	alveolar-voiced-9-a	voiced	alveolar_a	0.301070979
Baer_Henney_unpublished_2017	tut11	SiMo	alveolar-voiced-9-e	voiced	alveolar_e	0.149319611
Baer_Henney_unpublished_2017	tut11	AnBr	alveolar-voiceless-1-a	voiceless	alveolar_a	0.236458124
Baer_Henney_unpublished_2017	tut11	LaBr	alveolar-voiceless-1-a	voiceless	alveolar_a	0.136335297
Baer_Henney_unpublished_2017	tut11	NaFl	alveolar-voiceless-1-a	voiceless	alveolar_a	0.17593816
Baer_Henney_unpublished_2017	tut11	RoSc	alveolar-voiceless-1-a	voiceless	alveolar_a	0.285268911
Baer_Henney_unpublished_2017	tut11	MaSz	alveolar-voiceless-1-o	voiceless	alveolar_o	0.216002365
Baer_Henney_unpublished_2017	tut11	SiMo	alveolar-voiceless-1-oe	voiceless	alveolar_oe	0.19476471
Baer_Henney_unpublished_2017	tut11	SiMo	alveolar-voiceless-10	voiceless	alveolar_e	0.175288239
Baer_Henney_unpublished_2017	tut11	MaSz	alveolar-voiceless-10-a	voiceless	alveolar_e	0.209252291
Baer_Henney_unpublished_2017	tut11	AnBr	alveolar-voiceless-10-e	voiceless	alveolar_e	0.247136879
Baer_Henney_unpublished_2017	tut11	LaBr	alveolar-voiceless-10-e	voiceless	alveolar_e	0.149319611
Baer_Henney_unpublished_2017	tut11	NaFl	alveolar-voiceless-10-e	voiceless	alveolar_e	0.175783306
Baer_Henney_unpublished_2017	tut11	RoSc	alveolar-voiceless-10-e	voiceless	alveolar_e	0.218277216
Baer_Henney_unpublished_2017	tut11	SiMo	alveolar-voiceless-11-e	voiceless	alveolar_e	0.120916424
Baer_Henney_unpublished_2017	tut11	AnBr	alveolar-voiceless-11-u	voiceless	alveolar_u	0.216626153
Baer_Henney_unpublished_2017	tut11	LaBr	alveolar-voiceless-11-u	voiceless	alveolar_u	0.12984314
Baer_Henney_unpublished_2017	tut11	MaSz	alveolar-voiceless-11-u	voiceless	alveolar_u	0.097032313
Baer_Henney_unpublished_2017	tut11	NaFl	alveolar-voiceless-11-u	voiceless	alveolar_u	0.180788605
Baer_Henney_unpublished_2017	tut11	RoSc	alveolar-voiceless-11-u	voiceless	alveolar_u	0.229673215
Baer_Henney_unpublished_2017	tut11	SiMo	alveolar-voiceless-12-a	voiceless	alveolar_a	0.233717652
Baer_Henney_unpublished_2017	tut11	MaSz	alveolar-voiceless-12-u	voiceless	alveolar_u	0.168751848
Baer_Henney_unpublished_2017	tut11	AnBr	alveolar-voiceless-12-y	voiceless	alveolar_y	0.283749749
Baer_Henney_unpublished_2017	tut11	LaBr	alveolar-voiceless-12-y	voiceless	alveolar_y	0.090890198
Baer_Henney_unpublished_2017	tut11	NaFl	alveolar-voiceless-12-y	voiceless	alveolar_y	0.155985433
Baer_Henney_unpublished_2017	tut11	RoSc	alveolar-voiceless-12-y	voiceless	alveolar_y	0.184634689
Baer_Henney_unpublished_2017	tut11	MaSz	alveolar-voiceless-13-u	voiceless	alveolar_u	0.324003548
Baer_Henney_unpublished_2017	tut11	SiMo	alveolar-voiceless-13-u	voiceless	alveolar_u	0.152565689
Baer_Henney_unpublished_2017	tut11	AnBr	alveolar-voiceless-13-y	voiceless	alveolar_y	0.244848574
Baer_Henney_unpublished_2017	tut11	LaBr	alveolar-voiceless-13-y	voiceless	alveolar_y	0.103874512
Baer_Henney_unpublished_2017	tut11	NaFl	alveolar-voiceless-13-y	voiceless	alveolar_y	0.187031015
Baer_Henney_unpublished_2017	tut11	RoSc	alveolar-voiceless-13-y	voiceless	alveolar_y	0.205566294
Baer_Henney_unpublished_2017	tut11	SiMo	alveolar-voiceless-14	voiceless	alveolar_e	0.216675739
Baer_Henney_unpublished_2017	tut11	LaBr	alveolar-voiceless-14-e	voiceless	alveolar_e	0.142827454
Baer_Henney_unpublished_2017	tut11	NaFl	alveolar-voiceless-14-e	voiceless	alveolar_e	0.169346776
Baer_Henney_unpublished_2017	tut11	RoSc	alveolar-voiceless-14-e	voiceless	alveolar_e	0.222476483
Baer_Henney_unpublished_2017	tut11	AnBr	alveolar-voiceless-14-i	voiceless	alveolar_i	0.186878195
Baer_Henney_unpublished_2017	tut11	MaSz	alveolar-voiceless-14-i	voiceless	alveolar_i	0.182251996
Baer_Henney_unpublished_2017	tut11	SiMo	alveolar-voiceless-15-e	voiceless	alveolar_e	0.173665199
Baer_Henney_unpublished_2017	tut11	AnBr	alveolar-voiceless-15-o	voiceless	alveolar_o	0.217388921
Baer_Henney_unpublished_2017	tut11	LaBr	alveolar-voiceless-15-o	voiceless	alveolar_o	0.123350983
Baer_Henney_unpublished_2017	tut11	NaFl	alveolar-voiceless-15-o	voiceless	alveolar_o	0.249065553
Baer_Henney_unpublished_2017	tut11	RoSc	alveolar-voiceless-15-o	voiceless	alveolar_o	0.228714142
Baer_Henney_unpublished_2017	tut11	MaSz	alveolar-voiceless-15-u	voiceless	alveolar_u	0.172126885
Baer_Henney_unpublished_2017	tut11	SiMo	alveolar-voiceless-2	voiceless	alveolar_a	0.204502945
Baer_Henney_unpublished_2017	tut11	AnBr	alveolar-voiceless-2-a	voiceless	alveolar_a	0.214337848
Baer_Henney_unpublished_2017	tut11	LaBr	alveolar-voiceless-2-a	voiceless	alveolar_a	0.181780396
Baer_Henney_unpublished_2017	tut11	MaSz	alveolar-voiceless-2-a	voiceless	alveolar_a	0.158626737
Baer_Henney_unpublished_2017	tut11	NaFl	alveolar-voiceless-2-a	voiceless	alveolar_a	0.271101905
Baer_Henney_unpublished_2017	tut11	RoSc	alveolar-voiceless-2-a	voiceless	alveolar_a	0.226219078
Baer_Henney_unpublished_2017	tut11	AnBr	alveolar-voiceless-3-i	voiceless	alveolar_i	0.237983661
Baer_Henney_unpublished_2017	tut11	LaBr	alveolar-voiceless-3-i	voiceless	alveolar_i	0.110366669
Baer_Henney_unpublished_2017	tut11	MaSz	alveolar-voiceless-3-i	voiceless	alveolar_i	0.162001774
Baer_Henney_unpublished_2017	tut11	NaFl	alveolar-voiceless-3-i	voiceless	alveolar_i	0.159729545
Baer_Henney_unpublished_2017	tut11	RoSc	alveolar-voiceless-3-i	voiceless	alveolar_i	0.203763508
Baer_Henney_unpublished_2017	tut11	SiMo	alveolar-voiceless-3-o	voiceless	alveolar_o	0.189895592
Baer_Henney_unpublished_2017	tut11	AnBr	alveolar-voiceless-4-i	voiceless	alveolar_i	0.261629473
Baer_Henney_unpublished_2017	tut11	LaBr	alveolar-voiceless-4-i	voiceless	alveolar_i	0.136335297
Baer_Henney_unpublished_2017	tut11	MaSz	alveolar-voiceless-4-i	voiceless	alveolar_i	0.1552517
Baer_Henney_unpublished_2017	tut11	NaFl	alveolar-voiceless-4-i	voiceless	alveolar_i	0.190187694
Baer_Henney_unpublished_2017	tut11	RoSc	alveolar-voiceless-4-i	voiceless	alveolar_i	0.245452291
Baer_Henney_unpublished_2017	tut11	SiMo	alveolar-voiceless-4-i	voiceless	alveolar_i	0.140392895
Baer_Henney_unpublished_2017	tut11	AnBr	alveolar-voiceless-5-e	voiceless	alveolar_e	0.304344489
Baer_Henney_unpublished_2017	tut11	LaBr	alveolar-voiceless-5-e	voiceless	alveolar_e	0.136335297
Baer_Henney_unpublished_2017	tut11	MaSz	alveolar-voiceless-5-e	voiceless	alveolar_e	0.192377107
Baer_Henney_unpublished_2017	tut11	NaFl	alveolar-voiceless-5-e	voiceless	alveolar_e	0.191008394
Baer_Henney_unpublished_2017	tut11	RoSc	alveolar-voiceless-5-e	voiceless	alveolar_e	0.205127986
Baer_Henney_unpublished_2017	tut11	SiMo	alveolar-voiceless-5-o	voiceless	alveolar_o	0.155811768
Baer_Henney_unpublished_2017	tut11	AnBr	alveolar-voiceless-6-i	voiceless	alveolar_i	0.210524008
Baer_Henney_unpublished_2017	tut11	LaBr	alveolar-voiceless-6-i	voiceless	alveolar_i	0.12984314
Baer_Henney_unpublished_2017	tut11	MaSz	alveolar-voiceless-6-i	voiceless	alveolar_i	0.137745356
Baer_Henney_unpublished_2017	tut11	NaFl	alveolar-voiceless-6-i	voiceless	alveolar_i	0.113722879
Baer_Henney_unpublished_2017	tut11	RoSc	alveolar-voiceless-6-i	voiceless	alveolar_i	0.17444645
Baer_Henney_unpublished_2017	tut11	SiMo	alveolar-voiceless-6-i	voiceless	alveolar_i	0.060458212
Baer_Henney_unpublished_2017	tut11	AnBr	alveolar-voiceless-7-o	voiceless	alveolar_o	0.224253834
Baer_Henney_unpublished_2017	tut11	MaSz	alveolar-voiceless-7-o	voiceless	alveolar_o	0.205877255
Baer_Henney_unpublished_2017	tut11	NaFl	alveolar-voiceless-7-o	voiceless	alveolar_o	0.200225347
Baer_Henney_unpublished_2017	tut11	RoSc	alveolar-voiceless-7-o	voiceless	alveolar_o	0.233704269
Baer_Henney_unpublished_2017	tut11	SiMo	alveolar-voiceless-7-o	voiceless	alveolar_o	0.165550003
Baer_Henney_unpublished_2017	tut11	AnBr	alveolar-voiceless-8-u	voiceless	alveolar_u	0.181538818
Baer_Henney_unpublished_2017	tut11	LaBr	alveolar-voiceless-8-u	voiceless	alveolar_u	0.103874512
Baer_Henney_unpublished_2017	tut11	MaSz	alveolar-voiceless-8-u	voiceless	alveolar_u	0.167064329
Baer_Henney_unpublished_2017	tut11	NaFl	alveolar-voiceless-8-u	voiceless	alveolar_u	0.190127751
Baer_Henney_unpublished_2017	tut11	RoSc	alveolar-voiceless-8-u	voiceless	alveolar_u	0.214575449
Baer_Henney_unpublished_2017	tut11	SiMo	alveolar-voiceless-8-u	voiceless	alveolar_u	0.133089218
Baer_Henney_unpublished_2017	tut11	AnBr	alveolar-voiceless-9-a	voiceless	alveolar_a	0.230355979
Baer_Henney_unpublished_2017	tut11	LaBr	alveolar-voiceless-9-a	voiceless	alveolar_a	0.168796082
Baer_Henney_unpublished_2017	tut11	MaSz	alveolar-voiceless-9-a	voiceless	alveolar_a	0.226127476
Baer_Henney_unpublished_2017	tut11	NaFl	alveolar-voiceless-9-a	voiceless	alveolar_a	0.223319032
Baer_Henney_unpublished_2017	tut11	RoSc	alveolar-voiceless-9-a	voiceless	alveolar_a	0.271961907
Baer_Henney_unpublished_2017	tut11	SiMo	alveolar-voiceless-9-a	voiceless	alveolar_a	0.17204216
Baer_Henney_unpublished_2017	tut11	AnBr	labial-voiced-1-a	voiced	labial_a	0.18077605
Baer_Henney_unpublished_2017	tut11	LaBr	labial-voiced-1-a	voiced	labial_a	0.168796082
Baer_Henney_unpublished_2017	tut11	MaSz	labial-voiced-1-a	voiced	labial_a	0.222752439
Baer_Henney_unpublished_2017	tut11	NaFl	labial-voiced-1-a	voiced	labial_a	0.298200974
Baer_Henney_unpublished_2017	tut11	RoSc	labial-voiced-1-a	voiced	labial_a	0.29691254
Baer_Henney_unpublished_2017	tut11	SiMo	labial-voiced-1-oe	voiced	labial_oe	0.185837994
Baer_Henney_unpublished_2017	tut11	RoSc	labial-voiced-10-o	voiced	labial_o	0.207090259
Baer_Henney_unpublished_2017	tut11	AnBr	labial-voiced-10-u	voiced	labial_u	0.234932588
Baer_Henney_unpublished_2017	tut11	LaBr	labial-voiced-10-u	voiced	labial_u	0.201256867
Baer_Henney_unpublished_2017	tut11	MaSz	labial-voiced-10-u	voiced	labial_u	0.158626737
Baer_Henney_unpublished_2017	tut11	SiMo	labial-voiced-10-u	voiced	labial_u	0.082775002
Baer_Henney_unpublished_2017	tut11	RoSc	labial-voiced-11-o	voiced	labial_o	0.148040426
Baer_Henney_unpublished_2017	tut11	SiMo	labial-voiced-11-o	voiced	labial_o	0.099005394
Baer_Henney_unpublished_2017	tut11	AnBr	labial-voiced-11-u	voiced	labial_u	0.184589891
Baer_Henney_unpublished_2017	tut11	LaBr	labial-voiced-11-u	voiced	labial_u	0.162303925
Baer_Henney_unpublished_2017	tut11	MaSz	labial-voiced-11-u	voiced	labial_u	0.118970053
Baer_Henney_unpublished_2017	tut11	NaFl	labial-voiced-11-u	voiced	labial_u	0.165044487
Baer_Henney_unpublished_2017	tut11	SiMo	labial-voiced-12-a	voiced	labial_a	0.196387749
Baer_Henney_unpublished_2017	tut11	AnBr	labial-voiced-12-i	voiced	labial_i	0.206710167
Baer_Henney_unpublished_2017	tut11	LaBr	labial-voiced-12-i	voiced	labial_i	0.214241181
Baer_Henney_unpublished_2017	tut11	MaSz	labial-voiced-12-i	voiced	labial_i	0.124876368
Baer_Henney_unpublished_2017	tut11	NaFl	labial-voiced-12-i	voiced	labial_i	0.229670366
Baer_Henney_unpublished_2017	tut11	RoSc	labial-voiced-12-i	voiced	labial_i	0.288595663
Baer_Henney_unpublished_2017	tut11	SiMo	labial-voiced-13	voiced	labial_y	0.167173042
Baer_Henney_unpublished_2017	tut11	MaSz	labial-voiced-13-u	voiced	labial_u	0.172126885
Baer_Henney_unpublished_2017	tut11	AnBr	labial-voiced-13-y	voiced	labial_y	0.223491066
Baer_Henney_unpublished_2017	tut11	LaBr	labial-voiced-13-y	voiced	labial_y	0.201256867
Baer_Henney_unpublished_2017	tut11	NaFl	labial-voiced-13-y	voiced	labial_y	0.261788319
Baer_Henney_unpublished_2017	tut11	RoSc	labial-voiced-13-y	voiced	labial_y	0.212912074
Baer_Henney_unpublished_2017	tut11	SiMo	labial-voiced-14-a	voiced	labial_a	0.167578802
Baer_Henney_unpublished_2017	tut11	AnBr	labial-voiced-14-i	voiced	labial_i	0.231118747
Baer_Henney_unpublished_2017	tut11	LaBr	labial-voiced-14-i	voiced	labial_i	0.149319611
Baer_Henney_unpublished_2017	tut11	MaSz	labial-voiced-14-i	voiced	labial_i	0.129938923
Baer_Henney_unpublished_2017	tut11	NaFl	labial-voiced-14-i	voiced	labial_i	0.184626707
Baer_Henney_unpublished_2017	tut11	RoSc	labial-voiced-14-i	voiced	labial_i	0.214770755
Baer_Henney_unpublished_2017	tut11	AnBr	labial-voiced-15-o	voiced	labial_o	0.237220893
Baer_Henney_unpublished_2017	tut11	LaBr	labial-voiced-15-o	voiced	labial_o	0.142827454
Baer_Henney_unpublished_2017	tut11	NaFl	labial-voiced-15-o	voiced	labial_o	0.109909812
Baer_Henney_unpublished_2017	tut11	RoSc	labial-voiced-15-o	voiced	labial_o	0.217400601
Baer_Henney_unpublished_2017	tut11	MaSz	labial-voiced-15-u	voiced	labial_u	0.156939219
Baer_Henney_unpublished_2017	tut11	SiMo	labial-voiced-15-u	voiced	labial_u	0.154188728
Baer_Henney_unpublished_2017	tut11	AnBr	labial-voiced-2-a	voiced	labial_a	0.285275286
Baer_Henney_unpublished_2017	tut11	LaBr	labial-voiced-2-a	voiced	labial_a	0.175288239
Baer_Henney_unpublished_2017	tut11	MaSz	labial-voiced-2-a	voiced	labial_a	0.278440549
Baer_Henney_unpublished_2017	tut11	NaFl	labial-voiced-2-a	voiced	labial_a	0.229392296
Baer_Henney_unpublished_2017	tut11	RoSc	labial-voiced-2-a	voiced	labial_a	0.252833088
Baer_Henney_unpublished_2017	tut11	SiMo	labial-voiced-2-o	voiced	labial_o	0.121727944
Baer_Henney_unpublished_2017	tut11	AnBr	labial-voiced-3-a	voiced	labial_a	0.22196553
Baer_Henney_unpublished_2017	tut11	LaBr	labial-voiced-3-a	voiced	labial_a	0.175288239
Baer_Henney_unpublished_2017	tut11	MaSz	labial-voiced-3-a	voiced	labial_a	0.268315438
Baer_Henney_unpublished_2017	tut11	NaFl	labial-voiced-3-a	voiced	labial_a	0.185961993
Baer_Henney_unpublished_2017	tut11	RoSc	labial-voiced-3-a	voiced	labial_a	0.271130219
Baer_Henney_unpublished_2017	tut11	SiMo	labial-voiced-3-u	voiced	labial_u	0.126597061
Baer_Henney_unpublished_2017	tut11	AnBr	labial-voiced-4-a	voiced	labial_a	0.22196553
Baer_Henney_unpublished_2017	tut11	LaBr	labial-voiced-4-a	voiced	labial_a	0.240209809
Baer_Henney_unpublished_2017	tut11	MaSz	labial-voiced-4-a	voiced	labial_a	0.229502513
Baer_Henney_unpublished_2017	tut11	NaFl	labial-voiced-4-a	voiced	labial_a	0.378269407
Baer_Henney_unpublished_2017	tut11	RoSc	labial-voiced-4-a	voiced	labial_a	0.280516904
Baer_Henney_unpublished_2017	tut11	SiMo	labial-voiced-4-o	voiced	labial_o	0.149319611
Baer_Henney_unpublished_2017	tut11	SiMo	labial-voiced-5	voiced	labial_a	0.196387749
Baer_Henney_unpublished_2017	tut11	AnBr	labial-voiced-5-a	voiced	labial_a	0.212812312
Baer_Henney_unpublished_2017	tut11	LaBr	labial-voiced-5-a	voiced	labial_a	0.233717652
Baer_Henney_unpublished_2017	tut11	MaSz	labial-voiced-5-a	voiced	labial_a	0.23287755
Baer_Henney_unpublished_2017	tut11	NaFl	labial-voiced-5-a	voiced	labial_a	0.216238281
Baer_Henney_unpublished_2017	tut11	RoSc	labial-voiced-5-a	voiced	labial_a	0.205617723
Baer_Henney_unpublished_2017	tut11	SiMo	labial-voiced-6-a	voiced	labial_a	0.170419121
Baer_Henney_unpublished_2017	tut11	AnBr	labial-voiced-6-e	voiced	labial_e	0.231881516
Baer_Henney_unpublished_2017	tut11	LaBr	labial-voiced-6-e	voiced	labial_e	0.175288239
Baer_Henney_unpublished_2017	tut11	MaSz	labial-voiced-6-e	voiced	labial_e	0.172970644
Baer_Henney_unpublished_2017	tut11	NaFl	labial-voiced-6-e	voiced	labial_e	0.190324381
Baer_Henney_unpublished_2017	tut11	RoSc	labial-voiced-6-e	voiced	labial_e	0.241189459
Baer_Henney_unpublished_2017	tut11	AnBr	labial-voiced-7-e	voiced	labial_e	0.222728298
Baer_Henney_unpublished_2017	tut11	LaBr	labial-voiced-7-e	voiced	labial_e	0.097382355
Baer_Henney_unpublished_2017	tut11	MaSz	labial-voiced-7-e	voiced	labial_e	0.219377402
Baer_Henney_unpublished_2017	tut11	NaFl	labial-voiced-7-e	voiced	labial_e	0.228460721
Baer_Henney_unpublished_2017	tut11	RoSc	labial-voiced-7-e	voiced	labial_e	0.24451621
Baer_Henney_unpublished_2017	tut11	SiMo	labial-voiced-7-u	voiced	labial_u	0.131466179
Baer_Henney_unpublished_2017	tut11	SiMo	labial-voiced-8-a	voiced	labial_a	0.207749024
Baer_Henney_unpublished_2017	tut11	AnBr	labial-voiced-8-i	voiced	labial_i	0.233407052
Baer_Henney_unpublished_2017	tut11	LaBr	labial-voiced-8-i	voiced	labial_i	0.123350983
Baer_Henney_unpublished_2017	tut11	MaSz	labial-voiced-8-i	voiced	labial_i	0.143439071
Baer_Henney_unpublished_2017	tut11	NaFl	labial-voiced-8-i	voiced	labial_i	0.27060581
Baer_Henney_unpublished_2017	tut11	RoSc	labial-voiced-8-i	voiced	labial_i	0.167169245
Baer_Henney_unpublished_2017	tut11	SiMo	labial-voiced-9	voiced	labial_o	0.184214955
Baer_Henney_unpublished_2017	tut11	AnBr	labial-voiced-9-o	voiced	labial_o	0.24637411
Baer_Henney_unpublished_2017	tut11	LaBr	labial-voiced-9-o	voiced	labial_o	0.103874512
Baer_Henney_unpublished_2017	tut11	NaFl	labial-voiced-9-o	voiced	labial_o	0.244003532
Baer_Henney_unpublished_2017	tut11	RoSc	labial-voiced-9-o	voiced	labial_o	0.241189459
Baer_Henney_unpublished_2017	tut11	MaSz	labial-voiced-9-u	voiced	labial_u	0.146814108
Baer_Henney_unpublished_2017	tut11	AnBr	labial-voiceless-1-a	voiceless	labial_a	0.187640963
Baer_Henney_unpublished_2017	tut11	LaBr	labial-voiceless-1-a	voiceless	labial_a	0.142827454
Baer_Henney_unpublished_2017	tut11	MaSz	labial-voiceless-1-a	voiceless	labial_a	0.182251996
Baer_Henney_unpublished_2017	tut11	NaFl	labial-voiceless-1-a	voiceless	labial_a	0.213334114
Baer_Henney_unpublished_2017	tut11	RoSc	labial-voiceless-1-a	voiceless	labial_a	0.29691254
Baer_Henney_unpublished_2017	tut11	SiMo	labial-voiceless-1-o	voiceless	labial_o	0.15175417
Baer_Henney_unpublished_2017	tut11	SiMo	labial-voiceless-10-a	voiceless	labial_a	0.180157356
Baer_Henney_unpublished_2017	tut11	AnBr	labial-voiceless-10-o	voiceless	labial_o	0.189929268
Baer_Henney_unpublished_2017	tut11	RoSc	labial-voiceless-10-o	voiceless	labial_o	0.223724015
Baer_Henney_unpublished_2017	tut11	LaBr	labial-voiceless-10-u	voiceless	labial_u	0.168796082
Baer_Henney_unpublished_2017	tut11	MaSz	labial-voiceless-10-u	voiceless	labial_u	0.145126589
Baer_Henney_unpublished_2017	tut11	NaFl	labial-voiceless-10-u	voiceless	labial_u	0.202391361
Baer_Henney_unpublished_2017	tut11	NaFl	labial-voiceless-10-u	voiceless	labial_u	0.26161405
Baer_Henney_unpublished_2017	tut11	AnBr	labial-voiceless-11-u	voiceless	labial_u	0.260103937
Baer_Henney_unpublished_2017	tut11	LaBr	labial-voiceless-11-u	voiceless	labial_u	0.097382355
Baer_Henney_unpublished_2017	tut11	MaSz	labial-voiceless-11-u	voiceless	labial_u	0.165376811
Baer_Henney_unpublished_2017	tut11	NaFl	labial-voiceless-11-u	voiceless	labial_u	0.16146039
Baer_Henney_unpublished_2017	tut11	RoSc	labial-voiceless-11-u	voiceless	labial_u	0.188793128
Baer_Henney_unpublished_2017	tut11	SiMo	labial-voiceless-11-u	voiceless	labial_u	0.103874512
Baer_Henney_unpublished_2017	tut11	SiMo	labial-voiceless-12-a	voiceless	labial_a	0.176911278
Baer_Henney_unpublished_2017	tut11	AnBr	labial-voiceless-12-i	voiceless	labial_i	0.215100616
Baer_Henney_unpublished_2017	tut11	LaBr	labial-voiceless-12-i	voiceless	labial_i	0.162303925
Baer_Henney_unpublished_2017	tut11	MaSz	labial-voiceless-12-i	voiceless	labial_i	0.106313664
Baer_Henney_unpublished_2017	tut11	NaFl	labial-voiceless-12-i	voiceless	labial_i	0.229396776
Baer_Henney_unpublished_2017	tut11	RoSc	labial-voiceless-12-i	voiceless	labial_i	0.168416777
Baer_Henney_unpublished_2017	tut11	MaSz	labial-voiceless-13-u	voiceless	labial_u	0.108844942
Baer_Henney_unpublished_2017	tut11	AnBr	labial-voiceless-13-y	voiceless	labial_y	0.258578401
Baer_Henney_unpublished_2017	tut11	LaBr	labial-voiceless-13-y	voiceless	labial_y	0.084398041
Baer_Henney_unpublished_2017	tut11	NaFl	labial-voiceless-13-y	voiceless	labial_y	0.207314569
Baer_Henney_unpublished_2017	tut11	RoSc	labial-voiceless-13-y	voiceless	labial_y	0.207757832
Baer_Henney_unpublished_2017	tut11	SiMo	labial-voiceless-13-y	voiceless	labial_y	0.140392895
Baer_Henney_unpublished_2017	tut11	AnBr	labial-voiceless-14-i	voiceless	labial_i	0.231118747
Baer_Henney_unpublished_2017	tut11	LaBr	labial-voiceless-14-i	voiceless	labial_i	0.077905884
Baer_Henney_unpublished_2017	tut11	MaSz	labial-voiceless-14-i	voiceless	labial_i	0.148501626
Baer_Henney_unpublished_2017	tut11	NaFl	labial-voiceless-14-i	voiceless	labial_i	0.207089071
Baer_Henney_unpublished_2017	tut11	RoSc	labial-voiceless-14-i	voiceless	labial_i	0.079771995
Baer_Henney_unpublished_2017	tut11	SiMo	labial-voiceless-14-i	voiceless	labial_i	0.097382355
Baer_Henney_unpublished_2017	tut11	AnBr	labial-voiceless-15-o	voiceless	labial_o	0.236458124
Baer_Henney_unpublished_2017	tut11	LaBr	labial-voiceless-15-o	voiceless	labial_o	0.100628433
Baer_Henney_unpublished_2017	tut11	MaSz	labial-voiceless-15-o	voiceless	labial_o	0.131708707
Baer_Henney_unpublished_2017	tut11	NaFl	labial-voiceless-15-o	voiceless	labial_o	0.194745965
Baer_Henney_unpublished_2017	tut11	RoSc	labial-voiceless-15-o	voiceless	labial_o	0.215209063
Baer_Henney_unpublished_2017	tut11	SiMo	labial-voiceless-15-o	voiceless	labial_o	0.11848052
Baer_Henney_unpublished_2017	tut11	AnBr	labial-voiceless-2-a	voiceless	labial_a	0.34095736
Baer_Henney_unpublished_2017	tut11	LaBr	labial-voiceless-2-a	voiceless	labial_a	0.149319611
Baer_Henney_unpublished_2017	tut11	MaSz	labial-voiceless-2-a	voiceless	labial_a	0.195752144
Baer_Henney_unpublished_2017	tut11	NaFl	labial-voiceless-2-a	voiceless	labial_a	0.221606942
Baer_Henney_unpublished_2017	tut11	RoSc	labial-voiceless-2-a	voiceless	labial_a	0.240357771
Baer_Henney_unpublished_2017	tut11	SiMo	labial-voiceless-2-i	voiceless	labial_i	0.103874512
Baer_Henney_unpublished_2017	tut11	AnBr	labial-voiceless-3-a	voiceless	labial_a	0.199082485
Baer_Henney_unpublished_2017	tut11	LaBr	labial-voiceless-3-a	voiceless	labial_a	0.097382355
Baer_Henney_unpublished_2017	tut11	MaSz	labial-voiceless-3-a	voiceless	labial_a	0.16622057
Baer_Henney_unpublished_2017	tut11	NaFl	labial-voiceless-3-a	voiceless	labial_a	0.221475587
Baer_Henney_unpublished_2017	tut11	RoSc	labial-voiceless-3-a	voiceless	labial_a	0.227919985
Baer_Henney_unpublished_2017	tut11	SiMo	labial-voiceless-3-a	voiceless	labial_a	0.12943738
Baer_Henney_unpublished_2017	tut11	AnBr	labial-voiceless-4-a	voiceless	labial_a	0.271545459
Baer_Henney_unpublished_2017	tut11	LaBr	labial-voiceless-4-a	voiceless	labial_a	0.142827454
Baer_Henney_unpublished_2017	tut11	MaSz	labial-voiceless-4-a	voiceless	labial_a	0.195752144
Baer_Henney_unpublished_2017	tut11	NaFl	labial-voiceless-4-a	voiceless	labial_a	0.31573599
Baer_Henney_unpublished_2017	tut11	RoSc	labial-voiceless-4-a	voiceless	labial_a	0.247011273
Baer_Henney_unpublished_2017	tut11	SiMo	labial-voiceless-4-u	voiceless	labial_u	0.131466179
Baer_Henney_unpublished_2017	tut11	AnBr	labial-voiceless-5-a	voiceless	labial_a	0.186878195
Baer_Henney_unpublished_2017	tut11	LaBr	labial-voiceless-5-a	voiceless	labial_a	0.142827454
Baer_Henney_unpublished_2017	tut11	MaSz	labial-voiceless-5-a	voiceless	labial_a	0.354378881
Baer_Henney_unpublished_2017	tut11	NaFl	labial-voiceless-5-a	voiceless	labial_a	0.209871276
Baer_Henney_unpublished_2017	tut11	RoSc	labial-voiceless-5-a	voiceless	labial_a	0.212912074
Baer_Henney_unpublished_2017	tut11	SiMo	labial-voiceless-5-o	voiceless	labial_o	0.144450493
Baer_Henney_unpublished_2017	tut11	AnBr	labial-voiceless-6-e	voiceless	labial_e	0.149502556
Baer_Henney_unpublished_2017	tut11	LaBr	labial-voiceless-6-e	voiceless	labial_e	0.129865658
Baer_Henney_unpublished_2017	tut11	MaSz	labial-voiceless-6-e	voiceless	labial_e	0.118126294
Baer_Henney_unpublished_2017	tut11	NaFl	labial-voiceless-6-e	voiceless	labial_e	0.121450948
Baer_Henney_unpublished_2017	tut11	RoSc	labial-voiceless-6-e	voiceless	labial_e	0.186719064
Baer_Henney_unpublished_2017	tut11	SiMo	labial-voiceless-6-e	voiceless	labial_e	0.143638973
Baer_Henney_unpublished_2017	tut11	SiMo	labial-voiceless-7	voiceless	labial_e	0.155811768
Baer_Henney_unpublished_2017	tut11	AnBr	labial-voiceless-7-e	voiceless	labial_e	0.194505877
Baer_Henney_unpublished_2017	tut11	LaBr	labial-voiceless-7-e	voiceless	labial_e	0.103874512
Baer_Henney_unpublished_2017	tut11	MaSz	labial-voiceless-7-e	voiceless	labial_e	0.1552517
Baer_Henney_unpublished_2017	tut11	NaFl	labial-voiceless-7-e	voiceless	labial_e	0.187157955
Baer_Henney_unpublished_2017	tut11	RoSc	labial-voiceless-7-e	voiceless	labial_e	0.206004602
Baer_Henney_unpublished_2017	tut11	AnBr	labial-voiceless-8-e	voiceless	labial_e	0.146451484
Baer_Henney_unpublished_2017	tut11	LaBr	labial-voiceless-8-i	voiceless	labial_i	0.097382355
Baer_Henney_unpublished_2017	tut11	MaSz	labial-voiceless-8-i	voiceless	labial_i	0.165376811
Baer_Henney_unpublished_2017	tut11	NaFl	labial-voiceless-8-i	voiceless	labial_i	0.211985074
Baer_Henney_unpublished_2017	tut11	RoSc	labial-voiceless-8-i	voiceless	labial_i	0.21041701
Baer_Henney_unpublished_2017	tut11	SiMo	labial-voiceless-8-oe	voiceless	labial_oe	0.159057846
Baer_Henney_unpublished_2017	tut11	SiMo	labial-voiceless-9-e	voiceless	labial_e	0.183403435
Baer_Henney_unpublished_2017	tut11	AnBr	labial-voiceless-9-o	voiceless	labial_o	0.220439993
Baer_Henney_unpublished_2017	tut11	LaBr	labial-voiceless-9-o	voiceless	labial_o	0.181780396
Baer_Henney_unpublished_2017	tut11	NaFl	labial-voiceless-9-o	voiceless	labial_o	0.219553324
Baer_Henney_unpublished_2017	tut11	RoSc	labial-voiceless-9-o	voiceless	labial_o	0.248674649
Baer_Henney_unpublished_2017	tut11	MaSz	labial-voiceless-9-u	voiceless	labial_u	0.128251404
Baer_Henney_unpublished_2017	tut11	AnBr	velar-voiced-1-o	voiced	velar_o	0.231118747
Baer_Henney_unpublished_2017	tut11	LaBr	velar-voiced-1-o	voiced	velar_o	0.253194123
Baer_Henney_unpublished_2017	tut11	MaSz	velar-voiced-1-o	voiced	velar_o	0.212627328
Baer_Henney_unpublished_2017	tut11	NaFl	velar-voiced-1-o	voiced	velar_o	0.244137743
Baer_Henney_unpublished_2017	tut11	RoSc	velar-voiced-1-o	voiced	velar_o	0.253664775
Baer_Henney_unpublished_2017	tut11	SiMo	velar-voiced-1-oe	voiced	velar_oe	0.183403435
Baer_Henney_unpublished_2017	tut11	SiMo	velar-voiced-10-i	voiced	velar_i	0.091701717
Baer_Henney_unpublished_2017	tut11	AnBr	velar-voiced-10-u	voiced	velar_u	0.26696885
Baer_Henney_unpublished_2017	tut11	LaBr	velar-voiced-10-u	voiced	velar_u	0.214241181
Baer_Henney_unpublished_2017	tut11	MaSz	velar-voiced-10-u	voiced	velar_u	0.141751552
Baer_Henney_unpublished_2017	tut11	NaFl	velar-voiced-10-u	voiced	velar_u	0.262231215
Baer_Henney_unpublished_2017	tut11	RoSc	velar-voiced-10-u	voiced	velar_u	0.2520014
Baer_Henney_unpublished_2017	tut11	SiMo	velar-voiced-11-e	voiced	velar_e	0.155811768
Baer_Henney_unpublished_2017	tut11	AnBr	velar-voiced-11-u	voiced	velar_u	0.208998471
Baer_Henney_unpublished_2017	tut11	LaBr	velar-voiced-11-u	voiced	velar_u	0.12984314
Baer_Henney_unpublished_2017	tut11	MaSz	velar-voiced-11-u	voiced	velar_u	0.141751552
Baer_Henney_unpublished_2017	tut11	NaFl	velar-voiced-11-u	voiced	velar_u	0.162409299
Baer_Henney_unpublished_2017	tut11	RoSc	velar-voiced-11-u	voiced	velar_u	0.250338024
Baer_Henney_unpublished_2017	tut11	SiMo	velar-voiced-12-i	voiced	velar_i	0.149319611
Baer_Henney_unpublished_2017	tut11	MaSz	velar-voiced-12-u	voiced	velar_u	0.190689588
Baer_Henney_unpublished_2017	tut11	AnBr	velar-voiced-12-y	voiced	velar_y	0.222728298
Baer_Henney_unpublished_2017	tut11	LaBr	velar-voiced-12-y	voiced	velar_y	0.12984314
Baer_Henney_unpublished_2017	tut11	NaFl	velar-voiced-12-y	voiced	velar_y	0.273768901
Baer_Henney_unpublished_2017	tut11	RoSc	velar-voiced-12-y	voiced	velar_y	0.258654902
Baer_Henney_unpublished_2017	tut11	MaSz	velar-voiced-13-i	voiced	velar_i	0.199127181
Baer_Henney_unpublished_2017	tut11	SiMo	velar-voiced-13-i	voiced	velar_i	0.126597061
Baer_Henney_unpublished_2017	tut11	RoSc	velar-voiced-13-o	voiced	velar_o	0.251169712
Baer_Henney_unpublished_2017	tut11	AnBr	velar-voiced-13-u	voiced	velar_u	0.23416982
Baer_Henney_unpublished_2017	tut11	LaBr	velar-voiced-13-u	voiced	velar_u	0.084398041
Baer_Henney_unpublished_2017	tut11	NaFl	velar-voiced-13-u	voiced	velar_u	0.261131698
Baer_Henney_unpublished_2017	tut11	SiMo	velar-voiced-14	voiced	velar_u	0.233717652
Baer_Henney_unpublished_2017	tut11	AnBr	velar-voiced-14-u	voiced	velar_u	0.245611342
Baer_Henney_unpublished_2017	tut11	LaBr	velar-voiced-14-u	voiced	velar_u	0.25968628
Baer_Henney_unpublished_2017	tut11	MaSz	velar-voiced-14-u	voiced	velar_u	0.140064034
Baer_Henney_unpublished_2017	tut11	NaFl	velar-voiced-14-u	voiced	velar_u	0.213304154
Baer_Henney_unpublished_2017	tut11	RoSc	velar-voiced-14-u	voiced	velar_u	0.205127986
Baer_Henney_unpublished_2017	tut11	MaSz	velar-voiced-15-u	voiced	velar_u	0.128251404
Baer_Henney_unpublished_2017	tut11	AnBr	velar-voiced-15-y	voiced	velar_y	0.250187951
Baer_Henney_unpublished_2017	tut11	LaBr	velar-voiced-15-y	voiced	velar_y	0.104614002
Baer_Henney_unpublished_2017	tut11	NaFl	velar-voiced-15-y	voiced	velar_y	0.188299666
Baer_Henney_unpublished_2017	tut11	RoSc	velar-voiced-15-y	voiced	velar_y	0.227043369
Baer_Henney_unpublished_2017	tut11	SiMo	velar-voiced-15-y	voiced	velar_y	0.171230641
Baer_Henney_unpublished_2017	tut11	AnBr	velar-voiced-2-a	voiced	velar_a	0.314260475
Baer_Henney_unpublished_2017	tut11	LaBr	velar-voiced-2-a	voiced	velar_a	0.205620624
Baer_Henney_unpublished_2017	tut11	MaSz	velar-voiced-2-a	voiced	velar_a	0.201658458
Baer_Henney_unpublished_2017	tut11	NaFl	velar-voiced-2-a	voiced	velar_a	0.16368665
Baer_Henney_unpublished_2017	tut11	RoSc	velar-voiced-2-a	voiced	velar_a	0.271750751
Baer_Henney_unpublished_2017	tut11	SiMo	velar-voiced-2-a	voiced	velar_a	0.198010788
Baer_Henney_unpublished_2017	tut11	AnBr	velar-voiced-3-a	voiced	velar_a	0.185352659
Baer_Henney_unpublished_2017	tut11	LaBr	velar-voiced-3-a	voiced	velar_a	0.207424314
Baer_Henney_unpublished_2017	tut11	MaSz	velar-voiced-3-a	voiced	velar_a	0.228658754
Baer_Henney_unpublished_2017	tut11	NaFl	velar-voiced-3-a	voiced	velar_a	0.230387146
Baer_Henney_unpublished_2017	tut11	RoSc	velar-voiced-3-a	voiced	velar_a	0.262984598
Baer_Henney_unpublished_2017	tut11	SiMo	velar-voiced-3-a	voiced	velar_a	0.241021328
Baer_Henney_unpublished_2017	tut11	LaBr	velar-voiced-4	voiced	velar_a	0.220733338
Baer_Henney_unpublished_2017	tut11	AnBr	velar-voiced-4-a	voiced	velar_a	0.305107257
Baer_Henney_unpublished_2017	tut11	MaSz	velar-voiced-4-a	voiced	velar_a	0.237940106
Baer_Henney_unpublished_2017	tut11	NaFl	velar-voiced-4-a	voiced	velar_a	0.266079243
Baer_Henney_unpublished_2017	tut11	RoSc	velar-voiced-4-a	voiced	velar_a	0.24194583
Baer_Henney_unpublished_2017	tut11	SiMo	velar-voiced-4-a	voiced	velar_a	0.197199268
Baer_Henney_unpublished_2017	tut11	SiMo	velar-voiced-5-a	voiced	velar_a	0.167173042
Baer_Henney_unpublished_2017	tut11	AnBr	velar-voiced-5-e	voiced	velar_e	0.238746429
Baer_Henney_unpublished_2017	tut11	LaBr	velar-voiced-5-e	voiced	velar_e	0.233717652
Baer_Henney_unpublished_2017	tut11	MaSz	velar-voiced-5-e	voiced	velar_e	0.219377402
Baer_Henney_unpublished_2017	tut11	NaFl	velar-voiced-5-e	voiced	velar_e	0.266512905
Baer_Henney_unpublished_2017	tut11	RoSc	velar-voiced-5-e	voiced	velar_e	0.308556169
Baer_Henney_unpublished_2017	tut11	AnBr	velar-voiced-6-e	voiced	velar_e	0.276122068
Baer_Henney_unpublished_2017	tut11	LaBr	velar-voiced-6-e	voiced	velar_e	0.165939451
Baer_Henney_unpublished_2017	tut11	MaSz	velar-voiced-6-e	voiced	velar_e	0.13331396
Baer_Henney_unpublished_2017	tut11	NaFl	velar-voiced-6-e	voiced	velar_e	0.163281571
Baer_Henney_unpublished_2017	tut11	RoSc	velar-voiced-6-e	voiced	velar_e	0.209511063
Baer_Henney_unpublished_2017	tut11	SiMo	velar-voiced-6-e	voiced	velar_e	0.1302489
Baer_Henney_unpublished_2017	tut11	AnBr	velar-voiced-7-i	voiced	velar_i	0.189929268
Baer_Henney_unpublished_2017	tut11	LaBr	velar-voiced-7-i	voiced	velar_i	0.214241181
Baer_Henney_unpublished_2017	tut11	MaSz	velar-voiced-7-i	voiced	velar_i	0.182251996
Baer_Henney_unpublished_2017	tut11	NaFl	velar-voiced-7-i	voiced	velar_i	0.276125226
Baer_Henney_unpublished_2017	tut11	RoSc	velar-voiced-7-i	voiced	velar_i	0.234535956
Baer_Henney_unpublished_2017	tut11	SiMo	velar-voiced-7-u	voiced	velar_u	0.178534317
Baer_Henney_unpublished_2017	tut11	AnBr	velar-voiced-8-o	voiced	velar_o	0.236458124
Baer_Henney_unpublished_2017	tut11	LaBr	velar-voiced-8-o	voiced	velar_o	0.181780396
Baer_Henney_unpublished_2017	tut11	MaSz	velar-voiced-8-o	voiced	velar_o	0.174658163
Baer_Henney_unpublished_2017	tut11	NaFl	velar-voiced-8-o	voiced	velar_o	0.208934062
Baer_Henney_unpublished_2017	tut11	RoSc	velar-voiced-8-o	voiced	velar_o	0.198115064
Baer_Henney_unpublished_2017	tut11	SiMo	velar-voiced-8-o	voiced	velar_o	0.143638973
Baer_Henney_unpublished_2017	tut11	AnBr	velar-voiced-9-o	voiced	velar_o	0.244848574
Baer_Henney_unpublished_2017	tut11	LaBr	velar-voiced-9-o	voiced	velar_o	0.240209809
Baer_Henney_unpublished_2017	tut11	MaSz	velar-voiced-9-o	voiced	velar_o	0.160314256
Baer_Henney_unpublished_2017	tut11	NaFl	velar-voiced-9-o	voiced	velar_o	0.210940053
Baer_Henney_unpublished_2017	tut11	RoSc	velar-voiced-9-o	voiced	velar_o	0.220030447
Baer_Henney_unpublished_2017	tut11	SiMo	velar-voiced-9-o	voiced	velar_o	0.147696571
Baer_Henney_unpublished_2017	tut11	AnBr	velar-voiceless-1-o	voiceless	velar_o	0.24256027
Baer_Henney_unpublished_2017	tut11	LaBr	velar-voiceless-1-o	voiceless	velar_o	0.110366669
Baer_Henney_unpublished_2017	tut11	MaSz	velar-voiceless-1-o	voiceless	velar_o	0.115595016
Baer_Henney_unpublished_2017	tut11	NaFl	velar-voiceless-1-o	voiceless	velar_o	0.151127124
Baer_Henney_unpublished_2017	tut11	RoSc	velar-voiceless-1-o	voiceless	velar_o	0.224851831
Baer_Henney_unpublished_2017	tut11	SiMo	velar-voiceless-1-o	voiceless	velar_o	0.12903162
Baer_Henney_unpublished_2017	tut11	AnBr	velar-voiceless-10-u	voiceless	velar_u	0.230355979
Baer_Henney_unpublished_2017	tut11	LaBr	velar-voiceless-10-u	voiceless	velar_u	0.084398041
Baer_Henney_unpublished_2017	tut11	MaSz	velar-voiceless-10-u	voiceless	velar_u	0.115173136
Baer_Henney_unpublished_2017	tut11	NaFl	velar-voiceless-10-u	voiceless	velar_u	0.177083206
Baer_Henney_unpublished_2017	tut11	RoSc	velar-voiceless-10-u	voiceless	velar_u	0.201621525
Baer_Henney_unpublished_2017	tut11	SiMo	velar-voiceless-10-u	voiceless	velar_u	0.078717403
Baer_Henney_unpublished_2017	tut11	SiMo	velar-voiceless-11	voiceless	velar_u	0.206125984
Baer_Henney_unpublished_2017	tut11	AnBr	velar-voiceless-11-u	voiceless	velar_u	0.235695356
Baer_Henney_unpublished_2017	tut11	LaBr	velar-voiceless-11-u	voiceless	velar_u	0.071413727
Baer_Henney_unpublished_2017	tut11	MaSz	velar-voiceless-11-u	voiceless	velar_u	0.128251404
Baer_Henney_unpublished_2017	tut11	NaFl	velar-voiceless-11-u	voiceless	velar_u	0.209406485
Baer_Henney_unpublished_2017	tut11	RoSc	velar-voiceless-11-u	voiceless	velar_u	0.243684522
Baer_Henney_unpublished_2017	tut11	SiMo	velar-voiceless-12-i	voiceless	velar_i	0.165550003
Baer_Henney_unpublished_2017	tut11	MaSz	velar-voiceless-12-u	voiceless	velar_u	0.106313664
Baer_Henney_unpublished_2017	tut11	AnBr	velar-voiceless-12-y	voiceless	velar_y	0.182301586
Baer_Henney_unpublished_2017	tut11	LaBr	velar-voiceless-12-y	voiceless	velar_y	0.077905884
Baer_Henney_unpublished_2017	tut11	NaFl	velar-voiceless-12-y	voiceless	velar_y	0.230469006
Baer_Henney_unpublished_2017	tut11	RoSc	velar-voiceless-12-y	voiceless	velar_y	0.232872581
Baer_Henney_unpublished_2017	tut11	AnBr	velar-voiceless-13-u	voiceless	velar_u	0.219677225
Baer_Henney_unpublished_2017	tut11	LaBr	velar-voiceless-13-u	voiceless	velar_u	0.084398041
Baer_Henney_unpublished_2017	tut11	MaSz	velar-voiceless-13-u	voiceless	velar_u	0.143439071
Baer_Henney_unpublished_2017	tut11	NaFl	velar-voiceless-13-u	voiceless	velar_u	0.234245662
Baer_Henney_unpublished_2017	tut11	RoSc	velar-voiceless-13-u	voiceless	velar_u	0.235783488
Baer_Henney_unpublished_2017	tut11	SiMo	velar-voiceless-13-u	voiceless	velar_u	0.103874512
Baer_Henney_unpublished_2017	tut11	LaBr	velar-voiceless-14	voiceless	velar_u	0.162303925
Baer_Henney_unpublished_2017	tut11	AnBr	velar-voiceless-14-u	voiceless	velar_u	0.214337848
Baer_Henney_unpublished_2017	tut11	MaSz	velar-voiceless-14-u	voiceless	velar_u	0.131626441
Baer_Henney_unpublished_2017	tut11	NaFl	velar-voiceless-14-u	voiceless	velar_u	0.181013063
Baer_Henney_unpublished_2017	tut11	RoSc	velar-voiceless-14-u	voiceless	velar_u	0.21389414
Baer_Henney_unpublished_2017	tut11	SiMo	velar-voiceless-14-u	voiceless	velar_u	0.117264586
Baer_Henney_unpublished_2017	tut11	MaSz	velar-voiceless-15-u	voiceless	velar_u	0.119813812
Baer_Henney_unpublished_2017	tut11	SiMo	velar-voiceless-15-u	voiceless	velar_u	0.175288239
Baer_Henney_unpublished_2017	tut11	AnBr	velar-voiceless-15-y	voiceless	velar_y	0.222728298
Baer_Henney_unpublished_2017	tut11	LaBr	velar-voiceless-15-y	voiceless	velar_y	0.123350983
Baer_Henney_unpublished_2017	tut11	NaFl	velar-voiceless-15-y	voiceless	velar_y	0.202673342
Baer_Henney_unpublished_2017	tut11	RoSc	velar-voiceless-15-y	voiceless	velar_y	0.223724015
Baer_Henney_unpublished_2017	tut11	SiMo	velar-voiceless-2	voiceless	velar_a	0.270236035
Baer_Henney_unpublished_2017	tut11	AnBr	velar-voiceless-2-a	voiceless	velar_a	0.269257155
Baer_Henney_unpublished_2017	tut11	LaBr	velar-voiceless-2-a	voiceless	velar_a	0.081151962
Baer_Henney_unpublished_2017	tut11	MaSz	velar-voiceless-2-a	voiceless	velar_a	0.205877255
Baer_Henney_unpublished_2017	tut11	NaFl	velar-voiceless-2-a	voiceless	velar_a	0.198204138
Baer_Henney_unpublished_2017	tut11	RoSc	velar-voiceless-2-a	voiceless	velar_a	0.195923525
Baer_Henney_unpublished_2017	tut11	AnBr	velar-voiceless-3-a	voiceless	velar_a	0.231881516
Baer_Henney_unpublished_2017	tut11	LaBr	velar-voiceless-3-a	voiceless	velar_a	0.136335297
Baer_Henney_unpublished_2017	tut11	NaFl	velar-voiceless-3-a	voiceless	velar_a	0.185111834
Baer_Henney_unpublished_2017	tut11	RoSc	velar-voiceless-3-a	voiceless	velar_a	0.264060873
Baer_Henney_unpublished_2017	tut11	SiMo	velar-voiceless-3-a	voiceless	velar_a	0.189895592
Baer_Henney_unpublished_2017	tut11	MaSz	velar-voiceless-3-u	voiceless	velar_u	0.094501035
Baer_Henney_unpublished_2017	tut11	AnBr	velar-voiceless-4-a	voiceless	velar_a	0.286038054
Baer_Henney_unpublished_2017	tut11	LaBr	velar-voiceless-4-a	voiceless	velar_a	0.12984314
Baer_Henney_unpublished_2017	tut11	MaSz	velar-voiceless-4-a	voiceless	velar_a	0.260721605
Baer_Henney_unpublished_2017	tut11	NaFl	velar-voiceless-4-a	voiceless	velar_a	0.288654155
Baer_Henney_unpublished_2017	tut11	RoSc	velar-voiceless-4-a	voiceless	velar_a	0.266140092
Baer_Henney_unpublished_2017	tut11	SiMo	velar-voiceless-4-u	voiceless	velar_u	0.126597061
Baer_Henney_unpublished_2017	tut11	AnBr	velar-voiceless-5-e	voiceless	velar_e	0.205184631
Baer_Henney_unpublished_2017	tut11	LaBr	velar-voiceless-5-e	voiceless	velar_e	0.077905884
Baer_Henney_unpublished_2017	tut11	MaSz	velar-voiceless-5-e	voiceless	velar_e	0.17718944
Baer_Henney_unpublished_2017	tut11	NaFl	velar-voiceless-5-e	voiceless	velar_e	0.241338963
Baer_Henney_unpublished_2017	tut11	RoSc	velar-voiceless-5-e	voiceless	velar_e	0.21389414
Baer_Henney_unpublished_2017	tut11	SiMo	velar-voiceless-5-e	voiceless	velar_e	0.126597061
Baer_Henney_unpublished_2017	tut11	SiMo	velar-voiceless-6-a	voiceless	velar_a	0.155811768
Baer_Henney_unpublished_2017	tut11	AnBr	velar-voiceless-6-e	voiceless	velar_e	0.260866705
Baer_Henney_unpublished_2017	tut11	LaBr	velar-voiceless-6-e	voiceless	velar_e	0.097382355
Baer_Henney_unpublished_2017	tut11	MaSz	velar-voiceless-6-e	voiceless	velar_e	0.187314551
Baer_Henney_unpublished_2017	tut11	NaFl	velar-voiceless-6-e	voiceless	velar_e	0.237050967
Baer_Henney_unpublished_2017	tut11	RoSc	velar-voiceless-6-e	voiceless	velar_e	0.252833088
Baer_Henney_unpublished_2017	tut11	MaSz	velar-voiceless-7-a	voiceless	velar_a	0.249752735
Baer_Henney_unpublished_2017	tut11	SiMo	velar-voiceless-7-a	voiceless	velar_a	0.176911278
Baer_Henney_unpublished_2017	tut11	AnBr	velar-voiceless-7-i	voiceless	velar_i	0.223491066
Baer_Henney_unpublished_2017	tut11	LaBr	velar-voiceless-7-i	voiceless	velar_i	0.090890198
Baer_Henney_unpublished_2017	tut11	NaFl	velar-voiceless-7-i	voiceless	velar_i	0.2056953
Baer_Henney_unpublished_2017	tut11	RoSc	velar-voiceless-7-i	voiceless	velar_i	0.22206064
Baer_Henney_unpublished_2017	tut11	AnBr	velar-voiceless-8-o	voiceless	velar_o	0.212049544
Baer_Henney_unpublished_2017	tut11	LaBr	velar-voiceless-8-o	voiceless	velar_o	0.116858826
Baer_Henney_unpublished_2017	tut11	MaSz	velar-voiceless-8-o	voiceless	velar_o	0.192377107
Baer_Henney_unpublished_2017	tut11	NaFl	velar-voiceless-8-o	voiceless	velar_o	0.23606619
Baer_Henney_unpublished_2017	tut11	RoSc	velar-voiceless-8-o	voiceless	velar_o	0.234535956
Baer_Henney_unpublished_2017	tut11	SiMo	velar-voiceless-8-o	voiceless	velar_o	0.155811768
Baer_Henney_unpublished_2017	tut11	SiMo	velar-voiceless-9-e	voiceless	velar_e	0.115235787
Baer_Henney_unpublished_2017	tut11	AnBr	velar-voiceless-9-o	voiceless	velar_o	0.205184631
Baer_Henney_unpublished_2017	tut11	LaBr	velar-voiceless-9-o	voiceless	velar_o	0.097382355
Baer_Henney_unpublished_2017	tut11	MaSz	velar-voiceless-9-o	voiceless	velar_o	0.165376811
Baer_Henney_unpublished_2017	tut11	NaFl	velar-voiceless-9-o	voiceless	velar_o	0.188389452
Baer_Henney_unpublished_2017	tut11	RoSc	velar-voiceless-9-o	voiceless	velar_o	0.218733888
Baer_Henney_unpublished_2017	tut2	AnHa	alveolar-voiced-1-e	voiced	alveolar_e	0.07364574
Baer_Henney_unpublished_2017	tut2	LaSk	alveolar-voiced-1-e	voiced	alveolar_e	0.139274647
Baer_Henney_unpublished_2017	tut2	LeRo	alveolar-voiced-1-e	voiced	alveolar_e	0.119620784
Baer_Henney_unpublished_2017	tut2	ViDu	alveolar-voiced-1-e	voiced	alveolar_e	0.114090597
Baer_Henney_unpublished_2017	tut2	ViDu	alveolar-voiced-10	voiced	alveolar_o	0.109732656
Baer_Henney_unpublished_2017	tut2	AnHa	alveolar-voiced-10-o	voiced	alveolar_o	0.097212377
Baer_Henney_unpublished_2017	tut2	LaSk	alveolar-voiced-10-o	voiced	alveolar_o	0.157862436
Baer_Henney_unpublished_2017	tut2	LeRo	alveolar-voiced-10-o	voiced	alveolar_o	0.135949507
Baer_Henney_unpublished_2017	tut2	AnHa	alveolar-voiced-11-o	voiced	alveolar_o	0.103104037
Baer_Henney_unpublished_2017	tut2	LaSk	alveolar-voiced-11-o	voiced	alveolar_o	0.146607479
Baer_Henney_unpublished_2017	tut2	LeRo	alveolar-voiced-11-o	voiced	alveolar_o	0.145550239
Baer_Henney_unpublished_2017	tut2	MaLu	alveolar-voiced-11-o	voiced	alveolar_o	0.123744269
Baer_Henney_unpublished_2017	tut2	MaLu	alveolar-voiced-11-o	voiced	alveolar_o	0.123744269
Baer_Henney_unpublished_2017	tut2	ViDu	alveolar-voiced-11-o	voiced	alveolar_o	0.120654068
Baer_Henney_unpublished_2017	tut2	AnHa	alveolar-voiced-12-u	voiced	alveolar_u	0.055970763
Baer_Henney_unpublished_2017	tut2	LaSk	alveolar-voiced-12-y	voiced	alveolar_y	0.098985328
Baer_Henney_unpublished_2017	tut2	ViDu	alveolar-voiced-12-y	voiced	alveolar_y	0.107489737
Baer_Henney_unpublished_2017	tut2	MaLu	alveolar-voiced-12-y	voiced	alveolar_y	0.087007689
Baer_Henney_unpublished_2017	tut2	MaLu	alveolar-voiced-12-y	voiced	alveolar_y	0.087007689
Baer_Henney_unpublished_2017	tut2	LeRo	alveolar-voiced-12-y	voiced	alveolar_y	0.231848092
Baer_Henney_unpublished_2017	tut2	AnHa	alveolar-voiced-13-o	voiced	alveolar_o	0.095739463
Baer_Henney_unpublished_2017	tut2	LaSk	alveolar-voiced-13-o	voiced	alveolar_o	0.155171089
Baer_Henney_unpublished_2017	tut2	LeRo	alveolar-voiced-13-o	voiced	alveolar_o	0.146616009
Baer_Henney_unpublished_2017	tut2	MaLu	alveolar-voiced-13-o	voiced	alveolar_o	0.127611277
Baer_Henney_unpublished_2017	tut2	MaLu	alveolar-voiced-13-o	voiced	alveolar_o	0.127611277
Baer_Henney_unpublished_2017	tut2	ViDu	alveolar-voiced-13-o	voiced	alveolar_o	0.135658106
Baer_Henney_unpublished_2017	tut2	AnHa	alveolar-voiced-14-a	voiced	alveolar_a	0.115623813
Baer_Henney_unpublished_2017	tut2	LaSk	alveolar-voiced-14-a	voiced	alveolar_a	0.187082857
Baer_Henney_unpublished_2017	tut2	LeRo	alveolar-voiced-14-a	voiced	alveolar_a	0.192863397
Baer_Henney_unpublished_2017	tut2	ViDu	alveolar-voiced-14-a	voiced	alveolar_a	0.162782954
Baer_Henney_unpublished_2017	tut2	AnHa	alveolar-voiced-15-a	voiced	alveolar_a	0.121147243
Baer_Henney_unpublished_2017	tut2	LaSk	alveolar-voiced-15-a	voiced	alveolar_a	0.126289363
Baer_Henney_unpublished_2017	tut2	LeRo	alveolar-voiced-15-a	voiced	alveolar_a	0.115096596
Baer_Henney_unpublished_2017	tut2	ViDu	alveolar-voiced-15-a	voiced	alveolar_a	0.143715853
Baer_Henney_unpublished_2017	tut2	AnHa	alveolar-voiced-2-i	voiced	alveolar_i	0.069963453
Baer_Henney_unpublished_2017	tut2	LaSk	alveolar-voiced-2-i	voiced	alveolar_i	0.119525671
Baer_Henney_unpublished_2017	tut2	LeRo	alveolar-voiced-2-i	voiced	alveolar_i	0.16374949
Baer_Henney_unpublished_2017	tut2	ViDu	alveolar-voiced-2-i	voiced	alveolar_i	0.096417171
Baer_Henney_unpublished_2017	tut2	AnHa	alveolar-voiced-3-o	voiced	alveolar_o	0.135508162
Baer_Henney_unpublished_2017	tut2	LaSk	alveolar-voiced-3-o	voiced	alveolar_o	0.123061952
Baer_Henney_unpublished_2017	tut2	LeRo	alveolar-voiced-3-o	voiced	alveolar_o	0.187110741
Baer_Henney_unpublished_2017	tut2	MaLu	alveolar-voiced-3-o	voiced	alveolar_o	0.088941193
Baer_Henney_unpublished_2017	tut2	MaLu	alveolar-voiced-3-o	voiced	alveolar_o	0.088941193
Baer_Henney_unpublished_2017	tut2	ViDu	alveolar-voiced-3-o	voiced	alveolar_o	0.128821558
Baer_Henney_unpublished_2017	tut2	AnHa	alveolar-voiced-4-o	voiced	alveolar_o	0.112677983
Baer_Henney_unpublished_2017	tut2	MaLu	alveolar-voiced-4-oe	voiced	alveolar_oe	0.108276235
Baer_Henney_unpublished_2017	tut2	MaLu	alveolar-voiced-4-oe	voiced	alveolar_oe	0.108276235
Baer_Henney_unpublished_2017	tut2	LaSk	alveolar-voiced-4-oe	voiced	alveolar_oe	0.153031558
Baer_Henney_unpublished_2017	tut2	ViDu	alveolar-voiced-4-oe	voiced	alveolar_oe	0.111127523
Baer_Henney_unpublished_2017	tut2	LeRo	alveolar-voiced-4-oe	voiced	alveolar_oe	0.19645381
Baer_Henney_unpublished_2017	tut2	AnHa	alveolar-voiced-5-e	voiced	alveolar_e	0.098685292
Baer_Henney_unpublished_2017	tut2	LaSk	alveolar-voiced-5-e	voiced	alveolar_e	0.155430767
Baer_Henney_unpublished_2017	tut2	LeRo	alveolar-voiced-5-e	voiced	alveolar_e	0.136765095
Baer_Henney_unpublished_2017	tut2	ViDu	alveolar-voiced-5-e	voiced	alveolar_e	0.103058121
Baer_Henney_unpublished_2017	tut2	AnHa	alveolar-voiced-6-i	voiced	alveolar_i	0.106049866
Baer_Henney_unpublished_2017	tut2	LaSk	alveolar-voiced-6-i	voiced	alveolar_i	0.142326904
Baer_Henney_unpublished_2017	tut2	LeRo	alveolar-voiced-6-i	voiced	alveolar_i	0.148264576
Baer_Henney_unpublished_2017	tut2	MaLu	alveolar-voiced-6-i	voiced	alveolar_i	0.127611277
Baer_Henney_unpublished_2017	tut2	MaLu	alveolar-voiced-6-i	voiced	alveolar_i	0.127611277
Baer_Henney_unpublished_2017	tut2	ViDu	alveolar-voiced-6-i	voiced	alveolar_i	0.112957023
Baer_Henney_unpublished_2017	tut2	AnHa	alveolar-voiced-7-i	voiced	alveolar_i	0.060757736
Baer_Henney_unpublished_2017	tut2	LaSk	alveolar-voiced-7-i	voiced	alveolar_i	0.119852397
Baer_Henney_unpublished_2017	tut2	LeRo	alveolar-voiced-7-i	voiced	alveolar_i	0.201619495
Baer_Henney_unpublished_2017	tut2	MaLu	alveolar-voiced-7-i	voiced	alveolar_i	0.129544781
Baer_Henney_unpublished_2017	tut2	MaLu	alveolar-voiced-7-i	voiced	alveolar_i	0.129544781
Baer_Henney_unpublished_2017	tut2	ViDu	alveolar-voiced-7-i	voiced	alveolar_i	0.113595416
Baer_Henney_unpublished_2017	tut2	AnHa	alveolar-voiced-8-i	voiced	alveolar_i	0.082115001
Baer_Henney_unpublished_2017	tut2	LaSk	alveolar-voiced-8-i	voiced	alveolar_i	0.145717568
Baer_Henney_unpublished_2017	tut2	LeRo	alveolar-voiced-8-i	voiced	alveolar_i	0.083092074
Baer_Henney_unpublished_2017	tut2	ViDu	alveolar-voiced-8-i	voiced	alveolar_i	0.08252407
Baer_Henney_unpublished_2017	tut2	AnHa	alveolar-voiced-9-o	voiced	alveolar_o	0.123356615
Baer_Henney_unpublished_2017	tut2	LaSk	alveolar-voiced-9-o	voiced	alveolar_o	0.148751492
Baer_Henney_unpublished_2017	tut2	LeRo	alveolar-voiced-9-o	voiced	alveolar_o	0.184773098
Baer_Henney_unpublished_2017	tut2	ViDu	alveolar-voiced-9-o	voiced	alveolar_o	0.134949456
Baer_Henney_unpublished_2017	tut2	AnHa	alveolar-voiceless-1-e	voiceless	alveolar_e	0.101631122
Baer_Henney_unpublished_2017	tut2	LaSk	alveolar-voiceless-1-e	voiceless	alveolar_e	0.148954874
Baer_Henney_unpublished_2017	tut2	LeRo	alveolar-voiceless-1-e	voiceless	alveolar_e	0.109975172
Baer_Henney_unpublished_2017	tut2	ViDu	alveolar-voiceless-1-e	voiceless	alveolar_e	0.095477393
Baer_Henney_unpublished_2017	tut2	AnHa	alveolar-voiceless-10-o	voiceless	alveolar_o	0.063335337
Baer_Henney_unpublished_2017	tut2	LaSk	alveolar-voiceless-10-o	voiceless	alveolar_o	0.129918797
Baer_Henney_unpublished_2017	tut2	LeRo	alveolar-voiceless-10-o	voiceless	alveolar_o	0.15232228
Baer_Henney_unpublished_2017	tut2	ViDu	alveolar-voiceless-10-o	voiceless	alveolar_o	0.104029988
Baer_Henney_unpublished_2017	tut2	AnHa	alveolar-voiceless-11-o	voiceless	alveolar_o	0.101631122
Baer_Henney_unpublished_2017	tut2	LaSk	alveolar-voiceless-11-o	voiceless	alveolar_o	0.149668514
Baer_Henney_unpublished_2017	tut2	LeRo	alveolar-voiceless-11-o	voiceless	alveolar_o	0.116614814
Baer_Henney_unpublished_2017	tut2	ViDu	alveolar-voiceless-11-o	voiceless	alveolar_o	0.118018973
Baer_Henney_unpublished_2017	tut2	LaSk	alveolar-voiceless-12-y	voiceless	alveolar_y	0.149763348
Baer_Henney_unpublished_2017	tut2	ViDu	alveolar-voiceless-12-y	voiceless	alveolar_y	0.116926135
Baer_Henney_unpublished_2017	tut2	AnHa	alveolar-voiceless-12-y	voiceless	alveolar_y	0.069963453
Baer_Henney_unpublished_2017	tut2	AnHa	alveolar-voiceless-13-o	voiceless	alveolar_o	0.106786324
Baer_Henney_unpublished_2017	tut2	LaSk	alveolar-voiceless-13-o	voiceless	alveolar_o	0.104974175
Baer_Henney_unpublished_2017	tut2	LeRo	alveolar-voiceless-13-o	voiceless	alveolar_o	0.139175413
Baer_Henney_unpublished_2017	tut2	ViDu	alveolar-voiceless-13-o	voiceless	alveolar_o	0.121252197
Baer_Henney_unpublished_2017	tut2	AnHa	alveolar-voiceless-14-a	voiceless	alveolar_a	0.121515472
Baer_Henney_unpublished_2017	tut2	LaSk	alveolar-voiceless-14-a	voiceless	alveolar_a	0.164797789
Baer_Henney_unpublished_2017	tut2	LeRo	alveolar-voiceless-14-a	voiceless	alveolar_a	0.181356781
Baer_Henney_unpublished_2017	tut2	MaLu	alveolar-voiceless-14-a	voiceless	alveolar_a	0.104409227
Baer_Henney_unpublished_2017	tut2	MaLu	alveolar-voiceless-14-a	voiceless	alveolar_a	0.104409227
Baer_Henney_unpublished_2017	tut2	ViDu	alveolar-voiceless-14-a	voiceless	alveolar_a	0.146675585
Baer_Henney_unpublished_2017	tut2	AnHa	alveolar-voiceless-15-a	voiceless	alveolar_a	0.129616503
Baer_Henney_unpublished_2017	tut2	LeRo	alveolar-voiceless-15-a	voiceless	alveolar_a	0.162748071
Baer_Henney_unpublished_2017	tut2	MaLu	alveolar-voiceless-15-a	voiceless	alveolar_a	0.108276235
Baer_Henney_unpublished_2017	tut2	MaLu	alveolar-voiceless-15-a	voiceless	alveolar_a	0.108276235
Baer_Henney_unpublished_2017	tut2	ViDu	alveolar-voiceless-15-a	voiceless	alveolar_a	0.141336587
Baer_Henney_unpublished_2017	tut2	AnHa	alveolar-voiceless-2-i	voiceless	alveolar_i	0.069595225
Baer_Henney_unpublished_2017	tut2	LaSk	alveolar-voiceless-2-i	voiceless	alveolar_i	0.114504478
Baer_Henney_unpublished_2017	tut2	LeRo	alveolar-voiceless-2-i	voiceless	alveolar_i	0.156800012
Baer_Henney_unpublished_2017	tut2	MaLu	alveolar-voiceless-2-i	voiceless	alveolar_i	0.085074185
Baer_Henney_unpublished_2017	tut2	MaLu	alveolar-voiceless-2-i	voiceless	alveolar_i	0.085074185
Baer_Henney_unpublished_2017	tut2	ViDu	alveolar-voiceless-2-i	voiceless	alveolar_i	0.113484435
Baer_Henney_unpublished_2017	tut2	AnHa	alveolar-voiceless-3-o	voiceless	alveolar_o	0.120779014
Baer_Henney_unpublished_2017	tut2	LaSk	alveolar-voiceless-3-o	voiceless	alveolar_o	0.187813591
Baer_Henney_unpublished_2017	tut2	LeRo	alveolar-voiceless-3-o	voiceless	alveolar_o	0.121618706
Baer_Henney_unpublished_2017	tut2	ViDu	alveolar-voiceless-3-o	voiceless	alveolar_o	0.116651518
Baer_Henney_unpublished_2017	tut2	AnHa	alveolar-voiceless-4-o	voiceless	alveolar_o	0.103840494
Baer_Henney_unpublished_2017	tut2	LeRo	alveolar-voiceless-4-o	voiceless	alveolar_o	0.111627216
Baer_Henney_unpublished_2017	tut2	LaSk	alveolar-voiceless-4-oe	voiceless	alveolar_oe	0.137196107
Baer_Henney_unpublished_2017	tut2	ViDu	alveolar-voiceless-4-oe	voiceless	alveolar_oe	0.104466929
Baer_Henney_unpublished_2017	tut2	LeRo	alveolar-voiceless-4-oe	voiceless	alveolar_oe	0.114841335
Baer_Henney_unpublished_2017	tut2	AnHa	alveolar-voiceless-5-e	voiceless	alveolar_e	0.09647592
Baer_Henney_unpublished_2017	tut2	LaSk	alveolar-voiceless-5-e	voiceless	alveolar_e	0.117446407
Baer_Henney_unpublished_2017	tut2	LeRo	alveolar-voiceless-5-e	voiceless	alveolar_e	0.150512242
Baer_Henney_unpublished_2017	tut2	ViDu	alveolar-voiceless-5-e	voiceless	alveolar_e	0.113848098
Baer_Henney_unpublished_2017	tut2	AnHa	alveolar-voiceless-6-i	voiceless	alveolar_i	0.098685292
Baer_Henney_unpublished_2017	tut2	LaSk	alveolar-voiceless-6-i	voiceless	alveolar_i	0.129525452
Baer_Henney_unpublished_2017	tut2	LeRo	alveolar-voiceless-6-i	voiceless	alveolar_i	0.121609604
Baer_Henney_unpublished_2017	tut2	ViDu	alveolar-voiceless-6-i	voiceless	alveolar_i	0.088494398
Baer_Henney_unpublished_2017	tut2	AnHa	alveolar-voiceless-7-i	voiceless	alveolar_i	0.095003005
Baer_Henney_unpublished_2017	tut2	LaSk	alveolar-voiceless-7-i	voiceless	alveolar_i	0.118783385
Baer_Henney_unpublished_2017	tut2	LeRo	alveolar-voiceless-7-i	voiceless	alveolar_i	0.115127161
Baer_Henney_unpublished_2017	tut2	MaLu	alveolar-voiceless-7-i	voiceless	alveolar_i	0.077340168
Baer_Henney_unpublished_2017	tut2	MaLu	alveolar-voiceless-7-i	voiceless	alveolar_i	0.077340168
Baer_Henney_unpublished_2017	tut2	ViDu	alveolar-voiceless-7-i	voiceless	alveolar_i	0.081898314
Baer_Henney_unpublished_2017	tut2	AnHa	alveolar-voiceless-8-i	voiceless	alveolar_i	0.063335337
Baer_Henney_unpublished_2017	tut2	LaSk	alveolar-voiceless-8-i	voiceless	alveolar_i	0.109156115
Baer_Henney_unpublished_2017	tut2	LeRo	alveolar-voiceless-8-i	voiceless	alveolar_i	0.102312774
Baer_Henney_unpublished_2017	tut2	ViDu	alveolar-voiceless-8-i	voiceless	alveolar_i	0.075128206
Baer_Henney_unpublished_2017	tut2	AnHa	alveolar-voiceless-9-o	voiceless	alveolar_o	0.125565987
Baer_Henney_unpublished_2017	tut2	LaSk	alveolar-voiceless-9-o	voiceless	alveolar_o	0.189433826
Baer_Henney_unpublished_2017	tut2	LeRo	alveolar-voiceless-9-o	voiceless	alveolar_o	0.11441093
Baer_Henney_unpublished_2017	tut2	LaSk	alveolar-voicelss-15-a	voiceless	alveolar_a	0.157307797
Baer_Henney_unpublished_2017	tut2	AnHa	labial-voiced-1-a	voiced	labial_a	0.081010315
Baer_Henney_unpublished_2017	tut2	LaSk	labial-voiced-1-a	voiced	labial_a	0.132698484
Baer_Henney_unpublished_2017	tut2	LeRo	labial-voiced-1-a	voiced	labial_a	0.133419335
Baer_Henney_unpublished_2017	tut2	MaLu	labial-voiced-1-a	voiced	labial_a	0.127611277
Baer_Henney_unpublished_2017	tut2	MaLu	labial-voiced-1-a	voiced	labial_a	0.127611277
Baer_Henney_unpublished_2017	tut2	ViDu	labial-voiced-1-a	voiced	labial_a	0.118182026
Baer_Henney_unpublished_2017	tut2	AnHa	labial-voiced-10-u	voiced	labial_u	0.081746772
Baer_Henney_unpublished_2017	tut2	LaSk	labial-voiced-10-u	voiced	labial_u	0.15798197
Baer_Henney_unpublished_2017	tut2	LeRo	labial-voiced-10-u	voiced	labial_u	0.178056571
Baer_Henney_unpublished_2017	tut2	ViDu	labial-voiced-10-u	voiced	labial_u	0.096411345
Baer_Henney_unpublished_2017	tut2	AnHa	labial-voiced-11-u	voiced	labial_u	0.05670722
Baer_Henney_unpublished_2017	tut2	LaSk	labial-voiced-11-u	voiced	labial_u	0.105945641
Baer_Henney_unpublished_2017	tut2	LeRo	labial-voiced-11-u	voiced	labial_u	0.075566244
Baer_Henney_unpublished_2017	tut2	ViDu	labial-voiced-11-u	voiced	labial_u	0.08110599
Baer_Henney_unpublished_2017	tut2	AnHa	labial-voiced-12-i	voiced	labial_i	0.054129619
Baer_Henney_unpublished_2017	tut2	LaSk	labial-voiced-12-i	voiced	labial_i	0.153004111
Baer_Henney_unpublished_2017	tut2	LeRo	labial-voiced-12-i	voiced	labial_i	0.027581136
Baer_Henney_unpublished_2017	tut2	ViDu	labial-voiced-12-i	voiced	labial_i	0.104277401
Baer_Henney_unpublished_2017	tut2	AnHa	labial-voiced-13-i	voiced	labial_i	0.087638431
Baer_Henney_unpublished_2017	tut2	LaSk	labial-voiced-13-i	voiced	labial_i	0.110225677
Baer_Henney_unpublished_2017	tut2	LeRo	labial-voiced-13-i	voiced	labial_i	0.168738017
Baer_Henney_unpublished_2017	tut2	MaLu	labial-voiced-13-i	voiced	labial_i	0.085074185
Baer_Henney_unpublished_2017	tut2	MaLu	labial-voiced-13-i	voiced	labial_i	0.085074185
Baer_Henney_unpublished_2017	tut2	ViDu	labial-voiced-13-i	voiced	labial_i	0.095416009
Baer_Henney_unpublished_2017	tut2	AnHa	labial-voiced-14-i	voiced	labial_i	0.083956144
Baer_Henney_unpublished_2017	tut2	LaSk	labial-voiced-14-i	voiced	labial_i	0.086679826
Baer_Henney_unpublished_2017	tut2	LeRo	labial-voiced-14-i	voiced	labial_i	0.130401675
Baer_Henney_unpublished_2017	tut2	MaLu	labial-voiced-14-i	voiced	labial_i	0.09667521
Baer_Henney_unpublished_2017	tut2	MaLu	labial-voiced-14-i	voiced	labial_i	0.09667521
Baer_Henney_unpublished_2017	tut2	ViDu	labial-voiced-14-i	voiced	labial_i	0.102097653
Baer_Henney_unpublished_2017	tut2	AnHa	labial-voiced-15-e	voiced	labial_e	0.072172826
Baer_Henney_unpublished_2017	tut2	LeRo	labial-voiced-15-e	voiced	labial_e	0.090675032
Baer_Henney_unpublished_2017	tut2	AnHa	labial-voiced-2-e	voiced	labial_e	0.092793633
Baer_Henney_unpublished_2017	tut2	LaSk	labial-voiced-2-e	voiced	labial_e	0.120565881
Baer_Henney_unpublished_2017	tut2	LeRo	labial-voiced-2-e	voiced	labial_e	0.135868856
Baer_Henney_unpublished_2017	tut2	ViDu	labial-voiced-2-e	voiced	labial_e	0.127625376
Baer_Henney_unpublished_2017	tut2	AnHa	labial-voiced-3-i	voiced	labial_i	0.081010315
Baer_Henney_unpublished_2017	tut2	LaSk	labial-voiced-3-i	voiced	labial_i	0.10808508
Baer_Henney_unpublished_2017	tut2	LeRo	labial-voiced-3-i	voiced	labial_i	0.129434859
Baer_Henney_unpublished_2017	tut2	MaLu	labial-voiced-3-i	voiced	labial_i	0.085074185
Baer_Henney_unpublished_2017	tut2	MaLu	labial-voiced-3-i	voiced	labial_i	0.085074185
Baer_Henney_unpublished_2017	tut2	ViDu	labial-voiced-3-i	voiced	labial_i	0.097576738
Baer_Henney_unpublished_2017	tut2	AnHa	labial-voiced-4-o	voiced	labial_o	0.066649395
Baer_Henney_unpublished_2017	tut2	LaSk	labial-voiced-4-o	voiced	labial_o	0.165146242
Baer_Henney_unpublished_2017	tut2	LeRo	labial-voiced-4-o	voiced	labial_o	0.099976001
Baer_Henney_unpublished_2017	tut2	ViDu	labial-voiced-4-o	voiced	labial_o	0.093733428
Baer_Henney_unpublished_2017	tut2	AnHa	labial-voiced-5-u	voiced	labial_u	0.067017624
Baer_Henney_unpublished_2017	tut2	LaSk	labial-voiced-5-u	voiced	labial_u	0.101857463
Baer_Henney_unpublished_2017	tut2	LeRo	labial-voiced-5-u	voiced	labial_u	0.138909047
Baer_Henney_unpublished_2017	tut2	ViDu	labial-voiced-5-u	voiced	labial_u	0.107780141
Baer_Henney_unpublished_2017	tut2	AnHa	labial-voiced-6-o	voiced	labial_o	0.097212377
Baer_Henney_unpublished_2017	tut2	MaLu	labial-voiced-6-oe	voiced	labial_oe	0.135345294
Baer_Henney_unpublished_2017	tut2	MaLu	labial-voiced-6-oe	voiced	labial_oe	0.135345294
Baer_Henney_unpublished_2017	tut2	LaSk	labial-voiced-6-oe	voiced	labial_oe	0.131087376
Baer_Henney_unpublished_2017	tut2	ViDu	labial-voiced-6-oe	voiced	labial_oe	0.125355673
Baer_Henney_unpublished_2017	tut2	LeRo	labial-voiced-6-oe	voiced	labial_oe	0.179538815
Baer_Henney_unpublished_2017	tut2	AnHa	labial-voiced-7-a	voiced	labial_a	0.057075449
Baer_Henney_unpublished_2017	tut2	LaSk	labial-voiced-7-a	voiced	labial_a	0.149819112
Baer_Henney_unpublished_2017	tut2	LeRo	labial-voiced-7-a	voiced	labial_a	0.110021599
Baer_Henney_unpublished_2017	tut2	MaLu	labial-voiced-7-a	voiced	labial_a	0.181749395
Baer_Henney_unpublished_2017	tut2	MaLu	labial-voiced-7-a	voiced	labial_a	0.181749395
Baer_Henney_unpublished_2017	tut2	ViDu	labial-voiced-7-a	voiced	labial_a	0.111593322
Baer_Henney_unpublished_2017	tut2	AnHa	labial-voiced-8-o	voiced	labial_o	0.129616503
Baer_Henney_unpublished_2017	tut2	LaSk	labial-voiced-8-o	voiced	labial_o	0.140860193
Baer_Henney_unpublished_2017	tut2	LeRo	labial-voiced-8-o	voiced	labial_o	0.105512384
Baer_Henney_unpublished_2017	tut2	ViDu	labial-voiced-8-o	voiced	labial_o	0.083053691
Baer_Henney_unpublished_2017	tut2	ViDu	labial-voiced-9	voiced	labial_o	0.09403841
Baer_Henney_unpublished_2017	tut2	AnHa	labial-voiced-9-o	voiced	labial_o	0.102367579
Baer_Henney_unpublished_2017	tut2	LaSk	labial-voiced-9-o	voiced	labial_o	0.106860973
Baer_Henney_unpublished_2017	tut2	LeRo	labial-voiced-9-o	voiced	labial_o	0.083685329
Baer_Henney_unpublished_2017	tut2	AnHa	labial-voiceless-1-a	voiceless	labial_a	0.0795374
Baer_Henney_unpublished_2017	tut2	LaSk	labial-voiceless-1-a	voiceless	labial_a	0.200594759
Baer_Henney_unpublished_2017	tut2	LeRo	labial-voiceless-1-a	voiceless	labial_a	0.15026853
Baer_Henney_unpublished_2017	tut2	ViDu	labial-voiceless-1-a	voiceless	labial_a	0.130019444
Baer_Henney_unpublished_2017	tut2	AnHa	labial-voiceless-10-u	voiceless	labial_u	0.134771705
Baer_Henney_unpublished_2017	tut2	LaSk	labial-voiceless-10-u	voiceless	labial_u	0.170454039
Baer_Henney_unpublished_2017	tut2	LeRo	labial-voiceless-10-u	voiceless	labial_u	0.173123395
Baer_Henney_unpublished_2017	tut2	ViDu	labial-voiceless-10-u	voiceless	labial_u	0.097087059
Baer_Henney_unpublished_2017	tut2	AnHa	labial-voiceless-11-u	voiceless	labial_u	0.063703566
Baer_Henney_unpublished_2017	tut2	LaSk	labial-voiceless-11-u	voiceless	labial_u	0.064763045
Baer_Henney_unpublished_2017	tut2	LeRo	labial-voiceless-11-u	voiceless	labial_u	0.101632402
Baer_Henney_unpublished_2017	tut2	ViDu	labial-voiceless-11-u	voiceless	labial_u	0.086168758
Baer_Henney_unpublished_2017	tut2	AnHa	labial-voiceless-12-i	voiceless	labial_i	0.069963453
Baer_Henney_unpublished_2017	tut2	LaSk	labial-voiceless-12-i	voiceless	labial_i	0.110096347
Baer_Henney_unpublished_2017	tut2	LeRo	labial-voiceless-12-i	voiceless	labial_i	0.117653511
Baer_Henney_unpublished_2017	tut2	ViDu	labial-voiceless-12-i	voiceless	labial_i	0.092196346
Baer_Henney_unpublished_2017	tut2	LeRo	labial-voiceless-12-y	voiceless	labial_y	0.135884342
Baer_Henney_unpublished_2017	tut2	AnHa	labial-voiceless-13-i	voiceless	labial_i	0.080642086
Baer_Henney_unpublished_2017	tut2	LaSk	labial-voiceless-13-i	voiceless	labial_i	0.113334557
Baer_Henney_unpublished_2017	tut2	LeRo	labial-voiceless-13-i	voiceless	labial_i	0.109333983
Baer_Henney_unpublished_2017	tut2	ViDu	labial-voiceless-13-i	voiceless	labial_i	0.107451433
Baer_Henney_unpublished_2017	tut2	AnHa	labial-voiceless-14-i	voiceless	labial_i	0.064071794
Baer_Henney_unpublished_2017	tut2	LaSk	labial-voiceless-14-i	voiceless	labial_i	0.120565956
Baer_Henney_unpublished_2017	tut2	LeRo	labial-voiceless-14-i	voiceless	labial_i	0.091391621
Baer_Henney_unpublished_2017	tut2	ViDu	labial-voiceless-14-i	voiceless	labial_i	0.080565972
Baer_Henney_unpublished_2017	tut2	AnHa	labial-voiceless-15-e	voiceless	labial_e	0.071804597
Baer_Henney_unpublished_2017	tut2	LaSk	labial-voiceless-15-e	voiceless	labial_e	0.166765371
Baer_Henney_unpublished_2017	tut2	LaSk	labial-voiceless-15-e	voiceless	labial_e	0.115368074
Baer_Henney_unpublished_2017	tut2	LeRo	labial-voiceless-15-e	voiceless	labial_e	0.128435146
Baer_Henney_unpublished_2017	tut2	ViDu	labial-voiceless-15-e	voiceless	labial_e	0.095054756
Baer_Henney_unpublished_2017	tut2	ViDu	labial-voiceless-15-o	voiceless	labial_o	0.087846901
Baer_Henney_unpublished_2017	tut2	AnHa	labial-voiceless-2-e	voiceless	labial_e	0.091320718
Baer_Henney_unpublished_2017	tut2	LeRo	labial-voiceless-2-e	voiceless	labial_e	0.137505432
Baer_Henney_unpublished_2017	tut2	MaLu	labial-voiceless-2-e	voiceless	labial_e	0.112143244
Baer_Henney_unpublished_2017	tut2	MaLu	labial-voiceless-2-e	voiceless	labial_e	0.112143244
Baer_Henney_unpublished_2017	tut2	ViDu	labial-voiceless-2-e	voiceless	labial_e	0.105899287
Baer_Henney_unpublished_2017	tut2	AnHa	labial-voiceless-3-i	voiceless	labial_i	0.0795374
Baer_Henney_unpublished_2017	tut2	LaSk	labial-voiceless-3-i	voiceless	labial_i	0.12628834
Baer_Henney_unpublished_2017	tut2	LeRo	labial-voiceless-3-i	voiceless	labial_i	0.080333838
Baer_Henney_unpublished_2017	tut2	ViDu	labial-voiceless-3-i	voiceless	labial_i	0.105221161
Baer_Henney_unpublished_2017	tut2	AnHa	labial-voiceless-4-o	voiceless	labial_o	0.114150898
Baer_Henney_unpublished_2017	tut2	LaSk	labial-voiceless-4-o	voiceless	labial_o	0.15174714
Baer_Henney_unpublished_2017	tut2	ViDu	labial-voiceless-4-o	voiceless	labial_o	0.092045621
Baer_Henney_unpublished_2017	tut2	AnHa	labial-voiceless-5-u	voiceless	labial_u	0.072172826
Baer_Henney_unpublished_2017	tut2	LaSk	labial-voiceless-5-u	voiceless	labial_u	0.109688226
Baer_Henney_unpublished_2017	tut2	LeRo	labial-voiceless-5-u	voiceless	labial_u	0.12532414
Baer_Henney_unpublished_2017	tut2	MaLu	labial-voiceless-5-u	voiceless	labial_u	0.054138118
Baer_Henney_unpublished_2017	tut2	MaLu	labial-voiceless-5-u	voiceless	labial_u	0.054138118
Baer_Henney_unpublished_2017	tut2	ViDu	labial-voiceless-5-u	voiceless	labial_u	0.114111168
Baer_Henney_unpublished_2017	tut2	AnHa	labial-voiceless-6-o	voiceless	labial_o	0.127407131
Baer_Henney_unpublished_2017	tut2	MaLu	labial-voiceless-6-oe	voiceless	labial_oe	0.088791897
Baer_Henney_unpublished_2017	tut2	MaLu	labial-voiceless-6-oe	voiceless	labial_oe	0.088791897
Baer_Henney_unpublished_2017	tut2	LaSk	labial-voiceless-6-oe	voiceless	labial_oe	0.120923162
Baer_Henney_unpublished_2017	tut2	ViDu	labial-voiceless-6-oe	voiceless	labial_oe	0.111037513
Baer_Henney_unpublished_2017	tut2	LeRo	labial-voiceless-6-oe	voiceless	labial_oe	0.200217683
Baer_Henney_unpublished_2017	tut2	AnHa	labial-voiceless-7-a	voiceless	labial_a	0.086165516
Baer_Henney_unpublished_2017	tut2	LaSk	labial-voiceless-7-a	voiceless	labial_a	0.144465594
Baer_Henney_unpublished_2017	tut2	LeRo	labial-voiceless-7-a	voiceless	labial_a	0.180102501
Baer_Henney_unpublished_2017	tut2	MaLu	labial-voiceless-7-a	voiceless	labial_a	0.065739143
Baer_Henney_unpublished_2017	tut2	MaLu	labial-voiceless-7-a	voiceless	labial_a	0.065739143
Baer_Henney_unpublished_2017	tut2	ViDu	labial-voiceless-7-a	voiceless	labial_a	0.106923916
Baer_Henney_unpublished_2017	tut2	AnHa	labial-voiceless-8-o	voiceless	labial_o	0.108995696
Baer_Henney_unpublished_2017	tut2	LaSk	labial-voiceless-8-o	voiceless	labial_o	0.137621111
Baer_Henney_unpublished_2017	tut2	LeRo	labial-voiceless-8-o	voiceless	labial_o	0.10329747
Baer_Henney_unpublished_2017	tut2	ViDu	labial-voiceless-8-o	voiceless	labial_o	0.108482488
Baer_Henney_unpublished_2017	tut2	AnHa	labial-voiceless-9-o	voiceless	labial_o	0.066281166
Baer_Henney_unpublished_2017	tut2	LaSk	labial-voiceless-9-o	voiceless	labial_o	0.151747363
Baer_Henney_unpublished_2017	tut2	LeRo	labial-voiceless-9-o	voiceless	labial_o	0.09454258
Baer_Henney_unpublished_2017	tut2	ViDu	labial-voiceless-9-o	voiceless	labial_o	0.097532418
Baer_Henney_unpublished_2017	tut2	LaSk	labial-voicelss-2-e	voiceless	labial_e	0.110222693
Baer_Henney_unpublished_2017	tut2	ViDu	labial-voioced-15-e	voiceless	labial_e	0.100983249
Baer_Henney_unpublished_2017	tut2	AnHa	velar-voiced-1-a	voiced	velar_a	0.078432714
Baer_Henney_unpublished_2017	tut2	LaSk	velar-voiced-1-a	voiced	velar_a	0.180848557
Baer_Henney_unpublished_2017	tut2	LeRo	velar-voiced-1-a	voiced	velar_a	0.153039534
Baer_Henney_unpublished_2017	tut2	ViDu	velar-voiced-1-a	voiced	velar_a	0.101733318
Baer_Henney_unpublished_2017	tut2	AnHa	velar-voiced-10-u	voiced	velar_u	0.078064485
Baer_Henney_unpublished_2017	tut2	LaSk	velar-voiced-10-u	voiced	velar_u	0.112251436
Baer_Henney_unpublished_2017	tut2	LeRo	velar-voiced-10-u	voiced	velar_u	0.128915767
Baer_Henney_unpublished_2017	tut2	ViDu	velar-voiced-10-u	voiced	velar_u	0.080023665
Baer_Henney_unpublished_2017	tut2	AnHa	velar-voiced-11-u	voiced	velar_u	0.092793633
Baer_Henney_unpublished_2017	tut2	LaSk	velar-voiced-11-u	voiced	velar_u	0.135116951
Baer_Henney_unpublished_2017	tut2	LeRo	velar-voiced-11-u	voiced	velar_u	0.104775989
Baer_Henney_unpublished_2017	tut2	ViDu	velar-voiced-11-u	voiced	velar_u	0.105959675
Baer_Henney_unpublished_2017	tut2	AnHa	velar-voiced-12-u	voiced	velar_u	0.04823796
Baer_Henney_unpublished_2017	tut2	LaSk	velar-voiced-12-y	voiced	velar_y	0.160523699
Baer_Henney_unpublished_2017	tut2	ViDu	velar-voiced-12-y	voiced	velar_y	0.099160805
Baer_Henney_unpublished_2017	tut2	LeRo	velar-voiced-12-y	voiced	velar_y	0.224130541
Baer_Henney_unpublished_2017	tut2	AnHa	velar-voiced-13-e	voiced	velar_e	0.118201413
Baer_Henney_unpublished_2017	tut2	LaSk	velar-voiced-13-e	voiced	velar_e	0.107053741
Baer_Henney_unpublished_2017	tut2	LeRo	velar-voiced-13-e	voiced	velar_e	0.134369267
Baer_Henney_unpublished_2017	tut2	ViDu	velar-voiced-13-e	voiced	velar_e	0.128542331
Baer_Henney_unpublished_2017	tut2	AnHa	velar-voiced-14-u	voiced	velar_u	0.070699911
Baer_Henney_unpublished_2017	tut2	LaSk	velar-voiced-14-u	voiced	velar_u	0.120925917
Baer_Henney_unpublished_2017	tut2	LeRo	velar-voiced-14-u	voiced	velar_u	0.176814208
Baer_Henney_unpublished_2017	tut2	MaLu	velar-voiced-14-u	voiced	velar_u	0.108276235
Baer_Henney_unpublished_2017	tut2	MaLu	velar-voiced-14-u	voiced	velar_u	0.108276235
Baer_Henney_unpublished_2017	tut2	ViDu	velar-voiced-14-u	voiced	velar_u	0.106635405
Baer_Henney_unpublished_2017	tut2	ViDu	velar-voiced-15	voiced	velar_o	0.120873566
Baer_Henney_unpublished_2017	tut2	LaSk	velar-voiced-15-o	voiced	velar_o	0.115763574
Baer_Henney_unpublished_2017	tut2	LeRo	velar-voiced-15-o	voiced	velar_o	0.113626718
Baer_Henney_unpublished_2017	tut2	AnHa	velar-voiced-2-e	voiced	velar_e	0.108995696
Baer_Henney_unpublished_2017	tut2	LaSk	velar-voiced-2-e	voiced	velar_e	0.13590467
Baer_Henney_unpublished_2017	tut2	LeRo	velar-voiced-2-e	voiced	velar_e	0.195123726
Baer_Henney_unpublished_2017	tut2	MaLu	velar-voiced-2-e	voiced	velar_e	0.100542218
Baer_Henney_unpublished_2017	tut2	MaLu	velar-voiced-2-e	voiced	velar_e	0.100542218
Baer_Henney_unpublished_2017	tut2	ViDu	velar-voiced-2-e	voiced	velar_e	0.109788207
Baer_Henney_unpublished_2017	tut2	AnHa	velar-voiced-3-i	voiced	velar_i	0.07364574
Baer_Henney_unpublished_2017	tut2	LaSk	velar-voiced-3-i	voiced	velar_i	0.101662831
Baer_Henney_unpublished_2017	tut2	LeRo	velar-voiced-3-i	voiced	velar_i	0.160166324
Baer_Henney_unpublished_2017	tut2	MaLu	velar-voiced-3-i	voiced	velar_i	0.100542218
Baer_Henney_unpublished_2017	tut2	MaLu	velar-voiced-3-i	voiced	velar_i	0.100542218
Baer_Henney_unpublished_2017	tut2	ViDu	velar-voiced-3-i	voiced	velar_i	0.09601962
Baer_Henney_unpublished_2017	tut2	AnHa	velar-voiced-4-i	voiced	velar_i	0.07364574
Baer_Henney_unpublished_2017	tut2	LaSk	velar-voiced-4-i	voiced	velar_i	0.116645748
Baer_Henney_unpublished_2017	tut2	LeRo	velar-voiced-4-i	voiced	velar_i	0.132880821
Baer_Henney_unpublished_2017	tut2	MaLu	velar-voiced-4-i	voiced	velar_i	0.065739143
Baer_Henney_unpublished_2017	tut2	MaLu	velar-voiced-4-i	voiced	velar_i	0.065739143
Baer_Henney_unpublished_2017	tut2	ViDu	velar-voiced-4-i	voiced	velar_i	0.099966597
Baer_Henney_unpublished_2017	tut2	AnHa	velar-voiced-5-i	voiced	velar_i	0.088374889
Baer_Henney_unpublished_2017	tut2	LaSk	velar-voiced-5-i	voiced	velar_i	0.11878593
Baer_Henney_unpublished_2017	tut2	LeRo	velar-voiced-5-i	voiced	velar_i	0.189388456
Baer_Henney_unpublished_2017	tut2	MaLu	velar-voiced-5-i	voiced	velar_i	0.088941193
Baer_Henney_unpublished_2017	tut2	MaLu	velar-voiced-5-i	voiced	velar_i	0.088941193
Baer_Henney_unpublished_2017	tut2	ViDu	velar-voiced-5-i	voiced	velar_i	0.079857412
Baer_Henney_unpublished_2017	tut2	AnHa	velar-voiced-6-o	voiced	velar_o	0.114150898
Baer_Henney_unpublished_2017	tut2	AnHa	velar-voiced-6-o	voiced	velar_o	0.1193061
Baer_Henney_unpublished_2017	tut2	LaSk	velar-voiced-6-o	voiced	velar_o	0.178910735
Baer_Henney_unpublished_2017	tut2	LeRo	velar-voiced-6-o	voiced	velar_o	0.134025396
Baer_Henney_unpublished_2017	tut2	ViDu	velar-voiced-6-o	voiced	velar_o	0.091707826
Baer_Henney_unpublished_2017	tut2	AnHa	velar-voiced-7-o	voiced	velar_o	0.089111346
Baer_Henney_unpublished_2017	tut2	LaSk	velar-voiced-7-o	voiced	velar_o	0.13697701
Baer_Henney_unpublished_2017	tut2	LeRo	velar-voiced-7-o	voiced	velar_o	0.224983506
Baer_Henney_unpublished_2017	tut2	MaLu	velar-voiced-7-o	voiced	velar_o	0.139212302
Baer_Henney_unpublished_2017	tut2	MaLu	velar-voiced-7-o	voiced	velar_o	0.104409227
Baer_Henney_unpublished_2017	tut2	MaLu	velar-voiced-7-o	voiced	velar_o	0.139212302
Baer_Henney_unpublished_2017	tut2	MaLu	velar-voiced-7-o	voiced	velar_o	0.104409227
Baer_Henney_unpublished_2017	tut2	ViDu	velar-voiced-7-u	voiced	velar_u	0.121838085
Baer_Henney_unpublished_2017	tut2	LaSk	velar-voiced-8-o	voiced	velar_o	0.14232883
Baer_Henney_unpublished_2017	tut2	AnHa	velar-voiced-8-u	voiced	velar_u	0.09942175
Baer_Henney_unpublished_2017	tut2	LeRo	velar-voiced-8-u	voiced	velar_u	0.205080936
Baer_Henney_unpublished_2017	tut2	MaLu	velar-voiced-8-u	voiced	velar_u	0.116010252
Baer_Henney_unpublished_2017	tut2	MaLu	velar-voiced-8-u	voiced	velar_u	0.116010252
Baer_Henney_unpublished_2017	tut2	AnHa	velar-voiced-9-u	voiced	velar_u	0.052288476
Baer_Henney_unpublished_2017	tut2	LaSk	velar-voiced-9-u	voiced	velar_u	0.120922835
Baer_Henney_unpublished_2017	tut2	LeRo	velar-voiced-9-u	voiced	velar_u	0.184671058
Baer_Henney_unpublished_2017	tut2	MaLu	velar-voiced-9-u	voiced	velar_u	0.042537092
Baer_Henney_unpublished_2017	tut2	MaLu	velar-voiced-9-u	voiced	velar_u	0.042537092
Baer_Henney_unpublished_2017	tut2	ViDu	velar-voiced-9-u	voiced	velar_u	0.107552201
Baer_Henney_unpublished_2017	tut2	AnHa	velar-voiceless-1-a	voiceless	velar_a	0.075855113
Baer_Henney_unpublished_2017	tut2	LaSk	velar-voiceless-1-a	voiceless	velar_a	0.195398731
Baer_Henney_unpublished_2017	tut2	LeRo	velar-voiceless-1-a	voiceless	velar_a	0.117128464
Baer_Henney_unpublished_2017	tut2	ViDu	velar-voiceless-1-a	voiceless	velar_a	0.101930354
Baer_Henney_unpublished_2017	tut2	AnHa	velar-voiceless-10-u	voiceless	velar_u	0.098685292
Baer_Henney_unpublished_2017	tut2	LaSk	velar-voiceless-10-u	voiceless	velar_u	0.077715676
Baer_Henney_unpublished_2017	tut2	LeRo	velar-voiceless-10-u	voiceless	velar_u	0.090414678
Baer_Henney_unpublished_2017	tut2	ViDu	velar-voiceless-10-u	voiceless	velar_u	0.076489893
Baer_Henney_unpublished_2017	tut2	AnHa	velar-voiceless-11-u	voiceless	velar_u	0.088374889
Baer_Henney_unpublished_2017	tut2	LaSk	velar-voiceless-11-u	voiceless	velar_u	0.076912674
Baer_Henney_unpublished_2017	tut2	LeRo	velar-voiceless-11-u	voiceless	velar_u	0.09415925
Baer_Henney_unpublished_2017	tut2	ViDu	velar-voiceless-11-u	voiceless	velar_u	0.089688062
Baer_Henney_unpublished_2017	tut2	AnHa	velar-voiceless-12-u	voiceless	velar_u	0.071436368
Baer_Henney_unpublished_2017	tut2	LaSk	velar-voiceless-12-y	voiceless	velar_y	0.128419191
Baer_Henney_unpublished_2017	tut2	ViDu	velar-voiceless-12-y	voiceless	velar_y	0.104947735
Baer_Henney_unpublished_2017	tut2	LeRo	velar-voiceless-12-y	voiceless	velar_y	0.223257478
Baer_Henney_unpublished_2017	tut2	AnHa	velar-voiceless-13-e	voiceless	velar_e	0.111941526
Baer_Henney_unpublished_2017	tut2	LaSk	velar-voiceless-13-e	voiceless	velar_e	0.148954011
Baer_Henney_unpublished_2017	tut2	LeRo	velar-voiceless-13-e	voiceless	velar_e	0.14034046
Baer_Henney_unpublished_2017	tut2	ViDu	velar-voiceless-13-e	voiceless	velar_e	0.104892596
Baer_Henney_unpublished_2017	tut2	AnHa	velar-voiceless-14-u	voiceless	velar_u	0.078800942
Baer_Henney_unpublished_2017	tut2	LaSk	velar-voiceless-14-u	voiceless	velar_u	0.081331531
Baer_Henney_unpublished_2017	tut2	LeRo	velar-voiceless-14-u	voiceless	velar_u	0.160830109
Baer_Henney_unpublished_2017	tut2	MaLu	velar-voiceless-14-u	voiceless	velar_u	0.077340168
Baer_Henney_unpublished_2017	tut2	MaLu	velar-voiceless-14-u	voiceless	velar_u	0.077340168
Baer_Henney_unpublished_2017	tut2	ViDu	velar-voiceless-14-u	voiceless	velar_u	0.088094503
Baer_Henney_unpublished_2017	tut2	LeRo	velar-voiceless-15-0	voiceless	velar_o	0.175047197
Baer_Henney_unpublished_2017	tut2	AnHa	velar-voiceless-15-o	voiceless	velar_o	0.084876716
Baer_Henney_unpublished_2017	tut2	AnHa	velar-voiceless-15-o	voiceless	velar_o	0.086165516
Baer_Henney_unpublished_2017	tut2	LaSk	velar-voiceless-15-o	voiceless	velar_o	0.20118571
Baer_Henney_unpublished_2017	tut2	MaLu	velar-voiceless-15-o	voiceless	velar_o	0.116010252
Baer_Henney_unpublished_2017	tut2	MaLu	velar-voiceless-15-o	voiceless	velar_o	0.116010252
Baer_Henney_unpublished_2017	tut2	ViDu	velar-voiceless-15-u	voiceless	velar_u	0.116302208
Baer_Henney_unpublished_2017	tut2	AnHa	velar-voiceless-2-e	voiceless	velar_e	0.076223341
Baer_Henney_unpublished_2017	tut2	LaSk	velar-voiceless-2-e	voiceless	velar_e	0.171620826
Baer_Henney_unpublished_2017	tut2	LeRo	velar-voiceless-2-e	voiceless	velar_e	0.146085326
Baer_Henney_unpublished_2017	tut2	ViDu	velar-voiceless-2-e	voiceless	velar_e	0.110234526
Baer_Henney_unpublished_2017	tut2	AnHa	velar-voiceless-3-i	voiceless	velar_i	0.104576951
Baer_Henney_unpublished_2017	tut2	LaSk	velar-voiceless-3-i	voiceless	velar_i	0.090424605
Baer_Henney_unpublished_2017	tut2	LeRo	velar-voiceless-3-i	voiceless	velar_i	0.097851843
Baer_Henney_unpublished_2017	tut2	ViDu	velar-voiceless-3-i	voiceless	velar_i	0.097917321
Baer_Henney_unpublished_2017	tut2	AnHa	velar-voiceless-4-i	voiceless	velar_i	0.057075449
Baer_Henney_unpublished_2017	tut2	LaSk	velar-voiceless-4-i	voiceless	velar_i	0.081329293
Baer_Henney_unpublished_2017	tut2	LeRo	velar-voiceless-4-i	voiceless	velar_i	0.112281035
Baer_Henney_unpublished_2017	tut2	MaLu	velar-voiceless-4-i	voiceless	velar_i	0.065739143
Baer_Henney_unpublished_2017	tut2	MaLu	velar-voiceless-4-i	voiceless	velar_i	0.065739143
Baer_Henney_unpublished_2017	tut2	ViDu	velar-voiceless-4-i	voiceless	velar_i	0.075700403
Baer_Henney_unpublished_2017	tut2	AnHa	velar-voiceless-5-i	voiceless	velar_i	0.037927556
Baer_Henney_unpublished_2017	tut2	LaSk	velar-voiceless-5-i	voiceless	velar_i	0.110171662
Baer_Henney_unpublished_2017	tut2	LeRo	velar-voiceless-5-i	voiceless	velar_i	0.117545008
Baer_Henney_unpublished_2017	tut2	ViDu	velar-voiceless-5-i	voiceless	velar_i	0.087352797
Baer_Henney_unpublished_2017	tut2	LaSk	velar-voiceless-6-o	voiceless	velar_o	0.139240667
Baer_Henney_unpublished_2017	tut2	LeRo	velar-voiceless-6-o	voiceless	velar_o	0.104358019
Baer_Henney_unpublished_2017	tut2	ViDu	velar-voiceless-6-o	voiceless	velar_o	0.087404557
Baer_Henney_unpublished_2017	tut2	AnHa	velar-voiceless-7-0	voiceless	velar_u	0.111941526
Baer_Henney_unpublished_2017	tut2	LaSk	velar-voiceless-7-o	voiceless	velar_o	0.093098706
Baer_Henney_unpublished_2017	tut2	LeRo	velar-voiceless-7-o	voiceless	velar_o	0.141318158
Baer_Henney_unpublished_2017	tut2	ViDu	velar-voiceless-7-o	voiceless	velar_o	0.119894417
Baer_Henney_unpublished_2017	tut2	AnHa	velar-voiceless-8-u	voiceless	velar_u	0.091320718
Baer_Henney_unpublished_2017	tut2	LaSk	velar-voiceless-8-u	voiceless	velar_u	0.100592764
Baer_Henney_unpublished_2017	tut2	LeRo	velar-voiceless-8-u	voiceless	velar_u	0.228701978
Baer_Henney_unpublished_2017	tut2	MaLu	velar-voiceless-8-u	voiceless	velar_u	0.143079311
Baer_Henney_unpublished_2017	tut2	MaLu	velar-voiceless-8-u	voiceless	velar_u	0.143079311
Baer_Henney_unpublished_2017	tut2	ViDu	velar-voiceless-8-u	voiceless	velar_u	0.103465154
Baer_Henney_unpublished_2017	tut2	AnHa	velar-voiceless-9-u	voiceless	velar_u	0.101631122
Baer_Henney_unpublished_2017	tut2	LaSk	velar-voiceless-9-u	voiceless	velar_u	0.095243804
Baer_Henney_unpublished_2017	tut2	LeRo	velar-voiceless-9-u	voiceless	velar_u	0.158592728
Baer_Henney_unpublished_2017	tut2	ViDu	velar-voiceless-9-u	voiceless	velar_u	0.093600664
Baer_Henney_unpublished_2017	tut3	MiMu	alveolar-voiced--13-y	voiced	alveolar_y	0.158724693
Baer_Henney_unpublished_2017	tut3	GiRe	alveolar-voiced-1-a	voiced	alveolar_a	0.143517151
Baer_Henney_unpublished_2017	tut3	JaJa	alveolar-voiced-1-a	voiced	alveolar_a	0.180274093
Baer_Henney_unpublished_2017	tut3	JeFo	alveolar-voiced-1-a	voiced	alveolar_a	0.094136276
Baer_Henney_unpublished_2017	tut3	MiMu	alveolar-voiced-1-a	voiced	alveolar_a	0.194798486
Baer_Henney_unpublished_2017	tut3	YaWe	alveolar-voiced-1-a	voiced	alveolar_a	0.312249665
Baer_Henney_unpublished_2017	tut3	ZuSe	alveolar-voiced-1-a	voiced	alveolar_a	0.378483541
Baer_Henney_unpublished_2017	tut3	MiMu	alveolar-voiced-10-0	voiced	alveolar_o	0.122650899
Baer_Henney_unpublished_2017	tut3	JaJa	alveolar-voiced-10-o	voiced	alveolar_o	0.197091779
Baer_Henney_unpublished_2017	tut3	YaWe	alveolar-voiced-10-o	voiced	alveolar_o	0.287681798
Baer_Henney_unpublished_2017	tut3	ZuSe	alveolar-voiced-10-o	voiced	alveolar_o	0.454180249
Baer_Henney_unpublished_2017	tut3	GiRe	alveolar-voiced-11-e	voiced	alveolar_e	0.107080859
Baer_Henney_unpublished_2017	tut3	JaJa	alveolar-voiced-11-u	voiced	alveolar_u	0.147544198
Baer_Henney_unpublished_2017	tut3	JeFo	alveolar-voiced-11-u	voiced	alveolar_u	0.120104904
Baer_Henney_unpublished_2017	tut3	MiMu	alveolar-voiced-11-u	voiced	alveolar_u	0.209228004
Baer_Henney_unpublished_2017	tut3	YaWe	alveolar-voiced-11-u	voiced	alveolar_u	0.221903315
Baer_Henney_unpublished_2017	tut3	ZuSe	alveolar-voiced-11-u	voiced	alveolar_u	0.428948013
Baer_Henney_unpublished_2017	tut3	GiRe	alveolar-voiced-12-i	voiced	alveolar_i	0.079731751
Baer_Henney_unpublished_2017	tut3	JaJa	alveolar-voiced-12-u	voiced	alveolar_u	0.138247492
Baer_Henney_unpublished_2017	tut3	ZuSe	alveolar-voiced-12-u	voiced	alveolar_u	0.479412485
Baer_Henney_unpublished_2017	tut3	JeFo	alveolar-voiced-12-y	voiced	alveolar_y	0.110366669
Baer_Henney_unpublished_2017	tut3	MiMu	alveolar-voiced-12-y	voiced	alveolar_y	0.108221381
Baer_Henney_unpublished_2017	tut3	YaWe	alveolar-voiced-12-y	voiced	alveolar_y	0.217940756
Baer_Henney_unpublished_2017	tut3	ZuSe	alveolar-voiced-13-u	voiced	alveolar_u	0.454180249
Baer_Henney_unpublished_2017	tut3	JeFo	alveolar-voiced-13-y	voiced	alveolar_y	0.084398041
Baer_Henney_unpublished_2017	tut3	JaJa	alveolar-voiced-13-y	voiced	alveolar_y	0.149203614
Baer_Henney_unpublished_2017	tut3	GiRe	alveolar-voiced-13-y	voiced	alveolar_y	0.111637491
Baer_Henney_unpublished_2017	tut3	YaWe	alveolar-voiced-13-y	voiced	alveolar_y	0.199712984
Baer_Henney_unpublished_2017	tut3	GiRe	alveolar-voiced-14-o	voiced	alveolar_o	0.143517151
Baer_Henney_unpublished_2017	tut3	ZuSe	alveolar-voiced-14-u	voiced	alveolar_u	0.454180249
Baer_Henney_unpublished_2017	tut3	JeFo	alveolar-voiced-14-y	voiced	alveolar_y	0.136335297
Baer_Henney_unpublished_2017	tut3	JaJa	alveolar-voiced-14-y	voiced	alveolar_y	0.187477546
Baer_Henney_unpublished_2017	tut3	MiMu	alveolar-voiced-14-y	voiced	alveolar_y	0.129865658
Baer_Henney_unpublished_2017	tut3	YaWe	alveolar-voiced-14-y	voiced	alveolar_y	0.209223126
Baer_Henney_unpublished_2017	tut3	ZuSe	alveolar-voiced-15-a	voiced	alveolar_a	0.428948013
Baer_Henney_unpublished_2017	tut3	JaJa	alveolar-voiced-15-e	voiced	alveolar_e	0.19656195
Baer_Henney_unpublished_2017	tut3	JeFo	alveolar-voiced-15-e	voiced	alveolar_e	0.155811768
Baer_Henney_unpublished_2017	tut3	MiMu	alveolar-voiced-15-e	voiced	alveolar_e	0.202013245
Baer_Henney_unpublished_2017	tut3	YaWe	alveolar-voiced-15-e	voiced	alveolar_e	0.220318292
Baer_Henney_unpublished_2017	tut3	GiRe	alveolar-voiced-15-y	voiced	alveolar_y	0.085047201
Baer_Henney_unpublished_2017	tut3	JaJa	alveolar-voiced-2-o	voiced	alveolar_o	0.201898896
Baer_Henney_unpublished_2017	tut3	GiRe	alveolar-voiced-2-o	voiced	alveolar_o	0.095678101
Baer_Henney_unpublished_2017	tut3	MiMu	alveolar-voiced-2-o	voiced	alveolar_o	0.23087228
Baer_Henney_unpublished_2017	tut3	ZuSe	alveolar-voiced-2-o	voiced	alveolar_o	0.529876957
Baer_Henney_unpublished_2017	tut3	GiRe	alveolar-voiced-3-i	voiced	alveolar_i	0.116939901
Baer_Henney_unpublished_2017	tut3	JaJa	alveolar-voiced-3-o	voiced	alveolar_o	0.197091779
Baer_Henney_unpublished_2017	tut3	MiMu	alveolar-voiced-3-u	voiced	alveolar_u	0.216442763
Baer_Henney_unpublished_2017	tut3	ZuSe	alveolar-voiced-3-u	voiced	alveolar_u	0.454180249
Baer_Henney_unpublished_2017	tut3	JaJa	alveolar-voiced-4-e	voiced	alveolar_e	0.150280428
Baer_Henney_unpublished_2017	tut3	GiRe	alveolar-voiced-4-e	voiced	alveolar_e	0.111624451
Baer_Henney_unpublished_2017	tut3	JeFo	alveolar-voiced-4-e	voiced	alveolar_e	0.100628433
Baer_Henney_unpublished_2017	tut3	MiMu	alveolar-voiced-4-e	voiced	alveolar_e	0.165939451
Baer_Henney_unpublished_2017	tut3	YaWe	alveolar-voiced-4-e	voiced	alveolar_e	0.21080815
Baer_Henney_unpublished_2017	tut3	ZuSe	alveolar-voiced-4-e	voiced	alveolar_e	0.454180249
Baer_Henney_unpublished_2017	tut3	GiRe	alveolar-voiced-5-a	voiced	alveolar_a	0.127570801
Baer_Henney_unpublished_2017	tut3	JeFo	alveolar-voiced-5-e	voiced	alveolar_e	0.113612747
Baer_Henney_unpublished_2017	tut3	MiMu	alveolar-voiced-5-e	voiced	alveolar_e	0.17315421
Baer_Henney_unpublished_2017	tut3	YaWe	alveolar-voiced-5-e	voiced	alveolar_e	0.290059334
Baer_Henney_unpublished_2017	tut3	ZuSe	alveolar-voiced-5-e	voiced	alveolar_e	0.479412485
Baer_Henney_unpublished_2017	tut3	MiMu	alveolar-voiced-6-a	voiced	alveolar_a	0.122650899
Baer_Henney_unpublished_2017	tut3	JaJa	alveolar-voiced-6-i	voiced	alveolar_i	0.134599264
Baer_Henney_unpublished_2017	tut3	ZuSe	alveolar-voiced-6-i	voiced	alveolar_i	0.580341429
Baer_Henney_unpublished_2017	tut3	GiRe	alveolar-voiced-6-o	voiced	alveolar_o	0.116939901
Baer_Henney_unpublished_2017	tut3	JaJa	alveolar-voiced-7-o	voiced	alveolar_o	0.206706012
Baer_Henney_unpublished_2017	tut3	JeFo	alveolar-voiced-7-o	voiced	alveolar_o	0.118481865
Baer_Henney_unpublished_2017	tut3	MiMu	alveolar-voiced-7-o	voiced	alveolar_o	0.151509934
Baer_Henney_unpublished_2017	tut3	YaWe	alveolar-voiced-7-o	voiced	alveolar_o	0.27103905
Baer_Henney_unpublished_2017	tut3	ZuSe	alveolar-voiced-7-o	voiced	alveolar_o	0.378483541
Baer_Henney_unpublished_2017	tut3	GiRe	alveolar-voiced-7-y	voiced	alveolar_y	0.111624451
Baer_Henney_unpublished_2017	tut3	JaJa	alveolar-voiced-8-o	voiced	alveolar_o	0.177863313
Baer_Henney_unpublished_2017	tut3	MiMu	alveolar-voiced-8-o	voiced	alveolar_o	0.137080416
Baer_Henney_unpublished_2017	tut3	YaWe	alveolar-voiced-8-o	voiced	alveolar_o	0.282134215
Baer_Henney_unpublished_2017	tut3	ZuSe	alveolar-voiced-8-o	voiced	alveolar_o	0.378483541
Baer_Henney_unpublished_2017	tut3	GiRe	alveolar-voiced-8-y	voiced	alveolar_y	0.132886251
Baer_Henney_unpublished_2017	tut3	JaJa	alveolar-voiced-9-o	voiced	alveolar_o	0.177863313
Baer_Henney_unpublished_2017	tut3	MiMu	alveolar-voiced-9-o	voiced	alveolar_o	0.187583728
Baer_Henney_unpublished_2017	tut3	YaWe	alveolar-voiced-9-o	voiced	alveolar_o	0.280549192
Baer_Henney_unpublished_2017	tut3	ZuSe	alveolar-voiced-9-o	voiced	alveolar_o	0.479412485
Baer_Henney_unpublished_2017	tut3	GiRe	alveolar-voiced-9-u	voiced	alveolar_u	0.079731751
Baer_Henney_unpublished_2017	tut3	YaWe	alveolar-voiceess-7-o	voiceless	alveolar_o	0.229828434
Baer_Henney_unpublished_2017	tut3	JaJa	alveolar-voiceless-1-a	voiceless	alveolar_a	0.197091779
Baer_Henney_unpublished_2017	tut3	MiMu	alveolar-voiceless-1-a	voiceless	alveolar_a	0.144295175
Baer_Henney_unpublished_2017	tut3	YaWe	alveolar-voiceless-1-a	voiceless	alveolar_a	0.2409236
Baer_Henney_unpublished_2017	tut3	ZuSe	alveolar-voiceless-1-a	voiceless	alveolar_a	0.479412485
Baer_Henney_unpublished_2017	tut3	GiRe	alveolar-voiceless-1-e	voiceless	alveolar_e	0.090362651
Baer_Henney_unpublished_2017	tut3	JaJa	alveolar-voiceless-10-o	voiceless	alveolar_o	0.149020614
Baer_Henney_unpublished_2017	tut3	JeFo	alveolar-voiceless-10-o	voiceless	alveolar_o	0.142827454
Baer_Henney_unpublished_2017	tut3	MiMu	alveolar-voiceless-10-o	voiceless	alveolar_o	0.158724693
Baer_Henney_unpublished_2017	tut3	YaWe	alveolar-voiceless-10-o	voiceless	alveolar_o	0.263113931
Baer_Henney_unpublished_2017	tut3	ZuSe	alveolar-voiceless-10-o	voiceless	alveolar_o	0.403715777
Baer_Henney_unpublished_2017	tut3	GiRe	alveolar-voiceless-10-y	voiceless	alveolar_y	0.095678101
Baer_Henney_unpublished_2017	tut3	JaJa	alveolar-voiceless-11-u	voiceless	alveolar_u	0.138576923
Baer_Henney_unpublished_2017	tut3	JeFo	alveolar-voiceless-11-u	voiceless	alveolar_u	0.120104904
Baer_Henney_unpublished_2017	tut3	MiMu	alveolar-voiceless-11-u	voiceless	alveolar_u	0.122650899
Baer_Henney_unpublished_2017	tut3	YaWe	alveolar-voiceless-11-u	voiceless	alveolar_u	0.131556966
Baer_Henney_unpublished_2017	tut3	ZuSe	alveolar-voiceless-11-u	voiceless	alveolar_u	0.454180249
Baer_Henney_unpublished_2017	tut3	JaJa	alveolar-voiceless-12-u	voiceless	alveolar_u	0.148264326
Baer_Henney_unpublished_2017	tut3	ZuSe	alveolar-voiceless-12-u	voiceless	alveolar_u	0.630805901
Baer_Henney_unpublished_2017	tut3	GiRe	alveolar-voiceless-12-y	voiceless	alveolar_y	0.107080859
Baer_Henney_unpublished_2017	tut3	JeFo	alveolar-voiceless-12-y	voiceless	alveolar_y	0.126597061
Baer_Henney_unpublished_2017	tut3	MiMu	alveolar-voiceless-12-y	voiceless	alveolar_y	0.137080416
Baer_Henney_unpublished_2017	tut3	YaWe	alveolar-voiceless-12-y	voiceless	alveolar_y	0.122046824
Baer_Henney_unpublished_2017	tut3	GiRe	alveolar-voiceless-13-eu	voiceless	alveolar_y	0.106309001
Baer_Henney_unpublished_2017	tut3	ZuSe	alveolar-voiceless-13-u	voiceless	alveolar_u	0.479412485
Baer_Henney_unpublished_2017	tut3	JaJa	alveolar-voiceless-13-y	voiceless	alveolar_y	0.18267043
Baer_Henney_unpublished_2017	tut3	MiMu	alveolar-voiceless-13-y	voiceless	alveolar_y	0.165939451
Baer_Henney_unpublished_2017	tut3	YaWe	alveolar-voiceless-13-y	voiceless	alveolar_y	0.187032794
Baer_Henney_unpublished_2017	tut3	JaJa	alveolar-voiceless-14-o	voiceless	alveolar_o	0.173056196
Baer_Henney_unpublished_2017	tut3	GiRe	alveolar-voiceless-14-o	voiceless	alveolar_o	0.122255351
Baer_Henney_unpublished_2017	tut3	ZuSe	alveolar-voiceless-14-u	voiceless	alveolar_u	0.378483541
Baer_Henney_unpublished_2017	tut3	JeFo	alveolar-voiceless-14-y	voiceless	alveolar_y	0.123350983
Baer_Henney_unpublished_2017	tut3	MiMu	alveolar-voiceless-14-y	voiceless	alveolar_y	0.144295175
Baer_Henney_unpublished_2017	tut3	YaWe	alveolar-voiceless-14-y	voiceless	alveolar_y	0.163257439
Baer_Henney_unpublished_2017	tut3	ZuSe	alveolar-voiceless-15-a	voiceless	alveolar_a	0.378483541
Baer_Henney_unpublished_2017	tut3	JaJa	alveolar-voiceless-15-e	voiceless	alveolar_e	0.160432424
Baer_Henney_unpublished_2017	tut3	GiRe	alveolar-voiceless-15-e	voiceless	alveolar_e	0.12986402
Baer_Henney_unpublished_2017	tut3	JeFo	alveolar-voiceless-15-e	voiceless	alveolar_e	0.146073532
Baer_Henney_unpublished_2017	tut3	MiMu	alveolar-voiceless-15-e	voiceless	alveolar_e	0.147902554
Baer_Henney_unpublished_2017	tut3	YaWe	alveolar-voiceless-15-e	voiceless	alveolar_e	0.244093647
Baer_Henney_unpublished_2017	tut3	GiRe	alveolar-voiceless-2-a	voiceless	alveolar_a	0.095678101
Baer_Henney_unpublished_2017	tut3	JaJa	alveolar-voiceless-2-o	voiceless	alveolar_o	0.163441963
Baer_Henney_unpublished_2017	tut3	MiMu	alveolar-voiceless-2-o	voiceless	alveolar_o	0.079362346
Baer_Henney_unpublished_2017	tut3	YaWe	alveolar-voiceless-2-o	voiceless	alveolar_o	0.252018765
Baer_Henney_unpublished_2017	tut3	ZuSe	alveolar-voiceless-2-o	voiceless	alveolar_o	0.504644721
Baer_Henney_unpublished_2017	tut3	GiRe	alveolar-voiceless-3-i	voiceless	alveolar_i	0.111624451
Baer_Henney_unpublished_2017	tut3	JaJa	alveolar-voiceless-3-o	voiceless	alveolar_o	0.129232639
Baer_Henney_unpublished_2017	tut3	JeFo	alveolar-voiceless-3-o	voiceless	alveolar_o	0.227225495
Baer_Henney_unpublished_2017	tut3	ZuSe	alveolar-voiceless-3-o	voiceless	alveolar_o	0.454180249
Baer_Henney_unpublished_2017	tut3	MiMu	alveolar-voiceless-3-u	voiceless	alveolar_u	0.216442763
Baer_Henney_unpublished_2017	tut3	YaWe	alveolar-voiceless-3-u	voiceless	alveolar_u	0.143444643
Baer_Henney_unpublished_2017	tut3	ZuSe	alveolar-voiceless-4-a	voiceless	alveolar_a	0.428948013
Baer_Henney_unpublished_2017	tut3	JaJa	alveolar-voiceless-4-e	voiceless	alveolar_e	0.163427723
Baer_Henney_unpublished_2017	tut3	GiRe	alveolar-voiceless-4-e	voiceless	alveolar_e	0.047844639
Baer_Henney_unpublished_2017	tut3	JeFo	alveolar-voiceless-4-e	voiceless	alveolar_e	0.207749024
Baer_Henney_unpublished_2017	tut3	MiMu	alveolar-voiceless-4-e	voiceless	alveolar_e	0.11543614
Baer_Henney_unpublished_2017	tut3	YaWe	alveolar-voiceless-4-e	voiceless	alveolar_e	0.22824341
Baer_Henney_unpublished_2017	tut3	JaJa	alveolar-voiceless-5-e	voiceless	alveolar_e	0.201898896
Baer_Henney_unpublished_2017	tut3	MiMu	alveolar-voiceless-5-e	voiceless	alveolar_e	0.122650899
Baer_Henney_unpublished_2017	tut3	YaWe	alveolar-voiceless-5-e	voiceless	alveolar_e	0.218733268
Baer_Henney_unpublished_2017	tut3	ZuSe	alveolar-voiceless-5-e	voiceless	alveolar_e	0.454180249
Baer_Henney_unpublished_2017	tut3	GiRe	alveolar-voiceless-5-i	voiceless	alveolar_i	0.095678101
Baer_Henney_unpublished_2017	tut3	JaJa	alveolar-voiceless-6-i	voiceless	alveolar_i	0.07996735
Baer_Henney_unpublished_2017	tut3	JeFo	alveolar-voiceless-6-i	voiceless	alveolar_i	0.15094265
Baer_Henney_unpublished_2017	tut3	MiMu	alveolar-voiceless-6-i	voiceless	alveolar_i	0.165939451
Baer_Henney_unpublished_2017	tut3	YaWe	alveolar-voiceless-6-i	voiceless	alveolar_i	0.13789706
Baer_Henney_unpublished_2017	tut3	ZuSe	alveolar-voiceless-6-i	voiceless	alveolar_i	0.479412485
Baer_Henney_unpublished_2017	tut3	GiRe	alveolar-voiceless-6-u	voiceless	alveolar_u	0.106309001
Baer_Henney_unpublished_2017	tut3	JaJa	alveolar-voiceless-7-o	voiceless	alveolar_o	0.159237657
Baer_Henney_unpublished_2017	tut3	JeFo	alveolar-voiceless-7-o	voiceless	alveolar_o	0.123350983
Baer_Henney_unpublished_2017	tut3	MiMu	alveolar-voiceless-7-o	voiceless	alveolar_o	0.108221381
Baer_Henney_unpublished_2017	tut3	ZuSe	alveolar-voiceless-7-o	voiceless	alveolar_o	0.378483541
Baer_Henney_unpublished_2017	tut3	GiRe	alveolar-voiceless-7-u	voiceless	alveolar_u	0.109359175
Baer_Henney_unpublished_2017	tut3	JaJa	alveolar-voiceless-8-o	voiceless	alveolar_o	0.149020614
Baer_Henney_unpublished_2017	tut3	JeFo	alveolar-voiceless-8-o	voiceless	alveolar_o	0.181780396
Baer_Henney_unpublished_2017	tut3	MiMu	alveolar-voiceless-8-o	voiceless	alveolar_o	0.144295175
Baer_Henney_unpublished_2017	tut3	YaWe	alveolar-voiceless-8-o	voiceless	alveolar_o	0.218733268
Baer_Henney_unpublished_2017	tut3	ZuSe	alveolar-voiceless-8-o	voiceless	alveolar_o	0.428948013
Baer_Henney_unpublished_2017	tut3	GiRe	alveolar-voiceless-8-y	voiceless	alveolar_y	0.090362651
Baer_Henney_unpublished_2017	tut3	GiRe	alveolar-voiceless-9-e	voiceless	alveolar_e	0.122255351
Baer_Henney_unpublished_2017	tut3	JaJa	alveolar-voiceless-9-o	voiceless	alveolar_o	0.109584887
Baer_Henney_unpublished_2017	tut3	JeFo	alveolar-voiceless-9-o	voiceless	alveolar_o	0.168796082
Baer_Henney_unpublished_2017	tut3	MiMu	alveolar-voiceless-9-o	voiceless	alveolar_o	0.165939451
Baer_Henney_unpublished_2017	tut3	YaWe	alveolar-voiceless-9-o	voiceless	alveolar_o	0.218733268
Baer_Henney_unpublished_2017	tut3	ZuSe	alveolar-voiceless-9-o	voiceless	alveolar_o	0.504644721
Baer_Henney_unpublished_2017	tut3	YaWe	alveolar-voived-2-o	voiced	alveolar_o	0.213978197
Baer_Henney_unpublished_2017	tut3	JaJa	labial-voiced-1-a	voiced	labial_a	0.177863313
Baer_Henney_unpublished_2017	tut3	MiMu	labial-voiced-1-a	voiced	labial_a	0.11543614
Baer_Henney_unpublished_2017	tut3	YaWe	labial-voiced-1-a	voiced	labial_a	0.221903315
Baer_Henney_unpublished_2017	tut3	ZuSe	labial-voiced-1-a	voiced	labial_a	0.454180249
Baer_Henney_unpublished_2017	tut3	GiRe	labial-voiced-1-i	voiced	labial_i	0.100993551
Baer_Henney_unpublished_2017	tut3	ZuSe	labial-voiced-10-e	voiced	labial_e	0.731734846
Baer_Henney_unpublished_2017	tut3	JaJa	labial-voiced-10-i	voiced	labial_i	0.153495192
Baer_Henney_unpublished_2017	tut3	GiRe	labial-voiced-10-i	voiced	labial_i	0.109359175
Baer_Henney_unpublished_2017	tut3	JeFo	labial-voiced-10-i	voiced	labial_i	0.116858826
Baer_Henney_unpublished_2017	tut3	MiMu	labial-voiced-10-i	voiced	labial_i	0.104614002
Baer_Henney_unpublished_2017	tut3	JaJa	labial-voiced-11-i	voiced	labial_i	0.121092149
Baer_Henney_unpublished_2017	tut3	JeFo	labial-voiced-11-i	voiced	labial_i	0.149319611
Baer_Henney_unpublished_2017	tut3	MiMu	labial-voiced-11-i	voiced	labial_i	0.17315421
Baer_Henney_unpublished_2017	tut3	YaWe	labial-voiced-11-i	voiced	labial_i	0.195657969
Baer_Henney_unpublished_2017	tut3	ZuSe	labial-voiced-11-i	voiced	labial_i	0.378483541
Baer_Henney_unpublished_2017	tut3	YaWe	labial-voiced-11-u	voiced	labial_u	0.317004736
Baer_Henney_unpublished_2017	tut3	GiRe	labial-voiced-11-y	voiced	labial_y	0.127570801
Baer_Henney_unpublished_2017	tut3	JaJa	labial-voiced-13-o	voiced	labial_o	0.159516337
Baer_Henney_unpublished_2017	tut3	JeFo	labial-voiced-13-o	voiced	labial_o	0.17204216
Baer_Henney_unpublished_2017	tut3	MiMu	labial-voiced-13-o	voiced	labial_o	0.151509934
Baer_Henney_unpublished_2017	tut3	YaWe	labial-voiced-13-o	voiced	labial_o	0.223488339
Baer_Henney_unpublished_2017	tut3	ZuSe	labial-voiced-13-o	voiced	labial_o	0.454180249
Baer_Henney_unpublished_2017	tut3	GiRe	labial-voiced-13-y	voiced	labial_y	0.122255351
Baer_Henney_unpublished_2017	tut3	GiRe	labial-voiced-14-e	voiced	labial_e	0.075184433
Baer_Henney_unpublished_2017	tut3	JaJa	labial-voiced-14-u	voiced	labial_u	0.140287926
Baer_Henney_unpublished_2017	tut3	JeFo	labial-voiced-14-u	voiced	labial_u	0.116858826
Baer_Henney_unpublished_2017	tut3	MiMu	labial-voiced-14-u	voiced	labial_u	0.209228004
Baer_Henney_unpublished_2017	tut3	ZuSe	labial-voiced-14-u	voiced	labial_u	0.428948013
Baer_Henney_unpublished_2017	tut3	GiRe	labial-voiced-15-a	voiced	labial_a	0.136698969
Baer_Henney_unpublished_2017	tut3	JeFo	labial-voiced-15-o	voiced	labial_o	0.145262013
Baer_Henney_unpublished_2017	tut3	JaJa	labial-voiced-15-u	voiced	labial_u	0.122872611
Baer_Henney_unpublished_2017	tut3	MiMu	labial-voiced-15-u	voiced	labial_u	0.129865658
Baer_Henney_unpublished_2017	tut3	YaWe	labial-voiced-15-u	voiced	labial_u	0.275794121
Baer_Henney_unpublished_2017	tut3	ZuSe	labial-voiced-15-u	voiced	labial_u	0.589085499
Baer_Henney_unpublished_2017	tut3	JaJa	labial-voiced-2-a	voiced	labial_a	0.192284663
Baer_Henney_unpublished_2017	tut3	MiMu	labial-voiced-2-a	voiced	labial_a	0.122650899
Baer_Henney_unpublished_2017	tut3	ZuSe	labial-voiced-2-a	voiced	labial_a	0.428948013
Baer_Henney_unpublished_2017	tut3	GiRe	labial-voiced-2-e	voiced	labial_e	0.138201701
Baer_Henney_unpublished_2017	tut3	JaJa	labial-voiced-3-a	voiced	labial_a	0.230741595
Baer_Henney_unpublished_2017	tut3	MiMu	labial-voiced-3-a	voiced	labial_a	0.144295175
Baer_Henney_unpublished_2017	tut3	YaWe	labial-voiced-3-a	voiced	labial_a	0.278964168
Baer_Henney_unpublished_2017	tut3	ZuSe	labial-voiced-3-a	voiced	labial_a	0.479412485
Baer_Henney_unpublished_2017	tut3	GiRe	labial-voiced-3-e	voiced	labial_e	0.085047201
Baer_Henney_unpublished_2017	tut3	JaJa	labial-voiced-4-e	voiced	labial_e	0.186590484
Baer_Henney_unpublished_2017	tut3	JeFo	labial-voiced-4-e	voiced	labial_e	0.12984314
Baer_Henney_unpublished_2017	tut3	MiMu	labial-voiced-4-e	voiced	labial_e	0.158724693
Baer_Henney_unpublished_2017	tut3	ZuSe	labial-voiced-4-e	voiced	labial_e	0.403715777
Baer_Henney_unpublished_2017	tut3	GiRe	labial-voiced-4-y	voiced	labial_y	0.085047201
Baer_Henney_unpublished_2017	tut3	JaJa	labial-voiced-5-e	voiced	labial_e	0.165858208
Baer_Henney_unpublished_2017	tut3	JeFo	labial-voiced-5-e	voiced	labial_e	0.077905884
Baer_Henney_unpublished_2017	tut3	MiMu	labial-voiced-5-e	voiced	labial_e	0.158724693
Baer_Henney_unpublished_2017	tut3	MiMu	labial-voiced-5-e	voiced	labial_e	0.151509934
Baer_Henney_unpublished_2017	tut3	ZuSe	labial-voiced-5-e	voiced	labial_e	0.428948013
Baer_Henney_unpublished_2017	tut3	GiRe	labial-voiced-5-i	voiced	labial_i	0.05846995
Baer_Henney_unpublished_2017	tut3	ZuSe	labial-voiced-6-a	voiced	labial_a	0.580341429
Baer_Henney_unpublished_2017	tut3	JeFo	labial-voiced-6-e	voiced	labial_e	0.149319611
Baer_Henney_unpublished_2017	tut3	JeFo	labial-voiced-6-e	voiced	labial_e	0.137704749
Baer_Henney_unpublished_2017	tut3	GiRe	labial-voiced-6-y	voiced	labial_y	0.090362651
Baer_Henney_unpublished_2017	tut3	JaJa	labial-voiced-7-e	voiced	labial_e	0.15985166
Baer_Henney_unpublished_2017	tut3	GiRe	labial-voiced-7-e	voiced	labial_e	0.109359175
Baer_Henney_unpublished_2017	tut3	JeFo	labial-voiced-7-e	voiced	labial_e	0.142827454
Baer_Henney_unpublished_2017	tut3	MiMu	labial-voiced-7-e	voiced	labial_e	0.17315421
Baer_Henney_unpublished_2017	tut3	YaWe	labial-voiced-7-e	voiced	labial_e	0.234583505
Baer_Henney_unpublished_2017	tut3	ZuSe	labial-voiced-7-e	voiced	labial_e	0.454180249
Baer_Henney_unpublished_2017	tut3	GiRe	labial-voiced-8-e	voiced	labial_e	0.122255351
Baer_Henney_unpublished_2017	tut3	JaJa	labial-voiced-8-i	voiced	labial_i	0.120500704
Baer_Henney_unpublished_2017	tut3	JeFo	labial-voiced-8-i	voiced	labial_i	0.136335297
Baer_Henney_unpublished_2017	tut3	MiMu	labial-voiced-8-i	voiced	labial_i	0.17315421
Baer_Henney_unpublished_2017	tut3	ZuSe	labial-voiced-8-i	voiced	labial_i	0.403715777
Baer_Henney_unpublished_2017	tut3	JaJa	labial-voiced-9-i	voiced	labial_i	0.119185636
Baer_Henney_unpublished_2017	tut3	JeFo	labial-voiced-9-i	voiced	labial_i	0.087644119
Baer_Henney_unpublished_2017	tut3	MiMu	labial-voiced-9-i	voiced	labial_i	0.129865658
Baer_Henney_unpublished_2017	tut3	ZuSe	labial-voiced-9-i	voiced	labial_i	0.454180249
Baer_Henney_unpublished_2017	tut3	GiRe	labial-voiced-9-y	voiced	labial_y	0.095678101
Baer_Henney_unpublished_2017	tut3	JaJa	labial-voiceless-1-a	voiceless	labial_a	0.162896454
Baer_Henney_unpublished_2017	tut3	JeFo	labial-voiceless-1-a	voiceless	labial_a	0.124974022
Baer_Henney_unpublished_2017	tut3	MiMu	labial-voiceless-1-a	voiceless	labial_a	0.144295175
Baer_Henney_unpublished_2017	tut3	YaWe	labial-voiceless-1-a	voiceless	labial_a	0.223501481
Baer_Henney_unpublished_2017	tut3	ZuSe	labial-voiceless-1-a	voiceless	labial_a	0.454180249
Baer_Henney_unpublished_2017	tut3	GiRe	labial-voiceless-1-i	voiceless	labial_i	0.095678101
Baer_Henney_unpublished_2017	tut3	JaJa	labial-voiceless-10-i	voiceless	labial_i	0.111755583
Baer_Henney_unpublished_2017	tut3	JeFo	labial-voiceless-10-i	voiceless	labial_i	0.100628433
Baer_Henney_unpublished_2017	tut3	MiMu	labial-voiceless-10-i	voiceless	labial_i	0.151509934
Baer_Henney_unpublished_2017	tut3	YaWe	labial-voiceless-10-i	voiceless	labial_i	0.193372889
Baer_Henney_unpublished_2017	tut3	ZuSe	labial-voiceless-10-i	voiceless	labial_i	0.428948013
Baer_Henney_unpublished_2017	tut3	JaJa	labial-voiceless-11-e	voiceless	labial_e	0.187477546
Baer_Henney_unpublished_2017	tut3	MiMu	labial-voiceless-11-i	voiceless	labial_i	0.108221381
Baer_Henney_unpublished_2017	tut3	YaWe	labial-voiceless-11-i	voiceless	labial_i	0.161672416
Baer_Henney_unpublished_2017	tut3	ZuSe	labial-voiceless-11-i	voiceless	labial_i	0.353251305
Baer_Henney_unpublished_2017	tut3	GiRe	labial-voiceless-11-o	voiceless	labial_o	0.111624451
Baer_Henney_unpublished_2017	tut3	JaJa	labial-voiceless-13-o	voiceless	labial_o	0.145220797
Baer_Henney_unpublished_2017	tut3	JeFo	labial-voiceless-13-o	voiceless	labial_o	0.191518631
Baer_Henney_unpublished_2017	tut3	MiMu	labial-voiceless-13-o	voiceless	labial_o	0.122650899
Baer_Henney_unpublished_2017	tut3	YaWe	labial-voiceless-13-o	voiceless	labial_o	0.221903315
Baer_Henney_unpublished_2017	tut3	ZuSe	labial-voiceless-13-o	voiceless	labial_o	0.403715777
Baer_Henney_unpublished_2017	tut3	GiRe	labial-voiceless-13-y	voiceless	labial_y	0.164778951
Baer_Henney_unpublished_2017	tut3	JaJa	labial-voiceless-14-u	voiceless	labial_u	0.134599264
Baer_Henney_unpublished_2017	tut3	MiMu	labial-voiceless-14-u	voiceless	labial_u	0.079362346
Baer_Henney_unpublished_2017	tut3	YaWe	labial-voiceless-14-u	voiceless	labial_u	0.133141989
Baer_Henney_unpublished_2017	tut3	ZuSe	labial-voiceless-14-u	voiceless	labial_u	0.479412485
Baer_Henney_unpublished_2017	tut3	GiRe	labial-voiceless-14-y	voiceless	labial_y	0.106309001
Baer_Henney_unpublished_2017	tut3	GiRe	labial-voiceless-15-o	voiceless	labial_o	0.095678101
Baer_Henney_unpublished_2017	tut3	JaJa	labial-voiceless-15-u	voiceless	labial_u	0.13940638
Baer_Henney_unpublished_2017	tut3	MiMu	labial-voiceless-15-u	voiceless	labial_u	0.122650899
Baer_Henney_unpublished_2017	tut3	YaWe	labial-voiceless-15-u	voiceless	labial_u	0.161672416
Baer_Henney_unpublished_2017	tut3	ZuSe	labial-voiceless-15-u	voiceless	labial_u	0.328019069
Baer_Henney_unpublished_2017	tut3	JaJa	labial-voiceless-2-a	voiceless	labial_a	0.187477546
Baer_Henney_unpublished_2017	tut3	GiRe	labial-voiceless-2-a	voiceless	labial_a	0.095678101
Baer_Henney_unpublished_2017	tut3	MiMu	labial-voiceless-2-a	voiceless	labial_a	0.122650899
Baer_Henney_unpublished_2017	tut3	YaWe	labial-voiceless-2-a	voiceless	labial_a	0.25835886
Baer_Henney_unpublished_2017	tut3	ZuSe	labial-voiceless-2-a	voiceless	labial_a	0.529876957
Baer_Henney_unpublished_2017	tut3	JaJa	labial-voiceless-3-a	voiceless	labial_a	0.187044874
Baer_Henney_unpublished_2017	tut3	JeFo	labial-voiceless-3-a	voiceless	labial_a	0.246701966
Baer_Henney_unpublished_2017	tut3	MiMu	labial-voiceless-3-a	voiceless	labial_a	0.11543614
Baer_Henney_unpublished_2017	tut3	YaWe	labial-voiceless-3-a	voiceless	labial_a	0.272624073
Baer_Henney_unpublished_2017	tut3	ZuSe	labial-voiceless-3-a	voiceless	labial_a	0.479412485
Baer_Henney_unpublished_2017	tut3	GiRe	labial-voiceless-3-e	voiceless	labial_e	0.14809055
Baer_Henney_unpublished_2017	tut3	JaJa	labial-voiceless-4-e	voiceless	labial_e	0.167653153
Baer_Henney_unpublished_2017	tut3	JeFo	labial-voiceless-4-e	voiceless	labial_e	0.123350983
Baer_Henney_unpublished_2017	tut3	MiMu	labial-voiceless-4-e	voiceless	labial_e	0.165939451
Baer_Henney_unpublished_2017	tut3	YaWe	labial-voiceless-4-e	voiceless	labial_e	0.245678671
Baer_Henney_unpublished_2017	tut3	ZuSe	labial-voiceless-4-e	voiceless	labial_e	0.479412485
Baer_Henney_unpublished_2017	tut3	GiRe	labial-voiceless-4-y	voiceless	labial_y	0.095678101
Baer_Henney_unpublished_2017	tut3	GiRe	labial-voiceless-5-a	voiceless	labial_a	0.090362651
Baer_Henney_unpublished_2017	tut3	JaJa	labial-voiceless-5-e	voiceless	labial_e	0.144213497
Baer_Henney_unpublished_2017	tut3	MiMu	labial-voiceless-5-e	voiceless	labial_e	0.187583728
Baer_Henney_unpublished_2017	tut3	YaWe	labial-voiceless-5-e	voiceless	labial_e	0.202883031
Baer_Henney_unpublished_2017	tut3	ZuSe	labial-voiceless-5-e	voiceless	labial_e	0.479412485
Baer_Henney_unpublished_2017	tut3	JaJa	labial-voiceless-6-e	voiceless	labial_e	0.125190342
Baer_Henney_unpublished_2017	tut3	MiMu	labial-voiceless-6-e	voiceless	labial_e	0.11543614
Baer_Henney_unpublished_2017	tut3	YaWe	labial-voiceless-6-e	voiceless	labial_e	0.239338576
Baer_Henney_unpublished_2017	tut3	ZuSe	labial-voiceless-6-e	voiceless	labial_e	0.302786833
Baer_Henney_unpublished_2017	tut3	GiRe	labial-voiceless-6-o	voiceless	labial_o	0.122255351
Baer_Henney_unpublished_2017	tut3	JaJa	labial-voiceless-7-e	voiceless	labial_e	0.151987593
Baer_Henney_unpublished_2017	tut3	JeFo	labial-voiceless-7-e	voiceless	labial_e	0.142827454
Baer_Henney_unpublished_2017	tut3	MiMu	labial-voiceless-7-e	voiceless	labial_e	0.111828761
Baer_Henney_unpublished_2017	tut3	YaWe	labial-voiceless-7-e	voiceless	labial_e	0.183862747
Baer_Henney_unpublished_2017	tut3	ZuSe	labial-voiceless-7-e	voiceless	labial_e	0.403715777
Baer_Henney_unpublished_2017	tut3	GiRe	labial-voiceless-7-u	voiceless	labial_u	0.148832601
Baer_Henney_unpublished_2017	tut3	JaJa	labial-voiceless-8-i	voiceless	labial_i	0.118061163
Baer_Henney_unpublished_2017	tut3	GiRe	labial-voiceless-8-i	voiceless	labial_i	0.106309001
Baer_Henney_unpublished_2017	tut3	JeFo	labial-voiceless-8-i	voiceless	labial_i	0.068167648
Baer_Henney_unpublished_2017	tut3	MiMu	labial-voiceless-8-i	voiceless	labial_i	0.165939451
Baer_Henney_unpublished_2017	tut3	YaWe	labial-voiceless-8-i	voiceless	labial_i	0.122046824
Baer_Henney_unpublished_2017	tut3	ZuSe	labial-voiceless-8-i	voiceless	labial_i	0.428948013
Baer_Henney_unpublished_2017	tut3	JaJa	labial-voiceless-9-e	voiceless	labial_e	0.13940638
Baer_Henney_unpublished_2017	tut3	JeFo	labial-voiceless-9-i	voiceless	labial_i	0.149319611
Baer_Henney_unpublished_2017	tut3	MiMu	labial-voiceless-9-i	voiceless	labial_i	0.129865658
Baer_Henney_unpublished_2017	tut3	YaWe	labial-voiceless-9-i	voiceless	labial_i	0.201298008
Baer_Henney_unpublished_2017	tut3	ZuSe	labial-voiceless-9-i	voiceless	labial_i	0.454180249
Baer_Henney_unpublished_2017	tut3	GiRe	labial-voiceless-9-y	voiceless	labial_y	0.138201701
Baer_Henney_unpublished_2017	tut3	GiRe	labial-voicless-10-y	voiceless	labial_y	0.148832601
Baer_Henney_unpublished_2017	tut3	JaJa	velar-voiced-1-a	voiced	velar_a	0.1827779
Baer_Henney_unpublished_2017	tut3	JeFo	velar-voiced-1-a	voiced	velar_a	0.094136276
Baer_Henney_unpublished_2017	tut3	MiMu	velar-voiced-1-a	voiced	velar_a	0.158724693
Baer_Henney_unpublished_2017	tut3	YaWe	velar-voiced-1-a	voiced	velar_a	0.242975694
Baer_Henney_unpublished_2017	tut3	ZuSe	velar-voiced-1-a	voiced	velar_a	0.353251305
Baer_Henney_unpublished_2017	tut3	GiRe	velar-voiced-10-a	voiced	velar_a	0.095678101
Baer_Henney_unpublished_2017	tut3	JaJa	velar-voiced-10-o	voiced	velar_o	0.149020614
Baer_Henney_unpublished_2017	tut3	MiMu	velar-voiced-10-o	voiced	velar_o	0.187583728
Baer_Henney_unpublished_2017	tut3	YaWe	velar-voiced-10-o	voiced	velar_o	0.252018765
Baer_Henney_unpublished_2017	tut3	ZuSe	velar-voiced-10-u	voiced	velar_u	0.403715777
Baer_Henney_unpublished_2017	tut3	GiRe	velar-voiced-11-o	voiced	velar_o	0.090362651
Baer_Henney_unpublished_2017	tut3	JaJa	velar-voiced-11-u	voiced	velar_u	0.118470148
Baer_Henney_unpublished_2017	tut3	JeFo	velar-voiced-11-u	voiced	velar_u	0.116858826
Baer_Henney_unpublished_2017	tut3	MiMu	velar-voiced-11-u	voiced	velar_u	0.165939451
Baer_Henney_unpublished_2017	tut3	YaWe	velar-voiced-11-u	voiced	velar_u	0.161672416
Baer_Henney_unpublished_2017	tut3	ZuSe	velar-voiced-11-u	voiced	velar_u	0.529876957
Baer_Henney_unpublished_2017	tut3	GiRe	velar-voiced-12-o	voiced	velar_o	0.095678101
Baer_Henney_unpublished_2017	tut3	JaJa	velar-voiced-12-u	voiced	velar_u	0.124985031
Baer_Henney_unpublished_2017	tut3	MiMu	velar-voiced-12-u	voiced	velar_u	0.122650899
Baer_Henney_unpublished_2017	tut3	YaWe	velar-voiced-12-u	voiced	velar_u	0.169597534
Baer_Henney_unpublished_2017	tut3	ZuSe	velar-voiced-12-u	voiced	velar_u	0.428948013
Baer_Henney_unpublished_2017	tut3	GiRe	velar-voiced-13-i	voiced	velar_i	0.069100851
Baer_Henney_unpublished_2017	tut3	ZuSe	velar-voiced-13-u	voiced	velar_u	0.353251305
Baer_Henney_unpublished_2017	tut3	JaJa	velar-voiced-13-y	voiced	velar_y	0.187477546
Baer_Henney_unpublished_2017	tut3	MiMu	velar-voiced-13-y	voiced	velar_y	0.137080416
Baer_Henney_unpublished_2017	tut3	YaWe	velar-voiced-13-y	voiced	velar_y	0.209223126
Baer_Henney_unpublished_2017	tut3	JaJa	velar-voiced-14-o	voiced	velar_o	0.16824908
Baer_Henney_unpublished_2017	tut3	GiRe	velar-voiced-14-o	voiced	velar_o	0.127570801
Baer_Henney_unpublished_2017	tut3	JeFo	velar-voiced-14-o	voiced	velar_o	0.071413727
Baer_Henney_unpublished_2017	tut3	MiMu	velar-voiced-14-o	voiced	velar_o	0.158724693
Baer_Henney_unpublished_2017	tut3	YaWe	velar-voiced-14-o	voiced	velar_o	0.285888937
Baer_Henney_unpublished_2017	tut3	ZuSe	velar-voiced-14-o	voiced	velar_o	0.398438917
Baer_Henney_unpublished_2017	tut3	JaJa	velar-voiced-15-a	voiced	velar_a	0.163510493
Baer_Henney_unpublished_2017	tut3	GiRe	velar-voiced-15-a	voiced	velar_a	0.161760447
Baer_Henney_unpublished_2017	tut3	JeFo	velar-voiced-15-a	voiced	velar_a	0.175288239
Baer_Henney_unpublished_2017	tut3	MiMu	velar-voiced-15-a	voiced	velar_a	0.129865658
Baer_Henney_unpublished_2017	tut3	YaWe	velar-voiced-15-a	voiced	velar_a	0.317004736
Baer_Henney_unpublished_2017	tut3	ZuSe	velar-voiced-15-a	voiced	velar_a	0.561033809
Baer_Henney_unpublished_2017	tut3	GiRe	velar-voiced-3-a	voiced	velar_a	0.148832601
Baer_Henney_unpublished_2017	tut3	JaJa	velar-voiced-3-i	voiced	velar_i	0.129792147
Baer_Henney_unpublished_2017	tut3	MiMu	velar-voiced-3-i	voiced	velar_i	0.108221381
Baer_Henney_unpublished_2017	tut3	YaWe	velar-voiced-3-i	voiced	velar_i	0.223488339
Baer_Henney_unpublished_2017	tut3	ZuSe	velar-voiced-3-i	voiced	velar_i	0.428948013
Baer_Henney_unpublished_2017	tut3	JaJa	velar-voiced-4-i	voiced	velar_i	0.149020614
Baer_Henney_unpublished_2017	tut3	MiMu	velar-voiced-4-i	voiced	velar_i	0.079362346
Baer_Henney_unpublished_2017	tut3	YaWe	velar-voiced-4-i	voiced	velar_i	0.213094887
Baer_Henney_unpublished_2017	tut3	ZuSe	velar-voiced-4-i	voiced	velar_i	0.403715777
Baer_Henney_unpublished_2017	tut3	JaJa	velar-voiced-5-i	voiced	velar_i	0.144213497
Baer_Henney_unpublished_2017	tut3	MiMu	velar-voiced-5-i	voiced	velar_i	0.129865658
Baer_Henney_unpublished_2017	tut3	ZuSe	velar-voiced-5-i	voiced	velar_i	0.403715777
Baer_Henney_unpublished_2017	tut3	GiRe	velar-voiced-5-o	voiced	velar_o	0.090362651
Baer_Henney_unpublished_2017	tut3	JaJa	velar-voiced-6-e	voiced	velar_e	0.178808933
Baer_Henney_unpublished_2017	tut3	GiRe	velar-voiced-6-e	voiced	velar_e	0.106309001
Baer_Henney_unpublished_2017	tut3	MiMu	velar-voiced-6-i	voiced	velar_i	0.158724693
Baer_Henney_unpublished_2017	tut3	YaWe	velar-voiced-6-i	voiced	velar_i	0.153747297
Baer_Henney_unpublished_2017	tut3	ZuSe	velar-voiced-6-i	voiced	velar_i	0.403715777
Baer_Henney_unpublished_2017	tut3	JaJa	velar-voiced-7-o	voiced	velar_o	0.206706012
Baer_Henney_unpublished_2017	tut3	GiRe	velar-voiced-7-o	voiced	velar_o	0.111624451
Baer_Henney_unpublished_2017	tut3	JeFo	velar-voiced-7-o	voiced	velar_o	0.12984314
Baer_Henney_unpublished_2017	tut3	MiMu	velar-voiced-7-o	voiced	velar_o	0.101006623
Baer_Henney_unpublished_2017	tut3	YaWe	velar-voiced-7-o	voiced	velar_o	0.223488339
Baer_Henney_unpublished_2017	tut3	ZuSe	velar-voiced-7-o	voiced	velar_o	0.403715777
Baer_Henney_unpublished_2017	tut3	GiRe	velar-voiced-8-a	voiced	velar_a	0.074416301
Baer_Henney_unpublished_2017	tut3	JaJa	velar-voiced-8-o	voiced	velar_o	0.249970061
Baer_Henney_unpublished_2017	tut3	MiMu	velar-voiced-8-o	voiced	velar_o	0.194798486
Baer_Henney_unpublished_2017	tut3	YaWe	velar-voiced-8-o	voiced	velar_o	0.217148244
Baer_Henney_unpublished_2017	tut3	ZuSe	velar-voiced-8-o	voiced	velar_o	0.378483541
Baer_Henney_unpublished_2017	tut3	JaJa	velar-voiced-9-o	voiced	velar_o	0.173056196
Baer_Henney_unpublished_2017	tut3	GiRe	velar-voiced-9-o	voiced	velar_o	0.095678101
Baer_Henney_unpublished_2017	tut3	ZuSe	velar-voiced-9-o	voiced	velar_o	0.529876957
Baer_Henney_unpublished_2017	tut3	MiMu	velar-voiced-9-oe	voiced	velar_oe	0.137080416
Baer_Henney_unpublished_2017	tut3	YaWe	velar-voiced-9-oe	voiced	velar_oe	0.15057725
Baer_Henney_unpublished_2017	tut3	JaJa	velar-voiceless-1-a	voiceless	velar_a	0.102781542
Baer_Henney_unpublished_2017	tut3	GiRe	velar-voiceless-1-a	voiceless	velar_a	0.091132646
Baer_Henney_unpublished_2017	tut3	JeFo	velar-voiceless-1-a	voiceless	velar_a	0.139581375
Baer_Henney_unpublished_2017	tut3	MiMu	velar-voiceless-1-a	voiceless	velar_a	0.101006623
Baer_Henney_unpublished_2017	tut3	YaWe	velar-voiceless-1-a	voiceless	velar_a	0.199712984
Baer_Henney_unpublished_2017	tut3	ZuSe	velar-voiceless-1-a	voiceless	velar_a	0.353251305
Baer_Henney_unpublished_2017	tut3	GiRe	velar-voiceless-10-a	voiceless	velar_a	0.122255351
Baer_Henney_unpublished_2017	tut3	JaJa	velar-voiceless-10-o	voiceless	velar_o	0.177863313
Baer_Henney_unpublished_2017	tut3	MiMu	velar-voiceless-10-o	voiceless	velar_o	0.151509934
Baer_Henney_unpublished_2017	tut3	YaWe	velar-voiceless-10-o	voiceless	velar_o	0.22824341
Baer_Henney_unpublished_2017	tut3	ZuSe	velar-voiceless-10-o	voiceless	velar_o	0.378483541
Baer_Henney_unpublished_2017	tut3	GiRe	velar-voiceless-11-o	voiceless	velar_o	0.148832601
Baer_Henney_unpublished_2017	tut3	JaJa	velar-voiceless-11-u	voiceless	velar_u	0.105756564
Baer_Henney_unpublished_2017	tut3	MiMu	velar-voiceless-11-u	voiceless	velar_u	0.11543614
Baer_Henney_unpublished_2017	tut3	YaWe	velar-voiceless-11-u	voiceless	velar_u	0.177522652
Baer_Henney_unpublished_2017	tut3	ZuSe	velar-voiceless-11-u	voiceless	velar_u	0.504644721
Baer_Henney_unpublished_2017	tut3	JaJa	velar-voiceless-12-u	voiceless	velar_u	0.124985031
Baer_Henney_unpublished_2017	tut3	MiMu	velar-voiceless-12-u	voiceless	velar_u	0.079362346
Baer_Henney_unpublished_2017	tut3	YaWe	velar-voiceless-12-u	voiceless	velar_u	0.191787866
Baer_Henney_unpublished_2017	tut3	ZuSe	velar-voiceless-12-u	voiceless	velar_u	0.555109193
Baer_Henney_unpublished_2017	tut3	JeFo	velar-voiceless-13-a	voiceless	velar_a	0.165550003
Baer_Henney_unpublished_2017	tut3	JeFo	velar-voiceless-13-y	voiceless	velar_y	0.116858826
Baer_Henney_unpublished_2017	tut3	ZuSe	velar-voiceless-13-y	voiceless	velar_y	0.420775356
Baer_Henney_unpublished_2017	tut3	JaJa	velar-voiceless-13-y	voiceless	velar_y	0.082475824
Baer_Henney_unpublished_2017	tut3	GiRe	velar-voiceless-13-y	voiceless	velar_y	0.068349484
Baer_Henney_unpublished_2017	tut3	MiMu	velar-voiceless-13-y	voiceless	velar_y	0.140687796
Baer_Henney_unpublished_2017	tut3	YaWe	velar-voiceless-13-y	voiceless	velar_y	0.221903315
Baer_Henney_unpublished_2017	tut3	JaJa	velar-voiceless-14-o	voiceless	velar_o	0.134599264
Baer_Henney_unpublished_2017	tut3	MiMu	velar-voiceless-14-o	voiceless	velar_o	0.086577105
Baer_Henney_unpublished_2017	tut3	YaWe	velar-voiceless-14-o	voiceless	velar_o	0.263113931
Baer_Henney_unpublished_2017	tut3	ZuSe	velar-voiceless-14-o	voiceless	velar_o	0.428948013
Baer_Henney_unpublished_2017	tut3	GiRe	velar-voiceless-14-u	voiceless	velar_u	0.085047201
Baer_Henney_unpublished_2017	tut3	JaJa	velar-voiceless-15-a	voiceless	velar_a	0.171781715
Baer_Henney_unpublished_2017	tut3	GiRe	velar-voiceless-15-a	voiceless	velar_a	0.095678101
Baer_Henney_unpublished_2017	tut3	MiMu	velar-voiceless-15-a	voiceless	velar_a	0.238087039
Baer_Henney_unpublished_2017	tut3	YaWe	velar-voiceless-15-a	voiceless	velar_a	0.267869002
Baer_Henney_unpublished_2017	tut3	ZuSe	velar-voiceless-15-a	voiceless	velar_a	0.555109193
Baer_Henney_unpublished_2017	tut3	JeFo	velar-voiceless-3-e	voiceless	velar_e	0.155811768
Baer_Henney_unpublished_2017	tut3	JaJa	velar-voiceless-3-i	voiceless	velar_i	0.090384464
Baer_Henney_unpublished_2017	tut3	GiRe	velar-voiceless-3-i	voiceless	velar_i	0.068349484
Baer_Henney_unpublished_2017	tut3	MiMu	velar-voiceless-3-i	voiceless	velar_i	0.045092242
Baer_Henney_unpublished_2017	tut3	YaWe	velar-voiceless-3-i	voiceless	velar_i	0.196542937
Baer_Henney_unpublished_2017	tut3	ZuSe	velar-voiceless-3-i	voiceless	velar_i	0.428948013
Baer_Henney_unpublished_2017	tut3	GiRe	velar-voiceless-4-e	voiceless	velar_e	0.132886251
Baer_Henney_unpublished_2017	tut3	JaJa	velar-voiceless-4-i	voiceless	velar_i	0.106623134
Baer_Henney_unpublished_2017	tut3	JeFo	velar-voiceless-4-i	voiceless	velar_i	0.126597061
Baer_Henney_unpublished_2017	tut3	MiMu	velar-voiceless-4-i	voiceless	velar_i	0.086577105
Baer_Henney_unpublished_2017	tut3	YaWe	velar-voiceless-4-i	voiceless	velar_i	0.202883031
Baer_Henney_unpublished_2017	tut3	ZuSe	velar-voiceless-4-i	voiceless	velar_i	0.428948013
Baer_Henney_unpublished_2017	tut3	JaJa	velar-voiceless-5-e	voiceless	velar_e	0.149020614
Baer_Henney_unpublished_2017	tut3	MiMu	velar-voiceless-5-i	voiceless	velar_i	0.129865658
Baer_Henney_unpublished_2017	tut3	YaWe	velar-voiceless-5-i	voiceless	velar_i	0.19812796
Baer_Henney_unpublished_2017	tut3	ZuSe	velar-voiceless-5-i	voiceless	velar_i	0.504644721
Baer_Henney_unpublished_2017	tut3	GiRe	velar-voiceless-5-y	voiceless	velar_y	0.074416301
Baer_Henney_unpublished_2017	tut3	JaJa	velar-voiceless-6-e	voiceless	velar_e	0.16824908
Baer_Henney_unpublished_2017	tut3	ZuSe	velar-voiceless-6-e	voiceless	velar_e	0.403715777
Baer_Henney_unpublished_2017	tut3	GiRe	velar-voiceless-6-i	voiceless	velar_i	0.074416301
Baer_Henney_unpublished_2017	tut3	MiMu	velar-voiceless-6-i	voiceless	velar_i	0.11543614
Baer_Henney_unpublished_2017	tut3	JaJa	velar-voiceless-7-o	voiceless	velar_o	0.165251252
Baer_Henney_unpublished_2017	tut3	JeFo	velar-voiceless-7-o	voiceless	velar_o	0.181780396
Baer_Henney_unpublished_2017	tut3	MiMu	velar-voiceless-7-o	voiceless	velar_o	0.158724693
Baer_Henney_unpublished_2017	tut3	YaWe	velar-voiceless-7-o	voiceless	velar_o	0.259943884
Baer_Henney_unpublished_2017	tut3	ZuSe	velar-voiceless-7-o	voiceless	velar_o	0.428948013
Baer_Henney_unpublished_2017	tut3	GiRe	velar-voiceless-7-u	voiceless	velar_u	0.100993551
Baer_Henney_unpublished_2017	tut3	GiRe	velar-voiceless-8-eu	voiceless	velar_o	0.138201701
Baer_Henney_unpublished_2017	tut3	JaJa	velar-voiceless-8-o	voiceless	velar_o	0.197091779
Baer_Henney_unpublished_2017	tut3	MiMu	velar-voiceless-8-o	voiceless	velar_o	0.144295175
Baer_Henney_unpublished_2017	tut3	YaWe	velar-voiceless-8-o	voiceless	velar_o	0.141067108
Baer_Henney_unpublished_2017	tut3	ZuSe	velar-voiceless-8-o	voiceless	velar_o	0.378483541
Baer_Henney_unpublished_2017	tut3	JaJa	velar-voiceless-9-o	voiceless	velar_o	0.162967824
Baer_Henney_unpublished_2017	tut3	ZuSe	velar-voiceless-9-o	voiceless	velar_o	0.504644721
Baer_Henney_unpublished_2017	tut3	YaWe	velar-voiceless-9-oe	voiceless	velar_oe	0.182277723
Baer_Henney_unpublished_2017	tut3	JeFo	velar-voiceless-9-y	voiceless	velar_y	0.103062992
Baer_Henney_unpublished_2017	tut3	MiMu	velar-voiceless-9-y	voiceless	velar_y	0.137080416
Baer_Henney_unpublished_2017	tut3	JeFo	velar-voices-6-e	voiced	velar_e	0.19476471
Baer_Henney_unpublished_2017	tut4	YoVo	alveolar-voiced-1-o	voiced	alveolar_o	0.167509917
Baer_Henney_unpublished_2017	tut4	AnSt	alveolar-voiced-1-oe	voiced	alveolar_oe	0.130208697
Baer_Henney_unpublished_2017	tut4	HeWi	alveolar-voiced-1-oe	voiced	alveolar_oe	0.212765282
Baer_Henney_unpublished_2017	tut4	KiZe	alveolar-voiced-1-oe	voiced	alveolar_oe	0.193214701
Baer_Henney_unpublished_2017	tut4	SaDi	alveolar-voiced-1-oe	voiced	alveolar_oe	0.163137859
Baer_Henney_unpublished_2017	tut4	SaFl	alveolar-voiced-1-oe	voiced	alveolar_oe	0.17585776
Baer_Henney_unpublished_2017	tut4	AnSt	alveolar-voiced-10-o	voiced	alveolar_o	0.168132568
Baer_Henney_unpublished_2017	tut4	HeWi	alveolar-voiced-10-o	voiced	alveolar_o	0.150413485
Baer_Henney_unpublished_2017	tut4	KiZe	alveolar-voiced-10-o	voiced	alveolar_o	0.212519416
Baer_Henney_unpublished_2017	tut4	SaDi	alveolar-voiced-10-o	voiced	alveolar_o	0.169318673
Baer_Henney_unpublished_2017	tut4	YoVo	alveolar-voiced-10-o	voiced	alveolar_o	0.240795505
Baer_Henney_unpublished_2017	tut4	SaFl	alveolar-voiced-10-o	voiced	alveolar_o	0.214937262
Baer_Henney_unpublished_2017	tut4	AnSt	alveolar-voiced-11-o	voiced	alveolar_o	0.147232918
Baer_Henney_unpublished_2017	tut4	HeWi	alveolar-voiced-11-o	voiced	alveolar_o	0.129310634
Baer_Henney_unpublished_2017	tut4	KiZe	alveolar-voiced-11-o	voiced	alveolar_o	0.172042646
Baer_Henney_unpublished_2017	tut4	SaDi	alveolar-voiced-11-o	voiced	alveolar_o	0.154137479
Baer_Henney_unpublished_2017	tut4	YoVo	alveolar-voiced-11-o	voiced	alveolar_o	0.216366976
Baer_Henney_unpublished_2017	tut4	SaFl	alveolar-voiced-11-o	voiced	alveolar_o	0.265493854
Baer_Henney_unpublished_2017	tut4	SaFl	alveolar-voiced-11-o	voiced	alveolar_o	0.167483581
Baer_Henney_unpublished_2017	tut4	AnSt	alveolar-voiced-12-0	voiced	alveolar_o	0.132718122
Baer_Henney_unpublished_2017	tut4	HeWi	alveolar-voiced-12-o	voiced	alveolar_o	0.142597967
Baer_Henney_unpublished_2017	tut4	SaDi	alveolar-voiced-12-o	voiced	alveolar_o	0.183356753
Baer_Henney_unpublished_2017	tut4	KiZe	alveolar-voiced-12-o	voiced	alveolar_o	0.201898446
Baer_Henney_unpublished_2017	tut4	YoVo	alveolar-voiced-12-o	voiced	alveolar_o	0.233815926
Baer_Henney_unpublished_2017	tut4	SaFl	alveolar-voiced-12-o	voiced	alveolar_o	0.145152437
Baer_Henney_unpublished_2017	tut4	HeWi	alveolar-voiced-13-u	voiced	alveolar_u	0.16633283
Baer_Henney_unpublished_2017	tut4	SaDi	alveolar-voiced-13-u	voiced	alveolar_u	0.14424052
Baer_Henney_unpublished_2017	tut4	AnSt	alveolar-voiced-13-u	voiced	alveolar_u	0.107621901
Baer_Henney_unpublished_2017	tut4	KiZe	alveolar-voiced-13-u	voiced	alveolar_u	0.193671711
Baer_Henney_unpublished_2017	tut4	YoVo	alveolar-voiced-13-u	voiced	alveolar_u	0.195428236
Baer_Henney_unpublished_2017	tut4	SaFl	alveolar-voiced-13-u	voiced	alveolar_u	0.150735223
Baer_Henney_unpublished_2017	tut4	YoVo	alveolar-voiced-14-u	voiced	alveolar_u	0.174489497
Baer_Henney_unpublished_2017	tut4	HeWi	alveolar-voiced-14-y	voiced	alveolar_y	0.101832092
Baer_Henney_unpublished_2017	tut4	SaDi	alveolar-voiced-14-y	voiced	alveolar_y	0.135423827
Baer_Henney_unpublished_2017	tut4	AnSt	alveolar-voiced-14-y	voiced	alveolar_y	0.145558488
Baer_Henney_unpublished_2017	tut4	KiZe	alveolar-voiced-14-y	voiced	alveolar_y	0.166069003
Baer_Henney_unpublished_2017	tut4	SaFl	alveolar-voiced-14-y	voiced	alveolar_y	0.290304874
Baer_Henney_unpublished_2017	tut4	HeWi	alveolar-voiced-15-u	voiced	alveolar_u	0.193392673
Baer_Henney_unpublished_2017	tut4	SaDi	alveolar-voiced-15-u	voiced	alveolar_u	0.120883335
Baer_Henney_unpublished_2017	tut4	AnSt	alveolar-voiced-15-u	voiced	alveolar_u	0.120374556
Baer_Henney_unpublished_2017	tut4	KiZe	alveolar-voiced-15-u	voiced	alveolar_u	0.177933992
Baer_Henney_unpublished_2017	tut4	YoVo	alveolar-voiced-15-u	voiced	alveolar_u	0.118652858
Baer_Henney_unpublished_2017	tut4	SaFl	alveolar-voiced-15-u	voiced	alveolar_u	0.20377169
Baer_Henney_unpublished_2017	tut4	YoVo	alveolar-voiced-2-o	voiced	alveolar_o	0.195428236
Baer_Henney_unpublished_2017	tut4	HeWi	alveolar-voiced-2-oe	voiced	alveolar_oe	0.215195705
Baer_Henney_unpublished_2017	tut4	SaDi	alveolar-voiced-2-oe	voiced	alveolar_oe	0.178681634
Baer_Henney_unpublished_2017	tut4	AnSt	alveolar-voiced-2-oe	voiced	alveolar_oe	0.12947728
Baer_Henney_unpublished_2017	tut4	KiZe	alveolar-voiced-2-oe	voiced	alveolar_oe	0.234806154
Baer_Henney_unpublished_2017	tut4	SaFl	alveolar-voiced-2-oe	voiced	alveolar_oe	0.178649153
Baer_Henney_unpublished_2017	tut4	HeWi	alveolar-voiced-3-e	voiced	alveolar_e	0.154616812
Baer_Henney_unpublished_2017	tut4	SaDi	alveolar-voiced-3-e	voiced	alveolar_e	0.156687872
Baer_Henney_unpublished_2017	tut4	AnSt	alveolar-voiced-3-e	voiced	alveolar_e	0.159465655
Baer_Henney_unpublished_2017	tut4	KiZe	alveolar-voiced-3-e	voiced	alveolar_e	0.187015494
Baer_Henney_unpublished_2017	tut4	YoVo	alveolar-voiced-3-e	voiced	alveolar_e	0.191938446
Baer_Henney_unpublished_2017	tut4	SaFl	alveolar-voiced-3-e	voiced	alveolar_e	0.176903162
Baer_Henney_unpublished_2017	tut4	HeWi	alveolar-voiced-4-e	voiced	alveolar_e	0.184177093
Baer_Henney_unpublished_2017	tut4	SaDi	alveolar-voiced-4-e	voiced	alveolar_e	0.212111579
Baer_Henney_unpublished_2017	tut4	AnSt	alveolar-voiced-4-e	voiced	alveolar_e	0.192630762
Baer_Henney_unpublished_2017	tut4	KiZe	alveolar-voiced-4-e	voiced	alveolar_e	0.213210358
Baer_Henney_unpublished_2017	tut4	YoVo	alveolar-voiced-4-e	voiced	alveolar_e	0.143081387
Baer_Henney_unpublished_2017	tut4	SaFl	alveolar-voiced-4-e	voiced	alveolar_e	0.168486472
Baer_Henney_unpublished_2017	tut4	HeWi	alveolar-voiced-5-a	voiced	alveolar_a	0.167488009
Baer_Henney_unpublished_2017	tut4	SaDi	alveolar-voiced-5-a	voiced	alveolar_a	0.199257951
Baer_Henney_unpublished_2017	tut4	KiZe	alveolar-voiced-5-a	voiced	alveolar_a	0.233817812
Baer_Henney_unpublished_2017	tut4	YoVo	alveolar-voiced-5-a	voiced	alveolar_a	0.212877186
Baer_Henney_unpublished_2017	tut4	HeWi	alveolar-voiced-6-a	voiced	alveolar_a	0.260269822
Baer_Henney_unpublished_2017	tut4	SaDi	alveolar-voiced-6-a	voiced	alveolar_a	0.190148626
Baer_Henney_unpublished_2017	tut4	AnSt	alveolar-voiced-6-a	voiced	alveolar_a	0.168761002
Baer_Henney_unpublished_2017	tut4	KiZe	alveolar-voiced-6-a	voiced	alveolar_a	0.27117579
Baer_Henney_unpublished_2017	tut4	YoVo	alveolar-voiced-6-a	voiced	alveolar_a	0.193683341
Baer_Henney_unpublished_2017	tut4	SaFl	alveolar-voiced-6-a	voiced	alveolar_a	0.194641237
Baer_Henney_unpublished_2017	tut4	HeWi	alveolar-voiced-7-i	voiced	alveolar_i	0.16799805
Baer_Henney_unpublished_2017	tut4	SaDi	alveolar-voiced-7-i	voiced	alveolar_i	0.124759767
Baer_Henney_unpublished_2017	tut4	AnSt	alveolar-voiced-7-i	voiced	alveolar_i	0.117212571
Baer_Henney_unpublished_2017	tut4	KiZe	alveolar-voiced-7-i	voiced	alveolar_i	0.176554748
Baer_Henney_unpublished_2017	tut4	YoVo	alveolar-voiced-7-i	voiced	alveolar_i	0.136101807
Baer_Henney_unpublished_2017	tut4	SaFl	alveolar-voiced-7-i	voiced	alveolar_i	0.14794383
Baer_Henney_unpublished_2017	tut4	HeWi	alveolar-voiced-8-i	voiced	alveolar_i	0.113175709
Baer_Henney_unpublished_2017	tut4	SaDi	alveolar-voiced-8-i	voiced	alveolar_i	0.137240776
Baer_Henney_unpublished_2017	tut4	AnSt	alveolar-voiced-8-i	voiced	alveolar_i	0.145445024
Baer_Henney_unpublished_2017	tut4	KiZe	alveolar-voiced-8-i	voiced	alveolar_i	0.213569926
Baer_Henney_unpublished_2017	tut4	YoVo	alveolar-voiced-8-i	voiced	alveolar_i	0.205897606
Baer_Henney_unpublished_2017	tut4	SaFl	alveolar-voiced-8-i	voiced	alveolar_i	0.17585776
Baer_Henney_unpublished_2017	tut4	HeWi	alveolar-voiced-9-o	voiced	alveolar_o	0.157050658
Baer_Henney_unpublished_2017	tut4	SaDi	alveolar-voiced-9-o	voiced	alveolar_o	0.144999218
Baer_Henney_unpublished_2017	tut4	AnSt	alveolar-voiced-9-o	voiced	alveolar_o	0.143689583
Baer_Henney_unpublished_2017	tut4	KiZe	alveolar-voiced-9-o	voiced	alveolar_o	0.238007643
Baer_Henney_unpublished_2017	tut4	YoVo	alveolar-voiced-9-o	voiced	alveolar_o	0.202407816
Baer_Henney_unpublished_2017	tut4	SaFl	alveolar-voiced-9-o	voiced	alveolar_o	0.139569651
Baer_Henney_unpublished_2017	tut4	YoVo	alveolar-voiceles-15-u	voiceless	alveolar_u	0.167509917
Baer_Henney_unpublished_2017	tut4	YoVo	alveolar-voiceless-1-o	voiceless	alveolar_o	0.212877186
Baer_Henney_unpublished_2017	tut4	SaFl	alveolar-voiceless-1-o	voiceless	alveolar_o	0.184231939
Baer_Henney_unpublished_2017	tut4	HeWi	alveolar-voiceless-1-oe	voiceless	alveolar_oe	0.157911471
Baer_Henney_unpublished_2017	tut4	SaDi	alveolar-voiceless-1-oe	voiceless	alveolar_oe	0.142642524
Baer_Henney_unpublished_2017	tut4	AnSt	alveolar-voiceless-1-oe	voiceless	alveolar_oe	0.129663617
Baer_Henney_unpublished_2017	tut4	KiZe	alveolar-voiceless-1-oe	voiceless	alveolar_oe	0.141229213
Baer_Henney_unpublished_2017	tut4	HeWi	alveolar-voiceless-10-o	voiceless	alveolar_o	0.158647216
Baer_Henney_unpublished_2017	tut4	SaDi	alveolar-voiceless-10-o	voiceless	alveolar_o	0.157477514
Baer_Henney_unpublished_2017	tut4	AnSt	alveolar-voiceless-10-o	voiceless	alveolar_o	0.141970863
Baer_Henney_unpublished_2017	tut4	KiZe	alveolar-voiceless-10-o	voiceless	alveolar_o	0.201300766
Baer_Henney_unpublished_2017	tut4	YoVo	alveolar-voiceless-10-o	voiceless	alveolar_o	0.209387396
Baer_Henney_unpublished_2017	tut4	SaFl	alveolar-voiceless-10-o	voiceless	alveolar_o	0.156318009
Baer_Henney_unpublished_2017	tut4	HeWi	alveolar-voiceless-11-o	voiceless	alveolar_o	0.266682813
Baer_Henney_unpublished_2017	tut4	SaDi	alveolar-voiceless-11-o	voiceless	alveolar_o	0.161668381
Baer_Henney_unpublished_2017	tut4	KiZe	alveolar-voiceless-11-o	voiceless	alveolar_o	0.166245149
Baer_Henney_unpublished_2017	tut4	YoVo	alveolar-voiceless-11-o	voiceless	alveolar_o	0.127805217
Baer_Henney_unpublished_2017	tut4	SaFl	alveolar-voiceless-11-o	voiceless	alveolar_o	0.170274974
Baer_Henney_unpublished_2017	tut4	HeWi	alveolar-voiceless-12-o	voiceless	alveolar_o	0.133895595
Baer_Henney_unpublished_2017	tut4	SaDi	alveolar-voiceless-12-o	voiceless	alveolar_o	0.123198333
Baer_Henney_unpublished_2017	tut4	AnSt	alveolar-voiceless-12-o	voiceless	alveolar_o	0.126171886
Baer_Henney_unpublished_2017	tut4	KiZe	alveolar-voiceless-12-o	voiceless	alveolar_o	0.194645511
Baer_Henney_unpublished_2017	tut4	YoVo	alveolar-voiceless-12-o	voiceless	alveolar_o	0.176234392
Baer_Henney_unpublished_2017	tut4	SaFl	alveolar-voiceless-12-o	voiceless	alveolar_o	0.133986865
Baer_Henney_unpublished_2017	tut4	HeWi	alveolar-voiceless-13-u	voiceless	alveolar_u	0.139736622
Baer_Henney_unpublished_2017	tut4	SaDi	alveolar-voiceless-13-u	voiceless	alveolar_u	0.160043457
Baer_Henney_unpublished_2017	tut4	AnSt	alveolar-voiceless-13-u	voiceless	alveolar_u	0.174543301
Baer_Henney_unpublished_2017	tut4	KiZe	alveolar-voiceless-13-u	voiceless	alveolar_u	0.155559038
Baer_Henney_unpublished_2017	tut4	YoVo	alveolar-voiceless-13-u	voiceless	alveolar_u	0.184958867
Baer_Henney_unpublished_2017	tut4	SaFl	alveolar-voiceless-13-u	voiceless	alveolar_u	0.201557889
Baer_Henney_unpublished_2017	tut4	AnSt	alveolar-voiceless-14-e	voiceless	alveolar_e	0.135496344
Baer_Henney_unpublished_2017	tut4	YoVo	alveolar-voiceless-14-u	voiceless	alveolar_u	0.205897606
Baer_Henney_unpublished_2017	tut4	HeWi	alveolar-voiceless-14-y	voiceless	alveolar_y	0.142593414
Baer_Henney_unpublished_2017	tut4	SaDi	alveolar-voiceless-14-y	voiceless	alveolar_y	0.148825032
Baer_Henney_unpublished_2017	tut4	AnSt	alveolar-voiceless-14-y	voiceless	alveolar_y	0.12481037
Baer_Henney_unpublished_2017	tut4	KiZe	alveolar-voiceless-14-y	voiceless	alveolar_y	0.153089555
Baer_Henney_unpublished_2017	tut4	SaFl	alveolar-voiceless-14-y	voiceless	alveolar_y	0.163156292
Baer_Henney_unpublished_2017	tut4	HeWi	alveolar-voiceless-15-u	voiceless	alveolar_u	0.115133168
Baer_Henney_unpublished_2017	tut4	SaDi	alveolar-voiceless-15-u	voiceless	alveolar_u	0.164822335
Baer_Henney_unpublished_2017	tut4	AnSt	alveolar-voiceless-15-u	voiceless	alveolar_u	0.128708022
Baer_Henney_unpublished_2017	tut4	KiZe	alveolar-voiceless-15-u	voiceless	alveolar_u	0.119263574
Baer_Henney_unpublished_2017	tut4	SaFl	alveolar-voiceless-15-u	voiceless	alveolar_u	0.150735223
Baer_Henney_unpublished_2017	tut4	YoVo	alveolar-voiceless-2-o	voiceless	alveolar_o	0.219856766
Baer_Henney_unpublished_2017	tut4	HeWi	alveolar-voiceless-2-oe	voiceless	alveolar_oe	0.138842294
Baer_Henney_unpublished_2017	tut4	SaDi	alveolar-voiceless-2-oe	voiceless	alveolar_oe	0.148237049
Baer_Henney_unpublished_2017	tut4	AnSt	alveolar-voiceless-2-oe	voiceless	alveolar_oe	0.150961355
Baer_Henney_unpublished_2017	tut4	KiZe	alveolar-voiceless-2-oe	voiceless	alveolar_oe	0.164533088
Baer_Henney_unpublished_2017	tut4	SaFl	alveolar-voiceless-2-oe	voiceless	alveolar_oe	0.173066367
Baer_Henney_unpublished_2017	tut4	HeWi	alveolar-voiceless-3-e	voiceless	alveolar_e	0.163622539
Baer_Henney_unpublished_2017	tut4	SaDi	alveolar-voiceless-3-e	voiceless	alveolar_e	0.156140221
Baer_Henney_unpublished_2017	tut4	AnSt	alveolar-voiceless-3-e	voiceless	alveolar_e	0.133457339
Baer_Henney_unpublished_2017	tut4	KiZe	alveolar-voiceless-3-e	voiceless	alveolar_e	0.160891785
Baer_Henney_unpublished_2017	tut4	YoVo	alveolar-voiceless-3-e	voiceless	alveolar_e	0.193683341
Baer_Henney_unpublished_2017	tut4	SaFl	alveolar-voiceless-3-e	voiceless	alveolar_e	0.153526616
Baer_Henney_unpublished_2017	tut4	HeWi	alveolar-voiceless-4-e	voiceless	alveolar_e	0.119698563
Baer_Henney_unpublished_2017	tut4	SaDi	alveolar-voiceless-4-e	voiceless	alveolar_e	0.143948425
Baer_Henney_unpublished_2017	tut4	KiZe	alveolar-voiceless-4-e	voiceless	alveolar_e	0.179946711
Baer_Henney_unpublished_2017	tut4	YoVo	alveolar-voiceless-4-e	voiceless	alveolar_e	0.164020127
Baer_Henney_unpublished_2017	tut4	SaFl	alveolar-voiceless-4-e	voiceless	alveolar_e	0.139569651
Baer_Henney_unpublished_2017	tut4	HeWi	alveolar-voiceless-5-a	voiceless	alveolar_a	0.169792331
Baer_Henney_unpublished_2017	tut4	SaDi	alveolar-voiceless-5-a	voiceless	alveolar_a	0.183573628
Baer_Henney_unpublished_2017	tut4	AnSt	alveolar-voiceless-5-a	voiceless	alveolar_a	0.191543722
Baer_Henney_unpublished_2017	tut4	AnSt	alveolar-voiceless-5-a	voiceless	alveolar_a	0.198616183
Baer_Henney_unpublished_2017	tut4	KiZe	alveolar-voiceless-5-a	voiceless	alveolar_a	0.189439923
Baer_Henney_unpublished_2017	tut4	YoVo	alveolar-voiceless-5-a	voiceless	alveolar_a	0.202407816
Baer_Henney_unpublished_2017	tut4	SaFl	alveolar-voiceless-5-a	voiceless	alveolar_a	0.209354476
Baer_Henney_unpublished_2017	tut4	SaFl	alveolar-voiceless-5-a	voiceless	alveolar_a	0.187511112
Baer_Henney_unpublished_2017	tut4	HeWi	alveolar-voiceless-6-a	voiceless	alveolar_a	0.165997819
Baer_Henney_unpublished_2017	tut4	SaDi	alveolar-voiceless-6-a	voiceless	alveolar_a	0.179346116
Baer_Henney_unpublished_2017	tut4	AnSt	alveolar-voiceless-6-a	voiceless	alveolar_a	0.164681066
Baer_Henney_unpublished_2017	tut4	KiZe	alveolar-voiceless-6-a	voiceless	alveolar_a	0.263037605
Baer_Henney_unpublished_2017	tut4	YoVo	alveolar-voiceless-6-a	voiceless	alveolar_a	0.190193551
Baer_Henney_unpublished_2017	tut4	SaFl	alveolar-voiceless-6-a	voiceless	alveolar_a	0.246465397
Baer_Henney_unpublished_2017	tut4	HeWi	alveolar-voiceless-7-i	voiceless	alveolar_i	0.132179113
Baer_Henney_unpublished_2017	tut4	SaDi	alveolar-voiceless-7-i	voiceless	alveolar_i	0.116123225
Baer_Henney_unpublished_2017	tut4	AnSt	alveolar-voiceless-7-i	voiceless	alveolar_i	0.130973827
Baer_Henney_unpublished_2017	tut4	KiZe	alveolar-voiceless-7-i	voiceless	alveolar_i	0.1429796
Baer_Henney_unpublished_2017	tut4	YoVo	alveolar-voiceless-7-i	voiceless	alveolar_i	0.184958867
Baer_Henney_unpublished_2017	tut4	SaFl	alveolar-voiceless-7-i	voiceless	alveolar_i	0.117238507
Baer_Henney_unpublished_2017	tut4	HeWi	alveolar-voiceless-8-i	voiceless	alveolar_i	0.125226695
Baer_Henney_unpublished_2017	tut4	SaDi	alveolar-voiceless-8-i	voiceless	alveolar_i	0.114524176
Baer_Henney_unpublished_2017	tut4	AnSt	alveolar-voiceless-8-i	voiceless	alveolar_i	0.153370944
Baer_Henney_unpublished_2017	tut4	KiZe	alveolar-voiceless-8-i	voiceless	alveolar_i	0.1504081
Baer_Henney_unpublished_2017	tut4	YoVo	alveolar-voiceless-8-i	voiceless	alveolar_i	0.170999707
Baer_Henney_unpublished_2017	tut4	SaFl	alveolar-voiceless-8-i	voiceless	alveolar_i	0.142361044
Baer_Henney_unpublished_2017	tut4	HeWi	alveolar-voiceless-9-o	voiceless	alveolar_o	0.121035261
Baer_Henney_unpublished_2017	tut4	SaDi	alveolar-voiceless-9-o	voiceless	alveolar_o	0.14141111
Baer_Henney_unpublished_2017	tut4	AnSt	alveolar-voiceless-9-o	voiceless	alveolar_o	0.133501436
Baer_Henney_unpublished_2017	tut4	KiZe	alveolar-voiceless-9-o	voiceless	alveolar_o	0.161063018
Baer_Henney_unpublished_2017	tut4	YoVo	alveolar-voiceless-9-o	voiceless	alveolar_o	0.209387396
Baer_Henney_unpublished_2017	tut4	SaFl	alveolar-voiceless-9-o	voiceless	alveolar_o	0.150735223
Baer_Henney_unpublished_2017	tut4	AnSt	alveolar-voicless-11-o	voiceless	alveolar_o	0.112586938
Baer_Henney_unpublished_2017	tut4	YoVo	labial-voiced-1-o	voiced	labial_o	0.181469077
Baer_Henney_unpublished_2017	tut4	HeWi	labial-voiced-1-oe	voiced	labial_oe	0.122005715
Baer_Henney_unpublished_2017	tut4	SaDi	labial-voiced-1-oe	voiced	labial_oe	0.141849568
Baer_Henney_unpublished_2017	tut4	AnSt	labial-voiced-1-oe	voiced	labial_oe	0.150034728
Baer_Henney_unpublished_2017	tut4	KiZe	labial-voiced-1-oe	voiced	labial_oe	0.156339431
Baer_Henney_unpublished_2017	tut4	SaFl	labial-voiced-10-i	voiced	labial_i	0.108864328
Baer_Henney_unpublished_2017	tut4	HeWi	labial-voiced-10-o	voiced	labial_o	0.107494381
Baer_Henney_unpublished_2017	tut4	SaDi	labial-voiced-10-o	voiced	labial_o	0.157534722
Baer_Henney_unpublished_2017	tut4	AnSt	labial-voiced-10-o	voiced	labial_o	0.176178629
Baer_Henney_unpublished_2017	tut4	KiZe	labial-voiced-10-o	voiced	labial_o	0.175934372
Baer_Henney_unpublished_2017	tut4	YoVo	labial-voiced-10-o	voiced	labial_o	0.195428236
Baer_Henney_unpublished_2017	tut4	HeWi	labial-voiced-11-u	voiced	labial_u	0.147095711
Baer_Henney_unpublished_2017	tut4	SaDi	labial-voiced-11-u	voiced	labial_u	0.123313593
Baer_Henney_unpublished_2017	tut4	AnSt	labial-voiced-11-u	voiced	labial_u	0.130403138
Baer_Henney_unpublished_2017	tut4	KiZe	labial-voiced-11-u	voiced	labial_u	0.090583664
Baer_Henney_unpublished_2017	tut4	YoVo	labial-voiced-11-u	voiced	labial_u	0.115163068
Baer_Henney_unpublished_2017	tut4	SaFl	labial-voiced-11-u	voiced	labial_u	0.142361044
Baer_Henney_unpublished_2017	tut4	HeWi	labial-voiced-12-u	voiced	labial_u	0.132521777
Baer_Henney_unpublished_2017	tut4	SaDi	labial-voiced-12-u	voiced	labial_u	0.135664394
Baer_Henney_unpublished_2017	tut4	AnSt	labial-voiced-12-u	voiced	labial_u	0.13556832
Baer_Henney_unpublished_2017	tut4	YoVo	labial-voiced-12-u	voiced	labial_u	0.167509917
Baer_Henney_unpublished_2017	tut4	SaFl	labial-voiced-12-u	voiced	labial_u	0.167483581
Baer_Henney_unpublished_2017	tut4	YoVo	labial-voiced-13-u	voiced	labial_u	0.153550757
Baer_Henney_unpublished_2017	tut4	HeWi	labial-voiced-13-y	voiced	labial_y	0.138629596
Baer_Henney_unpublished_2017	tut4	SaDi	labial-voiced-13-y	voiced	labial_y	0.155236234
Baer_Henney_unpublished_2017	tut4	AnSt	labial-voiced-13-y	voiced	labial_y	0.148791689
Baer_Henney_unpublished_2017	tut4	KiZe	labial-voiced-13-y	voiced	labial_y	0.216305996
Baer_Henney_unpublished_2017	tut4	SaFl	labial-voiced-13-y	voiced	labial_y	0.273556516
Baer_Henney_unpublished_2017	tut4	YoVo	labial-voiced-14-u	voiced	labial_u	0.191938446
Baer_Henney_unpublished_2017	tut4	HeWi	labial-voiced-14-y	voiced	labial_y	0.1267666
Baer_Henney_unpublished_2017	tut4	SaDi	labial-voiced-14-y	voiced	labial_y	0.171257402
Baer_Henney_unpublished_2017	tut4	AnSt	labial-voiced-14-y	voiced	labial_y	0.127394925
Baer_Henney_unpublished_2017	tut4	KiZe	labial-voiced-14-y	voiced	labial_y	0.185150531
Baer_Henney_unpublished_2017	tut4	SaFl	labial-voiced-14-y	voiced	labial_y	0.164692188
Baer_Henney_unpublished_2017	tut4	YoVo	labial-voiced-15-u	voiced	labial_u	0.150060967
Baer_Henney_unpublished_2017	tut4	HeWi	labial-voiced-15-y	voiced	labial_y	0.131123328
Baer_Henney_unpublished_2017	tut4	SaDi	labial-voiced-15-y	voiced	labial_y	0.114331592
Baer_Henney_unpublished_2017	tut4	AnSt	labial-voiced-15-y	voiced	labial_y	0.136201343
Baer_Henney_unpublished_2017	tut4	KiZe	labial-voiced-15-y	voiced	labial_y	0.183955313
Baer_Henney_unpublished_2017	tut4	SaFl	labial-voiced-15-y	voiced	labial_y	0.139569651
Baer_Henney_unpublished_2017	tut4	HeWi	labial-voiced-2-a	voiced	labial_a	0.169829873
Baer_Henney_unpublished_2017	tut4	SaDi	labial-voiced-2-a	voiced	labial_a	0.140184975
Baer_Henney_unpublished_2017	tut4	AnSt	labial-voiced-2-a	voiced	labial_a	0.184933155
Baer_Henney_unpublished_2017	tut4	KiZe	labial-voiced-2-a	voiced	labial_a	0.202651017
Baer_Henney_unpublished_2017	tut4	YoVo	labial-voiced-2-a	voiced	labial_a	0.230326136
Baer_Henney_unpublished_2017	tut4	HeWi	labial-voiced-3-a	voiced	labial_a	0.165687579
Baer_Henney_unpublished_2017	tut4	SaDi	labial-voiced-3-a	voiced	labial_a	0.164309215
Baer_Henney_unpublished_2017	tut4	AnSt	labial-voiced-3-a	voiced	labial_a	0.139651447
Baer_Henney_unpublished_2017	tut4	KiZe	labial-voiced-3-a	voiced	labial_a	0.175827599
Baer_Henney_unpublished_2017	tut4	YoVo	labial-voiced-3-a	voiced	labial_a	0.205897606
Baer_Henney_unpublished_2017	tut4	SaFl	labial-voiced-3-a	voiced	labial_a	0.198188904
Baer_Henney_unpublished_2017	tut4	HeWi	labial-voiced-4-e	voiced	labial_e	0.131043009
Baer_Henney_unpublished_2017	tut4	SaDi	labial-voiced-4-e	voiced	labial_e	0.112151945
Baer_Henney_unpublished_2017	tut4	AnSt	labial-voiced-4-e	voiced	labial_e	0.125188589
Baer_Henney_unpublished_2017	tut4	KiZe	labial-voiced-4-e	voiced	labial_e	0.133131557
Baer_Henney_unpublished_2017	tut4	YoVo	labial-voiced-4-e	voiced	labial_e	0.216366976
Baer_Henney_unpublished_2017	tut4	SaFl	labial-voiced-4-e	voiced	labial_e	0.159109402
Baer_Henney_unpublished_2017	tut4	SaFl	labial-voiced-5	voiced	labial_e	0.156318009
Baer_Henney_unpublished_2017	tut4	YoVo	labial-voiced-5-a	voiced	labial_a	0.212877186
Baer_Henney_unpublished_2017	tut4	HeWi	labial-voiced-5-e	voiced	labial_e	0.115001719
Baer_Henney_unpublished_2017	tut4	SaDi	labial-voiced-5-e	voiced	labial_e	0.141864974
Baer_Henney_unpublished_2017	tut4	AnSt	labial-voiced-5-e	voiced	labial_e	0.168848702
Baer_Henney_unpublished_2017	tut4	KiZe	labial-voiced-5-e	voiced	labial_e	0.155013627
Baer_Henney_unpublished_2017	tut4	KiZe	labial-voiced-5-u	voiced	labial_u	0.149585977
Baer_Henney_unpublished_2017	tut4	HeWi	labial-voiced-6-i	voiced	labial_i	0.120138618
Baer_Henney_unpublished_2017	tut4	SaDi	labial-voiced-6-i	voiced	labial_i	0.150338558
Baer_Henney_unpublished_2017	tut4	AnSt	labial-voiced-6-i	voiced	labial_i	0.129363229
Baer_Henney_unpublished_2017	tut4	KiZe	labial-voiced-6-i	voiced	labial_i	0.12166517
Baer_Henney_unpublished_2017	tut4	YoVo	labial-voiced-6-i	voiced	labial_i	0.153550757
Baer_Henney_unpublished_2017	tut4	SaFl	labial-voiced-6-i	voiced	labial_i	0.248433978
Baer_Henney_unpublished_2017	tut4	HeWi	labial-voiced-7-i	voiced	labial_i	0.153529824
Baer_Henney_unpublished_2017	tut4	SaDi	labial-voiced-7-i	voiced	labial_i	0.128123076
Baer_Henney_unpublished_2017	tut4	AnSt	labial-voiced-7-i	voiced	labial_i	0.132747107
Baer_Henney_unpublished_2017	tut4	KiZe	labial-voiced-7-i	voiced	labial_i	0.171351719
Baer_Henney_unpublished_2017	tut4	YoVo	labial-voiced-7-i	voiced	labial_i	0.160530337
Baer_Henney_unpublished_2017	tut4	SaFl	labial-voiced-7-i	voiced	labial_i	0.192606118
Baer_Henney_unpublished_2017	tut4	HeWi	labial-voiced-8-i	voiced	labial_i	0.128739486
Baer_Henney_unpublished_2017	tut4	SaDi	labial-voiced-8-i	voiced	labial_i	0.128080695
Baer_Henney_unpublished_2017	tut4	AnSt	labial-voiced-8-i	voiced	labial_i	0.144648714
Baer_Henney_unpublished_2017	tut4	KiZe	labial-voiced-8-i	voiced	labial_i	0.163514773
Baer_Henney_unpublished_2017	tut4	YoVo	labial-voiced-8-i	voiced	labial_i	0.188448656
Baer_Henney_unpublished_2017	tut4	SaFl	labial-voiced-8-i	voiced	labial_i	0.217728655
Baer_Henney_unpublished_2017	tut4	HeWi	labial-voiced-9-o	voiced	labial_o	0.210411137
Baer_Henney_unpublished_2017	tut4	SaDi	labial-voiced-9-o	voiced	labial_o	0.138155986
Baer_Henney_unpublished_2017	tut4	AnSt	labial-voiced-9-o	voiced	labial_o	0.117123294
Baer_Henney_unpublished_2017	tut4	KiZe	labial-voiced-9-o	voiced	labial_o	0.160285036
Baer_Henney_unpublished_2017	tut4	YoVo	labial-voiced-9-o	voiced	labial_o	0.184958867
Baer_Henney_unpublished_2017	tut4	SaFl	labial-voiced-9-o	voiced	labial_o	0.132258088
Baer_Henney_unpublished_2017	tut4	YoVo	labial-voiceless-1-o	voiceless	labial_o	0.195428236
Baer_Henney_unpublished_2017	tut4	HeWi	labial-voiceless-1-oe	voiceless	labial_oe	0.112482204
Baer_Henney_unpublished_2017	tut4	SaDi	labial-voiceless-1-oe	voiceless	labial_oe	0.132385268
Baer_Henney_unpublished_2017	tut4	AnSt	labial-voiceless-1-oe	voiceless	labial_oe	0.139223262
Baer_Henney_unpublished_2017	tut4	KiZe	labial-voiceless-1-oe	voiceless	labial_oe	0.123387374
Baer_Henney_unpublished_2017	tut4	SaFl	labial-voiceless-1-oe	voiceless	labial_oe	0.150735223
Baer_Henney_unpublished_2017	tut4	HeWi	labial-voiceless-10-o	voiceless	labial_o	0.11709961
Baer_Henney_unpublished_2017	tut4	SaDi	labial-voiceless-10-o	voiceless	labial_o	0.138829714
Baer_Henney_unpublished_2017	tut4	AnSt	labial-voiceless-10-o	voiceless	labial_o	0.140065473
Baer_Henney_unpublished_2017	tut4	KiZe	labial-voiceless-10-o	voiceless	labial_o	0.142811939
Baer_Henney_unpublished_2017	tut4	YoVo	labial-voiceless-10-o	voiceless	labial_o	0.177979287
Baer_Henney_unpublished_2017	tut4	SaFl	labial-voiceless-10-o	voiceless	labial_o	0.192606118
Baer_Henney_unpublished_2017	tut4	HeWi	labial-voiceless-11-u	voiceless	labial_u	0.09509063
Baer_Henney_unpublished_2017	tut4	SaDi	labial-voiceless-11-u	voiceless	labial_u	0.145098578
Baer_Henney_unpublished_2017	tut4	AnSt	labial-voiceless-11-u	voiceless	labial_u	0.114912796
Baer_Henney_unpublished_2017	tut4	KiZe	labial-voiceless-11-u	voiceless	labial_u	0.122574959
Baer_Henney_unpublished_2017	tut4	YoVo	labial-voiceless-11-u	voiceless	labial_u	0.146571177
Baer_Henney_unpublished_2017	tut4	SaFl	labial-voiceless-11-u	voiceless	labial_u	0.153526616
Baer_Henney_unpublished_2017	tut4	SaDi	labial-voiceless-12-u	voiceless	labial_u	0.095821712
Baer_Henney_unpublished_2017	tut4	AnSt	labial-voiceless-12-u	voiceless	labial_u	0.156197788
Baer_Henney_unpublished_2017	tut4	KiZe	labial-voiceless-12-u	voiceless	labial_u	0.13152696
Baer_Henney_unpublished_2017	tut4	YoVo	labial-voiceless-12-u	voiceless	labial_u	0.157040547
Baer_Henney_unpublished_2017	tut4	SaFl	labial-voiceless-12-u	voiceless	labial_u	0.198188904
Baer_Henney_unpublished_2017	tut4	HeWi	labial-voiceless-12-y	voiceless	labial_y	0.087500353
Baer_Henney_unpublished_2017	tut4	YoVo	labial-voiceless-13-u	voiceless	labial_u	0.153550757
Baer_Henney_unpublished_2017	tut4	HeWi	labial-voiceless-13-y	voiceless	labial_y	0.12682403
Baer_Henney_unpublished_2017	tut4	SaDi	labial-voiceless-13-y	voiceless	labial_y	0.175672935
Baer_Henney_unpublished_2017	tut4	AnSt	labial-voiceless-13-y	voiceless	labial_y	0.147245116
Baer_Henney_unpublished_2017	tut4	KiZe	labial-voiceless-13-y	voiceless	labial_y	0.122546061
Baer_Henney_unpublished_2017	tut4	SaFl	labial-voiceless-13-y	voiceless	labial_y	0.237211781
Baer_Henney_unpublished_2017	tut4	HeWi	labial-voiceless-14	voiceless	labial_y	0.107795845
Baer_Henney_unpublished_2017	tut4	YoVo	labial-voiceless-14-u	voiceless	labial_u	0.153550757
Baer_Henney_unpublished_2017	tut4	SaDi	labial-voiceless-14-y	voiceless	labial_y	0.145274239
Baer_Henney_unpublished_2017	tut4	AnSt	labial-voiceless-14-y	voiceless	labial_y	0.132623129
Baer_Henney_unpublished_2017	tut4	KiZe	labial-voiceless-14-y	voiceless	labial_y	0.116785442
Baer_Henney_unpublished_2017	tut4	SaFl	labial-voiceless-14-y	voiceless	labial_y	0.187023332
Baer_Henney_unpublished_2017	tut4	YoVo	labial-voiceless-15-u	voiceless	labial_u	0.143081387
Baer_Henney_unpublished_2017	tut4	HeWi	labial-voiceless-15-y	voiceless	labial_y	0.110656051
Baer_Henney_unpublished_2017	tut4	SaDi	labial-voiceless-15-y	voiceless	labial_y	0.147111028
Baer_Henney_unpublished_2017	tut4	AnSt	labial-voiceless-15-y	voiceless	labial_y	0.161366753
Baer_Henney_unpublished_2017	tut4	KiZe	labial-voiceless-15-y	voiceless	labial_y	0.147213102
Baer_Henney_unpublished_2017	tut4	SaFl	labial-voiceless-15-y	voiceless	labial_y	0.178649153
Baer_Henney_unpublished_2017	tut4	HeWi	labial-voiceless-2-a	voiceless	labial_a	0.150755557
Baer_Henney_unpublished_2017	tut4	SaDi	labial-voiceless-2-a	voiceless	labial_a	0.174090223
Baer_Henney_unpublished_2017	tut4	AnSt	labial-voiceless-2-a	voiceless	labial_a	0.166689595
Baer_Henney_unpublished_2017	tut4	KiZe	labial-voiceless-2-a	voiceless	labial_a	0.181287382
Baer_Henney_unpublished_2017	tut4	YoVo	labial-voiceless-2-a	voiceless	labial_a	0.226836346
Baer_Henney_unpublished_2017	tut4	SaFl	labial-voiceless-2-a	voiceless	labial_a	0.200980297
Baer_Henney_unpublished_2017	tut4	HeWi	labial-voiceless-3-a	voiceless	labial_a	0.14584165
Baer_Henney_unpublished_2017	tut4	SaDi	labial-voiceless-3-a	voiceless	labial_a	0.169256114
Baer_Henney_unpublished_2017	tut4	AnSt	labial-voiceless-3-a	voiceless	labial_a	0.189900559
Baer_Henney_unpublished_2017	tut4	KiZe	labial-voiceless-3-a	voiceless	labial_a	0.170559507
Baer_Henney_unpublished_2017	tut4	YoVo	labial-voiceless-3-a	voiceless	labial_a	0.247775085
Baer_Henney_unpublished_2017	tut4	SaFl	labial-voiceless-3-a	voiceless	labial_a	0.240059799
Baer_Henney_unpublished_2017	tut4	HeWi	labial-voiceless-4-e	voiceless	labial_e	0.122539541
Baer_Henney_unpublished_2017	tut4	SaDi	labial-voiceless-4-e	voiceless	labial_e	0.122850721
Baer_Henney_unpublished_2017	tut4	AnSt	labial-voiceless-4-e	voiceless	labial_e	0.111598012
Baer_Henney_unpublished_2017	tut4	KiZe	labial-voiceless-4-e	voiceless	labial_e	0.111422143
Baer_Henney_unpublished_2017	tut4	YoVo	labial-voiceless-4-e	voiceless	labial_e	0.177979287
Baer_Henney_unpublished_2017	tut4	SaFl	labial-voiceless-4-e	voiceless	labial_e	0.153526616
Baer_Henney_unpublished_2017	tut4	YoVo	labial-voiceless-5-a	voiceless	labial_a	0.198918026
Baer_Henney_unpublished_2017	tut4	HeWi	labial-voiceless-5-e	voiceless	labial_e	0.135762632
Baer_Henney_unpublished_2017	tut4	SaDi	labial-voiceless-5-e	voiceless	labial_e	0.129272783
Baer_Henney_unpublished_2017	tut4	KiZe	labial-voiceless-5-e	voiceless	labial_e	0.115920483
Baer_Henney_unpublished_2017	tut4	SaFl	labial-voiceless-5-e	voiceless	labial_e	0.133986865
Baer_Henney_unpublished_2017	tut4	HeWi	labial-voiceless-6-i	voiceless	labial_i	0.167963288
Baer_Henney_unpublished_2017	tut4	SaDi	labial-voiceless-6-i	voiceless	labial_i	0.078199764
Baer_Henney_unpublished_2017	tut4	AnSt	labial-voiceless-6-i	voiceless	labial_i	0.096934595
Baer_Henney_unpublished_2017	tut4	KiZe	labial-voiceless-6-i	voiceless	labial_i	0.152087008
Baer_Henney_unpublished_2017	tut4	YoVo	labial-voiceless-6-i	voiceless	labial_i	0.134356912
Baer_Henney_unpublished_2017	tut4	SaFl	labial-voiceless-6-i	voiceless	labial_i	0.133986865
Baer_Henney_unpublished_2017	tut4	HeWi	labial-voiceless-7-i	voiceless	labial_i	0.119485313
Baer_Henney_unpublished_2017	tut4	SaDi	labial-voiceless-7-i	voiceless	labial_i	0.11540364
Baer_Henney_unpublished_2017	tut4	AnSt	labial-voiceless-7-i	voiceless	labial_i	0.115393165
Baer_Henney_unpublished_2017	tut4	KiZe	labial-voiceless-7-i	voiceless	labial_i	0.133560152
Baer_Henney_unpublished_2017	tut4	YoVo	labial-voiceless-7-i	voiceless	labial_i	0.164020127
Baer_Henney_unpublished_2017	tut4	SaFl	labial-voiceless-7-i	voiceless	labial_i	0.25959955
Baer_Henney_unpublished_2017	tut4	HeWi	labial-voiceless-8-i	voiceless	labial_i	0.160850578
Baer_Henney_unpublished_2017	tut4	SaDi	labial-voiceless-8-i	voiceless	labial_i	0.148440146
Baer_Henney_unpublished_2017	tut4	AnSt	labial-voiceless-8-i	voiceless	labial_i	0.114278679
Baer_Henney_unpublished_2017	tut4	KiZe	labial-voiceless-8-i	voiceless	labial_i	0.170686428
Baer_Henney_unpublished_2017	tut4	YoVo	labial-voiceless-8-i	voiceless	labial_i	0.108183488
Baer_Henney_unpublished_2017	tut4	SaFl	labial-voiceless-8-i	voiceless	labial_i	0.261532329
Baer_Henney_unpublished_2017	tut4	HeWi	labial-voiceless-9-o	voiceless	labial_o	0.116449755
Baer_Henney_unpublished_2017	tut4	SaDi	labial-voiceless-9-o	voiceless	labial_o	0.130355772
Baer_Henney_unpublished_2017	tut4	AnSt	labial-voiceless-9-o	voiceless	labial_o	0.115200643
Baer_Henney_unpublished_2017	tut4	KiZe	labial-voiceless-9-o	voiceless	labial_o	0.161172887
Baer_Henney_unpublished_2017	tut4	YoVo	labial-voiceless-9-o	voiceless	labial_o	0.202407816
Baer_Henney_unpublished_2017	tut4	SaFl	labial-voiceless-9-o	voiceless	labial_o	0.150735223
Baer_Henney_unpublished_2017	tut4	AnSt	velar-voiced-1-i	voiced	velar_i	0.177792335
Baer_Henney_unpublished_2017	tut4	YoVo	velar-voiced-1-o	voiced	velar_o	0.167509917
Baer_Henney_unpublished_2017	tut4	HeWi	velar-voiced-1-oe	voiced	velar_oe	0.16514892
Baer_Henney_unpublished_2017	tut4	SaDi	velar-voiced-1-oe	voiced	velar_oe	0.142154779
Baer_Henney_unpublished_2017	tut4	AnSt	velar-voiced-1-oe	voiced	velar_oe	0.101695224
Baer_Henney_unpublished_2017	tut4	KiZe	velar-voiced-1-oe	voiced	velar_oe	0.187413602
Baer_Henney_unpublished_2017	tut4	SaFl	velar-voiced-1-oe	voiced	velar_oe	0.156318009
Baer_Henney_unpublished_2017	tut4	SaFl	velar-voiced-10-a	voiced	velar_a	0.242851192
Baer_Henney_unpublished_2017	tut4	HeWi	velar-voiced-10-o	voiced	velar_o	0.137004593
Baer_Henney_unpublished_2017	tut4	SaDi	velar-voiced-10-o	voiced	velar_o	0.161001111
Baer_Henney_unpublished_2017	tut4	AnSt	velar-voiced-10-o	voiced	velar_o	0.1199495
Baer_Henney_unpublished_2017	tut4	KiZe	velar-voiced-10-o	voiced	velar_o	0.174452198
Baer_Henney_unpublished_2017	tut4	YoVo	velar-voiced-10-o	voiced	velar_o	0.219856766
Baer_Henney_unpublished_2017	tut4	SaFl	velar-voiced-10-o	voiced	velar_o	0.192606118
Baer_Henney_unpublished_2017	tut4	HeWi	velar-voiced-11-o	voiced	velar_o	0.162145498
Baer_Henney_unpublished_2017	tut4	SaDi	velar-voiced-11-o	voiced	velar_o	0.169571179
Baer_Henney_unpublished_2017	tut4	AnSt	velar-voiced-11-o	voiced	velar_o	0.132041575
Baer_Henney_unpublished_2017	tut4	KiZe	velar-voiced-11-o	voiced	velar_o	0.241901315
Baer_Henney_unpublished_2017	tut4	YoVo	velar-voiced-11-o	voiced	velar_o	0.088989643
Baer_Henney_unpublished_2017	tut4	SaFl	velar-voiced-11-o	voiced	velar_o	0.17585776
Baer_Henney_unpublished_2017	tut4	HeWi	velar-voiced-12-o	voiced	velar_o	0.1606972
Baer_Henney_unpublished_2017	tut4	SaDi	velar-voiced-12-o	voiced	velar_o	0.176560244
Baer_Henney_unpublished_2017	tut4	AnSt	velar-voiced-12-o	voiced	velar_o	0.118486745
Baer_Henney_unpublished_2017	tut4	KiZe	velar-voiced-12-o	voiced	velar_o	0.207999055
Baer_Henney_unpublished_2017	tut4	YoVo	velar-voiced-12-o	voiced	velar_o	0.146571177
Baer_Henney_unpublished_2017	tut4	SaFl	velar-voiced-12-o	voiced	velar_o	0.172266753
Baer_Henney_unpublished_2017	tut4	HeWi	velar-voiced-13-u	voiced	velar_u	0.184166748
Baer_Henney_unpublished_2017	tut4	SaDi	velar-voiced-13-u	voiced	velar_u	0.150393634
Baer_Henney_unpublished_2017	tut4	AnSt	velar-voiced-13-u	voiced	velar_u	0.135100879
Baer_Henney_unpublished_2017	tut4	KiZe	velar-voiced-13-u	voiced	velar_u	0.212044691
Baer_Henney_unpublished_2017	tut4	YoVo	velar-voiced-13-u	voiced	velar_u	0.143081387
Baer_Henney_unpublished_2017	tut4	SaFl	velar-voiced-13-u	voiced	velar_u	0.286961805
Baer_Henney_unpublished_2017	tut4	YoVo	velar-voiced-14-u	voiced	velar_u	0.174489497
Baer_Henney_unpublished_2017	tut4	SaFl	velar-voiced-14-u	voiced	velar_u	0.181440546
Baer_Henney_unpublished_2017	tut4	HeWi	velar-voiced-14-y	voiced	velar_y	0.165943914
Baer_Henney_unpublished_2017	tut4	SaDi	velar-voiced-14-y	voiced	velar_y	0.16116765
Baer_Henney_unpublished_2017	tut4	AnSt	velar-voiced-14-y	voiced	velar_y	0.163182874
Baer_Henney_unpublished_2017	tut4	KiZe	velar-voiced-14-y	voiced	velar_y	0.211771269
Baer_Henney_unpublished_2017	tut4	SaFl	velar-voiced-14-y	voiced	velar_y	0.173066367
Baer_Henney_unpublished_2017	tut4	YoVo	velar-voiced-15-u	voiced	velar_u	0.139591597
Baer_Henney_unpublished_2017	tut4	SaDi	velar-voiced-15-y	voiced	velar_y	0.118533431
Baer_Henney_unpublished_2017	tut4	AnSt	velar-voiced-15-y	voiced	velar_y	0.108386187
Baer_Henney_unpublished_2017	tut4	KiZe	velar-voiced-15-y	voiced	velar_y	0.16617802
Baer_Henney_unpublished_2017	tut4	HeWi	velar-voiced-2-i	voiced	velar_i	0.132281966
Baer_Henney_unpublished_2017	tut4	SaDi	velar-voiced-2-i	voiced	velar_i	0.18218098
Baer_Henney_unpublished_2017	tut4	AnSt	velar-voiced-2-i	voiced	velar_i	0.069870548
Baer_Henney_unpublished_2017	tut4	KiZe	velar-voiced-2-i	voiced	velar_i	0.188404578
Baer_Henney_unpublished_2017	tut4	YoVo	velar-voiced-2-i	voiced	velar_i	0.155295652
Baer_Henney_unpublished_2017	tut4	SaFl	velar-voiced-2-i	voiced	velar_i	0.267918693
Baer_Henney_unpublished_2017	tut4	SaFl	velar-voiced-3-a	voiced	velar_a	0.156318009
Baer_Henney_unpublished_2017	tut4	HeWi	velar-voiced-3-i	voiced	velar_i	0.136249669
Baer_Henney_unpublished_2017	tut4	SaDi	velar-voiced-3-i	voiced	velar_i	0.123308338
Baer_Henney_unpublished_2017	tut4	AnSt	velar-voiced-3-i	voiced	velar_i	0.158125348
Baer_Henney_unpublished_2017	tut4	KiZe	velar-voiced-3-i	voiced	velar_i	0.183800785
Baer_Henney_unpublished_2017	tut4	YoVo	velar-voiced-3-i	voiced	velar_i	0.184958867
Baer_Henney_unpublished_2017	tut4	SaFl	velar-voiced-3-i	voiced	velar_i	0.200980297
Baer_Henney_unpublished_2017	tut4	HeWi	velar-voiced-4-o	voiced	velar_o	0.125576095
Baer_Henney_unpublished_2017	tut4	SaDi	velar-voiced-4-o	voiced	velar_o	0.173163137
Baer_Henney_unpublished_2017	tut4	AnSt	velar-voiced-4-o	voiced	velar_o	0.139150885
Baer_Henney_unpublished_2017	tut4	KiZe	velar-voiced-4-o	voiced	velar_o	0.168731228
Baer_Henney_unpublished_2017	tut4	YoVo	velar-voiced-4-o	voiced	velar_o	0.195428236
Baer_Henney_unpublished_2017	tut4	SaFl	velar-voiced-4-o	voiced	velar_o	0.150735223
Baer_Henney_unpublished_2017	tut4	HeWi	velar-voiced-5-a	voiced	velar_a	0.259001316
Baer_Henney_unpublished_2017	tut4	SaDi	velar-voiced-5-a	voiced	velar_a	0.171766652
Baer_Henney_unpublished_2017	tut4	AnSt	velar-voiced-5-a	voiced	velar_a	0.142089983
Baer_Henney_unpublished_2017	tut4	KiZe	velar-voiced-5-a	voiced	velar_a	0.211671809
Baer_Henney_unpublished_2017	tut4	YoVo	velar-voiced-5-a	voiced	velar_a	0.157040547
Baer_Henney_unpublished_2017	tut4	SaFl	velar-voiced-5-a	voiced	velar_a	0.183403435
Baer_Henney_unpublished_2017	tut4	HeWi	velar-voiced-6-a	voiced	velar_a	0.167855376
Baer_Henney_unpublished_2017	tut4	SaDi	velar-voiced-6-a	voiced	velar_a	0.19661563
Baer_Henney_unpublished_2017	tut4	AnSt	velar-voiced-6-a	voiced	velar_a	0.187952395
Baer_Henney_unpublished_2017	tut4	KiZe	velar-voiced-6-a	voiced	velar_a	0.199955862
Baer_Henney_unpublished_2017	tut4	YoVo	velar-voiced-6-a	voiced	velar_a	0.184958867
Baer_Henney_unpublished_2017	tut4	SaFl	velar-voiced-6-a	voiced	velar_a	0.220520048
Baer_Henney_unpublished_2017	tut4	HeWi	velar-voiced-7-e	voiced	velar_e	0.126852578
Baer_Henney_unpublished_2017	tut4	SaDi	velar-voiced-7-e	voiced	velar_e	0.176826979
Baer_Henney_unpublished_2017	tut4	AnSt	velar-voiced-7-e	voiced	velar_e	0.136792925
Baer_Henney_unpublished_2017	tut4	KiZe	velar-voiced-7-e	voiced	velar_e	0.203822707
Baer_Henney_unpublished_2017	tut4	YoVo	velar-voiced-7-e	voiced	velar_e	0.198918026
Baer_Henney_unpublished_2017	tut4	SaFl	velar-voiced-7-e	voiced	velar_e	0.237268406
Baer_Henney_unpublished_2017	tut4	HeWi	velar-voiced-8-o	voiced	velar_o	0.134571641
Baer_Henney_unpublished_2017	tut4	SaDi	velar-voiced-8-o	voiced	velar_o	0.183110493
Baer_Henney_unpublished_2017	tut4	AnSt	velar-voiced-8-o	voiced	velar_o	0.165864256
Baer_Henney_unpublished_2017	tut4	KiZe	velar-voiced-8-o	voiced	velar_o	0.214173347
Baer_Henney_unpublished_2017	tut4	YoVo	velar-voiced-8-o	voiced	velar_o	0.240795505
Baer_Henney_unpublished_2017	tut4	SaFl	velar-voiced-8-o	voiced	velar_o	0.212145869
Baer_Henney_unpublished_2017	tut4	HeWi	velar-voiced-9-e	voiced	velar_e	0.134559626
Baer_Henney_unpublished_2017	tut4	SaDi	velar-voiced-9-e	voiced	velar_e	0.183548269
Baer_Henney_unpublished_2017	tut4	AnSt	velar-voiced-9-e	voiced	velar_e	0.141500006
Baer_Henney_unpublished_2017	tut4	KiZe	velar-voiced-9-e	voiced	velar_e	0.131432331
Baer_Henney_unpublished_2017	tut4	YoVo	velar-voiced-9-e	voiced	velar_e	0.195428236
Baer_Henney_unpublished_2017	tut4	SaFl	velar-voiced-9-e	voiced	velar_e	0.184231939
Baer_Henney_unpublished_2017	tut4	YoVo	velar-voiceless-1-o	voiceless	velar_o	0.181469077
Baer_Henney_unpublished_2017	tut4	HeWi	velar-voiceless-1-oe	voiceless	velar_oe	0.120153191
Baer_Henney_unpublished_2017	tut4	SaDi	velar-voiceless-1-oe	voiceless	velar_oe	0.136163068
Baer_Henney_unpublished_2017	tut4	AnSt	velar-voiceless-1-oe	voiceless	velar_oe	0.135283501
Baer_Henney_unpublished_2017	tut4	KiZe	velar-voiceless-1-oe	voiceless	velar_oe	0.132802399
Baer_Henney_unpublished_2017	tut4	SaFl	velar-voiceless-1-oe	voiceless	velar_oe	0.187023332
Baer_Henney_unpublished_2017	tut4	HeWi	velar-voiceless-10-o	voiceless	velar_o	0.136398113
Baer_Henney_unpublished_2017	tut4	SaDi	velar-voiceless-10-o	voiceless	velar_o	0.110409668
Baer_Henney_unpublished_2017	tut4	AnSt	velar-voiceless-10-o	voiceless	velar_o	0.174222251
Baer_Henney_unpublished_2017	tut4	KiZe	velar-voiceless-10-o	voiceless	velar_o	0.133929719
Baer_Henney_unpublished_2017	tut4	YoVo	velar-voiceless-10-o	voiceless	velar_o	0.167509917
Baer_Henney_unpublished_2017	tut4	SaFl	velar-voiceless-10-o	voiceless	velar_o	0.20377169
Baer_Henney_unpublished_2017	tut4	HeWi	velar-voiceless-11-o	voiceless	velar_o	0.125166276
Baer_Henney_unpublished_2017	tut4	SaDi	velar-voiceless-11-o	voiceless	velar_o	0.201017584
Baer_Henney_unpublished_2017	tut4	AnSt	velar-voiceless-11-o	voiceless	velar_o	0.167029773
Baer_Henney_unpublished_2017	tut4	KiZe	velar-voiceless-11-o	voiceless	velar_o	0.170861481
Baer_Henney_unpublished_2017	tut4	YoVo	velar-voiceless-11-o	voiceless	velar_o	0.170999707
Baer_Henney_unpublished_2017	tut4	HeWi	velar-voiceless-12-o	voiceless	velar_o	0.144652869
Baer_Henney_unpublished_2017	tut4	SaDi	velar-voiceless-12-o	voiceless	velar_o	0.120684903
Baer_Henney_unpublished_2017	tut4	AnSt	velar-voiceless-12-o	voiceless	velar_o	0.110849339
Baer_Henney_unpublished_2017	tut4	KiZe	velar-voiceless-12-o	voiceless	velar_o	0.164225685
Baer_Henney_unpublished_2017	tut4	YoVo	velar-voiceless-12-o	voiceless	velar_o	0.153550757
Baer_Henney_unpublished_2017	tut4	SaFl	velar-voiceless-12-o	voiceless	velar_o	0.133986865
Baer_Henney_unpublished_2017	tut4	HeWi	velar-voiceless-13-u	voiceless	velar_u	0.119071555
Baer_Henney_unpublished_2017	tut4	SaDi	velar-voiceless-13-u	voiceless	velar_u	0.145777227
Baer_Henney_unpublished_2017	tut4	AnSt	velar-voiceless-13-u	voiceless	velar_u	0.157733855
Baer_Henney_unpublished_2017	tut4	KiZe	velar-voiceless-13-u	voiceless	velar_u	0.139963416
Baer_Henney_unpublished_2017	tut4	YoVo	velar-voiceless-13-u	voiceless	velar_u	0.160530337
Baer_Henney_unpublished_2017	tut4	SaFl	velar-voiceless-13-u	voiceless	velar_u	0.299282858
Baer_Henney_unpublished_2017	tut4	YoVo	velar-voiceless-14-o	voiceless	velar_o	0.167509917
Baer_Henney_unpublished_2017	tut4	YoVo	velar-voiceless-14-u	voiceless	velar_u	0.143081387
Baer_Henney_unpublished_2017	tut4	HeWi	velar-voiceless-14-y	voiceless	velar_y	0.117692382
Baer_Henney_unpublished_2017	tut4	SaDi	velar-voiceless-14-y	voiceless	velar_y	0.169004995
Baer_Henney_unpublished_2017	tut4	AnSt	velar-voiceless-14-y	voiceless	velar_y	0.152082994
Baer_Henney_unpublished_2017	tut4	KiZe	velar-voiceless-14-y	voiceless	velar_y	0.111623389
Baer_Henney_unpublished_2017	tut4	YoVo	velar-voiceless-15-u	voiceless	velar_u	0.150060967
Baer_Henney_unpublished_2017	tut4	HeWi	velar-voiceless-15-y	voiceless	velar_y	0.110557518
Baer_Henney_unpublished_2017	tut4	SaDi	velar-voiceless-15-y	voiceless	velar_y	0.133438723
Baer_Henney_unpublished_2017	tut4	AnSt	velar-voiceless-15-y	voiceless	velar_y	0.104474548
Baer_Henney_unpublished_2017	tut4	KiZe	velar-voiceless-15-y	voiceless	velar_y	0.122091072
Baer_Henney_unpublished_2017	tut4	SaFl	velar-voiceless-15-y	voiceless	velar_y	0.173066367
Baer_Henney_unpublished_2017	tut4	HeWi	velar-voiceless-2-i	voiceless	velar_i	0.109554411
Baer_Henney_unpublished_2017	tut4	SaDi	velar-voiceless-2-i	voiceless	velar_i	0.125628634
Baer_Henney_unpublished_2017	tut4	AnSt	velar-voiceless-2-i	voiceless	velar_i	0.08358025
Baer_Henney_unpublished_2017	tut4	KiZe	velar-voiceless-2-i	voiceless	velar_i	0.107554892
Baer_Henney_unpublished_2017	tut4	YoVo	velar-voiceless-2-i	voiceless	velar_i	0.118652858
Baer_Henney_unpublished_2017	tut4	SaFl	velar-voiceless-2-i	voiceless	velar_i	0.17585776
Baer_Henney_unpublished_2017	tut4	HeWi	velar-voiceless-3-i	voiceless	velar_i	0.099637551
Baer_Henney_unpublished_2017	tut4	SaDi	velar-voiceless-3-i	voiceless	velar_i	0.134156998
Baer_Henney_unpublished_2017	tut4	KiZe	velar-voiceless-3-i	voiceless	velar_i	0.130724364
Baer_Henney_unpublished_2017	tut4	YoVo	velar-voiceless-3-i	voiceless	velar_i	0.167509917
Baer_Henney_unpublished_2017	tut4	HeWi	velar-voiceless-4-o	voiceless	velar_o	0.101958854
Baer_Henney_unpublished_2017	tut4	SaDi	velar-voiceless-4-o	voiceless	velar_o	0.140140149
Baer_Henney_unpublished_2017	tut4	AnSt	velar-voiceless-4-o	voiceless	velar_o	0.154755691
Baer_Henney_unpublished_2017	tut4	KiZe	velar-voiceless-4-o	voiceless	velar_o	0.151950842
Baer_Henney_unpublished_2017	tut4	SaFl	velar-voiceless-4-o	voiceless	velar_o	0.187023332
Baer_Henney_unpublished_2017	tut4	HeWi	velar-voiceless-5-a	voiceless	velar_a	0.159971851
Baer_Henney_unpublished_2017	tut4	SaDi	velar-voiceless-5-a	voiceless	velar_a	0.189092466
Baer_Henney_unpublished_2017	tut4	AnSt	velar-voiceless-5-a	voiceless	velar_a	0.170860601
Baer_Henney_unpublished_2017	tut4	KiZe	velar-voiceless-5-a	voiceless	velar_a	0.225933807
Baer_Henney_unpublished_2017	tut4	YoVo	velar-voiceless-5-a	voiceless	velar_a	0.240795505
Baer_Henney_unpublished_2017	tut4	SaFl	velar-voiceless-5-a	voiceless	velar_a	0.192606118
Baer_Henney_unpublished_2017	tut4	HeWi	velar-voiceless-6-a	voiceless	velar_a	0.163702899
Baer_Henney_unpublished_2017	tut4	SaDi	velar-voiceless-6-a	voiceless	velar_a	0.19793477
Baer_Henney_unpublished_2017	tut4	AnSt	velar-voiceless-6-a	voiceless	velar_a	0.153747291
Baer_Henney_unpublished_2017	tut4	KiZe	velar-voiceless-6-a	voiceless	velar_a	0.204893152
Baer_Henney_unpublished_2017	tut4	YoVo	velar-voiceless-6-a	voiceless	velar_a	0.247775085
Baer_Henney_unpublished_2017	tut4	SaFl	velar-voiceless-6-a	voiceless	velar_a	0.212145869
Baer_Henney_unpublished_2017	tut4	HeWi	velar-voiceless-7-e	voiceless	velar_e	0.141487289
Baer_Henney_unpublished_2017	tut4	SaDi	velar-voiceless-7-e	voiceless	velar_e	0.164752107
Baer_Henney_unpublished_2017	tut4	AnSt	velar-voiceless-7-e	voiceless	velar_e	0.126133275
Baer_Henney_unpublished_2017	tut4	KiZe	velar-voiceless-7-e	voiceless	velar_e	0.176382828
Baer_Henney_unpublished_2017	tut4	YoVo	velar-voiceless-7-e	voiceless	velar_e	0.181469077
Baer_Henney_unpublished_2017	tut4	SaFl	velar-voiceless-7-e	voiceless	velar_e	0.195397511
Baer_Henney_unpublished_2017	tut4	HeWi	velar-voiceless-8-o	voiceless	velar_o	0.130494037
Baer_Henney_unpublished_2017	tut4	SaDi	velar-voiceless-8-o	voiceless	velar_o	0.137248437
Baer_Henney_unpublished_2017	tut4	AnSt	velar-voiceless-8-o	voiceless	velar_o	0.13622722
Baer_Henney_unpublished_2017	tut4	KiZe	velar-voiceless-8-o	voiceless	velar_o	0.174679271
Baer_Henney_unpublished_2017	tut4	YoVo	velar-voiceless-8-o	voiceless	velar_o	0.209387396
Baer_Henney_unpublished_2017	tut4	SaFl	velar-voiceless-8-o	voiceless	velar_o	0.173066367
Baer_Henney_unpublished_2017	tut4	HeWi	velar-voiceless-9-e	voiceless	velar_e	0.148577923
Baer_Henney_unpublished_2017	tut4	SaDi	velar-voiceless-9-e	voiceless	velar_e	0.138918821
Baer_Henney_unpublished_2017	tut4	AnSt	velar-voiceless-9-e	voiceless	velar_e	0.117760098
Baer_Henney_unpublished_2017	tut4	KiZe	velar-voiceless-9-e	voiceless	velar_e	0.169511228
Baer_Henney_unpublished_2017	tut4	YoVo	velar-voiceless-9-e	voiceless	velar_e	0.162275232
Baer_Henney_unpublished_2017	tut4	SaFl	velar-voiceless-9-e	voiceless	velar_e	0.153526616
Baer_Henney_unpublished_2017	tut5	AyBu	alveolar-voiced-1-e	voiced	alveolar_e	0.139592136
Baer_Henney_unpublished_2017	tut5	JeTh	alveolar-voiced-1-e	voiced	alveolar_e	0.181780396
Baer_Henney_unpublished_2017	tut5	MaKi	alveolar-voiced-1-e	voiced	alveolar_e	0.144352008
Baer_Henney_unpublished_2017	tut5	RaRa	alveolar-voiced-1-e	voiced	alveolar_e	0.090338775
Baer_Henney_unpublished_2017	tut5	ReSc	alveolar-voiced-1-e	voiced	alveolar_e	0.158450198
Baer_Henney_unpublished_2017	tut5	SaSc	alveolar-voiced-1-e	voiced	alveolar_e	0.140551599
Baer_Henney_unpublished_2017	tut5	WiLo	alveolar-voiced-1-e	voiced	alveolar_e	0.149419569
Baer_Henney_unpublished_2017	tut5	JeTh	alveolar-voiced-10	voiced	alveolar_u	0.207749024
Baer_Henney_unpublished_2017	tut5	AyBu	alveolar-voiced-10-u	voiced	alveolar_u	0.087755662
Baer_Henney_unpublished_2017	tut5	RaRa	alveolar-voiced-10-u	voiced	alveolar_u	0.12241027
Baer_Henney_unpublished_2017	tut5	ReSc	alveolar-voiced-10-u	voiced	alveolar_u	0.210551675
Baer_Henney_unpublished_2017	tut5	SaSc	alveolar-voiced-10-u	voiced	alveolar_u	0.101136604
Baer_Henney_unpublished_2017	tut5	WiLo	alveolar-voiced-10-u	voiced	alveolar_u	0.172822593
Baer_Henney_unpublished_2017	tut5	RaRa	alveolar-voiced-11-u	voiced	alveolar_u	0.12241027
Baer_Henney_unpublished_2017	tut5	AyBu	alveolar-voiced-11-y	voiced	alveolar_y	0.077475632
Baer_Henney_unpublished_2017	tut5	JeTh	alveolar-voiced-11-y	voiced	alveolar_y	0.155811767
Baer_Henney_unpublished_2017	tut5	MaKi	alveolar-voiced-11-y	voiced	alveolar_y	0.075890972
Baer_Henney_unpublished_2017	tut5	ReSc	alveolar-voiced-11-y	voiced	alveolar_y	0.200579887
Baer_Henney_unpublished_2017	tut5	SaSc	alveolar-voiced-11-y	voiced	alveolar_y	0.310384376
Baer_Henney_unpublished_2017	tut5	WiLo	alveolar-voiced-11-y	voiced	alveolar_y	0.122416003
Baer_Henney_unpublished_2017	tut5	ReSc	alveolar-voiced-12-u	voiced	alveolar_u	0.187581278
Baer_Henney_unpublished_2017	tut5	AyBu	alveolar-voiced-12-y	voiced	alveolar_y	0.143148744
Baer_Henney_unpublished_2017	tut5	JeTh	alveolar-voiced-12-y	voiced	alveolar_y	0.233717652
Baer_Henney_unpublished_2017	tut5	MaKi	alveolar-voiced-12-y	voiced	alveolar_y	0.10331075
Baer_Henney_unpublished_2017	tut5	RaRa	alveolar-voiced-12-y	voiced	alveolar_y	0.109977639
Baer_Henney_unpublished_2017	tut5	SaSc	alveolar-voiced-12-y	voiced	alveolar_y	0.180621134
Baer_Henney_unpublished_2017	tut5	WiLo	alveolar-voiced-12-y	voiced	alveolar_y	0.15302004
Baer_Henney_unpublished_2017	tut5	RaRa	alveolar-voiced-13-u	voiced	alveolar_u	0.066772138
Baer_Henney_unpublished_2017	tut5	AyBu	alveolar-voiced-13-y	voiced	alveolar_y	0.083040424
Baer_Henney_unpublished_2017	tut5	ReSc	alveolar-voiced-13-y	voiced	alveolar_y	0.165865874
Baer_Henney_unpublished_2017	tut5	JeTh	alveolar-voiced-13-y	voiced	alveolar_y	0.207749024
Baer_Henney_unpublished_2017	tut5	MaKi	alveolar-voiced-13-y	voiced	alveolar_y	0.108264006
Baer_Henney_unpublished_2017	tut5	SaSc	alveolar-voiced-13-y	voiced	alveolar_y	0.315624644
Baer_Henney_unpublished_2017	tut5	WiLo	alveolar-voiced-13-y	voiced	alveolar_y	0.217828528
Baer_Henney_unpublished_2017	tut5	ReSc	alveolar-voiced-14-u	voiced	alveolar_u	0.176437139
Baer_Henney_unpublished_2017	tut5	AyBu	alveolar-voiced-14-u	voiced	alveolar_u	0.101974118
Baer_Henney_unpublished_2017	tut5	JeTh	alveolar-voiced-14-u	voiced	alveolar_u	0.155811768
Baer_Henney_unpublished_2017	tut5	MaKi	alveolar-voiced-14-u	voiced	alveolar_u	0.123831379
Baer_Henney_unpublished_2017	tut5	RaRa	alveolar-voiced-14-u	voiced	alveolar_u	0.154812989
Baer_Henney_unpublished_2017	tut5	SaSc	alveolar-voiced-14-u	voiced	alveolar_u	0.317327693
Baer_Henney_unpublished_2017	tut5	WiLo	alveolar-voiced-14-u	voiced	alveolar_u	0.133217415
Baer_Henney_unpublished_2017	tut5	ReSc	alveolar-voiced-15-a	voiced	alveolar_a	0.22451203
Baer_Henney_unpublished_2017	tut5	AyBu	alveolar-voiced-15-a	voiced	alveolar_a	0.24957629
Baer_Henney_unpublished_2017	tut5	JeTh	alveolar-voiced-15-a	voiced	alveolar_a	0.233717652
Baer_Henney_unpublished_2017	tut5	MaKi	alveolar-voiced-15-a	voiced	alveolar_a	0.199899226
Baer_Henney_unpublished_2017	tut5	RaRa	alveolar-voiced-15-a	voiced	alveolar_a	0.133544276
Baer_Henney_unpublished_2017	tut5	SaSc	alveolar-voiced-15-a	voiced	alveolar_a	0.202197037
Baer_Henney_unpublished_2017	tut5	WiLo	alveolar-voiced-15-a	voiced	alveolar_a	0.167421927
Baer_Henney_unpublished_2017	tut5	RaRa	alveolar-voiced-17-o	voiced	alveolar_o	0.079206645
Baer_Henney_unpublished_2017	tut5	ReSc	alveolar-voiced-2-e	voiced	alveolar_e	0.200312952
Baer_Henney_unpublished_2017	tut5	AyBu	alveolar-voiced-2-e	voiced	alveolar_e	0.155119519
Baer_Henney_unpublished_2017	tut5	JeTh	alveolar-voiced-2-e	voiced	alveolar_e	0.155811768
Baer_Henney_unpublished_2017	tut5	MaKi	alveolar-voiced-2-e	voiced	alveolar_e	0.151194837
Baer_Henney_unpublished_2017	tut5	RaRa	alveolar-voiced-2-e	voiced	alveolar_e	0.12241027
Baer_Henney_unpublished_2017	tut5	SaSc	alveolar-voiced-2-e	voiced	alveolar_e	0.18000468
Baer_Henney_unpublished_2017	tut5	WiLo	alveolar-voiced-2-e	voiced	alveolar_e	0.151219805
Baer_Henney_unpublished_2017	tut5	ReSc	alveolar-voiced-3-e	voiced	alveolar_e	0.199012833
Baer_Henney_unpublished_2017	tut5	AyBu	alveolar-voiced-3-e	voiced	alveolar_e	0.090885213
Baer_Henney_unpublished_2017	tut5	JeTh	alveolar-voiced-3-e	voiced	alveolar_e	0.155811768
Baer_Henney_unpublished_2017	tut5	MaKi	alveolar-voiced-3-e	voiced	alveolar_e	0.146474831
Baer_Henney_unpublished_2017	tut5	RaRa	alveolar-voiced-3-e	voiced	alveolar_e	0.111609364
Baer_Henney_unpublished_2017	tut5	SaSc	alveolar-voiced-3-e	voiced	alveolar_e	0.326606281
Baer_Henney_unpublished_2017	tut5	WiLo	alveolar-voiced-3-e	voiced	alveolar_e	0.153020004
Baer_Henney_unpublished_2017	tut5	ReSc	alveolar-voiced-4-i	voiced	alveolar_i	0.141898014
Baer_Henney_unpublished_2017	tut5	AyBu	alveolar-voiced-4-i	voiced	alveolar_i	0.095040523
Baer_Henney_unpublished_2017	tut5	JeTh	alveolar-voiced-4-i	voiced	alveolar_i	0.155811768
Baer_Henney_unpublished_2017	tut5	MaKi	alveolar-voiced-4-i	voiced	alveolar_i	0.117462908
Baer_Henney_unpublished_2017	tut5	RaRa	alveolar-voiced-4-i	voiced	alveolar_i	0.065525498
Baer_Henney_unpublished_2017	tut5	SaSc	alveolar-voiced-4-i	voiced	alveolar_i	0.100208745
Baer_Henney_unpublished_2017	tut5	WiLo	alveolar-voiced-4-i	voiced	alveolar_i	0.187224476
Baer_Henney_unpublished_2017	tut5	MaKi	alveolar-voiced-4-u	voiced	alveolar_u	0.124538987
Baer_Henney_unpublished_2017	tut5	ReSc	alveolar-voiced-5-i	voiced	alveolar_i	0.162020566
Baer_Henney_unpublished_2017	tut5	AyBu	alveolar-voiced-5-i	voiced	alveolar_i	0.102290654
Baer_Henney_unpublished_2017	tut5	JeTh	alveolar-voiced-5-i	voiced	alveolar_i	0.155811768
Baer_Henney_unpublished_2017	tut5	MaKi	alveolar-voiced-5-i	voiced	alveolar_i	0.123123771
Baer_Henney_unpublished_2017	tut5	RaRa	alveolar-voiced-5-i	voiced	alveolar_i	0.085687189
Baer_Henney_unpublished_2017	tut5	SaSc	alveolar-voiced-5-i	voiced	alveolar_i	0.322894846
Baer_Henney_unpublished_2017	tut5	WiLo	alveolar-voiced-5-i	voiced	alveolar_i	0.124216239
Baer_Henney_unpublished_2017	tut5	ReSc	alveolar-voiced-6-e	voiced	alveolar_e	0.200775072
Baer_Henney_unpublished_2017	tut5	RaRa	alveolar-voiced-6-e	voiced	alveolar_e	0.061205135
Baer_Henney_unpublished_2017	tut5	WiLo	alveolar-voiced-6-e	voiced	alveolar_e	0.169222122
Baer_Henney_unpublished_2017	tut5	AyBu	alveolar-voiced-6-i	voiced	alveolar_i	0.083805549
Baer_Henney_unpublished_2017	tut5	JeTh	alveolar-voiced-6-i	voiced	alveolar_i	0.155811768
Baer_Henney_unpublished_2017	tut5	MaKi	alveolar-voiced-6-i	voiced	alveolar_i	0.134445497
Baer_Henney_unpublished_2017	tut5	SaSc	alveolar-voiced-6-i	voiced	alveolar_i	0.292739436
Baer_Henney_unpublished_2017	tut5	ReSc	alveolar-voiced-7-o	voiced	alveolar_o	0.208540644
Baer_Henney_unpublished_2017	tut5	AyBu	alveolar-voiced-7-o	voiced	alveolar_o	0.115582686
Baer_Henney_unpublished_2017	tut5	JeTh	alveolar-voiced-7-o	voiced	alveolar_o	0.181780396
Baer_Henney_unpublished_2017	tut5	MaKi	alveolar-voiced-7-o	voiced	alveolar_o	0.087743377
Baer_Henney_unpublished_2017	tut5	SaSc	alveolar-voiced-7-o	voiced	alveolar_o	0.311760541
Baer_Henney_unpublished_2017	tut5	WiLo	alveolar-voiced-7-o	voiced	alveolar_o	0.15482024
Baer_Henney_unpublished_2017	tut5	ReSc	alveolar-voiced-8-o	voiced	alveolar_o	0.185712019
Baer_Henney_unpublished_2017	tut5	AyBu	alveolar-voiced-8-o	voiced	alveolar_o	0.117186075
Baer_Henney_unpublished_2017	tut5	JeTh	alveolar-voiced-8-o	voiced	alveolar_o	0.181780396
Baer_Henney_unpublished_2017	tut5	MaKi	alveolar-voiced-8-o	voiced	alveolar_o	0.164165028
Baer_Henney_unpublished_2017	tut5	RaRa	alveolar-voiced-8-o	voiced	alveolar_o	0.113905412
Baer_Henney_unpublished_2017	tut5	SaSc	alveolar-voiced-8-o	voiced	alveolar_o	0.18986795
Baer_Henney_unpublished_2017	tut5	WiLo	alveolar-voiced-8-o	voiced	alveolar_o	0.189024756
Baer_Henney_unpublished_2017	tut5	ReSc	alveolar-voiced-9-o	voiced	alveolar_o	0.222258637
Baer_Henney_unpublished_2017	tut5	AyBu	alveolar-voiced-9-o	voiced	alveolar_o	0.11248364
Baer_Henney_unpublished_2017	tut5	JeTh	alveolar-voiced-9-o	voiced	alveolar_o	0.155811768
Baer_Henney_unpublished_2017	tut5	MaKi	alveolar-voiced-9-o	voiced	alveolar_o	0.151074282
Baer_Henney_unpublished_2017	tut5	RaRa	alveolar-voiced-9-o	voiced	alveolar_o	0.129610874
Baer_Henney_unpublished_2017	tut5	SaSc	alveolar-voiced-9-o	voiced	alveolar_o	0.337740586
Baer_Henney_unpublished_2017	tut5	WiLo	alveolar-voiced-9-o	voiced	alveolar_o	0.199826123
Baer_Henney_unpublished_2017	tut5	ReSc	alveolar-voiceless-1-e	voiceless	alveolar_e	0.157966844
Baer_Henney_unpublished_2017	tut5	AyBu	alveolar-voiceless-1-e	voiceless	alveolar_e	0.109922532
Baer_Henney_unpublished_2017	tut5	JeTh	alveolar-voiceless-1-e	voiceless	alveolar_e	0.207749024
Baer_Henney_unpublished_2017	tut5	MaKi	alveolar-voiceless-1-e	voiceless	alveolar_e	0.135860713
Baer_Henney_unpublished_2017	tut5	RaRa	alveolar-voiceless-1-e	voiceless	alveolar_e	0.060485075
Baer_Henney_unpublished_2017	tut5	SaSc	alveolar-voiceless-1-e	voiceless	alveolar_e	0.404546416
Baer_Henney_unpublished_2017	tut5	WiLo	alveolar-voiceless-1-e	voiceless	alveolar_e	0.129616945
Baer_Henney_unpublished_2017	tut5	WiLo	alveolar-voiceless-10-o	voiceless	alveolar_o	0.118815533
Baer_Henney_unpublished_2017	tut5	ReSc	alveolar-voiceless-10-u	voiceless	alveolar_u	0.196046264
Baer_Henney_unpublished_2017	tut5	AyBu	alveolar-voiceless-10-u	voiceless	alveolar_u	0.088200297
Baer_Henney_unpublished_2017	tut5	JeTh	alveolar-voiceless-10-u	voiceless	alveolar_u	0.181780396
Baer_Henney_unpublished_2017	tut5	MaKi	alveolar-voiceless-10-u	voiceless	alveolar_u	0.135860713
Baer_Henney_unpublished_2017	tut5	RaRa	alveolar-voiceless-10-u	voiceless	alveolar_u	0.072006041
Baer_Henney_unpublished_2017	tut5	SaSc	alveolar-voiceless-10-u	voiceless	alveolar_u	0.259800451
Baer_Henney_unpublished_2017	tut5	AyBu	alveolar-voiceless-11-y	voiceless	alveolar_y	0.150114572
Baer_Henney_unpublished_2017	tut5	ReSc	alveolar-voiceless-11-y	voiceless	alveolar_y	0.176124597
Baer_Henney_unpublished_2017	tut5	JeTh	alveolar-voiceless-11-y	voiceless	alveolar_y	0.12984314
Baer_Henney_unpublished_2017	tut5	MaKi	alveolar-voiceless-11-y	voiceless	alveolar_y	0.063154003
Baer_Henney_unpublished_2017	tut5	RaRa	alveolar-voiceless-11-y	voiceless	alveolar_y	0.129616503
Baer_Henney_unpublished_2017	tut5	SaSc	alveolar-voiceless-11-y	voiceless	alveolar_y	0.059179621
Baer_Henney_unpublished_2017	tut5	WiLo	alveolar-voiceless-11-y	voiceless	alveolar_y	0.17462287
Baer_Henney_unpublished_2017	tut5	RaRa	alveolar-voiceless-12-u	voiceless	alveolar_u	0.115209666
Baer_Henney_unpublished_2017	tut5	AyBu	alveolar-voiceless-12-y	voiceless	alveolar_y	0.100139128
Baer_Henney_unpublished_2017	tut5	ReSc	alveolar-voiceless-12-y	voiceless	alveolar_y	0.172426568
Baer_Henney_unpublished_2017	tut5	JeTh	alveolar-voiceless-12-y	voiceless	alveolar_y	0.103874512
Baer_Henney_unpublished_2017	tut5	MaKi	alveolar-voiceless-12-y	voiceless	alveolar_y	0.090573809
Baer_Henney_unpublished_2017	tut5	SaSc	alveolar-voiceless-12-y	voiceless	alveolar_y	0.308049106
Baer_Henney_unpublished_2017	tut5	WiLo	alveolar-voiceless-12-y	voiceless	alveolar_y	0.13141718
Baer_Henney_unpublished_2017	tut5	RaRa	alveolar-voiceless-13-u	voiceless	alveolar_u	0.060485075
Baer_Henney_unpublished_2017	tut5	AyBu	alveolar-voiceless-13-y	voiceless	alveolar_y	0.077117039
Baer_Henney_unpublished_2017	tut5	ReSc	alveolar-voiceless-13-y	voiceless	alveolar_y	0.179171134
Baer_Henney_unpublished_2017	tut5	JeTh	alveolar-voiceless-13-y	voiceless	alveolar_y	0.181780396
Baer_Henney_unpublished_2017	tut5	MaKi	alveolar-voiceless-13-y	voiceless	alveolar_y	0.118878124
Baer_Henney_unpublished_2017	tut5	SaSc	alveolar-voiceless-13-y	voiceless	alveolar_y	0.252377581
Baer_Henney_unpublished_2017	tut5	WiLo	alveolar-voiceless-13-y	voiceless	alveolar_y	0.122416003
Baer_Henney_unpublished_2017	tut5	ReSc	alveolar-voiceless-14-u	voiceless	alveolar_u	0.187757499
Baer_Henney_unpublished_2017	tut5	AyBu	alveolar-voiceless-14-u	voiceless	alveolar_u	0.089152533
Baer_Henney_unpublished_2017	tut5	MaKi	alveolar-voiceless-14-u	voiceless	alveolar_u	0.110386829
Baer_Henney_unpublished_2017	tut5	RaRa	alveolar-voiceless-14-u	voiceless	alveolar_u	0.060485075
Baer_Henney_unpublished_2017	tut5	SaSc	alveolar-voiceless-14-u	voiceless	alveolar_u	0.329389857
Baer_Henney_unpublished_2017	tut5	WiLo	alveolar-voiceless-14-u	voiceless	alveolar_u	0.144018827
Baer_Henney_unpublished_2017	tut5	JeTh	alveolar-voiceless-14-y	voiceless	alveolar_y	0.181780396
Baer_Henney_unpublished_2017	tut5	ReSc	alveolar-voiceless-15-a	voiceless	alveolar_a	0.149827586
Baer_Henney_unpublished_2017	tut5	AyBu	alveolar-voiceless-15-a	voiceless	alveolar_a	0.15254172
Baer_Henney_unpublished_2017	tut5	JeTh	alveolar-voiceless-15-a	voiceless	alveolar_a	0.155811768
Baer_Henney_unpublished_2017	tut5	MaKi	alveolar-voiceless-15-a	voiceless	alveolar_a	0.147182439
Baer_Henney_unpublished_2017	tut5	RaRa	alveolar-voiceless-15-a	voiceless	alveolar_a	0.055444652
Baer_Henney_unpublished_2017	tut5	SaSc	alveolar-voiceless-15-a	voiceless	alveolar_a	0.159591705
Baer_Henney_unpublished_2017	tut5	WiLo	alveolar-voiceless-15-a	voiceless	alveolar_a	0.178223299
Baer_Henney_unpublished_2017	tut5	ReSc	alveolar-voiceless-2-e	voiceless	alveolar_e	0.196244074
Baer_Henney_unpublished_2017	tut5	AyBu	alveolar-voiceless-2-e	voiceless	alveolar_e	0.140140633
Baer_Henney_unpublished_2017	tut5	JeTh	alveolar-voiceless-2-e	voiceless	alveolar_e	0.207749024
Baer_Henney_unpublished_2017	tut5	MaKi	alveolar-voiceless-2-e	voiceless	alveolar_e	0.14010636
Baer_Henney_unpublished_2017	tut5	RaRa	alveolar-voiceless-2-e	voiceless	alveolar_e	0.085687189
Baer_Henney_unpublished_2017	tut5	SaSc	alveolar-voiceless-2-e	voiceless	alveolar_e	0.325678422
Baer_Henney_unpublished_2017	tut5	WiLo	alveolar-voiceless-2-e	voiceless	alveolar_e	0.153020004
Baer_Henney_unpublished_2017	tut5	ReSc	alveolar-voiceless-3-e	voiceless	alveolar_e	0.158525226
Baer_Henney_unpublished_2017	tut5	AyBu	alveolar-voiceless-3-e	voiceless	alveolar_e	0.109732193
Baer_Henney_unpublished_2017	tut5	JeTh	alveolar-voiceless-3-e	voiceless	alveolar_e	0.155811768
Baer_Henney_unpublished_2017	tut5	MaKi	alveolar-voiceless-3-e	voiceless	alveolar_e	0.128784634
Baer_Henney_unpublished_2017	tut5	RaRa	alveolar-voiceless-3-e	voiceless	alveolar_e	0.129610874
Baer_Henney_unpublished_2017	tut5	SaSc	alveolar-voiceless-3-e	voiceless	alveolar_e	0.260728309
Baer_Henney_unpublished_2017	tut5	WiLo	alveolar-voiceless-3-e	voiceless	alveolar_e	0.153020004
Baer_Henney_unpublished_2017	tut5	RaRa	alveolar-voiceless-4	voiceless	alveolar_i	0.085687189
Baer_Henney_unpublished_2017	tut5	ReSc	alveolar-voiceless-4-i	voiceless	alveolar_i	0.100443199
Baer_Henney_unpublished_2017	tut5	AyBu	alveolar-voiceless-4-i	voiceless	alveolar_i	0.086195077
Baer_Henney_unpublished_2017	tut5	JeTh	alveolar-voiceless-4-i	voiceless	alveolar_i	0.077905884
Baer_Henney_unpublished_2017	tut5	MaKi	alveolar-voiceless-4-i	voiceless	alveolar_i	0.121708555
Baer_Henney_unpublished_2017	tut5	SaSc	alveolar-voiceless-4-i	voiceless	alveolar_i	0.371143501
Baer_Henney_unpublished_2017	tut5	WiLo	alveolar-voiceless-4-i	voiceless	alveolar_i	0.115215062
Baer_Henney_unpublished_2017	tut5	ReSc	alveolar-voiceless-5-i	voiceless	alveolar_i	0.154366608
Baer_Henney_unpublished_2017	tut5	AyBu	alveolar-voiceless-5-i	voiceless	alveolar_i	0.110109118
Baer_Henney_unpublished_2017	tut5	JeTh	alveolar-voiceless-5-i	voiceless	alveolar_i	0.155811768
Baer_Henney_unpublished_2017	tut5	MaKi	alveolar-voiceless-5-i	voiceless	alveolar_i	0.108264006
Baer_Henney_unpublished_2017	tut5	RaRa	alveolar-voiceless-5-i	voiceless	alveolar_i	0.095768035
Baer_Henney_unpublished_2017	tut5	SaSc	alveolar-voiceless-5-i	voiceless	alveolar_i	0.253979206
Baer_Henney_unpublished_2017	tut5	WiLo	alveolar-voiceless-5-i	voiceless	alveolar_i	0.144018862
Baer_Henney_unpublished_2017	tut5	WiLo	alveolar-voiceless-6-e	voiceless	alveolar_e	0.117015325
Baer_Henney_unpublished_2017	tut5	ReSc	alveolar-voiceless-6-i	voiceless	alveolar_i	0.158965862
Baer_Henney_unpublished_2017	tut5	AyBu	alveolar-voiceless-6-i	voiceless	alveolar_i	0.121794056
Baer_Henney_unpublished_2017	tut5	JeTh	alveolar-voiceless-6-i	voiceless	alveolar_i	0.181780396
Baer_Henney_unpublished_2017	tut5	MaKi	alveolar-voiceless-6-i	voiceless	alveolar_i	0.095527064
Baer_Henney_unpublished_2017	tut5	RaRa	alveolar-voiceless-6-i	voiceless	alveolar_i	0.102122093
Baer_Henney_unpublished_2017	tut5	SaSc	alveolar-voiceless-6-i	voiceless	alveolar_i	0.157812322
Baer_Henney_unpublished_2017	tut5	ReSc	alveolar-voiceless-7-o	voiceless	alveolar_o	0.111989331
Baer_Henney_unpublished_2017	tut5	AyBu	alveolar-voiceless-7-o	voiceless	alveolar_o	0.129583209
Baer_Henney_unpublished_2017	tut5	JeTh	alveolar-voiceless-7-o	voiceless	alveolar_o	0.181780396
Baer_Henney_unpublished_2017	tut5	MaKi	alveolar-voiceless-7-o	voiceless	alveolar_o	0.196714991
Baer_Henney_unpublished_2017	tut5	RaRa	alveolar-voiceless-7-o	voiceless	alveolar_o	0.141399822
Baer_Henney_unpublished_2017	tut5	SaSc	alveolar-voiceless-7-o	voiceless	alveolar_o	0.077673252
Baer_Henney_unpublished_2017	tut5	WiLo	alveolar-voiceless-7-o	voiceless	alveolar_o	0.10621391
Baer_Henney_unpublished_2017	tut5	ReSc	alveolar-voiceless-8-o	voiceless	alveolar_o	0.181039293
Baer_Henney_unpublished_2017	tut5	AyBu	alveolar-voiceless-8-o	voiceless	alveolar_o	0.237854375
Baer_Henney_unpublished_2017	tut5	JeTh	alveolar-voiceless-8-o	voiceless	alveolar_o	0.181780396
Baer_Henney_unpublished_2017	tut5	MaKi	alveolar-voiceless-8-o	voiceless	alveolar_o	0.184685657
Baer_Henney_unpublished_2017	tut5	RaRa	alveolar-voiceless-8-o	voiceless	alveolar_o	0.102122093
Baer_Henney_unpublished_2017	tut5	SaSc	alveolar-voiceless-8-o	voiceless	alveolar_o	0.110322503
Baer_Henney_unpublished_2017	tut5	WiLo	alveolar-voiceless-8-o	voiceless	alveolar_o	0.115215089
Baer_Henney_unpublished_2017	tut5	ReSc	alveolar-voiceless-9-o	voiceless	alveolar_o	0.189112049
Baer_Henney_unpublished_2017	tut5	AyBu	alveolar-voiceless-9-o	voiceless	alveolar_o	0.145816737
Baer_Henney_unpublished_2017	tut5	JeTh	alveolar-voiceless-9-o	voiceless	alveolar_o	0.12984314
Baer_Henney_unpublished_2017	tut5	MaKi	alveolar-voiceless-9-o	voiceless	alveolar_o	0.145573491
Baer_Henney_unpublished_2017	tut5	RaRa	alveolar-voiceless-9-o	voiceless	alveolar_o	0.148469813
Baer_Henney_unpublished_2017	tut5	SaSc	alveolar-voiceless-9-o	voiceless	alveolar_o	0.069302197
Baer_Henney_unpublished_2017	tut5	WiLo	alveolar-voiceless-9-o	voiceless	alveolar_o	0.216028292
Baer_Henney_unpublished_2017	tut5	JeTh	labial-voiced-1	voiced	labial_e	0.155811768
Baer_Henney_unpublished_2017	tut5	ReSc	labial-voiced-1-e	voiced	labial_e	0.198553029
Baer_Henney_unpublished_2017	tut5	AyBu	labial-voiced-1-e	voiced	labial_e	0.108266349
Baer_Henney_unpublished_2017	tut5	MaKi	labial-voiced-1-e	voiced	labial_e	0.127369418
Baer_Henney_unpublished_2017	tut5	RaRa	labial-voiced-1-e	voiced	labial_e	0.149255367
Baer_Henney_unpublished_2017	tut5	SaSc	labial-voiced-1-e	voiced	labial_e	0.296514558
Baer_Henney_unpublished_2017	tut5	WiLo	labial-voiced-1-e	voiced	labial_e	0.172822634
Baer_Henney_unpublished_2017	tut5	ReSc	labial-voiced-10-o	voiced	labial_o	0.275404597
Baer_Henney_unpublished_2017	tut5	AyBu	labial-voiced-10-o	voiced	labial_o	0.100569438
Baer_Henney_unpublished_2017	tut5	JeTh	labial-voiced-10-o	voiced	labial_o	0.155811768
Baer_Henney_unpublished_2017	tut5	MaKi	labial-voiced-10-o	voiced	labial_o	0.124538987
Baer_Henney_unpublished_2017	tut5	RaRa	labial-voiced-10-o	voiced	labial_o	0.109977639
Baer_Henney_unpublished_2017	tut5	SaSc	labial-voiced-10-o	voiced	labial_o	0.245965299
Baer_Henney_unpublished_2017	tut5	WiLo	labial-voiced-10-o	voiced	labial_o	0.176423105
Baer_Henney_unpublished_2017	tut5	ReSc	labial-voiced-11-o	voiced	labial_o	0.218001919
Baer_Henney_unpublished_2017	tut5	AyBu	labial-voiced-11-o	voiced	labial_o	0.127984829
Baer_Henney_unpublished_2017	tut5	JeTh	labial-voiced-11-o	voiced	labial_o	0.181780396
Baer_Henney_unpublished_2017	tut5	MaKi	labial-voiced-11-o	voiced	labial_o	0.138691144
Baer_Henney_unpublished_2017	tut5	RaRa	labial-voiced-11-o	voiced	labial_o	0.106049866
Baer_Henney_unpublished_2017	tut5	SaSc	labial-voiced-11-o	voiced	labial_o	0.107263063
Baer_Henney_unpublished_2017	tut5	WiLo	labial-voiced-11-o	voiced	labial_o	0.167421927
Baer_Henney_unpublished_2017	tut5	ReSc	labial-voiced-12-u	voiced	labial_u	0.149208059
Baer_Henney_unpublished_2017	tut5	AyBu	labial-voiced-12-u	voiced	labial_u	0.073899288
Baer_Henney_unpublished_2017	tut5	JeTh	labial-voiced-12-u	voiced	labial_u	0.181780396
Baer_Henney_unpublished_2017	tut5	MaKi	labial-voiced-12-u	voiced	labial_u	0.094819456
Baer_Henney_unpublished_2017	tut5	RaRa	labial-voiced-12-u	voiced	labial_u	0.079206645
Baer_Henney_unpublished_2017	tut5	SaSc	labial-voiced-12-u	voiced	labial_u	0.311760541
Baer_Henney_unpublished_2017	tut5	WiLo	labial-voiced-12-u	voiced	labial_u	0.113414827
Baer_Henney_unpublished_2017	tut5	ReSc	labial-voiced-13-u	voiced	labial_u	0.2439089
Baer_Henney_unpublished_2017	tut5	AyBu	labial-voiced-13-u	voiced	labial_u	0.101147867
Baer_Henney_unpublished_2017	tut5	JeTh	labial-voiced-13-u	voiced	labial_u	0.207749024
Baer_Henney_unpublished_2017	tut5	MaKi	labial-voiced-13-u	voiced	labial_u	0.062269493
Baer_Henney_unpublished_2017	tut5	RaRa	labial-voiced-13-u	voiced	labial_u	0.090007552
Baer_Henney_unpublished_2017	tut5	SaSc	labial-voiced-13-u	voiced	labial_u	0.299698377
Baer_Henney_unpublished_2017	tut5	WiLo	labial-voiced-13-u	voiced	labial_u	0.113414827
Baer_Henney_unpublished_2017	tut5	RaRa	labial-voiced-14-u	voiced	labial_u	0.07056592
Baer_Henney_unpublished_2017	tut5	AyBu	labial-voiced-14-y	voiced	labial_y	0.116506641
Baer_Henney_unpublished_2017	tut5	ReSc	labial-voiced-14-y	voiced	labial_y	0.143754346
Baer_Henney_unpublished_2017	tut5	JeTh	labial-voiced-14-y	voiced	labial_y	0.207749024
Baer_Henney_unpublished_2017	tut5	MaKi	labial-voiced-14-y	voiced	labial_y	0.117462908
Baer_Henney_unpublished_2017	tut5	SaSc	labial-voiced-14-y	voiced	labial_y	0.306193388
Baer_Henney_unpublished_2017	tut5	WiLo	labial-voiced-14-y	voiced	labial_y	0.13141718
Baer_Henney_unpublished_2017	tut5	RaRa	labial-voiced-15-o	voiced	labial_o	0.12241027
Baer_Henney_unpublished_2017	tut5	AyBu	labial-voiced-15-y	voiced	labial_y	0.122907032
Baer_Henney_unpublished_2017	tut5	ReSc	labial-voiced-15-y	voiced	labial_y	0.113120522
Baer_Henney_unpublished_2017	tut5	JeTh	labial-voiced-15-y	voiced	labial_y	0.181780396
Baer_Henney_unpublished_2017	tut5	MaKi	labial-voiced-15-y	voiced	labial_y	0.080637246
Baer_Henney_unpublished_2017	tut5	SaSc	labial-voiced-15-y	voiced	labial_y	0.226855213
Baer_Henney_unpublished_2017	tut5	WiLo	labial-voiced-15-y	voiced	labial_y	0.144018862
Baer_Henney_unpublished_2017	tut5	ReSc	labial-voiced-2-e	voiced	labial_e	0.180798519
Baer_Henney_unpublished_2017	tut5	AyBu	labial-voiced-2-e	voiced	labial_e	0.135160242
Baer_Henney_unpublished_2017	tut5	JeTh	labial-voiced-2-e	voiced	labial_e	0.181780396
Baer_Henney_unpublished_2017	tut5	MaKi	labial-voiced-2-e	voiced	labial_e	0.135860713
Baer_Henney_unpublished_2017	tut5	SaSc	labial-voiced-2-e	voiced	labial_e	0.17814888
Baer_Henney_unpublished_2017	tut5	WiLo	labial-voiced-2-e	voiced	labial_e	0.241231536
Baer_Henney_unpublished_2017	tut5	RaRa	labial-voiced-2-u	voiced	labial_u	0.060485075
Baer_Henney_unpublished_2017	tut5	ReSc	labial-voiced-3-a	voiced	labial_a	0.156149613
Baer_Henney_unpublished_2017	tut5	AyBu	labial-voiced-3-a	voiced	labial_a	0.105203309
Baer_Henney_unpublished_2017	tut5	JeTh	labial-voiced-3-a	voiced	labial_a	0.155811768
Baer_Henney_unpublished_2017	tut5	MaKi	labial-voiced-3-a	voiced	labial_a	0.145767223
Baer_Henney_unpublished_2017	tut5	SaSc	labial-voiced-3-a	voiced	labial_a	0.278357626
Baer_Henney_unpublished_2017	tut5	WiLo	labial-voiced-3-a	voiced	labial_a	0.145819063
Baer_Henney_unpublished_2017	tut5	RaRa	labial-voiced-3-i	voiced	labial_i	0.072006041
Baer_Henney_unpublished_2017	tut5	ReSc	labial-voiced-4-e	voiced	labial_e	0.221322811
Baer_Henney_unpublished_2017	tut5	AyBu	labial-voiced-4-e	voiced	labial_e	0.10021094
Baer_Henney_unpublished_2017	tut5	JeTh	labial-voiced-4-e	voiced	labial_e	0.155811768
Baer_Henney_unpublished_2017	tut5	MaKi	labial-voiced-4-e	voiced	labial_e	0.12029334
Baer_Henney_unpublished_2017	tut5	RaRa	labial-voiced-4-e	voiced	labial_e	0.105848881
Baer_Henney_unpublished_2017	tut5	SaSc	labial-voiced-4-e	voiced	labial_e	0.317327693
Baer_Henney_unpublished_2017	tut5	WiLo	labial-voiced-4-e	voiced	labial_e	0.207027064
Baer_Henney_unpublished_2017	tut5	ReSc	labial-voiced-5-e	voiced	labial_e	0.118336869
Baer_Henney_unpublished_2017	tut5	AyBu	labial-voiced-5-e	voiced	labial_e	0.103631282
Baer_Henney_unpublished_2017	tut5	JeTh	labial-voiced-5-e	voiced	labial_e	0.155811768
Baer_Henney_unpublished_2017	tut5	MaKi	labial-voiced-5-e	voiced	labial_e	0.141521576
Baer_Henney_unpublished_2017	tut5	RaRa	labial-voiced-5-e	voiced	labial_e	0.136811478
Baer_Henney_unpublished_2017	tut5	SaSc	labial-voiced-5-e	voiced	labial_e	0.369287783
Baer_Henney_unpublished_2017	tut5	WiLo	labial-voiced-5-e	voiced	labial_e	0.124216239
Baer_Henney_unpublished_2017	tut5	RaRa	labial-voiced-6-a	voiced	labial_a	0.064805437
Baer_Henney_unpublished_2017	tut5	ReSc	labial-voiced-6-i	voiced	labial_i	0.163402209
Baer_Henney_unpublished_2017	tut5	AyBu	labial-voiced-6-i	voiced	labial_i	0.100169303
Baer_Henney_unpublished_2017	tut5	JeTh	labial-voiced-6-i	voiced	labial_i	0.233717652
Baer_Henney_unpublished_2017	tut5	MaKi	labial-voiced-6-i	voiced	labial_i	0.074434381
Baer_Henney_unpublished_2017	tut5	SaSc	labial-voiced-6-i	voiced	labial_i	0.153497141
Baer_Henney_unpublished_2017	tut5	WiLo	labial-voiced-6-i	voiced	labial_i	0.147619333
Baer_Henney_unpublished_2017	tut5	WiLo	labial-voiced-7-e	voiced	labial_e	0.099012967
Baer_Henney_unpublished_2017	tut5	ReSc	labial-voiced-7-i	voiced	labial_i	0.156468864
Baer_Henney_unpublished_2017	tut5	AyBu	labial-voiced-7-i	voiced	labial_i	0.089783311
Baer_Henney_unpublished_2017	tut5	JeTh	labial-voiced-7-i	voiced	labial_i	0.155811768
Baer_Henney_unpublished_2017	tut5	MaKi	labial-voiced-7-i	voiced	labial_i	0.105433574
Baer_Henney_unpublished_2017	tut5	RaRa	labial-voiced-7-i	voiced	labial_i	0.109977639
Baer_Henney_unpublished_2017	tut5	SaSc	labial-voiced-7-i	voiced	labial_i	0.220690669
Baer_Henney_unpublished_2017	tut5	ReSc	labial-voiced-8-i	voiced	labial_i	0.180663609
Baer_Henney_unpublished_2017	tut5	AyBu	labial-voiced-8-i	voiced	labial_i	0.088901318
Baer_Henney_unpublished_2017	tut5	JeTh	labial-voiced-8-i	voiced	labial_i	0.207749024
Baer_Henney_unpublished_2017	tut5	MaKi	labial-voiced-8-i	voiced	labial_i	0.108971614
Baer_Henney_unpublished_2017	tut5	RaRa	labial-voiced-8-i	voiced	labial_i	0.10440876
Baer_Henney_unpublished_2017	tut5	SaSc	labial-voiced-8-i	voiced	labial_i	0.157195868
Baer_Henney_unpublished_2017	tut5	WiLo	labial-voiced-8-i	voiced	labial_i	0.126016504
Baer_Henney_unpublished_2017	tut5	ReSc	labial-voiced-9-i	voiced	labial_i	0.196790739
Baer_Henney_unpublished_2017	tut5	AyBu	labial-voiced-9-i	voiced	labial_i	0.124680873
Baer_Henney_unpublished_2017	tut5	JeTh	labial-voiced-9-i	voiced	labial_i	0.181780396
Baer_Henney_unpublished_2017	tut5	MaKi	labial-voiced-9-i	voiced	labial_i	0.078190671
Baer_Henney_unpublished_2017	tut5	RaRa	labial-voiced-9-i	voiced	labial_i	0.051061047
Baer_Henney_unpublished_2017	tut5	SaSc	labial-voiced-9-i	voiced	labial_i	0.260143749
Baer_Henney_unpublished_2017	tut5	WiLo	labial-voiced-9-i	voiced	labial_i	0.126016504
Baer_Henney_unpublished_2017	tut5	ReSc	labial-voiceless-1-e	voiceless	labial_e	0.131330224
Baer_Henney_unpublished_2017	tut5	AyBu	labial-voiceless-1-e	voiceless	labial_e	0.113533107
Baer_Henney_unpublished_2017	tut5	JeTh	labial-voiceless-1-e	voiceless	labial_e	0.181780396
Baer_Henney_unpublished_2017	tut5	MaKi	labial-voiceless-1-e	voiceless	labial_e	0.124538987
Baer_Henney_unpublished_2017	tut5	SaSc	labial-voiceless-1-e	voiceless	labial_e	0.355369902
Baer_Henney_unpublished_2017	tut5	WiLo	labial-voiceless-1-e	voiceless	labial_e	0.151219769
Baer_Henney_unpublished_2017	tut5	AyBu	labial-voiceless-10-o	voiceless	labial_o	0.096934347
Baer_Henney_unpublished_2017	tut5	JeTh	labial-voiceless-10-o	voiceless	labial_o	0.181780396
Baer_Henney_unpublished_2017	tut5	MaKi	labial-voiceless-10-o	voiceless	labial_o	0.137275929
Baer_Henney_unpublished_2017	tut5	RaRa	labial-voiceless-10-o	voiceless	labial_o	0.136811478
Baer_Henney_unpublished_2017	tut5	SaSc	labial-voiceless-10-o	voiceless	labial_o	0.392484252
Baer_Henney_unpublished_2017	tut5	WiLo	labial-voiceless-10-o	voiceless	labial_o	0.106213885
Baer_Henney_unpublished_2017	tut5	ReSc	labial-voiceless-10-u	voiceless	labial_u	0.217079172
Baer_Henney_unpublished_2017	tut5	ReSc	labial-voiceless-11-o	voiceless	labial_o	0.249708466
Baer_Henney_unpublished_2017	tut5	AyBu	labial-voiceless-11-o	voiceless	labial_o	0.20592183
Baer_Henney_unpublished_2017	tut5	JeTh	labial-voiceless-11-o	voiceless	labial_o	0.12984314
Baer_Henney_unpublished_2017	tut5	MaKi	labial-voiceless-11-o	voiceless	labial_o	0.14010636
Baer_Henney_unpublished_2017	tut5	RaRa	labial-voiceless-11-o	voiceless	labial_o	0.078555456
Baer_Henney_unpublished_2017	tut5	SaSc	labial-voiceless-11-o	voiceless	labial_o	0.138702236
Baer_Henney_unpublished_2017	tut5	WiLo	labial-voiceless-11-o	voiceless	labial_o	0.172822634
Baer_Henney_unpublished_2017	tut5	ReSc	labial-voiceless-12-u	voiceless	labial_u	0.142151512
Baer_Henney_unpublished_2017	tut5	AyBu	labial-voiceless-12-u	voiceless	labial_u	0.080264304
Baer_Henney_unpublished_2017	tut5	JeTh	labial-voiceless-12-u	voiceless	labial_u	0.155811768
Baer_Henney_unpublished_2017	tut5	MaKi	labial-voiceless-12-u	voiceless	labial_u	0.084912946
Baer_Henney_unpublished_2017	tut5	RaRa	labial-voiceless-12-u	voiceless	labial_u	0.147612385
Baer_Henney_unpublished_2017	tut5	SaSc	labial-voiceless-12-u	voiceless	labial_u	0.326606281
Baer_Henney_unpublished_2017	tut5	WiLo	labial-voiceless-12-u	voiceless	labial_u	0.099012944
Baer_Henney_unpublished_2017	tut5	ReSc	labial-voiceless-13-u	voiceless	labial_u	0.138754715
Baer_Henney_unpublished_2017	tut5	AyBu	labial-voiceless-13-u	voiceless	labial_u	0.073239041
Baer_Henney_unpublished_2017	tut5	JeTh	labial-voiceless-13-u	voiceless	labial_u	0.181780396
Baer_Henney_unpublished_2017	tut5	MaKi	labial-voiceless-13-u	voiceless	labial_u	0.045994512
Baer_Henney_unpublished_2017	tut5	RaRa	labial-voiceless-13-u	voiceless	labial_u	0.043203625
Baer_Henney_unpublished_2017	tut5	SaSc	labial-voiceless-13-u	voiceless	labial_u	0.202273208
Baer_Henney_unpublished_2017	tut5	WiLo	labial-voiceless-13-u	voiceless	labial_u	0.13141718
Baer_Henney_unpublished_2017	tut5	AyBu	labial-voiceless-14-y	voiceless	labial_y	0.093489467
Baer_Henney_unpublished_2017	tut5	ReSc	labial-voiceless-14-y	voiceless	labial_y	0.208684354
Baer_Henney_unpublished_2017	tut5	JeTh	labial-voiceless-14-y	voiceless	labial_y	0.12984314
Baer_Henney_unpublished_2017	tut5	MaKi	labial-voiceless-14-y	voiceless	labial_y	0.094819456
Baer_Henney_unpublished_2017	tut5	SaSc	labial-voiceless-14-y	voiceless	labial_y	0.277429767
Baer_Henney_unpublished_2017	tut5	WiLo	labial-voiceless-14-y	voiceless	labial_y	0.113414827
Baer_Henney_unpublished_2017	tut5	RaRa	labial-voiceless-15-u	voiceless	labial_u	0.118809968
Baer_Henney_unpublished_2017	tut5	AyBu	labial-voiceless-15-y	voiceless	labial_y	0.120573308
Baer_Henney_unpublished_2017	tut5	ReSc	labial-voiceless-15-y	voiceless	labial_y	0.134020368
Baer_Henney_unpublished_2017	tut5	JeTh	labial-voiceless-15-y	voiceless	labial_y	0.207749024
Baer_Henney_unpublished_2017	tut5	MaKi	labial-voiceless-15-y	voiceless	labial_y	0.13019985
Baer_Henney_unpublished_2017	tut5	SaSc	labial-voiceless-15-y	voiceless	labial_y	0.283924778
Baer_Henney_unpublished_2017	tut5	WiLo	labial-voiceless-15-y	voiceless	labial_y	0.124216268
Baer_Henney_unpublished_2017	tut5	ReSc	labial-voiceless-2-e	voiceless	labial_e	0.173791535
Baer_Henney_unpublished_2017	tut5	AyBu	labial-voiceless-2-e	voiceless	labial_e	0.116884716
Baer_Henney_unpublished_2017	tut5	JeTh	labial-voiceless-2-e	voiceless	labial_e	0.25968628
Baer_Henney_unpublished_2017	tut5	MaKi	labial-voiceless-2-e	voiceless	labial_e	0.128077026
Baer_Henney_unpublished_2017	tut5	RaRa	labial-voiceless-2-e	voiceless	labial_e	0.113905412
Baer_Henney_unpublished_2017	tut5	SaSc	labial-voiceless-2-e	voiceless	labial_e	0.224389395
Baer_Henney_unpublished_2017	tut5	WiLo	labial-voiceless-2-e	voiceless	labial_e	0.124216268
Baer_Henney_unpublished_2017	tut5	ReSc	labial-voiceless-3-a	voiceless	labial_a	0.147236962
Baer_Henney_unpublished_2017	tut5	AyBu	labial-voiceless-3-a	voiceless	labial_a	0.100408795
Baer_Henney_unpublished_2017	tut5	JeTh	labial-voiceless-3-a	voiceless	labial_a	0.233717652
Baer_Henney_unpublished_2017	tut5	MaKi	labial-voiceless-3-a	voiceless	labial_a	0.169825891
Baer_Henney_unpublished_2017	tut5	RaRa	labial-voiceless-3-a	voiceless	labial_a	0.093607854
Baer_Henney_unpublished_2017	tut5	SaSc	labial-voiceless-3-a	voiceless	labial_a	0.361864913
Baer_Henney_unpublished_2017	tut5	WiLo	labial-voiceless-3-a	voiceless	labial_a	0.126016474
Baer_Henney_unpublished_2017	tut5	ReSc	labial-voiceless-4-e	voiceless	labial_e	0.177479395
Baer_Henney_unpublished_2017	tut5	AyBu	labial-voiceless-4-e	voiceless	labial_e	0.095429397
Baer_Henney_unpublished_2017	tut5	JeTh	labial-voiceless-4-e	voiceless	labial_e	0.155811768
Baer_Henney_unpublished_2017	tut5	MaKi	labial-voiceless-4-e	voiceless	labial_e	0.135153105
Baer_Henney_unpublished_2017	tut5	RaRa	labial-voiceless-4-e	voiceless	labial_e	0.090727612
Baer_Henney_unpublished_2017	tut5	SaSc	labial-voiceless-4-e	voiceless	labial_e	0.325678422
Baer_Henney_unpublished_2017	tut5	WiLo	labial-voiceless-4-e	voiceless	labial_e	0.084611061
Baer_Henney_unpublished_2017	tut5	ReSc	labial-voiceless-5-e	voiceless	labial_e	0.158017895
Baer_Henney_unpublished_2017	tut5	AyBu	labial-voiceless-5-e	voiceless	labial_e	0.056342464
Baer_Henney_unpublished_2017	tut5	JeTh	labial-voiceless-5-e	voiceless	labial_e	0.155811768
Baer_Henney_unpublished_2017	tut5	MaKi	labial-voiceless-5-e	voiceless	labial_e	0.132322674
Baer_Henney_unpublished_2017	tut5	RaRa	labial-voiceless-5-e	voiceless	labial_e	0.093607854
Baer_Henney_unpublished_2017	tut5	SaSc	labial-voiceless-5-e	voiceless	labial_e	0.309904823
Baer_Henney_unpublished_2017	tut5	WiLo	labial-voiceless-5-e	voiceless	labial_e	0.093612238
Baer_Henney_unpublished_2017	tut5	ReSc	labial-voiceless-6-i	voiceless	labial_i	0.214483414
Baer_Henney_unpublished_2017	tut5	AyBu	labial-voiceless-6-i	voiceless	labial_i	0.092157931
Baer_Henney_unpublished_2017	tut5	JeTh	labial-voiceless-6-i	voiceless	labial_i	0.155811768
Baer_Henney_unpublished_2017	tut5	MaKi	labial-voiceless-6-i	voiceless	labial_i	0.096234672
Baer_Henney_unpublished_2017	tut5	RaRa	labial-voiceless-6-i	voiceless	labial_i	0.094266548
Baer_Henney_unpublished_2017	tut5	SaSc	labial-voiceless-6-i	voiceless	labial_i	0.24473239
Baer_Henney_unpublished_2017	tut5	WiLo	labial-voiceless-6-i	voiceless	labial_i	0.122416032
Baer_Henney_unpublished_2017	tut5	ReSc	labial-voiceless-7-i	voiceless	labial_i	0.153502487
Baer_Henney_unpublished_2017	tut5	AyBu	labial-voiceless-7-i	voiceless	labial_i	0.086585729
Baer_Henney_unpublished_2017	tut5	JeTh	labial-voiceless-7-i	voiceless	labial_i	0.155811768
Baer_Henney_unpublished_2017	tut5	MaKi	labial-voiceless-7-i	voiceless	labial_i	0.102603143
Baer_Henney_unpublished_2017	tut5	RaRa	labial-voiceless-7-i	voiceless	labial_i	0.060485075
Baer_Henney_unpublished_2017	tut5	SaSc	labial-voiceless-7-i	voiceless	labial_i	0.094641593
Baer_Henney_unpublished_2017	tut5	WiLo	labial-voiceless-7-i	voiceless	labial_i	0.115215062
Baer_Henney_unpublished_2017	tut5	ReSc	labial-voiceless-8-i	voiceless	labial_i	0.155621572
Baer_Henney_unpublished_2017	tut5	AyBu	labial-voiceless-8-i	voiceless	labial_i	0.168277365
Baer_Henney_unpublished_2017	tut5	JeTh	labial-voiceless-8-i	voiceless	labial_i	0.155811768
Baer_Henney_unpublished_2017	tut5	MaKi	labial-voiceless-8-i	voiceless	labial_i	0.166702
Baer_Henney_unpublished_2017	tut5	SaSc	labial-voiceless-8-i	voiceless	labial_i	0.045896584
Baer_Henney_unpublished_2017	tut5	WiLo	labial-voiceless-8-i	voiceless	labial_i	0.165621691
Baer_Henney_unpublished_2017	tut5	ReSc	labial-voiceless-9-i	voiceless	labial_i	0.152802257
Baer_Henney_unpublished_2017	tut5	AyBu	labial-voiceless-9-i	voiceless	labial_i	0.107610423
Baer_Henney_unpublished_2017	tut5	JeTh	labial-voiceless-9-i	voiceless	labial_i	0.207749024
Baer_Henney_unpublished_2017	tut5	MaKi	labial-voiceless-9-i	voiceless	labial_i	0.116047692
Baer_Henney_unpublished_2017	tut5	RaRa	labial-voiceless-9-i	voiceless	labial_i	0.07056592
Baer_Henney_unpublished_2017	tut5	SaSc	labial-voiceless-9-i	voiceless	labial_i	0.212676762
Baer_Henney_unpublished_2017	tut5	WiLo	labial-voiceless-9-i	voiceless	labial_i	0.142218626
Baer_Henney_unpublished_2017	tut5	RaRa	labial-voiveless-8-i	voiceless	labial_i	0.090338775
Baer_Henney_unpublished_2017	tut5	AyBu	velar-voicd-14-y	voiced	velar_y	0.11206506
Baer_Henney_unpublished_2017	tut5	ReSc	velar-voiced-1-e	voiced	velar_e	0.214100998
Baer_Henney_unpublished_2017	tut5	AyBu	velar-voiced-1-e	voiced	velar_e	0.152485399
Baer_Henney_unpublished_2017	tut5	RaRa	velar-voiced-1-e	voiced	velar_e	0.141399822
Baer_Henney_unpublished_2017	tut5	SaSc	velar-voiced-1-e	voiced	velar_e	0.120825059
Baer_Henney_unpublished_2017	tut5	WiLo	velar-voiced-1-e	voiced	velar_e	0.151219805
Baer_Henney_unpublished_2017	tut5	JeTh	velar-voiced-1-i	voiced	velar_i	0.155811768
Baer_Henney_unpublished_2017	tut5	MaKi	velar-voiced-1-i	voiced	velar_i	0.104725966
Baer_Henney_unpublished_2017	tut5	ReSc	velar-voiced-10-o	voiced	velar_o	0.235583299
Baer_Henney_unpublished_2017	tut5	AyBu	velar-voiced-10-o	voiced	velar_o	0.10319667
Baer_Henney_unpublished_2017	tut5	JeTh	velar-voiced-10-o	voiced	velar_o	0.155811768
Baer_Henney_unpublished_2017	tut5	MaKi	velar-voiced-10-o	voiced	velar_o	0.157088949
Baer_Henney_unpublished_2017	tut5	RaRa	velar-voiced-10-o	voiced	velar_o	0.085687189
Baer_Henney_unpublished_2017	tut5	SaSc	velar-voiced-10-o	voiced	velar_o	0.289491931
Baer_Henney_unpublished_2017	tut5	WiLo	velar-voiced-10-o	voiced	velar_o	0.239431301
Baer_Henney_unpublished_2017	tut5	WiLo	velar-voiced-11-o	voiced	velar_o	0.216028292
Baer_Henney_unpublished_2017	tut5	ReSc	velar-voiced-11-u	voiced	velar_u	0.189293004
Baer_Henney_unpublished_2017	tut5	JeTh	velar-voiced-11-u	voiced	velar_u	0.181780396
Baer_Henney_unpublished_2017	tut5	MaKi	velar-voiced-11-u	voiced	velar_u	0.085620553
Baer_Henney_unpublished_2017	tut5	RaRa	velar-voiced-11-u	voiced	velar_u	0.137472049
Baer_Henney_unpublished_2017	tut5	SaSc	velar-voiced-11-u	voiced	velar_u	0.105938827
Baer_Henney_unpublished_2017	tut5	WiLo	velar-voiced-12-o	voiced	velar_o	0.149419569
Baer_Henney_unpublished_2017	tut5	ReSc	velar-voiced-12-u	voiced	velar_u	0.154721542
Baer_Henney_unpublished_2017	tut5	AyBu	velar-voiced-12-u	voiced	velar_u	0.133958846
Baer_Henney_unpublished_2017	tut5	JeTh	velar-voiced-12-u	voiced	velar_u	0.103874512
Baer_Henney_unpublished_2017	tut5	MaKi	velar-voiced-12-u	voiced	velar_u	0.117462908
Baer_Henney_unpublished_2017	tut5	RaRa	velar-voiced-12-u	voiced	velar_u	0.109977639
Baer_Henney_unpublished_2017	tut5	SaSc	velar-voiced-12-u	voiced	velar_u	0.284801925
Baer_Henney_unpublished_2017	tut5	RaRa	velar-voiced-13	voiced	velar_o	0.10440876
Baer_Henney_unpublished_2017	tut5	JeTh	velar-voiced-13-o	voiced	velar_o	0.181780396
Baer_Henney_unpublished_2017	tut5	WiLo	velar-voiced-13-o	voiced	velar_o	0.15482024
Baer_Henney_unpublished_2017	tut5	ReSc	velar-voiced-13-u	voiced	velar_u	0.242367386
Baer_Henney_unpublished_2017	tut5	AyBu	velar-voiced-13-u	voiced	velar_u	0.069654626
Baer_Henney_unpublished_2017	tut5	MaKi	velar-voiced-13-u	voiced	velar_u	0.134445497
Baer_Henney_unpublished_2017	tut5	SaSc	velar-voiced-13-u	voiced	velar_u	0.272790473
Baer_Henney_unpublished_2017	tut5	ReSc	velar-voiced-14-y	voiced	velar_y	0.190621396
Baer_Henney_unpublished_2017	tut5	JeTh	velar-voiced-14-y	voiced	velar_y	0.181780396
Baer_Henney_unpublished_2017	tut5	MaKi	velar-voiced-14-y	voiced	velar_y	0.13019985
Baer_Henney_unpublished_2017	tut5	RaRa	velar-voiced-14-y	voiced	velar_y	0.078555456
Baer_Henney_unpublished_2017	tut5	SaSc	velar-voiced-14-y	voiced	velar_y	0.155962959
Baer_Henney_unpublished_2017	tut5	WiLo	velar-voiced-14-y	voiced	velar_y	0.147619333
Baer_Henney_unpublished_2017	tut5	RaRa	velar-voiced-15-i	voiced	velar_i	0.111609364
Baer_Henney_unpublished_2017	tut5	WiLo	velar-voiced-15-u	voiced	velar_u	0.099012944
Baer_Henney_unpublished_2017	tut5	AyBu	velar-voiced-15-y	voiced	velar_y	0.08446346
Baer_Henney_unpublished_2017	tut5	ReSc	velar-voiced-15-y	voiced	velar_y	0.189645346
Baer_Henney_unpublished_2017	tut5	JeTh	velar-voiced-15-y	voiced	velar_y	0.155811768
Baer_Henney_unpublished_2017	tut5	MaKi	velar-voiced-15-y	voiced	velar_y	0.09340424
Baer_Henney_unpublished_2017	tut5	SaSc	velar-voiced-15-y	voiced	velar_y	0.193922479
Baer_Henney_unpublished_2017	tut5	ReSc	velar-voiced-2-a	voiced	velar_a	0.249285619
Baer_Henney_unpublished_2017	tut5	AyBu	velar-voiced-2-a	voiced	velar_a	0.114013049
Baer_Henney_unpublished_2017	tut5	JeTh	velar-voiced-2-a	voiced	velar_a	0.155811767
Baer_Henney_unpublished_2017	tut5	MaKi	velar-voiced-2-a	voiced	velar_a	0.159256044
Baer_Henney_unpublished_2017	tut5	SaSc	velar-voiced-2-a	voiced	velar_a	0.273705744
Baer_Henney_unpublished_2017	tut5	WiLo	velar-voiced-2-a	voiced	velar_a	0.118815533
Baer_Henney_unpublished_2017	tut5	RaRa	velar-voiced-2-u	voiced	velar_u	0.079206645
Baer_Henney_unpublished_2017	tut5	ReSc	velar-voiced-3-e	voiced	velar_e	0.137240785
Baer_Henney_unpublished_2017	tut5	AyBu	velar-voiced-3-e	voiced	velar_e	0.122284346
Baer_Henney_unpublished_2017	tut5	JeTh	velar-voiced-3-e	voiced	velar_e	0.12984314
Baer_Henney_unpublished_2017	tut5	MaKi	velar-voiced-3-e	voiced	velar_e	0.151970195
Baer_Henney_unpublished_2017	tut5	SaSc	velar-voiced-3-e	voiced	velar_e	0.210210944
Baer_Henney_unpublished_2017	tut5	WiLo	velar-voiced-3-e	voiced	velar_e	0.12781674
Baer_Henney_unpublished_2017	tut5	ReSc	velar-voiced-4-i	voiced	velar_i	0.120458817
Baer_Henney_unpublished_2017	tut5	AyBu	velar-voiced-4-i	voiced	velar_i	0.129503003
Baer_Henney_unpublished_2017	tut5	JeTh	velar-voiced-4-i	voiced	velar_i	0.181780396
Baer_Henney_unpublished_2017	tut5	MaKi	velar-voiced-4-i	voiced	velar_i	0.086328161
Baer_Henney_unpublished_2017	tut5	RaRa	velar-voiced-4-i	voiced	velar_i	0.05498882
Baer_Henney_unpublished_2017	tut5	SaSc	velar-voiced-4-i	voiced	velar_i	0.108495971
Baer_Henney_unpublished_2017	tut5	WiLo	velar-voiced-4-i	voiced	velar_i	0.118815561
Baer_Henney_unpublished_2017	tut5	ReSc	velar-voiced-5-i	voiced	velar_i	0.111953275
Baer_Henney_unpublished_2017	tut5	AyBu	velar-voiced-5-i	voiced	velar_i	0.113156296
Baer_Henney_unpublished_2017	tut5	JeTh	velar-voiced-5-i	voiced	velar_i	0.233717652
Baer_Henney_unpublished_2017	tut5	MaKi	velar-voiced-5-i	voiced	velar_i	0.072529808
Baer_Henney_unpublished_2017	tut5	RaRa	velar-voiced-5-i	voiced	velar_i	0.093607854
Baer_Henney_unpublished_2017	tut5	SaSc	velar-voiced-5-i	voiced	velar_i	0.256089016
Baer_Henney_unpublished_2017	tut5	WiLo	velar-voiced-5-i	voiced	velar_i	0.167421887
Baer_Henney_unpublished_2017	tut5	ReSc	velar-voiced-6-i	voiced	velar_i	0.185920312
Baer_Henney_unpublished_2017	tut5	AyBu	velar-voiced-6-i	voiced	velar_i	0.124148201
Baer_Henney_unpublished_2017	tut5	JeTh	velar-voiced-6-i	voiced	velar_i	0.155811768
Baer_Henney_unpublished_2017	tut5	MaKi	velar-voiced-6-i	voiced	velar_i	0.118878124
Baer_Henney_unpublished_2017	tut5	RaRa	velar-voiced-6-i	voiced	velar_i	0.079206645
Baer_Henney_unpublished_2017	tut5	SaSc	velar-voiced-6-i	voiced	velar_i	0.238459699
Baer_Henney_unpublished_2017	tut5	WiLo	velar-voiced-6-i	voiced	velar_i	0.174622828
Baer_Henney_unpublished_2017	tut5	ReSc	velar-voiced-7-o	voiced	velar_o	0.175472708
Baer_Henney_unpublished_2017	tut5	AyBu	velar-voiced-7-o	voiced	velar_o	0.131582989
Baer_Henney_unpublished_2017	tut5	JeTh	velar-voiced-7-o	voiced	velar_o	0.207749024
Baer_Henney_unpublished_2017	tut5	MaKi	velar-voiced-7-o	voiced	velar_o	0.095527064
Baer_Henney_unpublished_2017	tut5	RaRa	velar-voiced-7-o	voiced	velar_o	0.094266548
Baer_Henney_unpublished_2017	tut5	SaSc	velar-voiced-7-o	voiced	velar_o	0.115893424
Baer_Henney_unpublished_2017	tut5	WiLo	velar-voiced-7-o	voiced	velar_o	0.120615797
Baer_Henney_unpublished_2017	tut5	ReSc	velar-voiced-8-o	voiced	velar_o	0.151737613
Baer_Henney_unpublished_2017	tut5	AyBu	velar-voiced-8-o	voiced	velar_o	0.095757345
Baer_Henney_unpublished_2017	tut5	JeTh	velar-voiced-8-o	voiced	velar_o	0.233717652
Baer_Henney_unpublished_2017	tut5	MaKi	velar-voiced-8-o	voiced	velar_o	0.133030281
Baer_Henney_unpublished_2017	tut5	RaRa	velar-voiced-8-o	voiced	velar_o	0.118809968
Baer_Henney_unpublished_2017	tut5	SaSc	velar-voiced-8-o	voiced	velar_o	0.256089016
Baer_Henney_unpublished_2017	tut5	WiLo	velar-voiced-8-o	voiced	velar_o	0.216028241
Baer_Henney_unpublished_2017	tut5	ReSc	velar-voiced-9-o	voiced	velar_o	0.258935249
Baer_Henney_unpublished_2017	tut5	AyBu	velar-voiced-9-o	voiced	velar_o	0.092721134
Baer_Henney_unpublished_2017	tut5	JeTh	velar-voiced-9-o	voiced	velar_o	0.181780396
Baer_Henney_unpublished_2017	tut5	MaKi	velar-voiced-9-o	voiced	velar_o	0.128784634
Baer_Henney_unpublished_2017	tut5	SaSc	velar-voiced-9-o	voiced	velar_o	0.270934756
Baer_Henney_unpublished_2017	tut5	WiLo	velar-voiced-9-o	voiced	velar_o	0.138618121
Baer_Henney_unpublished_2017	tut5	RaRa	velar-voiced-9-u	voiced	velar_u	0.086407249
Baer_Henney_unpublished_2017	tut5	RaRa	velar-voiceled-3-e	voiceless	velar_e	0.079206645
Baer_Henney_unpublished_2017	tut5	ReSc	velar-voiceless-1-e	voiceless	velar_e	0.160894642
Baer_Henney_unpublished_2017	tut5	AyBu	velar-voiceless-1-e	voiceless	velar_e	0.101585889
Baer_Henney_unpublished_2017	tut5	JeTh	velar-voiceless-1-e	voiceless	velar_e	0.207749024
Baer_Henney_unpublished_2017	tut5	MaKi	velar-voiceless-1-e	voiceless	velar_e	0.118170516
Baer_Henney_unpublished_2017	tut5	SaSc	velar-voiceless-1-e	voiceless	velar_e	0.220690669
Baer_Henney_unpublished_2017	tut5	WiLo	velar-voiceless-1-e	voiceless	velar_e	0.14041839
Baer_Henney_unpublished_2017	tut5	RaRa	velar-voiceless-1-i	voiceless	velar_i	0.102122093
Baer_Henney_unpublished_2017	tut5	SaSc	velar-voiceless-10	voiceless	velar_o	0.135619964
Baer_Henney_unpublished_2017	tut5	ReSc	velar-voiceless-10-o	voiceless	velar_o	0.24250207
Baer_Henney_unpublished_2017	tut5	AyBu	velar-voiceless-10-o	voiceless	velar_o	0.190690316
Baer_Henney_unpublished_2017	tut5	JeTh	velar-voiceless-10-o	voiceless	velar_o	0.155811768
Baer_Henney_unpublished_2017	tut5	MaKi	velar-voiceless-10-o	voiceless	velar_o	0.169118283
Baer_Henney_unpublished_2017	tut5	RaRa	velar-voiceless-10-o	voiceless	velar_o	0.137472049
Baer_Henney_unpublished_2017	tut5	WiLo	velar-voiceless-10-o	voiceless	velar_o	0.149419569
Baer_Henney_unpublished_2017	tut5	WiLo	velar-voiceless-11-o	voiceless	velar_o	0.108014146
Baer_Henney_unpublished_2017	tut5	ReSc	velar-voiceless-11-u	voiceless	velar_u	0.232070957
Baer_Henney_unpublished_2017	tut5	AyBu	velar-voiceless-11-u	voiceless	velar_u	0.075210043
Baer_Henney_unpublished_2017	tut5	JeTh	velar-voiceless-11-u	voiceless	velar_u	0.181780396
Baer_Henney_unpublished_2017	tut5	MaKi	velar-voiceless-11-u	voiceless	velar_u	0.163600567
Baer_Henney_unpublished_2017	tut5	RaRa	velar-voiceless-11-u	voiceless	velar_u	0.093607854
Baer_Henney_unpublished_2017	tut5	SaSc	velar-voiceless-11-u	voiceless	velar_u	0.236102029
Baer_Henney_unpublished_2017	tut5	WiLo	velar-voiceless-12-o	voiceless	velar_o	0.084611061
Baer_Henney_unpublished_2017	tut5	ReSc	velar-voiceless-12-u	voiceless	velar_u	0.191864457
Baer_Henney_unpublished_2017	tut5	AyBu	velar-voiceless-12-u	voiceless	velar_u	0.072344085
Baer_Henney_unpublished_2017	tut5	JeTh	velar-voiceless-12-u	voiceless	velar_u	0.155811768
Baer_Henney_unpublished_2017	tut5	MaKi	velar-voiceless-12-u	voiceless	velar_u	0.066515141
Baer_Henney_unpublished_2017	tut5	RaRa	velar-voiceless-12-u	voiceless	velar_u	0.136811478
Baer_Henney_unpublished_2017	tut5	SaSc	velar-voiceless-12-u	voiceless	velar_u	0.069589406
Baer_Henney_unpublished_2017	tut5	WiLo	velar-voiceless-13-o	voiceless	velar_o	0.136817919
Baer_Henney_unpublished_2017	tut5	ReSc	velar-voiceless-13-u	voiceless	velar_u	0.158758513
Baer_Henney_unpublished_2017	tut5	AyBu	velar-voiceless-13-u	voiceless	velar_u	0.129049022
Baer_Henney_unpublished_2017	tut5	JeTh	velar-voiceless-13-u	voiceless	velar_u	0.181780396
Baer_Henney_unpublished_2017	tut5	MaKi	velar-voiceless-13-u	voiceless	velar_u	0.123123771
Baer_Henney_unpublished_2017	tut5	RaRa	velar-voiceless-13-u	voiceless	velar_u	0.113905412
Baer_Henney_unpublished_2017	tut5	SaSc	velar-voiceless-13-u	voiceless	velar_u	0.072125163
Baer_Henney_unpublished_2017	tut5	RaRa	velar-voiceless-14-u	voiceless	velar_u	0.106049866
Baer_Henney_unpublished_2017	tut5	AyBu	velar-voiceless-14-y	voiceless	velar_y	0.144415672
Baer_Henney_unpublished_2017	tut5	ReSc	velar-voiceless-14-y	voiceless	velar_y	0.208753646
Baer_Henney_unpublished_2017	tut5	JeTh	velar-voiceless-14-y	voiceless	velar_y	0.207749024
Baer_Henney_unpublished_2017	tut5	MaKi	velar-voiceless-14-y	voiceless	velar_y	0.094465652
Baer_Henney_unpublished_2017	tut5	SaSc	velar-voiceless-14-y	voiceless	velar_y	0.18431986
Baer_Henney_unpublished_2017	tut5	WiLo	velar-voiceless-14-y	voiceless	velar_y	0.124216268
Baer_Henney_unpublished_2017	tut5	RaRa	velar-voiceless-15-u	voiceless	velar_u	0.079206645
Baer_Henney_unpublished_2017	tut5	AyBu	velar-voiceless-15-y	voiceless	velar_y	0.073669885
Baer_Henney_unpublished_2017	tut5	ReSc	velar-voiceless-15-y	voiceless	velar_y	0.146875008
Baer_Henney_unpublished_2017	tut5	JeTh	velar-voiceless-15-y	voiceless	velar_y	0.233717652
Baer_Henney_unpublished_2017	tut5	MaKi	velar-voiceless-15-y	voiceless	velar_y	0.104018358
Baer_Henney_unpublished_2017	tut5	SaSc	velar-voiceless-15-y	voiceless	velar_y	0.273705746
Baer_Henney_unpublished_2017	tut5	WiLo	velar-voiceless-15-y	voiceless	velar_y	0.091812024
Baer_Henney_unpublished_2017	tut5	ReSc	velar-voiceless-2-a	voiceless	velar_a	0.17131775
Baer_Henney_unpublished_2017	tut5	AyBu	velar-voiceless-2-a	voiceless	velar_a	0.158296317
Baer_Henney_unpublished_2017	tut5	JeTh	velar-voiceless-2-a	voiceless	velar_a	0.181780396
Baer_Henney_unpublished_2017	tut5	MaKi	velar-voiceless-2-a	voiceless	velar_a	0.212282364
Baer_Henney_unpublished_2017	tut5	RaRa	velar-voiceless-2-a	voiceless	velar_a	0.106049866
Baer_Henney_unpublished_2017	tut5	SaSc	velar-voiceless-2-a	voiceless	velar_a	0.18000468
Baer_Henney_unpublished_2017	tut5	WiLo	velar-voiceless-2-a	voiceless	velar_a	0.181823813
Baer_Henney_unpublished_2017	tut5	SaSc	velar-voiceless-3-e	voiceless	velar_e	0.221923578
Baer_Henney_unpublished_2017	tut5	ReSc	velar-voiceless-3-e	voiceless	velar_e	0.157796574
Baer_Henney_unpublished_2017	tut5	AyBu	velar-voiceless-3-e	voiceless	velar_e	0.118737027
Baer_Henney_unpublished_2017	tut5	JeTh	velar-voiceless-3-e	voiceless	velar_e	0.155811768
Baer_Henney_unpublished_2017	tut5	MaKi	velar-voiceless-3-e	voiceless	velar_e	0.118878124
Baer_Henney_unpublished_2017	tut5	RaRa	velar-voiceless-3-e	voiceless	velar_e	0.075606343
Baer_Henney_unpublished_2017	tut5	WiLo	velar-voiceless-3-e	voiceless	velar_e	0.129616975
Baer_Henney_unpublished_2017	tut5	WiLo	velar-voiceless-4-e	voiceless	velar_e	0.136817919
Baer_Henney_unpublished_2017	tut5	ReSc	velar-voiceless-4-i	voiceless	velar_i	0.176466042
Baer_Henney_unpublished_2017	tut5	AyBu	velar-voiceless-4-i	voiceless	velar_i	0.118325125
Baer_Henney_unpublished_2017	tut5	JeTh	velar-voiceless-4-i	voiceless	velar_i	0.103874512
Baer_Henney_unpublished_2017	tut5	MaKi	velar-voiceless-4-i	voiceless	velar_i	0.101187927
Baer_Henney_unpublished_2017	tut5	RaRa	velar-voiceless-4-i	voiceless	velar_i	0.086411002
Baer_Henney_unpublished_2017	tut5	SaSc	velar-voiceless-4-i	voiceless	velar_i	0.076440343
Baer_Henney_unpublished_2017	tut5	JeTh	velar-voiceless-5	voiceless	velar_i	0.12984314
Baer_Henney_unpublished_2017	tut5	ReSc	velar-voiceless-5-i	voiceless	velar_i	0.209451015
Baer_Henney_unpublished_2017	tut5	AyBu	velar-voiceless-5-i	voiceless	velar_i	0.095325432
Baer_Henney_unpublished_2017	tut5	MaKi	velar-voiceless-5-i	voiceless	velar_i	0.127369418
Baer_Henney_unpublished_2017	tut5	RaRa	velar-voiceless-5-i	voiceless	velar_i	0.058916592
Baer_Henney_unpublished_2017	tut5	SaSc	velar-voiceless-5-i	voiceless	velar_i	0.194799585
Baer_Henney_unpublished_2017	tut5	WiLo	velar-voiceless-5-i	voiceless	velar_i	0.113414854
Baer_Henney_unpublished_2017	tut5	ReSc	velar-voiceless-6-i	voiceless	velar_i	0.165958723
Baer_Henney_unpublished_2017	tut5	AyBu	velar-voiceless-6-i	voiceless	velar_i	0.077696286
Baer_Henney_unpublished_2017	tut5	JeTh	velar-voiceless-6-i	voiceless	velar_i	0.155811768
Baer_Henney_unpublished_2017	tut5	MaKi	velar-voiceless-6-i	voiceless	velar_i	0.122506586
Baer_Henney_unpublished_2017	tut5	RaRa	velar-voiceless-6-i	voiceless	velar_i	0.100808458
Baer_Henney_unpublished_2017	tut5	SaSc	velar-voiceless-6-i	voiceless	velar_i	0.227471667
Baer_Henney_unpublished_2017	tut5	WiLo	velar-voiceless-6-i	voiceless	velar_i	0.133217447
Baer_Henney_unpublished_2017	tut5	ReSc	velar-voiceless-7-o	voiceless	velar_o	0.156960091
Baer_Henney_unpublished_2017	tut5	AyBu	velar-voiceless-7-o	voiceless	velar_o	0.077892322
Baer_Henney_unpublished_2017	tut5	JeTh	velar-voiceless-7-o	voiceless	velar_o	0.155811768
Baer_Henney_unpublished_2017	tut5	MaKi	velar-voiceless-7-o	voiceless	velar_o	0.116047692
Baer_Henney_unpublished_2017	tut5	SaSc	velar-voiceless-7-o	voiceless	velar_o	0.3094601
Baer_Henney_unpublished_2017	tut5	WiLo	velar-voiceless-7-o	voiceless	velar_o	0.163821455
Baer_Henney_unpublished_2017	tut5	RaRa	velar-voiceless-7-u	voiceless	velar_u	0.115209666
Baer_Henney_unpublished_2017	tut5	ReSc	velar-voiceless-8-o	voiceless	velar_o	0.192450304
Baer_Henney_unpublished_2017	tut5	AyBu	velar-voiceless-8-o	voiceless	velar_o	0.10441693
Baer_Henney_unpublished_2017	tut5	JeTh	velar-voiceless-8-o	voiceless	velar_o	0.181780396
Baer_Henney_unpublished_2017	tut5	MaKi	velar-voiceless-8-o	voiceless	velar_o	0.102603143
Baer_Henney_unpublished_2017	tut5	RaRa	velar-voiceless-8-o	voiceless	velar_o	0.151212687
Baer_Henney_unpublished_2017	tut5	SaSc	velar-voiceless-8-o	voiceless	velar_o	0.267223321
Baer_Henney_unpublished_2017	tut5	WiLo	velar-voiceless-8-o	voiceless	velar_o	0.120615768
Baer_Henney_unpublished_2017	tut5	ReSc	velar-voiceless-9-o	voiceless	velar_o	0.229088903
Baer_Henney_unpublished_2017	tut5	AyBu	velar-voiceless-9-o	voiceless	velar_o	0.079207509
Baer_Henney_unpublished_2017	tut5	JeTh	velar-voiceless-9-o	voiceless	velar_o	0.181780396
Baer_Henney_unpublished_2017	tut5	MaKi	velar-voiceless-9-o	voiceless	velar_o	0.141521576
Baer_Henney_unpublished_2017	tut5	RaRa	velar-voiceless-9-o	voiceless	velar_o	0.115209666
Baer_Henney_unpublished_2017	tut5	SaSc	velar-voiceless-9-o	voiceless	velar_o	0.320111269
Baer_Henney_unpublished_2017	tut5	WiLo	velar-voiceless-9-o	voiceless	velar_o	0.163821416
Baer_Henney_unpublished_2017	tut6	BlPa	alveloar-voiced-1-a	voiced	alveolar_a	0.219352862
Baer_Henney_unpublished_2017	tut6	BlPa	alveolar-voice-4-e	voiced	alveolar_e	0.188141341
Baer_Henney_unpublished_2017	tut6	JaRa	alveolar-voiced-1-a	voiced	alveolar_a	0.16224127
Baer_Henney_unpublished_2017	tut6	SeYi	alveolar-voiced-1-a	voiced	alveolar_a	0.238193356
Baer_Henney_unpublished_2017	tut6	SoRo	alveolar-voiced-1-a	voiced	alveolar_a	0.148995982
Baer_Henney_unpublished_2017	tut6	WeNi	alveolar-voiced-1-a	voiced	alveolar_a	0.134993987
Baer_Henney_unpublished_2017	tut6	BlPa	alveolar-voiced-10-u	voiced	alveolar_u	0.169769208
Baer_Henney_unpublished_2017	tut6	JaRa	alveolar-voiced-10-u	voiced	alveolar_u	0.19145924
Baer_Henney_unpublished_2017	tut6	SeYi	alveolar-voiced-10-u	voiced	alveolar_u	0.203213912
Baer_Henney_unpublished_2017	tut6	SoRo	alveolar-voiced-10-u	voiced	alveolar_u	0.175133103
Baer_Henney_unpublished_2017	tut6	WeNi	alveolar-voiced-10-u	voiced	alveolar_u	0.158923186
Baer_Henney_unpublished_2017	tut6	KaGu	alveolar-voiced-10u	voiced	alveolar_u	0.084968799
Baer_Henney_unpublished_2017	tut6	BlPa	alveolar-voiced-11-o	voiced	alveolar_o	0.17137713
Baer_Henney_unpublished_2017	tut6	JaRa	alveolar-voiced-11-o	voiced	alveolar_o	0.243826985
Baer_Henney_unpublished_2017	tut6	SeYi	alveolar-voiced-11-o	voiced	alveolar_o	0.203658095
Baer_Henney_unpublished_2017	tut6	WeNi	alveolar-voiced-11-o	voiced	alveolar_o	0.196548721
Baer_Henney_unpublished_2017	tut6	KaGu	alveolar-voiced-11o	voiced	alveolar_o	0.118801129
Baer_Henney_unpublished_2017	tut6	JaRa	alveolar-voiced-12-	voiced	alveolar_o	0.141860751
Baer_Henney_unpublished_2017	tut6	SoRo	alveolar-voiced-12-o	voiced	alveolar_o	0.104051202
Baer_Henney_unpublished_2017	tut6	SeYi	alveolar-voiced-12-o	voiced	alveolar_o	0.189666318
Baer_Henney_unpublished_2017	tut6	WeNi	alveolar-voiced-12-o	voiced	alveolar_o	0.10414749
Baer_Henney_unpublished_2017	tut6	KaGu	alveolar-voiced-12o	voiced	alveolar_o	0.136867763
Baer_Henney_unpublished_2017	tut6	SeYi	alveolar-voiced-13-u	voiced	alveolar_u	0.216678222
Baer_Henney_unpublished_2017	tut6	BlPa	alveolar-voiced-13-y	voiced	alveolar_y	0.206997778
Baer_Henney_unpublished_2017	tut6	JaRa	alveolar-voiced-13-y	voiced	alveolar_y	0.112395468
Baer_Henney_unpublished_2017	tut6	SoRo	alveolar-voiced-13-y	voiced	alveolar_y	0.178002068
Baer_Henney_unpublished_2017	tut6	WeNi	alveolar-voiced-13-y	voiced	alveolar_y	0.124771251
Baer_Henney_unpublished_2017	tut6	KaGu	alveolar-voiced-13y	voiced	alveolar_y	0.13175905
Baer_Henney_unpublished_2017	tut6	BlPa	alveolar-voiced-14-a	voiced	alveolar_a	0.204111564
Baer_Henney_unpublished_2017	tut6	SeYi	alveolar-voiced-14-u	voiced	alveolar_u	0.209876663
Baer_Henney_unpublished_2017	tut6	JaRa	alveolar-voiced-14-y	voiced	alveolar_y	0.165728737
Baer_Henney_unpublished_2017	tut6	SoRo	alveolar-voiced-14-y	voiced	alveolar_y	0.184215511
Baer_Henney_unpublished_2017	tut6	WeNi	alveolar-voiced-14-y	voiced	alveolar_y	0.141798983
Baer_Henney_unpublished_2017	tut6	KaGu	alveolar-voiced-14y	voiced	alveolar_y	0.097689002
Baer_Henney_unpublished_2017	tut6	SoRo	alveolar-voiced-15-o	voiced	alveolar_o	0.15707657
Baer_Henney_unpublished_2017	tut6	SeYi	alveolar-voiced-15-o	voiced	alveolar_o	0.247354639
Baer_Henney_unpublished_2017	tut6	WeNi	alveolar-voiced-15-oe	voiced	alveolar_oe	0.136406787
Baer_Henney_unpublished_2017	tut6	BlPa	alveolar-voiced-15-y	voiced	alveolar_y	0.171236191
Baer_Henney_unpublished_2017	tut6	JaRa	alveolar-voiced-15-y	voiced	alveolar_y	0.209013795
Baer_Henney_unpublished_2017	tut6	KaGu	alveolar-voiced-15oe	voiced	alveolar_e	0.13458028
Baer_Henney_unpublished_2017	tut6	KaGu	alveolar-voiced-1a	voiced	alveolar_a	0.199194961
Baer_Henney_unpublished_2017	tut6	SoRo	alveolar-voiced-2-a	voiced	alveolar_a	0.218648945
Baer_Henney_unpublished_2017	tut6	BlPa	alveolar-voiced-2-a	voiced	alveolar_a	0.200459215
Baer_Henney_unpublished_2017	tut6	BlPa	alveolar-voiced-2-a	voiced	alveolar_a	0.164289139
Baer_Henney_unpublished_2017	tut6	JaRa	alveolar-voiced-2-a	voiced	alveolar_a	0.23383757
Baer_Henney_unpublished_2017	tut6	SeYi	alveolar-voiced-2-a	voiced	alveolar_a	0.234528843
Baer_Henney_unpublished_2017	tut6	WeNi	alveolar-voiced-2-a	voiced	alveolar_a	0.14766104
Baer_Henney_unpublished_2017	tut6	KaGu	alveolar-voiced-2a	voiced	alveolar_a	0.235835064
Baer_Henney_unpublished_2017	tut6	SoRo	alveolar-voiced-3-e	voiced	alveolar_e	0.222296028
Baer_Henney_unpublished_2017	tut6	BlPa	alveolar-voiced-3-e	voiced	alveolar_e	0.255358833
Baer_Henney_unpublished_2017	tut6	JaRa	alveolar-voiced-3-e	voiced	alveolar_e	0.187420917
Baer_Henney_unpublished_2017	tut6	SeYi	alveolar-voiced-3-e	voiced	alveolar_e	0.215151341
Baer_Henney_unpublished_2017	tut6	WeNi	alveolar-voiced-3-e	voiced	alveolar_e	0.138256617
Baer_Henney_unpublished_2017	tut6	KaGu	alveolar-voiced-3e	voiced	alveolar_e	0.109328256
Baer_Henney_unpublished_2017	tut6	JaRa	alveolar-voiced-4-e	voiced	alveolar_e	0.169607601
Baer_Henney_unpublished_2017	tut6	WeNi	alveolar-voiced-4-e	voiced	alveolar_e	0.173372126
Baer_Henney_unpublished_2017	tut6	KaGu	alveolar-voiced-4e	voiced	alveolar_e	0.118823555
Baer_Henney_unpublished_2017	tut6	BlPa	alveolar-voiced-5-i	voiced	alveolar_i	0.163215086
Baer_Henney_unpublished_2017	tut6	SeYi	alveolar-voiced-5-i	voiced	alveolar_i	0.258403701
Baer_Henney_unpublished_2017	tut6	WeNi	alveolar-voiced-5-i	voiced	alveolar_i	0.190225527
Baer_Henney_unpublished_2017	tut6	KaGu	alveolar-voiced-5i	voiced	alveolar_i	0.164698813
Baer_Henney_unpublished_2017	tut6	BlPa	alveolar-voiced-6-i	voiced	alveolar_i	0.190453131
Baer_Henney_unpublished_2017	tut6	JaRa	alveolar-voiced-6-i	voiced	alveolar_i	0.207331412
Baer_Henney_unpublished_2017	tut6	SeYi	alveolar-voiced-6-i	voiced	alveolar_i	0.212375195
Baer_Henney_unpublished_2017	tut6	WeNi	alveolar-voiced-6-i	voiced	alveolar_i	0.179699374
Baer_Henney_unpublished_2017	tut6	KaGu	alveolar-voiced-6i	voiced	alveolar_i	0.180711197
Baer_Henney_unpublished_2017	tut6	SoRo	alveolar-voiced-7-i	voiced	alveolar_i	0.176410571
Baer_Henney_unpublished_2017	tut6	BlPa	alveolar-voiced-7-i	voiced	alveolar_i	0.249439155
Baer_Henney_unpublished_2017	tut6	JaRa	alveolar-voiced-7-i	voiced	alveolar_i	0.154188728
Baer_Henney_unpublished_2017	tut6	SeYi	alveolar-voiced-7-i	voiced	alveolar_i	0.112711541
Baer_Henney_unpublished_2017	tut6	WeNi	alveolar-voiced-7-i	voiced	alveolar_i	0.178109394
Baer_Henney_unpublished_2017	tut6	KaGu	alveolar-voiced-7i	voiced	alveolar_i	0.154104624
Baer_Henney_unpublished_2017	tut6	SoRo	alveolar-voiced-8-o	voiced	alveolar_o	0.100496472
Baer_Henney_unpublished_2017	tut6	BlPa	alveolar-voiced-8-o	voiced	alveolar_o	0.255457576
Baer_Henney_unpublished_2017	tut6	JaRa	alveolar-voiced-8-o	voiced	alveolar_o	0.210378137
Baer_Henney_unpublished_2017	tut6	SeYi	alveolar-voiced-8-o	voiced	alveolar_o	0.222757982
Baer_Henney_unpublished_2017	tut6	WeNi	alveolar-voiced-8-o	voiced	alveolar_o	0.193553637
Baer_Henney_unpublished_2017	tut6	KaGu	alveolar-voiced-8o	voiced	alveolar_o	0.124847262
Baer_Henney_unpublished_2017	tut6	SoRo	alveolar-voiced-9-u	voiced	alveolar_u	0.151423939
Baer_Henney_unpublished_2017	tut6	BlPa	alveolar-voiced-9-u	voiced	alveolar_u	0.160988743
Baer_Henney_unpublished_2017	tut6	JaRa	alveolar-voiced-9-u	voiced	alveolar_u	0.174494034
Baer_Henney_unpublished_2017	tut6	SeYi	alveolar-voiced-9-u	voiced	alveolar_u	0.237277228
Baer_Henney_unpublished_2017	tut6	WeNi	alveolar-voiced-9-u	voiced	alveolar_u	0.128912309
Baer_Henney_unpublished_2017	tut6	KaGu	alveolar-voiced-9u	voiced	alveolar_u	0.099536929
Baer_Henney_unpublished_2017	tut6	SoRo	alveolar-voiceless-1-a	voiceless	alveolar_a	0.22915101
Baer_Henney_unpublished_2017	tut6	BlPa	alveolar-voiceless-1-a	voiceless	alveolar_a	0.206370634
Baer_Henney_unpublished_2017	tut6	JaRa	alveolar-voiceless-1-a	voiceless	alveolar_a	0.234972704
Baer_Henney_unpublished_2017	tut6	SeYi	alveolar-voiceless-1-a	voiceless	alveolar_a	0.277114927
Baer_Henney_unpublished_2017	tut6	WeNi	alveolar-voiceless-1-a	voiceless	alveolar_a	0.172322205
Baer_Henney_unpublished_2017	tut6	BlPa	alveolar-voiceless-10-u	voiceless	alveolar_u	0.168407253
Baer_Henney_unpublished_2017	tut6	JaRa	alveolar-voiceless-10-u	voiceless	alveolar_u	0.200765268
Baer_Henney_unpublished_2017	tut6	SeYi	alveolar-voiceless-10-u	voiceless	alveolar_u	0.152160581
Baer_Henney_unpublished_2017	tut6	WeNi	alveolar-voiceless-10-u	voiceless	alveolar_u	0.106658521
Baer_Henney_unpublished_2017	tut6	KaGu	alveolar-voiceless-10u	voiceless	alveolar_u	0.10091839
Baer_Henney_unpublished_2017	tut6	SoRo	alveolar-voiceless-11-o	voiceless	alveolar_o	0.163344295
Baer_Henney_unpublished_2017	tut6	BlPa	alveolar-voiceless-11-o	voiceless	alveolar_o	0.237862569
Baer_Henney_unpublished_2017	tut6	JaRa	alveolar-voiceless-11-o	voiceless	alveolar_o	0.241026751
Baer_Henney_unpublished_2017	tut6	SeYi	alveolar-voiceless-11-o	voiceless	alveolar_o	0.268425589
Baer_Henney_unpublished_2017	tut6	WeNi	alveolar-voiceless-11-o	voiceless	alveolar_o	0.149078816
Baer_Henney_unpublished_2017	tut6	KaGu	alveolar-voiceless-11o	voiceless	alveolar_o	0.083082195
Baer_Henney_unpublished_2017	tut6	BlPa	alveolar-voiceless-12-o	voiceless	alveolar_o	0.171642622
Baer_Henney_unpublished_2017	tut6	JaRa	alveolar-voiceless-12-o	voiceless	alveolar_o	0.201119289
Baer_Henney_unpublished_2017	tut6	SeYi	alveolar-voiceless-12-o	voiceless	alveolar_o	0.129201851
Baer_Henney_unpublished_2017	tut6	WeNi	alveolar-voiceless-12-o	voiceless	alveolar_o	0.144469949
Baer_Henney_unpublished_2017	tut6	KaGu	alveolar-voiceless-12o	voiceless	alveolar_o	0.138217827
Baer_Henney_unpublished_2017	tut6	SeYi	alveolar-voiceless-13-u	voiceless	alveolar_u	0.13791895
Baer_Henney_unpublished_2017	tut6	BlPa	alveolar-voiceless-13-y	voiceless	alveolar_y	0.248441502
Baer_Henney_unpublished_2017	tut6	JaRa	alveolar-voiceless-13-y	voiceless	alveolar_y	0.179345837
Baer_Henney_unpublished_2017	tut6	SoRo	alveolar-voiceless-13-y	voiceless	alveolar_y	0.188040254
Baer_Henney_unpublished_2017	tut6	WeNi	alveolar-voiceless-13-y	voiceless	alveolar_y	0.183185157
Baer_Henney_unpublished_2017	tut6	KaGu	alveolar-voiceless-13y	voiceless	alveolar_y	0.099191709
Baer_Henney_unpublished_2017	tut6	SeYi	alveolar-voiceless-14-u	voiceless	alveolar_u	0.143915426
Baer_Henney_unpublished_2017	tut6	BlPa	alveolar-voiceless-14-y	voiceless	alveolar_y	0.143817698
Baer_Henney_unpublished_2017	tut6	JaRa	alveolar-voiceless-14-y	voiceless	alveolar_y	0.135333286
Baer_Henney_unpublished_2017	tut6	SoRo	alveolar-voiceless-14-y	voiceless	alveolar_y	0.206383838
Baer_Henney_unpublished_2017	tut6	WeNi	alveolar-voiceless-14-y	voiceless	alveolar_y	0.141011752
Baer_Henney_unpublished_2017	tut6	KaGu	alveolar-voiceless-14y	voiceless	alveolar_y	0.057523482
Baer_Henney_unpublished_2017	tut6	SoRo	alveolar-voiceless-15-o	voiceless	alveolar_o	0.166367391
Baer_Henney_unpublished_2017	tut6	JaRa	alveolar-voiceless-15-oe	voiceless	alveolar_oe	0.189095824
Baer_Henney_unpublished_2017	tut6	WeNi	alveolar-voiceless-15-oe	voiceless	alveolar_oe	0.184589276
Baer_Henney_unpublished_2017	tut6	BlPa	alveolar-voiceless-15-y	voiceless	alveolar_y	0.151724411
Baer_Henney_unpublished_2017	tut6	SeYi	alveolar-voiceless-15-y	voiceless	alveolar_y	0.145414545
Baer_Henney_unpublished_2017	tut6	KaGu	alveolar-voiceless-15oe	voiceless	alveolar_oe	0.10099464
Baer_Henney_unpublished_2017	tut6	KaGu	alveolar-voiceless-1a	voiceless	alveolar_a	0.13669389
Baer_Henney_unpublished_2017	tut6	BlPa	alveolar-voiceless-2-a	voiceless	alveolar_a	0.167556675
Baer_Henney_unpublished_2017	tut6	JaRa	alveolar-voiceless-2-a	voiceless	alveolar_a	0.236648474
Baer_Henney_unpublished_2017	tut6	SeYi	alveolar-voiceless-2-a	voiceless	alveolar_a	0.234973026
Baer_Henney_unpublished_2017	tut6	WeNi	alveolar-voiceless-2-a	voiceless	alveolar_a	0.161315847
Baer_Henney_unpublished_2017	tut6	KaGu	alveolar-voiceless-2a	voiceless	alveolar_a	0.19685814
Baer_Henney_unpublished_2017	tut6	BlPa	alveolar-voiceless-3-e	voiceless	alveolar_e	0.158197197
Baer_Henney_unpublished_2017	tut6	JaRa	alveolar-voiceless-3-e	voiceless	alveolar_e	0.205768736
Baer_Henney_unpublished_2017	tut6	SeYi	alveolar-voiceless-3-e	voiceless	alveolar_e	0.236694237
Baer_Henney_unpublished_2017	tut6	WeNi	alveolar-voiceless-3-e	voiceless	alveolar_e	0.126865793
Baer_Henney_unpublished_2017	tut6	KaGu	alveolar-voiceless-3e	voiceless	alveolar_e	0.133696683
Baer_Henney_unpublished_2017	tut6	SoRo	alveolar-voiceless-4-e	voiceless	alveolar_e	0.245483798
Baer_Henney_unpublished_2017	tut6	BlPa	alveolar-voiceless-4-e	voiceless	alveolar_e	0.1365531
Baer_Henney_unpublished_2017	tut6	JaRa	alveolar-voiceless-4-e	voiceless	alveolar_e	0.199405177
Baer_Henney_unpublished_2017	tut6	SeYi	alveolar-voiceless-4-e	voiceless	alveolar_e	0.268092452
Baer_Henney_unpublished_2017	tut6	WeNi	alveolar-voiceless-4-e	voiceless	alveolar_e	0.194942575
Baer_Henney_unpublished_2017	tut6	KaGu	alveolar-voiceless-4e	voiceless	alveolar_e	0.105945731
Baer_Henney_unpublished_2017	tut6	SoRo	alveolar-voiceless-5-i	voiceless	alveolar_i	0.134316951
Baer_Henney_unpublished_2017	tut6	BlPa	alveolar-voiceless-5-i	voiceless	alveolar_i	0.186007415
Baer_Henney_unpublished_2017	tut6	JaRa	alveolar-voiceless-5-i	voiceless	alveolar_i	0.197747267
Baer_Henney_unpublished_2017	tut6	JaRa	alveolar-voiceless-5-i	voiceless	alveolar_i	0.237781213
Baer_Henney_unpublished_2017	tut6	SeYi	alveolar-voiceless-5-i	voiceless	alveolar_i	0.265233021
Baer_Henney_unpublished_2017	tut6	WeNi	alveolar-voiceless-5-i	voiceless	alveolar_i	0.105971296
Baer_Henney_unpublished_2017	tut6	KaGu	alveolar-voiceless-5i	voiceless	alveolar_i	0.143084336
Baer_Henney_unpublished_2017	tut6	SoRo	alveolar-voiceless-6-i	voiceless	alveolar_i	0.189648056
Baer_Henney_unpublished_2017	tut6	BlPa	alveolar-voiceless-6-i	voiceless	alveolar_i	0.155157799
Baer_Henney_unpublished_2017	tut6	JaRa	alveolar-voiceless-6-i	voiceless	alveolar_i	0.199644653
Baer_Henney_unpublished_2017	tut6	SeYi	alveolar-voiceless-6-i	voiceless	alveolar_i	0.207461416
Baer_Henney_unpublished_2017	tut6	WeNi	alveolar-voiceless-6-i	voiceless	alveolar_i	0.209944805
Baer_Henney_unpublished_2017	tut6	KaGu	alveolar-voiceless-6i	voiceless	alveolar_i	0.120137429
Baer_Henney_unpublished_2017	tut6	JaRa	alveolar-voiceless-7	voiceless	alveolar_i	0.180446279
Baer_Henney_unpublished_2017	tut6	BlPa	alveolar-voiceless-7-i	voiceless	alveolar_i	0.146844616
Baer_Henney_unpublished_2017	tut6	SeYi	alveolar-voiceless-7-i	voiceless	alveolar_i	0.177395751
Baer_Henney_unpublished_2017	tut6	WeNi	alveolar-voiceless-7-i	voiceless	alveolar_i	0.134561363
Baer_Henney_unpublished_2017	tut6	KaGu	alveolar-voiceless-7i	voiceless	alveolar_i	0.109507666
Baer_Henney_unpublished_2017	tut6	JaRa	alveolar-voiceless-8	voiceless	alveolar_o	0.180968876
Baer_Henney_unpublished_2017	tut6	SoRo	alveolar-voiceless-8-o	voiceless	alveolar_o	0.251474771
Baer_Henney_unpublished_2017	tut6	BlPa	alveolar-voiceless-8-o	voiceless	alveolar_o	0.178935617
Baer_Henney_unpublished_2017	tut6	SeYi	alveolar-voiceless-8-o	voiceless	alveolar_o	0.175452449
Baer_Henney_unpublished_2017	tut6	WeNi	alveolar-voiceless-8-o	voiceless	alveolar_o	0.142970275
Baer_Henney_unpublished_2017	tut6	KaGu	alveolar-voiceless-8o	voiceless	alveolar_o	0.061630449
Baer_Henney_unpublished_2017	tut6	SoRo	alveolar-voiceless-9-u	voiceless	alveolar_u	0.171283444
Baer_Henney_unpublished_2017	tut6	BlPa	alveolar-voiceless-9-u	voiceless	alveolar_u	0.137354974
Baer_Henney_unpublished_2017	tut6	JaRa	alveolar-voiceless-9-u	voiceless	alveolar_u	0.180107902
Baer_Henney_unpublished_2017	tut6	SeYi	alveolar-voiceless-9-u	voiceless	alveolar_u	0.210876076
Baer_Henney_unpublished_2017	tut6	WeNi	alveolar-voiceless-9-u	voiceless	alveolar_u	0.166971379
Baer_Henney_unpublished_2017	tut6	KaGu	alveolar-voiceless-9u	voiceless	alveolar_u	0.1179579
Baer_Henney_unpublished_2017	tut6	BlPa	alveolar-voicrd-12-o	voiced	alveolar_o	0.226890761
Baer_Henney_unpublished_2017	tut6	SoRo	labial-voiced-1-a	voiced	labial_a	0.181579831
Baer_Henney_unpublished_2017	tut6	BlPa	labial-voiced-1-a	voiced	labial_a	0.210962028
Baer_Henney_unpublished_2017	tut6	JaRa	labial-voiced-1-a	voiced	labial_a	0.230591562
Baer_Henney_unpublished_2017	tut6	SeYi	labial-voiced-1-a	voiced	labial_a	0.243690126
Baer_Henney_unpublished_2017	tut6	WeNi	labial-voiced-1-a	voiced	labial_a	0.151639125
Baer_Henney_unpublished_2017	tut6	SoRo	labial-voiced-10-o	voiced	labial_o	0.235569072
Baer_Henney_unpublished_2017	tut6	BlPa	labial-voiced-10-o	voiced	labial_o	0.162398732
Baer_Henney_unpublished_2017	tut6	JaRa	labial-voiced-10-o	voiced	labial_o	0.152565689
Baer_Henney_unpublished_2017	tut6	SeYi	labial-voiced-10-o	voiced	labial_o	0.153243278
Baer_Henney_unpublished_2017	tut6	WeNi	labial-voiced-10-o	voiced	labial_o	0.198169083
Baer_Henney_unpublished_2017	tut6	KaGu	labial-voiced-10o	voiced	labial_o	0.141285746
Baer_Henney_unpublished_2017	tut6	BlPa	labial-voiced-11-u	voiced	labial_u	0.182845352
Baer_Henney_unpublished_2017	tut6	JaRa	labial-voiced-11-u	voiced	labial_u	0.197266202
Baer_Henney_unpublished_2017	tut6	SeYi	labial-voiced-11-u	voiced	labial_u	0.228615651
Baer_Henney_unpublished_2017	tut6	WeNi	labial-voiced-11-u	voiced	labial_u	0.263324907
Baer_Henney_unpublished_2017	tut6	SeYi	labial-voiced-115-o	voiced	labial_o	0.153909553
Baer_Henney_unpublished_2017	tut6	KaGu	labial-voiced-11u	voiced	labial_u	0.118823555
Baer_Henney_unpublished_2017	tut6	JaRa	labial-voiced-12-o	voiced	labial_o	0.125668897
Baer_Henney_unpublished_2017	tut6	WeNi	labial-voiced-12-o	voiced	labial_o	0.132547653
Baer_Henney_unpublished_2017	tut6	SoRo	labial-voiced-12-u	voiced	labial_u	0.212236467
Baer_Henney_unpublished_2017	tut6	BlPa	labial-voiced-12-u	voiced	labial_u	0.179619505
Baer_Henney_unpublished_2017	tut6	SeYi	labial-voiced-12-u	voiced	labial_u	0.160627827
Baer_Henney_unpublished_2017	tut6	KaGu	labial-voiced-12u	voiced	labial_u	0.127717829
Baer_Henney_unpublished_2017	tut6	SoRo	labial-voiced-13-u	voiced	labial_u	0.276083922
Baer_Henney_unpublished_2017	tut6	BlPa	labial-voiced-13-u	voiced	labial_u	0.165247352
Baer_Henney_unpublished_2017	tut6	JaRa	labial-voiced-13-u	voiced	labial_u	0.189895592
Baer_Henney_unpublished_2017	tut6	SeYi	labial-voiced-13-u	voiced	labial_u	0.146219628
Baer_Henney_unpublished_2017	tut6	WeNi	labial-voiced-13-u	voiced	labial_u	0.198258083
Baer_Henney_unpublished_2017	tut6	KaGu	labial-voiced-13u	voiced	labial_u	0.10674923
Baer_Henney_unpublished_2017	tut6	BlPa	labial-voiced-14-a	voiced	labial_a	0.182472117
Baer_Henney_unpublished_2017	tut6	JaRa	labial-voiced-14-a	voiced	labial_a	0.24670242
Baer_Henney_unpublished_2017	tut6	SeYi	labial-voiced-14-a	voiced	labial_a	0.261179847
Baer_Henney_unpublished_2017	tut6	WeNi	labial-voiced-14-a	voiced	labial_a	0.127832476
Baer_Henney_unpublished_2017	tut6	KaGu	labial-voiced-14a	voiced	labial_a	0.183563824
Baer_Henney_unpublished_2017	tut6	SoRo	labial-voiced-15-o	voiced	labial_o	0.208380023
Baer_Henney_unpublished_2017	tut6	BlPa	labial-voiced-15-o	voiced	labial_o	0.175998489
Baer_Henney_unpublished_2017	tut6	JaRa	labial-voiced-15-o	voiced	labial_o	0.161189005
Baer_Henney_unpublished_2017	tut6	WeNi	labial-voiced-15-o	voiced	labial_o	0.194328296
Baer_Henney_unpublished_2017	tut6	KaGu	labial-voiced-15o	voiced	labial_o	0.131509843
Baer_Henney_unpublished_2017	tut6	KaGu	labial-voiced-1a	voiced	labial_a	0.182505302
Baer_Henney_unpublished_2017	tut6	SoRo	labial-voiced-2-a	voiced	labial_a	0.245887916
Baer_Henney_unpublished_2017	tut6	JaRa	labial-voiced-2-a	voiced	labial_a	0.244362416
Baer_Henney_unpublished_2017	tut6	SeYi	labial-voiced-2-a	voiced	labial_a	0.269175149
Baer_Henney_unpublished_2017	tut6	WeNi	labial-voiced-2-a	voiced	labial_a	0.151896009
Baer_Henney_unpublished_2017	tut6	KaGu	labial-voiced-2a	voiced	labial_a	0.124331457
Baer_Henney_unpublished_2017	tut6	SoRo	labial-voiced-3-i	voiced	labial_i	0.312289158
Baer_Henney_unpublished_2017	tut6	BlPa	labial-voiced-3-i	voiced	labial_i	0.124717291
Baer_Henney_unpublished_2017	tut6	JaRa	labial-voiced-3-i	voiced	labial_i	0.16107624
Baer_Henney_unpublished_2017	tut6	SeYi	labial-voiced-3-i	voiced	labial_i	0.113266771
Baer_Henney_unpublished_2017	tut6	WeNi	labial-voiced-3-i	voiced	labial_i	0.105942279
Baer_Henney_unpublished_2017	tut6	KaGu	labial-voiced-3i	voiced	labial_i	0.118796644
Baer_Henney_unpublished_2017	tut6	SoRo	labial-voiced-4-i	voiced	labial_i	0.189964735
Baer_Henney_unpublished_2017	tut6	BlPa	labial-voiced-4-i	voiced	labial_i	0.166905019
Baer_Henney_unpublished_2017	tut6	JaRa	labial-voiced-4-i	voiced	labial_i	0.231146789
Baer_Henney_unpublished_2017	tut6	SeYi	labial-voiced-4-i	voiced	labial_i	0.247632253
Baer_Henney_unpublished_2017	tut6	WeNi	labial-voiced-4-i	voiced	labial_i	0.105171502
Baer_Henney_unpublished_2017	tut6	KaGu	labial-voiced-4i	voiced	labial_i	0.125219538
Baer_Henney_unpublished_2017	tut6	SoRo	labial-voiced-5-i	voiced	labial_i	0.145813628
Baer_Henney_unpublished_2017	tut6	BlPa	labial-voiced-5-i	voiced	labial_i	0.198688359
Baer_Henney_unpublished_2017	tut6	JaRa	labial-voiced-5-i	voiced	labial_i	0.197541878
Baer_Henney_unpublished_2017	tut6	SeYi	labial-voiced-5-i	voiced	labial_i	0.195357418
Baer_Henney_unpublished_2017	tut6	WeNi	labial-voiced-5-i	voiced	labial_i	0.102433853
Baer_Henney_unpublished_2017	tut6	KaGu	labial-voiced-5i	voiced	labial_i	0.119406639
Baer_Henney_unpublished_2017	tut6	SoRo	labial-voiced-6-o	voiced	labial_o	0.142103464
Baer_Henney_unpublished_2017	tut6	BlPa	labial-voiced-6-o	voiced	labial_o	0.1213913
Baer_Henney_unpublished_2017	tut6	JaRa	labial-voiced-6-o	voiced	labial_o	0.129153684
Baer_Henney_unpublished_2017	tut6	SeYi	labial-voiced-6-o	voiced	labial_o	0.126953172
Baer_Henney_unpublished_2017	tut6	WeNi	labial-voiced-6-o	voiced	labial_o	0.146102046
Baer_Henney_unpublished_2017	tut6	KaGu	labial-voiced-6o	voiced	labial_o	0.08961553
Baer_Henney_unpublished_2017	tut6	SoRo	labial-voiced-7-e	voiced	labial_e	0.208194119
Baer_Henney_unpublished_2017	tut6	BlPa	labial-voiced-7-e	voiced	labial_e	0.169928154
Baer_Henney_unpublished_2017	tut6	JaRa	labial-voiced-7-e	voiced	labial_e	0.200267101
Baer_Henney_unpublished_2017	tut6	WeNi	labial-voiced-7-e	voiced	labial_e	0.125084366
Baer_Henney_unpublished_2017	tut6	KaGu	labial-voiced-7e	voiced	labial_e	0.09654526
Baer_Henney_unpublished_2017	tut6	SoRo	labial-voiced-8-e	voiced	labial_e	0.209201135
Baer_Henney_unpublished_2017	tut6	BlPa	labial-voiced-8-e	voiced	labial_e	0.155366871
Baer_Henney_unpublished_2017	tut6	JaRa	labial-voiced-8-e	voiced	labial_e	0.178529383
Baer_Henney_unpublished_2017	tut6	WeNi	labial-voiced-8-e	voiced	labial_e	0.195674347
Baer_Henney_unpublished_2017	tut6	KaGu	labial-voiced-8e	voiced	labial_e	0.098603995
Baer_Henney_unpublished_2017	tut6	SoRo	labial-voiced-9-o	voiced	labial_o	0.243440375
Baer_Henney_unpublished_2017	tut6	BlPa	labial-voiced-9-o	voiced	labial_o	0.162637268
Baer_Henney_unpublished_2017	tut6	JaRa	labial-voiced-9-o	voiced	labial_o	0.212631406
Baer_Henney_unpublished_2017	tut6	SeYi	labial-voiced-9-o	voiced	labial_o	0.246355226
Baer_Henney_unpublished_2017	tut6	WeNi	labial-voiced-9-o	voiced	labial_o	0.179625166
Baer_Henney_unpublished_2017	tut6	KaGu	labial-voiced-9o	voiced	labial_o	0.128448927
Baer_Henney_unpublished_2017	tut6	BlPa	labial-voiceles-10-o	voiceless	labial_o	0.218242484
Baer_Henney_unpublished_2017	tut6	BlPa	labial-voiceless-1-a	voiceless	labial_a	0.150119171
Baer_Henney_unpublished_2017	tut6	JaRa	labial-voiceless-1-a	voiceless	labial_a	0.239294797
Baer_Henney_unpublished_2017	tut6	SeYi	labial-voiceless-1-a	voiceless	labial_a	0.234084659
Baer_Henney_unpublished_2017	tut6	WeNi	labial-voiceless-1-a	voiceless	labial_a	0.132157662
Baer_Henney_unpublished_2017	tut6	SoRo	labial-voiceless-10-o	voiceless	labial_o	0.19650204
Baer_Henney_unpublished_2017	tut6	JaRa	labial-voiceless-10-o	voiceless	labial_o	0.210378137
Baer_Henney_unpublished_2017	tut6	SeYi	labial-voiceless-10-o	voiceless	labial_o	0.163515019
Baer_Henney_unpublished_2017	tut6	WeNi	labial-voiceless-10-o	voiceless	labial_o	0.313266885
Baer_Henney_unpublished_2017	tut6	KaGu	labial-voiceless-10o	voiceless	labial_o	0.112714629
Baer_Henney_unpublished_2017	tut6	SoRo	labial-voiceless-11-u	voiceless	labial_u	0.159357029
Baer_Henney_unpublished_2017	tut6	BlPa	labial-voiceless-11-u	voiceless	labial_u	0.130993576
Baer_Henney_unpublished_2017	tut6	JaRa	labial-voiceless-11-u	voiceless	labial_u	0.163926964
Baer_Henney_unpublished_2017	tut6	SeYi	labial-voiceless-11-u	voiceless	labial_u	0.094611067
Baer_Henney_unpublished_2017	tut6	WeNi	labial-voiceless-11-u	voiceless	labial_u	0.177446585
Baer_Henney_unpublished_2017	tut6	KaGu	labial-voiceless-11u	voiceless	labial_u	0.093944792
Baer_Henney_unpublished_2017	tut6	WeNi	labial-voiceless-12-o	voiceless	labial_o	0.09454785
Baer_Henney_unpublished_2017	tut6	BlPa	labial-voiceless-12-u	voiceless	labial_u	0.159639784
Baer_Henney_unpublished_2017	tut6	JaRa	labial-voiceless-12-u	voiceless	labial_u	0.217495014
Baer_Henney_unpublished_2017	tut6	SeYi	labial-voiceless-12-u	voiceless	labial_u	0.109324643
Baer_Henney_unpublished_2017	tut6	KaGu	labial-voiceless-12u	voiceless	labial_u	0.107722532
Baer_Henney_unpublished_2017	tut6	WeNi	labial-voiceless-13-o	voiceless	labial_o	0.27586285
Baer_Henney_unpublished_2017	tut6	SoRo	labial-voiceless-13-u	voiceless	labial_u	0.287114919
Baer_Henney_unpublished_2017	tut6	BlPa	labial-voiceless-13-u	voiceless	labial_u	0.108360402
Baer_Henney_unpublished_2017	tut6	JaRa	labial-voiceless-13-u	voiceless	labial_u	0.190301352
Baer_Henney_unpublished_2017	tut6	KaGu	labial-voiceless-13u	voiceless	labial_u	0.13021612
Baer_Henney_unpublished_2017	tut6	BlPa	labial-voiceless-14-a	voiceless	labial_a	0.192941234
Baer_Henney_unpublished_2017	tut6	JaRa	labial-voiceless-14-a	voiceless	labial_a	0.219679384
Baer_Henney_unpublished_2017	tut6	SeYi	labial-voiceless-14-a	voiceless	labial_a	0.256515922
Baer_Henney_unpublished_2017	tut6	WeNi	labial-voiceless-14-a	voiceless	labial_a	0.204015989
Baer_Henney_unpublished_2017	tut6	KaGu	labial-voiceless-14a	voiceless	labial_a	0.182460449
Baer_Henney_unpublished_2017	tut6	SoRo	labial-voiceless-15-o	voiceless	labial_o	0.188494589
Baer_Henney_unpublished_2017	tut6	BlPa	labial-voiceless-15-o	voiceless	labial_o	0.134732137
Baer_Henney_unpublished_2017	tut6	JaRa	labial-voiceless-15-o	voiceless	labial_o	0.148102331
Baer_Henney_unpublished_2017	tut6	SeYi	labial-voiceless-15-o	voiceless	labial_o	0.126009282
Baer_Henney_unpublished_2017	tut6	WeNi	labial-voiceless-15-o	voiceless	labial_o	0.161701468
Baer_Henney_unpublished_2017	tut6	KaGu	labial-voiceless-15o	voiceless	labial_o	0.137719963
Baer_Henney_unpublished_2017	tut6	KaGu	labial-voiceless-1a	voiceless	labial_a	0.165021751
Baer_Henney_unpublished_2017	tut6	BlPa	labial-voiceless-2-a	voiceless	labial_a	0.185963125
Baer_Henney_unpublished_2017	tut6	JaRa	labial-voiceless-2-a	voiceless	labial_a	0.152125507
Baer_Henney_unpublished_2017	tut6	SeYi	labial-voiceless-2-a	voiceless	labial_a	0.219926313
Baer_Henney_unpublished_2017	tut6	WeNi	labial-voiceless-2-a	voiceless	labial_a	0.152980926
Baer_Henney_unpublished_2017	tut6	KaGu	labial-voiceless-2a	voiceless	labial_a	0.158105478
Baer_Henney_unpublished_2017	tut6	SoRo	labial-voiceless-3-i	voiceless	labial_i	0.163539399
Baer_Henney_unpublished_2017	tut6	BlPa	labial-voiceless-3-i	voiceless	labial_i	0.147204416
Baer_Henney_unpublished_2017	tut6	JaRa	labial-voiceless-3-i	voiceless	labial_i	0.153254132
Baer_Henney_unpublished_2017	tut6	SeYi	labial-voiceless-3-i	voiceless	labial_i	0.137863427
Baer_Henney_unpublished_2017	tut6	WeNi	labial-voiceless-3-i	voiceless	labial_i	0.10954046
Baer_Henney_unpublished_2017	tut6	KaGu	labial-voiceless-3i	voiceless	labial_i	0.093634325
Baer_Henney_unpublished_2017	tut6	SoRo	labial-voiceless-4-i	voiceless	labial_i	0.224915213
Baer_Henney_unpublished_2017	tut6	BlPa	labial-voiceless-4-i	voiceless	labial_i	0.14272417
Baer_Henney_unpublished_2017	tut6	JaRa	labial-voiceless-4-i	voiceless	labial_i	0.166013443
Baer_Henney_unpublished_2017	tut6	SeYi	labial-voiceless-4-i	voiceless	labial_i	0.086615766
Baer_Henney_unpublished_2017	tut6	WeNi	labial-voiceless-4-i	voiceless	labial_i	0.102247543
Baer_Henney_unpublished_2017	tut6	KaGu	labial-voiceless-4i	voiceless	labial_i	0.061422105
Baer_Henney_unpublished_2017	tut6	BlPa	labial-voiceless-5-i	voiceless	labial_i	0.141594664
Baer_Henney_unpublished_2017	tut6	JaRa	labial-voiceless-5-i	voiceless	labial_i	0.212270027
Baer_Henney_unpublished_2017	tut6	SeYi	labial-voiceless-5-i	voiceless	labial_i	0.165624891
Baer_Henney_unpublished_2017	tut6	WeNi	labial-voiceless-5-i	voiceless	labial_i	0.102467879
Baer_Henney_unpublished_2017	tut6	KaGu	labial-voiceless-5i	voiceless	labial_i	0.116576439
Baer_Henney_unpublished_2017	tut6	SoRo	labial-voiceless-6-o	voiceless	labial_o	0.167328277
Baer_Henney_unpublished_2017	tut6	BlPa	labial-voiceless-6-o	voiceless	labial_o	0.13773496
Baer_Henney_unpublished_2017	tut6	JaRa	labial-voiceless-6-o	voiceless	labial_o	0.175242365
Baer_Henney_unpublished_2017	tut6	SeYi	labial-voiceless-6-o	voiceless	labial_o	0.162404561
Baer_Henney_unpublished_2017	tut6	KaGu	labial-voiceless-6o	voiceless	labial_o	0.104551452
Baer_Henney_unpublished_2017	tut6	SoRo	labial-voiceless-7-e	voiceless	labial_e	0.173594348
Baer_Henney_unpublished_2017	tut6	BlPa	labial-voiceless-7-e	voiceless	labial_e	0.120654363
Baer_Henney_unpublished_2017	tut6	JaRa	labial-voiceless-7-e	voiceless	labial_e	0.11679448
Baer_Henney_unpublished_2017	tut6	WeNi	labial-voiceless-7-e	voiceless	labial_e	0.100227517
Baer_Henney_unpublished_2017	tut6	KaGu	labial-voiceless-7e	voiceless	labial_e	0.102156322
Baer_Henney_unpublished_2017	tut6	BlPa	labial-voiceless-8-e	voiceless	labial_e	0.231067537
Baer_Henney_unpublished_2017	tut6	JaRa	labial-voiceless-8-e	voiceless	labial_e	0.241783507
Baer_Henney_unpublished_2017	tut6	SeYi	labial-voiceless-8-e	voiceless	labial_e	0.227310862
Baer_Henney_unpublished_2017	tut6	WeNi	labial-voiceless-8-e	voiceless	labial_e	0.191573514
Baer_Henney_unpublished_2017	tut6	KaGu	labial-voiceless-8e	voiceless	labial_e	0.145795258
Baer_Henney_unpublished_2017	tut6	SoRo	labial-voiceless-9-o	voiceless	labial_o	0.200677191
Baer_Henney_unpublished_2017	tut6	BlPa	labial-voiceless-9-o	voiceless	labial_o	0.098922608
Baer_Henney_unpublished_2017	tut6	JaRa	labial-voiceless-9-o	voiceless	labial_o	0.146881782
Baer_Henney_unpublished_2017	tut6	SeYi	labial-voiceless-9-o	voiceless	labial_o	0.116181724
Baer_Henney_unpublished_2017	tut6	WeNi	labial-voiceless-9-o	voiceless	labial_o	0.198829053
Baer_Henney_unpublished_2017	tut6	KaGu	labial-voiceless-9o	voiceless	labial_o	0.124593448
Baer_Henney_unpublished_2017	tut6	SoRo	labial-voicless-8-e	voiceless	labial_e	0.27564634
Baer_Henney_unpublished_2017	tut6	BlPa	velar-voice-10-o	voiced	velar_o	0.200290074
Baer_Henney_unpublished_2017	tut6	BlPa	velar-voice-6-e	voiced	velar_e	0.189253967
Baer_Henney_unpublished_2017	tut6	JaRa	velar-voiced-1	voiced	velar_a	0.186006023
Baer_Henney_unpublished_2017	tut6	SoRo	velar-voiced-1-a	voiced	velar_a	0.279313281
Baer_Henney_unpublished_2017	tut6	BlPa	velar-voiced-1-a	voiced	velar_a	0.229046678
Baer_Henney_unpublished_2017	tut6	SeYi	velar-voiced-1-a	voiced	velar_a	0.243245942
Baer_Henney_unpublished_2017	tut6	WeNi	velar-voiced-1-a	voiced	velar_a	0.160012725
Baer_Henney_unpublished_2017	tut6	SoRo	velar-voiced-10-o	voiced	velar_o	0.22237016
Baer_Henney_unpublished_2017	tut6	JaRa	velar-voiced-10-o	voiced	velar_o	0.170824881
Baer_Henney_unpublished_2017	tut6	SeYi	velar-voiced-10-o	voiced	velar_o	0.111850936
Baer_Henney_unpublished_2017	tut6	WeNi	velar-voiced-10-o	voiced	velar_o	0.201740375
Baer_Henney_unpublished_2017	tut6	KaGu	velar-voiced-10o	voiced	velar_o	0.102856222
Baer_Henney_unpublished_2017	tut6	SoRo	velar-voiced-11-o	voiced	velar_o	0.185343398
Baer_Henney_unpublished_2017	tut6	BlPa	velar-voiced-11-o	voiced	velar_o	0.169663664
Baer_Henney_unpublished_2017	tut6	JaRa	velar-voiced-11-o	voiced	velar_o	0.200832674
Baer_Henney_unpublished_2017	tut6	SeYi	velar-voiced-11-o	voiced	velar_o	0.196440115
Baer_Henney_unpublished_2017	tut6	WeNi	velar-voiced-11-o	voiced	velar_o	0.183130055
Baer_Henney_unpublished_2017	tut6	KaGu	velar-voiced-11o	voiced	velar_o	0.166223802
Baer_Henney_unpublished_2017	tut6	BlPa	velar-voiced-12-u	voiced	velar_u	0.157495854
Baer_Henney_unpublished_2017	tut6	JaRa	velar-voiced-12-u	voiced	velar_u	0.206579381
Baer_Henney_unpublished_2017	tut6	JaRa	velar-voiced-12-u	voiced	velar_u	0.185038956
Baer_Henney_unpublished_2017	tut6	WeNi	velar-voiced-12-u	voiced	velar_u	0.17694014
Baer_Henney_unpublished_2017	tut6	KaGu	velar-voiced-12u	voiced	velar_u	0.111902796
Baer_Henney_unpublished_2017	tut6	SoRo	velar-voiced-13-u	voiced	velar_u	0.269430658
Baer_Henney_unpublished_2017	tut6	BlPa	velar-voiced-13-u	voiced	velar_u	0.145642437
Baer_Henney_unpublished_2017	tut6	JaRa	velar-voiced-13-u	voiced	velar_u	0.218510677
Baer_Henney_unpublished_2017	tut6	SeYi	velar-voiced-13-u	voiced	velar_u	0.197883711
Baer_Henney_unpublished_2017	tut6	WeNi	velar-voiced-13-u	voiced	velar_u	0.20391004
Baer_Henney_unpublished_2017	tut6	KaGu	velar-voiced-13u	voiced	velar_u	0.105784899
Baer_Henney_unpublished_2017	tut6	JaRa	velar-voiced-14-u	voiced	velar_u	0.219869124
Baer_Henney_unpublished_2017	tut6	SeYi	velar-voiced-14-u	voiced	velar_u	0.24357908
Baer_Henney_unpublished_2017	tut6	BlPa	velar-voiced-14-y	voiced	velar_y	0.219602909
Baer_Henney_unpublished_2017	tut6	SoRo	velar-voiced-14-y	voiced	velar_y	0.197786534
Baer_Henney_unpublished_2017	tut6	WeNi	velar-voiced-14-y	voiced	velar_y	0.186139789
Baer_Henney_unpublished_2017	tut6	KaGu	velar-voiced-14y	voiced	velar_y	0.133840212
Baer_Henney_unpublished_2017	tut6	SoRo	velar-voiced-15-o	voiced	velar_o	0.219646786
Baer_Henney_unpublished_2017	tut6	WeNi	velar-voiced-15-oe	voiced	velar_oe	0.167125368
Baer_Henney_unpublished_2017	tut6	BlPa	velar-voiced-15-y	voiced	velar_y	0.170485667
Baer_Henney_unpublished_2017	tut6	JaRa	velar-voiced-15-y	voiced	velar_y	0.196387749
Baer_Henney_unpublished_2017	tut6	SeYi	velar-voiced-15-y	voiced	velar_y	0.203213912
Baer_Henney_unpublished_2017	tut6	KaGu	velar-voiced-15oe	voiced	velar_oe	0.099429283
Baer_Henney_unpublished_2017	tut6	KaGu	velar-voiced-1a	voiced	velar_a	0.199064888
Baer_Henney_unpublished_2017	tut6	SoRo	velar-voiced-2-a	voiced	velar_a	0.247548862
Baer_Henney_unpublished_2017	tut6	BlPa	velar-voiced-2-a	voiced	velar_a	0.183849145
Baer_Henney_unpublished_2017	tut6	BlPa	velar-voiced-2-a	voiced	velar_a	0.196272883
Baer_Henney_unpublished_2017	tut6	JaRa	velar-voiced-2-a	voiced	velar_a	0.262361692
Baer_Henney_unpublished_2017	tut6	SeYi	velar-voiced-2-a	voiced	velar_a	0.238193356
Baer_Henney_unpublished_2017	tut6	WeNi	velar-voiced-2-a	voiced	velar_a	0.139398712
Baer_Henney_unpublished_2017	tut6	KaGu	velar-voiced-2a	voiced	velar_a	0.162729783
Baer_Henney_unpublished_2017	tut6	SoRo	velar-voiced-3-a	voiced	velar_a	0.264934076
Baer_Henney_unpublished_2017	tut6	BlPa	velar-voiced-3-a	voiced	velar_a	0.225597197
Baer_Henney_unpublished_2017	tut6	JaRa	velar-voiced-3-a	voiced	velar_a	0.24310783
Baer_Henney_unpublished_2017	tut6	SeYi	velar-voiced-3-a	voiced	velar_a	0.254739188
Baer_Henney_unpublished_2017	tut6	WeNi	velar-voiced-3-a	voiced	velar_a	0.134719588
Baer_Henney_unpublished_2017	tut6	KaGu	velar-voiced-3a	voiced	velar_a	0.197598208
Baer_Henney_unpublished_2017	tut6	BlPa	velar-voiced-4-a	voiced	velar_a	0.209750763
Baer_Henney_unpublished_2017	tut6	JaRa	velar-voiced-4-a	voiced	velar_a	0.278614459
Baer_Henney_unpublished_2017	tut6	SeYi	velar-voiced-4-a	voiced	velar_a	0.242107722
Baer_Henney_unpublished_2017	tut6	WeNi	velar-voiced-4-a	voiced	velar_a	0.127893068
Baer_Henney_unpublished_2017	tut6	KaGu	velar-voiced-4a	voiced	velar_a	0.219275478
Baer_Henney_unpublished_2017	tut6	SoRo	velar-voiced-5-e	voiced	velar_e	0.290652674
Baer_Henney_unpublished_2017	tut6	BlPa	velar-voiced-5-e	voiced	velar_e	0.17411101
Baer_Henney_unpublished_2017	tut6	JaRa	velar-voiced-5-e	voiced	velar_e	0.158607639
Baer_Henney_unpublished_2017	tut6	WeNi	velar-voiced-5-e	voiced	velar_e	0.121344843
Baer_Henney_unpublished_2017	tut6	KaGu	velar-voiced-5e	voiced	velar_e	0.124340427
Baer_Henney_unpublished_2017	tut6	SoRo	velar-voiced-6-e	voiced	velar_e	0.213659807
Baer_Henney_unpublished_2017	tut6	JaRa	velar-voiced-6-e	voiced	velar_e	0.17244792
Baer_Henney_unpublished_2017	tut6	WeNi	velar-voiced-6-e	voiced	velar_e	0.196621321
Baer_Henney_unpublished_2017	tut6	KaGu	velar-voiced-6e	voiced	velar_e	0.115126789
Baer_Henney_unpublished_2017	tut6	SoRo	velar-voiced-7-e	voiced	velar_e	0.229842744
Baer_Henney_unpublished_2017	tut6	BlPa	velar-voiced-7-e	voiced	velar_e	0.250654663
Baer_Henney_unpublished_2017	tut6	JaRa	velar-voiced-7-e	voiced	velar_e	0.205541528
Baer_Henney_unpublished_2017	tut6	WeNi	velar-voiced-7-e	voiced	velar_e	0.175547638
Baer_Henney_unpublished_2017	tut6	KaGu	velar-voiced-7e	voiced	velar_e	0.125304758
Baer_Henney_unpublished_2017	tut6	SoRo	velar-voiced-8-i	voiced	velar_i	0.226121711
Baer_Henney_unpublished_2017	tut6	BlPa	velar-voiced-8-i	voiced	velar_i	0.157098754
Baer_Henney_unpublished_2017	tut6	BlPa	velar-voiced-8-i	voiced	velar_i	0.206786507
Baer_Henney_unpublished_2017	tut6	JaRa	velar-voiced-8-i	voiced	velar_i	0.193355643
Baer_Henney_unpublished_2017	tut6	SeYi	velar-voiced-8-i	voiced	velar_i	0.209599049
Baer_Henney_unpublished_2017	tut6	WeNi	velar-voiced-8-i	voiced	velar_i	0.154174935
Baer_Henney_unpublished_2017	tut6	KaGu	velar-voiced-8i	voiced	velar_i	0.112544189
Baer_Henney_unpublished_2017	tut6	JaRa	velar-voiced-9-e	voiced	velar_e	0.219408874
Baer_Henney_unpublished_2017	tut6	SoRo	velar-voiced-9-i	voiced	velar_i	0.179870906
Baer_Henney_unpublished_2017	tut6	BlPa	velar-voiced-9-i	voiced	velar_i	0.202435379
Baer_Henney_unpublished_2017	tut6	SeYi	velar-voiced-9-i	voiced	velar_i	0.200548811
Baer_Henney_unpublished_2017	tut6	WeNi	velar-voiced-9-i	voiced	velar_i	0.088056535
Baer_Henney_unpublished_2017	tut6	KaGu	velar-voiced-9i	voiced	velar_i	0.12910826
Baer_Henney_unpublished_2017	tut6	BlPa	velar-voiceless-1-a	voiceless	velar_a	0.27625777
Baer_Henney_unpublished_2017	tut6	JaRa	velar-voiceless-1-a	voiceless	velar_a	0.238756483
Baer_Henney_unpublished_2017	tut6	SeYi	velar-voiceless-1-a	voiceless	velar_a	0.301156355
Baer_Henney_unpublished_2017	tut6	WeNi	velar-voiceless-1-a	voiceless	velar_a	0.178651555
Baer_Henney_unpublished_2017	tut6	SoRo	velar-voiceless-10-o	voiceless	velar_o	0.215161638
Baer_Henney_unpublished_2017	tut6	BlPa	velar-voiceless-10-o	voiceless	velar_o	0.133432741
Baer_Henney_unpublished_2017	tut6	JaRa	velar-voiceless-10-o	voiceless	velar_o	0.209204408
Baer_Henney_unpublished_2017	tut6	SeYi	velar-voiceless-10-o	voiceless	velar_o	0.203880187
Baer_Henney_unpublished_2017	tut6	WeNi	velar-voiceless-10-o	voiceless	velar_o	0.197368333
Baer_Henney_unpublished_2017	tut6	KaGu	velar-voiceless-10o	voiceless	velar_o	0.175916452
Baer_Henney_unpublished_2017	tut6	SoRo	velar-voiceless-11-o	voiceless	velar_o	0.234401603
Baer_Henney_unpublished_2017	tut6	BlPa	velar-voiceless-11-o	voiceless	velar_o	0.141389325
Baer_Henney_unpublished_2017	tut6	SeYi	velar-voiceless-11-o	voiceless	velar_o	0.19444129
Baer_Henney_unpublished_2017	tut6	WeNi	velar-voiceless-11-o	voiceless	velar_o	0.18062421
Baer_Henney_unpublished_2017	tut6	JaRa	velar-voiceless-11-u	voiceless	velar_u	0.04833291
Baer_Henney_unpublished_2017	tut6	KaGu	velar-voiceless-11o	voiceless	velar_o	0.121106553
Baer_Henney_unpublished_2017	tut6	BlPa	velar-voiceless-12-u	voiceless	velar_u	0.176609391
Baer_Henney_unpublished_2017	tut6	JaRa	velar-voiceless-12-u	voiceless	velar_u	0.206075539
Baer_Henney_unpublished_2017	tut6	SeYi	velar-voiceless-12-u	voiceless	velar_u	0.230864329
Baer_Henney_unpublished_2017	tut6	WeNi	velar-voiceless-12-u	voiceless	velar_u	0.191607109
Baer_Henney_unpublished_2017	tut6	KaGu	velar-voiceless-12u	voiceless	velar_u	0.081945733
Baer_Henney_unpublished_2017	tut6	SoRo	velar-voiceless-13-u	voiceless	velar_u	0.262158168
Baer_Henney_unpublished_2017	tut6	BlPa	velar-voiceless-13-u	voiceless	velar_u	0.142499784
Baer_Henney_unpublished_2017	tut6	JaRa	velar-voiceless-13-u	voiceless	velar_u	0.235105237
Baer_Henney_unpublished_2017	tut6	SeYi	velar-voiceless-13-u	voiceless	velar_u	0.150605939
Baer_Henney_unpublished_2017	tut6	WeNi	velar-voiceless-13-u	voiceless	velar_u	0.194748858
Baer_Henney_unpublished_2017	tut6	KaGu	velar-voiceless-13u	voiceless	velar_u	0.208116147
Baer_Henney_unpublished_2017	tut6	SeYi	velar-voiceless-14-u	voiceless	velar_u	0.206878425
Baer_Henney_unpublished_2017	tut6	BlPa	velar-voiceless-14-y	voiceless	velar_y	0.165852109
Baer_Henney_unpublished_2017	tut6	SoRo	velar-voiceless-14-y	voiceless	velar_y	0.198475578
Baer_Henney_unpublished_2017	tut6	WeNi	velar-voiceless-14-y	voiceless	velar_y	0.202856672
Baer_Henney_unpublished_2017	tut6	KaGu	velar-voiceless-14y	voiceless	velar_y	0.061717202
Baer_Henney_unpublished_2017	tut6	SoRo	velar-voiceless-15-o	voiceless	velar_o	0.230031365
Baer_Henney_unpublished_2017	tut6	SeYi	velar-voiceless-15-o	voiceless	velar_o	0.178339641
Baer_Henney_unpublished_2017	tut6	BlPa	velar-voiceless-15-y	voiceless	velar_y	0.151967503
Baer_Henney_unpublished_2017	tut6	JaRa	velar-voiceless-15-y	voiceless	velar_y	0.126447033
Baer_Henney_unpublished_2017	tut6	KaGu	velar-voiceless-15oe	voiceless	velar_oe	0.149749435
Baer_Henney_unpublished_2017	tut6	KaGu	velar-voiceless-1a	voiceless	velar_a	0.158509151
Baer_Henney_unpublished_2017	tut6	SoRo	velar-voiceless-2-a	voiceless	velar_a	0.283877251
Baer_Henney_unpublished_2017	tut6	JaRa	velar-voiceless-2-a	voiceless	velar_a	0.139675338
Baer_Henney_unpublished_2017	tut6	SeYi	velar-voiceless-2-a	voiceless	velar_a	0.202769729
Baer_Henney_unpublished_2017	tut6	WeNi	velar-voiceless-2-a	voiceless	velar_a	0.108123355
Baer_Henney_unpublished_2017	tut6	KaGu	velar-voiceless-2a	voiceless	velar_a	0.160464725
Baer_Henney_unpublished_2017	tut6	BlPa	velar-voiceless-3-a	voiceless	velar_a	0.207532402
Baer_Henney_unpublished_2017	tut6	JaRa	velar-voiceless-3-a	voiceless	velar_a	0.263592172
Baer_Henney_unpublished_2017	tut6	SeYi	velar-voiceless-3-a	voiceless	velar_a	0.230864329
Baer_Henney_unpublished_2017	tut6	WeNi	velar-voiceless-3-a	voiceless	velar_a	0.146587946
Baer_Henney_unpublished_2017	tut6	KaGu	velar-voiceless-3a	voiceless	velar_a	0.189457458
Baer_Henney_unpublished_2017	tut6	BlPa	velar-voiceless-4-a	voiceless	velar_a	0.209779439
Baer_Henney_unpublished_2017	tut6	JaRa	velar-voiceless-4-a	voiceless	velar_a	0.225362009
Baer_Henney_unpublished_2017	tut6	SeYi	velar-voiceless-4-a	voiceless	velar_a	0.182642668
Baer_Henney_unpublished_2017	tut6	WeNi	velar-voiceless-4-a	voiceless	velar_a	0.155412099
Baer_Henney_unpublished_2017	tut6	KaGu	velar-voiceless-4a	voiceless	velar_a	0.173216325
Baer_Henney_unpublished_2017	tut6	SoRo	velar-voiceless-5-e	voiceless	velar_e	0.307989741
Baer_Henney_unpublished_2017	tut6	BlPa	velar-voiceless-5-e	voiceless	velar_e	0.226253803
Baer_Henney_unpublished_2017	tut6	JaRa	velar-voiceless-5-e	voiceless	velar_e	0.22286461
Baer_Henney_unpublished_2017	tut6	SeYi	velar-voiceless-5-e	voiceless	velar_e	0.259430875
Baer_Henney_unpublished_2017	tut6	WeNi	velar-voiceless-5-e	voiceless	velar_e	0.219820781
Baer_Henney_unpublished_2017	tut6	KaGu	velar-voiceless-5e	voiceless	velar_e	0.101402798
Baer_Henney_unpublished_2017	tut6	SoRo	velar-voiceless-6-a	voiceless	velar_a	0.2459202
Baer_Henney_unpublished_2017	tut6	BlPa	velar-voiceless-6-e	voiceless	velar_e	0.218274523
Baer_Henney_unpublished_2017	tut6	JaRa	velar-voiceless-6-e	voiceless	velar_e	0.219805832
Baer_Henney_unpublished_2017	tut6	WeNi	velar-voiceless-6-e	voiceless	velar_e	0.204174807
Baer_Henney_unpublished_2017	tut6	KaGu	velar-voiceless-6e	voiceless	velar_e	0.09149934
Baer_Henney_unpublished_2017	tut6	SoRo	velar-voiceless-7-e	voiceless	velar_e	0.218235996
Baer_Henney_unpublished_2017	tut6	BlPa	velar-voiceless-7-e	voiceless	velar_e	0.147626097
Baer_Henney_unpublished_2017	tut6	JaRa	velar-voiceless-7-e	voiceless	velar_e	0.214632142
Baer_Henney_unpublished_2017	tut6	SeYi	velar-voiceless-7-e	voiceless	velar_e	0.251019152
Baer_Henney_unpublished_2017	tut6	WeNi	velar-voiceless-7-e	voiceless	velar_e	0.117082124
Baer_Henney_unpublished_2017	tut6	KaGu	velar-voiceless-7e	voiceless	velar_e	0.131018982
Baer_Henney_unpublished_2017	tut6	SoRo	velar-voiceless-8-i	voiceless	velar_i	0.205395217
Baer_Henney_unpublished_2017	tut6	JaRa	velar-voiceless-8-i	voiceless	velar_i	0.191476239
Baer_Henney_unpublished_2017	tut6	SeYi	velar-voiceless-8-i	voiceless	velar_i	0.207877838
Baer_Henney_unpublished_2017	tut6	WeNi	velar-voiceless-8-i	voiceless	velar_i	0.153961173
Baer_Henney_unpublished_2017	tut6	KaGu	velar-voiceless-8i	voiceless	velar_i	0.135087114
Baer_Henney_unpublished_2017	tut6	SoRo	velar-voiceless-9-i	voiceless	velar_i	0.195990193
Baer_Henney_unpublished_2017	tut6	BlPa	velar-voiceless-9-i	voiceless	velar_i	0.144697961
Baer_Henney_unpublished_2017	tut6	JaRa	velar-voiceless-9-i	voiceless	velar_i	0.128220101
Baer_Henney_unpublished_2017	tut6	SeYi	velar-voiceless-9-i	voiceless	velar_i	0.127369594
Baer_Henney_unpublished_2017	tut6	WeNi	velar-voiceless-9-i	voiceless	velar_i	0.163776496
Baer_Henney_unpublished_2017	tut6	KaGu	velar-voiceless-9i	voiceless	velar_i	0.103178962
Baer_Henney_unpublished_2017	tut6	WeNi	verlar-voiceless-15-oe	voiceless	velar_oe	0.193460065
Baer_Henney_unpublished_2017	tut7	MaKa	abial-voiceless-14-u	voiceless	alveolar_u	0.20228551
Baer_Henney_unpublished_2017	tut7	VaCa	alveolar-voiced-1	voiced	alveolar_a	0.094193743
Baer_Henney_unpublished_2017	tut7	IsSc	alveolar-voiced-1-a	voiced	alveolar_a	0.114121705
Baer_Henney_unpublished_2017	tut7	JaKr	alveolar-voiced-1-a	voiced	alveolar_a	0.150126178
Baer_Henney_unpublished_2017	tut7	MaKa	alveolar-voiced-1-a	voiced	alveolar_a	0.215562575
Baer_Henney_unpublished_2017	tut7	ThAu	alveolar-voiced-1-a	voiced	alveolar_a	0.127515007
Baer_Henney_unpublished_2017	tut7	ZeGu	alveolar-voiced-1-a	voiced	alveolar_a	0.46916701
Baer_Henney_unpublished_2017	tut7	VaCa	alveolar-voiced-10	voiced	alveolar_o	0.16475793
Baer_Henney_unpublished_2017	tut7	IsSc	alveolar-voiced-10-o	voiced	alveolar_o	0.142827454
Baer_Henney_unpublished_2017	tut7	JaKr	alveolar-voiced-10-o	voiced	alveolar_o	0.171656582
Baer_Henney_unpublished_2017	tut7	MaKa	alveolar-voiced-10-o	voiced	alveolar_o	0.20228615
Baer_Henney_unpublished_2017	tut7	ThAu	alveolar-voiced-10-o	voiced	alveolar_o	0.119039383
Baer_Henney_unpublished_2017	tut7	ZeGu	alveolar-voiced-10-o	voiced	alveolar_o	0.396255921
Baer_Henney_unpublished_2017	tut7	VaCa	alveolar-voiced-11	voiced	alveolar_u	0.131806344
Baer_Henney_unpublished_2017	tut7	YaGu	alveolar-voiced-11-o	voiced	alveolar_o	0.123744269
Baer_Henney_unpublished_2017	tut7	IsSc	alveolar-voiced-11-u	voiced	alveolar_u	0.202883031
Baer_Henney_unpublished_2017	tut7	JaKr	alveolar-voiced-11-u	voiced	alveolar_u	0.128879184
Baer_Henney_unpublished_2017	tut7	MaKa	alveolar-voiced-11-u	voiced	alveolar_u	0.164357819
Baer_Henney_unpublished_2017	tut7	ThAu	alveolar-voiced-11-u	voiced	alveolar_u	0.121088076
Baer_Henney_unpublished_2017	tut7	ZeGu	alveolar-voiced-11-u	voiced	alveolar_u	0.389915826
Baer_Henney_unpublished_2017	tut7	SiNe	alveolar-voiced-11-y	voiced	alveolar_y	0.172870818
Baer_Henney_unpublished_2017	tut7	VaCa	alveolar-voiced-12	voiced	alveolar_u	0.075354994
Baer_Henney_unpublished_2017	tut7	JaKr	alveolar-voiced-12-u	voiced	alveolar_u	0.110763502
Baer_Henney_unpublished_2017	tut7	SiNe	alveolar-voiced-12-u	voiced	alveolar_u	0.142667916
Baer_Henney_unpublished_2017	tut7	IsSc	alveolar-voiced-12-u	voiced	alveolar_u	0.103874512
Baer_Henney_unpublished_2017	tut7	MaKa	alveolar-voiced-12-u	voiced	alveolar_u	0.126799437
Baer_Henney_unpublished_2017	tut7	ThAu	alveolar-voiced-12-u	voiced	alveolar_u	0.138311922
Baer_Henney_unpublished_2017	tut7	ZeGu	alveolar-voiced-12-u	voiced	alveolar_u	0.304324547
Baer_Henney_unpublished_2017	tut7	YaGu	alveolar-voiced-12-y	voiced	alveolar_y	0.087007689
Baer_Henney_unpublished_2017	tut7	VaCa	alveolar-voiced-13	voiced	alveolar_i	0.087805799
Baer_Henney_unpublished_2017	tut7	JaKr	alveolar-voiced-13-i	voiced	alveolar_i	0.118713914
Baer_Henney_unpublished_2017	tut7	SiNe	alveolar-voiced-13-i	voiced	alveolar_i	0.18369435
Baer_Henney_unpublished_2017	tut7	IsSc	alveolar-voiced-13-i	voiced	alveolar_i	0.126801895
Baer_Henney_unpublished_2017	tut7	MaKa	alveolar-voiced-13-i	voiced	alveolar_i	0.265501092
Baer_Henney_unpublished_2017	tut7	ThAu	alveolar-voiced-13-i	voiced	alveolar_i	0.108759823
Baer_Henney_unpublished_2017	tut7	ZeGu	alveolar-voiced-13-i	voiced	alveolar_i	0.370895542
Baer_Henney_unpublished_2017	tut7	YaGu	alveolar-voiced-13-o	voiced	alveolar_o	0.127611277
Baer_Henney_unpublished_2017	tut7	VaCa	alveolar-voiced-14	voiced	alveolar_i	0.16475793
Baer_Henney_unpublished_2017	tut7	JaKr	alveolar-voiced-14-i	voiced	alveolar_i	0.169778216
Baer_Henney_unpublished_2017	tut7	SiNe	alveolar-voiced-14-i	voiced	alveolar_i	0.215360711
Baer_Henney_unpublished_2017	tut7	IsSc	alveolar-voiced-14-i	voiced	alveolar_i	0.142827454
Baer_Henney_unpublished_2017	tut7	MaKa	alveolar-voiced-14-i	voiced	alveolar_i	0.151714864
Baer_Henney_unpublished_2017	tut7	ThAu	alveolar-voiced-14-i	voiced	alveolar_i	0.112630407
Baer_Henney_unpublished_2017	tut7	ZeGu	alveolar-voiced-14-i	voiced	alveolar_i	0.282134215
Baer_Henney_unpublished_2017	tut7	VaCa	alveolar-voiced-15	voiced	alveolar_u	0.131806344
Baer_Henney_unpublished_2017	tut7	ThAu	alveolar-voiced-15-o	voiced	alveolar_o	0.138495794
Baer_Henney_unpublished_2017	tut7	JaKr	alveolar-voiced-15-u	voiced	alveolar_u	0.123250161
Baer_Henney_unpublished_2017	tut7	SiNe	alveolar-voiced-15-u	voiced	alveolar_u	0.237900898
Baer_Henney_unpublished_2017	tut7	IsSc	alveolar-voiced-15-u	voiced	alveolar_u	0.126801895
Baer_Henney_unpublished_2017	tut7	MaKa	alveolar-voiced-15-u	voiced	alveolar_u	0.120107637
Baer_Henney_unpublished_2017	tut7	ZeGu	alveolar-voiced-15-u	voiced	alveolar_u	0.380405684
Baer_Henney_unpublished_2017	tut7	JaKr	alveolar-voiced-2	voiced	alveolar_a	0.171119714
Baer_Henney_unpublished_2017	tut7	VaCa	alveolar-voiced-2	voiced	alveolar_a	0.122928127
Baer_Henney_unpublished_2017	tut7	SiNe	alveolar-voiced-2-a	voiced	alveolar_a	0.219890041
Baer_Henney_unpublished_2017	tut7	IsSc	alveolar-voiced-2-a	voiced	alveolar_a	0.152162273
Baer_Henney_unpublished_2017	tut7	MaKa	alveolar-voiced-2-a	voiced	alveolar_a	0.22125091
Baer_Henney_unpublished_2017	tut7	ThAu	alveolar-voiced-2-a	voiced	alveolar_a	0.128171575
Baer_Henney_unpublished_2017	tut7	ZeGu	alveolar-voiced-2-a	voiced	alveolar_a	0.355045305
Baer_Henney_unpublished_2017	tut7	VaCa	alveolar-voiced-3	voiced	alveolar_e	0.201953351
Baer_Henney_unpublished_2017	tut7	JaKr	alveolar-voiced-3-e	voiced	alveolar_e	0.175139553
Baer_Henney_unpublished_2017	tut7	SiNe	alveolar-voiced-3-e	voiced	alveolar_e	0.179685708
Baer_Henney_unpublished_2017	tut7	IsSc	alveolar-voiced-3-e	voiced	alveolar_e	0.164842463
Baer_Henney_unpublished_2017	tut7	MaKa	alveolar-voiced-3-e	voiced	alveolar_e	0.227573324
Baer_Henney_unpublished_2017	tut7	ThAu	alveolar-voiced-3-e	voiced	alveolar_e	0.109861586
Baer_Henney_unpublished_2017	tut7	ZeGu	alveolar-voiced-3-e	voiced	alveolar_e	0.294814405
Baer_Henney_unpublished_2017	tut7	YaGu	alveolar-voiced-3-o	voiced	alveolar_o	0.088941193
Baer_Henney_unpublished_2017	tut7	VaCa	alveolar-voiced-4	voiced	alveolar_e	0.10983862
Baer_Henney_unpublished_2017	tut7	JaKr	alveolar-voiced-4-e	voiced	alveolar_e	0.142243292
Baer_Henney_unpublished_2017	tut7	SiNe	alveolar-voiced-4-e	voiced	alveolar_e	0.269128025
Baer_Henney_unpublished_2017	tut7	IsSc	alveolar-voiced-4-e	voiced	alveolar_e	0.152162273
Baer_Henney_unpublished_2017	tut7	MaKa	alveolar-voiced-4-e	voiced	alveolar_e	0.227572364
Baer_Henney_unpublished_2017	tut7	ThAu	alveolar-voiced-4-e	voiced	alveolar_e	0.137811058
Baer_Henney_unpublished_2017	tut7	ZeGu	alveolar-voiced-4-e	voiced	alveolar_e	0.307494594
Baer_Henney_unpublished_2017	tut7	YaGu	alveolar-voiced-4-oe	voiced	alveolar_oe	0.108276235
Baer_Henney_unpublished_2017	tut7	VaCa	alveolar-voiced-5	voiced	alveolar_i	0.10983862
Baer_Henney_unpublished_2017	tut7	JaKr	alveolar-voiced-5-i	voiced	alveolar_i	0.092885889
Baer_Henney_unpublished_2017	tut7	SiNe	alveolar-voiced-5-i	voiced	alveolar_i	0.170232949
Baer_Henney_unpublished_2017	tut7	IsSc	alveolar-voiced-5-i	voiced	alveolar_i	0.114121705
Baer_Henney_unpublished_2017	tut7	MaKa	alveolar-voiced-5-i	voiced	alveolar_i	0.214929391
Baer_Henney_unpublished_2017	tut7	ThAu	alveolar-voiced-5-i	voiced	alveolar_i	0.100638224
Baer_Henney_unpublished_2017	tut7	ZeGu	alveolar-voiced-5-i	voiced	alveolar_i	0.336025021
Baer_Henney_unpublished_2017	tut7	VaCa	alveolar-voiced-6	voiced	alveolar_i	0.114147546
Baer_Henney_unpublished_2017	tut7	JaKr	alveolar-voiced-6-i	voiced	alveolar_i	0.09765426
Baer_Henney_unpublished_2017	tut7	SiNe	alveolar-voiced-6-i	voiced	alveolar_i	0.16308174
Baer_Henney_unpublished_2017	tut7	IsSc	alveolar-voiced-6-i	voiced	alveolar_i	0.152162273
Baer_Henney_unpublished_2017	tut7	MaKa	alveolar-voiced-6-i	voiced	alveolar_i	0.21493033
Baer_Henney_unpublished_2017	tut7	ThAu	alveolar-voiced-6-i	voiced	alveolar_i	0.109558168
Baer_Henney_unpublished_2017	tut7	ZeGu	alveolar-voiced-6-i	voiced	alveolar_i	0.310664642
Baer_Henney_unpublished_2017	tut7	YaGu	alveolar-voiced-6-i	voiced	alveolar_i	0.127611277
Baer_Henney_unpublished_2017	tut7	VaCa	alveolar-voiced-7	voiced	alveolar_o	0.197709516
Baer_Henney_unpublished_2017	tut7	YaGu	alveolar-voiced-7-i	voiced	alveolar_i	0.129544781
Baer_Henney_unpublished_2017	tut7	JaKr	alveolar-voiced-7-o	voiced	alveolar_o	0.179549266
Baer_Henney_unpublished_2017	tut7	SiNe	alveolar-voiced-7-o	voiced	alveolar_o	0.201311104
Baer_Henney_unpublished_2017	tut7	IsSc	alveolar-voiced-7-o	voiced	alveolar_o	0.12984314
Baer_Henney_unpublished_2017	tut7	MaKa	alveolar-voiced-7-o	voiced	alveolar_o	0.221249776
Baer_Henney_unpublished_2017	tut7	ThAu	alveolar-voiced-7-o	voiced	alveolar_o	0.117265491
Baer_Henney_unpublished_2017	tut7	ZeGu	alveolar-voiced-7-o	voiced	alveolar_o	0.380405684
Baer_Henney_unpublished_2017	tut7	VaCa	alveolar-voiced-8	voiced	alveolar_o	0.098854758
Baer_Henney_unpublished_2017	tut7	JaKr	alveolar-voiced-8-o	voiced	alveolar_o	0.114117353
Baer_Henney_unpublished_2017	tut7	SiNe	alveolar-voiced-8-o	voiced	alveolar_o	0.192536464
Baer_Henney_unpublished_2017	tut7	IsSc	alveolar-voiced-8-o	voiced	alveolar_o	0.097382355
Baer_Henney_unpublished_2017	tut7	MaKa	alveolar-voiced-8-o	voiced	alveolar_o	0.214929391
Baer_Henney_unpublished_2017	tut7	ThAu	alveolar-voiced-8-o	voiced	alveolar_o	0.119123003
Baer_Henney_unpublished_2017	tut7	ZeGu	alveolar-voiced-8-o	voiced	alveolar_o	0.40893611
Baer_Henney_unpublished_2017	tut7	VaCa	alveolar-voiced-9	voiced	alveolar_o	0.096586385
Baer_Henney_unpublished_2017	tut7	JaKr	alveolar-voiced-9-o	voiced	alveolar_o	0.204788137
Baer_Henney_unpublished_2017	tut7	SiNe	alveolar-voiced-9-o	voiced	alveolar_o	0.20864118
Baer_Henney_unpublished_2017	tut7	IsSc	alveolar-voiced-9-o	voiced	alveolar_o	0.114121705
Baer_Henney_unpublished_2017	tut7	MaKa	alveolar-voiced-9-o	voiced	alveolar_o	0.139072629
Baer_Henney_unpublished_2017	tut7	ThAu	alveolar-voiced-9-o	voiced	alveolar_o	0.110804052
Baer_Henney_unpublished_2017	tut7	ZeGu	alveolar-voiced-9-o	voiced	alveolar_o	0.329684926
Baer_Henney_unpublished_2017	tut7	VaCa	alveolar-voiceless-1	voiceless	alveolar_a	0.087805805
Baer_Henney_unpublished_2017	tut7	JaKr	alveolar-voiceless-1-a	voiceless	alveolar_a	0.2075299
Baer_Henney_unpublished_2017	tut7	SiNe	alveolar-voiceless-1-a	voiceless	alveolar_a	0.145380081
Baer_Henney_unpublished_2017	tut7	IsSc	alveolar-voiceless-1-a	voiceless	alveolar_a	0.126801895
Baer_Henney_unpublished_2017	tut7	MaKa	alveolar-voiceless-1-a	voiceless	alveolar_a	0.252858183
Baer_Henney_unpublished_2017	tut7	ThAu	alveolar-voiceless-1-a	voiceless	alveolar_a	0.134724934
Baer_Henney_unpublished_2017	tut7	ZeGu	alveolar-voiceless-1-a	voiceless	alveolar_a	0.446976678
Baer_Henney_unpublished_2017	tut7	VaCa	alveolar-voiceless-10	voiceless	alveolar_o	0.113032491
Baer_Henney_unpublished_2017	tut7	JaKr	alveolar-voiceless-10-o	voiceless	alveolar_o	0.173935143
Baer_Henney_unpublished_2017	tut7	SiNe	alveolar-voiceless-10-o	voiceless	alveolar_o	0.168732025
Baer_Henney_unpublished_2017	tut7	IsSc	alveolar-voiceless-10-o	voiceless	alveolar_o	0.142827454
Baer_Henney_unpublished_2017	tut7	MaKa	alveolar-voiceless-10-o	voiceless	alveolar_o	0.238968169
Baer_Henney_unpublished_2017	tut7	ThAu	alveolar-voiceless-10-o	voiceless	alveolar_o	0.116003593
Baer_Henney_unpublished_2017	tut7	ZeGu	alveolar-voiceless-10-o	voiceless	alveolar_o	0.34870521
Baer_Henney_unpublished_2017	tut7	VaCa	alveolar-voiceless-11	voiceless	alveolar_u	0.122928127
Baer_Henney_unpublished_2017	tut7	JaKr	alveolar-voiceless-11-u	voiceless	alveolar_u	0.138241148
Baer_Henney_unpublished_2017	tut7	SiNe	alveolar-voiceless-11-u	voiceless	alveolar_u	0.136975688
Baer_Henney_unpublished_2017	tut7	IsSc	alveolar-voiceless-11-u	voiceless	alveolar_u	0.114121705
Baer_Henney_unpublished_2017	tut7	MaKa	alveolar-voiceless-11-u	voiceless	alveolar_u	0.177000728
Baer_Henney_unpublished_2017	tut7	ThAu	alveolar-voiceless-11-u	voiceless	alveolar_u	0.134001141
Baer_Henney_unpublished_2017	tut7	ZeGu	alveolar-voiceless-11-u	voiceless	alveolar_u	0.45648682
Baer_Henney_unpublished_2017	tut7	VaCa	alveolar-voiceless-12	voiceless	alveolar_u	0.16475793
Baer_Henney_unpublished_2017	tut7	JaKr	alveolar-voiceless-12-u	voiceless	alveolar_u	0.140338043
Baer_Henney_unpublished_2017	tut7	SiNe	alveolar-voiceless-12-u	voiceless	alveolar_u	0.163664567
Baer_Henney_unpublished_2017	tut7	IsSc	alveolar-voiceless-12-u	voiceless	alveolar_u	0.097382355
Baer_Henney_unpublished_2017	tut7	MaKa	alveolar-voiceless-12-u	voiceless	alveolar_u	0.176999821
Baer_Henney_unpublished_2017	tut7	ThAu	alveolar-voiceless-12-u	voiceless	alveolar_u	0.103249079
Baer_Henney_unpublished_2017	tut7	ZeGu	alveolar-voiceless-12-u	voiceless	alveolar_u	0.3011545
Baer_Henney_unpublished_2017	tut7	VaCa	alveolar-voiceless-13	voiceless	alveolar_i	0.098854758
Baer_Henney_unpublished_2017	tut7	JaKr	alveolar-voiceless-13-i	voiceless	alveolar_i	0.136238969
Baer_Henney_unpublished_2017	tut7	SiNe	alveolar-voiceless-13-i	voiceless	alveolar_i	0.173279962
Baer_Henney_unpublished_2017	tut7	IsSc	alveolar-voiceless-13-i	voiceless	alveolar_i	0.088761326
Baer_Henney_unpublished_2017	tut7	MaKa	alveolar-voiceless-13-i	voiceless	alveolar_i	0.189643637
Baer_Henney_unpublished_2017	tut7	ThAu	alveolar-voiceless-13-i	voiceless	alveolar_i	0.130183375
Baer_Henney_unpublished_2017	tut7	ZeGu	alveolar-voiceless-13-i	voiceless	alveolar_i	0.317004736
Baer_Henney_unpublished_2017	tut7	VaCa	alveolar-voiceless-14	voiceless	alveolar_i	0.120822482
Baer_Henney_unpublished_2017	tut7	YaGu	alveolar-voiceless-14-a	voiceless	alveolar_a	0.104409227
Baer_Henney_unpublished_2017	tut7	JaKr	alveolar-voiceless-14-i	voiceless	alveolar_i	0.157798911
Baer_Henney_unpublished_2017	tut7	SiNe	alveolar-voiceless-14-i	voiceless	alveolar_i	0.179992291
Baer_Henney_unpublished_2017	tut7	IsSc	alveolar-voiceless-14-i	voiceless	alveolar_i	0.142827454
Baer_Henney_unpublished_2017	tut7	MaKa	alveolar-voiceless-14-i	voiceless	alveolar_i	0.139071959
Baer_Henney_unpublished_2017	tut7	ThAu	alveolar-voiceless-14-i	voiceless	alveolar_i	0.149586912
Baer_Henney_unpublished_2017	tut7	ZeGu	alveolar-voiceless-14-i	voiceless	alveolar_i	0.291644357
Baer_Henney_unpublished_2017	tut7	VaCa	alveolar-voiceless-15	voiceless	alveolar_u	0.21967724
Baer_Henney_unpublished_2017	tut7	IsSc	alveolar-voiceless-15	voiceless	alveolar_u	0.123350983
Baer_Henney_unpublished_2017	tut7	YaGu	alveolar-voiceless-15-a	voiceless	alveolar_a	0.108276235
Baer_Henney_unpublished_2017	tut7	JaKr	alveolar-voiceless-15-u	voiceless	alveolar_u	0.132065365
Baer_Henney_unpublished_2017	tut7	SiNe	alveolar-voiceless-15-u	voiceless	alveolar_u	0.145105075
Baer_Henney_unpublished_2017	tut7	MaKa	alveolar-voiceless-15-u	voiceless	alveolar_u	0.177000381
Baer_Henney_unpublished_2017	tut7	ThAu	alveolar-voiceless-15-u	voiceless	alveolar_u	0.105308925
Baer_Henney_unpublished_2017	tut7	ZeGu	alveolar-voiceless-15-u	voiceless	alveolar_u	0.418446252
Baer_Henney_unpublished_2017	tut7	VaCa	alveolar-voiceless-2	voiceless	alveolar_a	0.103613117
Baer_Henney_unpublished_2017	tut7	JaKr	alveolar-voiceless-2-a	voiceless	alveolar_a	0.172317859
Baer_Henney_unpublished_2017	tut7	SiNe	alveolar-voiceless-2-a	voiceless	alveolar_a	0.147940305
Baer_Henney_unpublished_2017	tut7	IsSc	alveolar-voiceless-2-a	voiceless	alveolar_a	0.145822179
Baer_Henney_unpublished_2017	tut7	MaKa	alveolar-voiceless-2-a	voiceless	alveolar_a	0.291643528
Baer_Henney_unpublished_2017	tut7	ThAu	alveolar-voiceless-2-a	voiceless	alveolar_a	0.137766944
Baer_Henney_unpublished_2017	tut7	YaGu	alveolar-voiceless-2-i	voiceless	alveolar_i	0.085074185
Baer_Henney_unpublished_2017	tut7	VaCa	alveolar-voiceless-3	voiceless	alveolar_e	0.186725654
Baer_Henney_unpublished_2017	tut7	JaKr	alveolar-voiceless-3-e	voiceless	alveolar_e	0.1581158
Baer_Henney_unpublished_2017	tut7	SiNe	alveolar-voiceless-3-e	voiceless	alveolar_e	0.167627055
Baer_Henney_unpublished_2017	tut7	IsSc	alveolar-voiceless-3-e	voiceless	alveolar_e	0.142827454
Baer_Henney_unpublished_2017	tut7	MaKa	alveolar-voiceless-3-e	voiceless	alveolar_e	0.189643266
Baer_Henney_unpublished_2017	tut7	ThAu	alveolar-voiceless-3-e	voiceless	alveolar_e	0.127007492
Baer_Henney_unpublished_2017	tut7	ZeGu	alveolar-voiceless-3-e	voiceless	alveolar_e	0.310664642
Baer_Henney_unpublished_2017	tut7	VaCa	alveolar-voiceless-4	voiceless	alveolar_e	0.140489288
Baer_Henney_unpublished_2017	tut7	JaKr	alveolar-voiceless-4-e	voiceless	alveolar_e	0.168226565
Baer_Henney_unpublished_2017	tut7	SiNe	alveolar-voiceless-4-e	voiceless	alveolar_e	0.162870287
Baer_Henney_unpublished_2017	tut7	IsSc	alveolar-voiceless-4-e	voiceless	alveolar_e	0.126801895
Baer_Henney_unpublished_2017	tut7	MaKa	alveolar-voiceless-4-e	voiceless	alveolar_e	0.214930362
Baer_Henney_unpublished_2017	tut7	ThAu	alveolar-voiceless-4-e	voiceless	alveolar_e	0.142883799
Baer_Henney_unpublished_2017	tut7	ZeGu	alveolar-voiceless-4-e	voiceless	alveolar_e	0.342365115
Baer_Henney_unpublished_2017	tut7	VaCa	alveolar-voiceless-5	voiceless	alveolar_i	0.142790206
Baer_Henney_unpublished_2017	tut7	SiNe	alveolar-voiceless-5-i	voiceless	alveolar_i	0.171864216
Baer_Henney_unpublished_2017	tut7	IsSc	alveolar-voiceless-5-i	voiceless	alveolar_i	0.116858826
Baer_Henney_unpublished_2017	tut7	MaKa	alveolar-voiceless-5-i	voiceless	alveolar_i	0.177000675
Baer_Henney_unpublished_2017	tut7	ThAu	alveolar-voiceless-5-i	voiceless	alveolar_i	0.091268153
Baer_Henney_unpublished_2017	tut7	ZeGu	alveolar-voiceless-5-i	voiceless	alveolar_i	0.326514879
Baer_Henney_unpublished_2017	tut7	VaCa	alveolar-voiceless-6	voiceless	alveolar_i	0.166831029
Baer_Henney_unpublished_2017	tut7	JaKr	alveolar-voiceless-6-i	voiceless	alveolar_i	0.099064421
Baer_Henney_unpublished_2017	tut7	SiNe	alveolar-voiceless-6-i	voiceless	alveolar_i	0.149707223
Baer_Henney_unpublished_2017	tut7	IsSc	alveolar-voiceless-6-i	voiceless	alveolar_i	0.139482084
Baer_Henney_unpublished_2017	tut7	MaKa	alveolar-voiceless-6-i	voiceless	alveolar_i	0.183322182
Baer_Henney_unpublished_2017	tut7	ThAu	alveolar-voiceless-6-i	voiceless	alveolar_i	0.108685289
Baer_Henney_unpublished_2017	tut7	ZeGu	alveolar-voiceless-6-i	voiceless	alveolar_i	0.272624073
Baer_Henney_unpublished_2017	tut7	VaCa	alveolar-voiceless-7	voiceless	alveolar_o	0.10983862
Baer_Henney_unpublished_2017	tut7	YaGu	alveolar-voiceless-7-i	voiceless	alveolar_i	0.077340168
Baer_Henney_unpublished_2017	tut7	JaKr	alveolar-voiceless-7-o	voiceless	alveolar_o	0.167336338
Baer_Henney_unpublished_2017	tut7	SiNe	alveolar-voiceless-7-o	voiceless	alveolar_o	0.19681592
Baer_Henney_unpublished_2017	tut7	IsSc	alveolar-voiceless-7-o	voiceless	alveolar_o	0.097382355
Baer_Henney_unpublished_2017	tut7	MaKa	alveolar-voiceless-7-o	voiceless	alveolar_o	0.221249776
Baer_Henney_unpublished_2017	tut7	ThAu	alveolar-voiceless-7-o	voiceless	alveolar_o	0.10782625
Baer_Henney_unpublished_2017	tut7	ZeGu	alveolar-voiceless-7-o	voiceless	alveolar_o	0.415276205
Baer_Henney_unpublished_2017	tut7	VaCa	alveolar-voiceless-8	voiceless	alveolar_o	0.122928127
Baer_Henney_unpublished_2017	tut7	IsSc	alveolar-voiceless-8	voiceless	alveolar_o	0.152162273
Baer_Henney_unpublished_2017	tut7	JaKr	alveolar-voiceless-8-o	voiceless	alveolar_o	0.171373564
Baer_Henney_unpublished_2017	tut7	SiNe	alveolar-voiceless-8-o	voiceless	alveolar_o	0.184533494
Baer_Henney_unpublished_2017	tut7	MaKa	alveolar-voiceless-8-o	voiceless	alveolar_o	0.164357819
Baer_Henney_unpublished_2017	tut7	ThAu	alveolar-voiceless-8-o	voiceless	alveolar_o	0.121982531
Baer_Henney_unpublished_2017	tut7	ZeGu	alveolar-voiceless-8-o	voiceless	alveolar_o	0.427956394
Baer_Henney_unpublished_2017	tut7	VaCa	alveolar-voiceless-9	voiceless	alveolar_o	0.105366966
Baer_Henney_unpublished_2017	tut7	JaKr	alveolar-voiceless-9-o	voiceless	alveolar_o	0.155442933
Baer_Henney_unpublished_2017	tut7	SiNe	alveolar-voiceless-9-o	voiceless	alveolar_o	0.166306532
Baer_Henney_unpublished_2017	tut7	IsSc	alveolar-voiceless-9-o	voiceless	alveolar_o	0.152162273
Baer_Henney_unpublished_2017	tut7	MaKa	alveolar-voiceless-9-o	voiceless	alveolar_o	0.214930297
Baer_Henney_unpublished_2017	tut7	ThAu	alveolar-voiceless-9-o	voiceless	alveolar_o	0.125660421
Baer_Henney_unpublished_2017	tut7	ZeGu	alveolar-voiceless-9-o	voiceless	alveolar_o	0.317004736
Baer_Henney_unpublished_2017	tut7	VaCa	labial-voiced-1	voiced	labial_a	0.16475793
Baer_Henney_unpublished_2017	tut7	JaKr	labial-voiced-1-a	voiced	labial_a	0.191600631
Baer_Henney_unpublished_2017	tut7	SiNe	labial-voiced-1-a	voiced	labial_a	0.166778896
Baer_Henney_unpublished_2017	tut7	IsSc	labial-voiced-1-a	voiced	labial_a	0.123350983
Baer_Henney_unpublished_2017	tut7	MaKa	labial-voiced-1-a	voiced	labial_a	0.246535465
Baer_Henney_unpublished_2017	tut7	ThAu	labial-voiced-1-a	voiced	labial_a	0.146509956
Baer_Henney_unpublished_2017	tut7	ZeGu	labial-voiced-1-a	voiced	labial_a	0.364555447
Baer_Henney_unpublished_2017	tut7	YaGu	labial-voiced-1-a	voiced	labial_a	0.127611277
Baer_Henney_unpublished_2017	tut7	VaCa	labial-voiced-10	voiced	labial_o	0.122928127
Baer_Henney_unpublished_2017	tut7	JaKr	labial-voiced-10-o	voiced	labial_o	0.149523101
Baer_Henney_unpublished_2017	tut7	SiNe	labial-voiced-10-o	voiced	labial_o	0.15519225
Baer_Henney_unpublished_2017	tut7	IsSc	labial-voiced-10-o	voiced	labial_o	0.090890198
Baer_Henney_unpublished_2017	tut7	MaKa	labial-voiced-10-o	voiced	labial_o	0.227573393
Baer_Henney_unpublished_2017	tut7	ThAu	labial-voiced-10-o	voiced	labial_o	0.096609316
Baer_Henney_unpublished_2017	tut7	ZeGu	labial-voiced-10-o	voiced	labial_o	0.332854973
Baer_Henney_unpublished_2017	tut7	VaCa	labial-voiced-11	voiced	labial_o	0.10983862
Baer_Henney_unpublished_2017	tut7	JaKr	labial-voiced-11-o	voiced	labial_o	0.145944358
Baer_Henney_unpublished_2017	tut7	SiNe	labial-voiced-11-o	voiced	labial_o	0.173011375
Baer_Henney_unpublished_2017	tut7	IsSc	labial-voiced-11-o	voiced	labial_o	0.142827454
Baer_Henney_unpublished_2017	tut7	MaKa	labial-voiced-11-o	voiced	labial_o	0.177000675
Baer_Henney_unpublished_2017	tut7	ThAu	labial-voiced-11-o	voiced	labial_o	0.179668852
Baer_Henney_unpublished_2017	tut7	ZeGu	labial-voiced-11-o	voiced	labial_o	0.421616299
Baer_Henney_unpublished_2017	tut7	VaCa	labial-voiced-12	voiced	labial_o	0.252628826
Baer_Henney_unpublished_2017	tut7	JaKr	labial-voiced-12-o	voiced	labial_o	0.187264787
Baer_Henney_unpublished_2017	tut7	SiNe	labial-voiced-12-o	voiced	labial_o	0.193992954
Baer_Henney_unpublished_2017	tut7	IsSc	labial-voiced-12-o	voiced	labial_o	0.116858826
Baer_Henney_unpublished_2017	tut7	MaKa	labial-voiced-12-o	voiced	labial_o	0.176999821
Baer_Henney_unpublished_2017	tut7	ThAu	labial-voiced-12-o	voiced	labial_o	0.114400419
Baer_Henney_unpublished_2017	tut7	ZeGu	labial-voiced-12-o	voiced	labial_o	0.595968904
Baer_Henney_unpublished_2017	tut7	YaGu	labial-voiced-13-i	voiced	labial_i	0.085074185
Baer_Henney_unpublished_2017	tut7	JaKr	labial-voiced-13-o	voiced	labial_o	0.125002545
Baer_Henney_unpublished_2017	tut7	SiNe	labial-voiced-13-o	voiced	labial_o	0.165382885
Baer_Henney_unpublished_2017	tut7	IsSc	labial-voiced-13-o	voiced	labial_o	0.126801895
Baer_Henney_unpublished_2017	tut7	MaKa	labial-voiced-13-o	voiced	labial_o	0.170679942
Baer_Henney_unpublished_2017	tut7	ThAu	labial-voiced-13-o	voiced	labial_o	0.091119413
Baer_Henney_unpublished_2017	tut7	ZeGu	labial-voiced-13-o	voiced	labial_o	0.380405684
Baer_Henney_unpublished_2017	tut7	VaCa	labial-voiced-14	voiced	labial_u	0.105366966
Baer_Henney_unpublished_2017	tut7	YaGu	labial-voiced-14-i	voiced	labial_i	0.09667521
Baer_Henney_unpublished_2017	tut7	JaKr	labial-voiced-14-u	voiced	labial_u	0.102216555
Baer_Henney_unpublished_2017	tut7	SiNe	labial-voiced-14-u	voiced	labial_u	0.136562381
Baer_Henney_unpublished_2017	tut7	IsSc	labial-voiced-14-u	voiced	labial_u	0.139482084
Baer_Henney_unpublished_2017	tut7	MaKa	labial-voiced-14-u	voiced	labial_u	0.132751086
Baer_Henney_unpublished_2017	tut7	ThAu	labial-voiced-14-u	voiced	labial_u	0.139123439
Baer_Henney_unpublished_2017	tut7	ZeGu	labial-voiced-14-u	voiced	labial_u	0.294814405
Baer_Henney_unpublished_2017	tut7	VaCa	labial-voiced-15	voiced	labial_u	0.070244644
Baer_Henney_unpublished_2017	tut7	JaKr	labial-voiced-15-u	voiced	labial_u	0.114561623
Baer_Henney_unpublished_2017	tut7	SiNe	labial-voiced-15-u	voiced	labial_u	0.210915779
Baer_Henney_unpublished_2017	tut7	IsSc	labial-voiced-15-u	voiced	labial_u	0.090890198
Baer_Henney_unpublished_2017	tut7	MaKa	labial-voiced-15-u	voiced	labial_u	0.135911888
Baer_Henney_unpublished_2017	tut7	ThAu	labial-voiced-15-u	voiced	labial_u	0.114165102
Baer_Henney_unpublished_2017	tut7	ZeGu	labial-voiced-15-u	voiced	labial_u	0.3613854
Baer_Henney_unpublished_2017	tut7	JaKr	labial-voiced-2-a	voiced	labial_a	0.162442856
Baer_Henney_unpublished_2017	tut7	SiNe	labial-voiced-2-a	voiced	labial_a	0.247685556
Baer_Henney_unpublished_2017	tut7	IsSc	labial-voiced-2-a	voiced	labial_a	0.126801895
Baer_Henney_unpublished_2017	tut7	MaKa	labial-voiced-2-a	voiced	labial_a	0.265501092
Baer_Henney_unpublished_2017	tut7	ThAu	labial-voiced-2-a	voiced	labial_a	0.137932431
Baer_Henney_unpublished_2017	tut7	ZeGu	labial-voiced-2-a	voiced	labial_a	0.291644357
Baer_Henney_unpublished_2017	tut7	VaCa	labial-voiced-3	voiced	labial_a	0.087870896
Baer_Henney_unpublished_2017	tut7	JaKr	labial-voiced-3-a	voiced	labial_a	0.143058775
Baer_Henney_unpublished_2017	tut7	SiNe	labial-voiced-3-a	voiced	labial_a	0.205639332
Baer_Henney_unpublished_2017	tut7	IsSc	labial-voiced-3-a	voiced	labial_a	0.152162273
Baer_Henney_unpublished_2017	tut7	MaKa	labial-voiced-3-a	voiced	labial_a	0.177000728
Baer_Henney_unpublished_2017	tut7	ThAu	labial-voiced-3-a	voiced	labial_a	0.099762914
Baer_Henney_unpublished_2017	tut7	ZeGu	labial-voiced-3-a	voiced	labial_a	0.393085873
Baer_Henney_unpublished_2017	tut7	YaGu	labial-voiced-3-i	voiced	labial_i	0.085074185
Baer_Henney_unpublished_2017	tut7	VaCa	labial-voiced-4	voiced	labial_a	0.122928127
Baer_Henney_unpublished_2017	tut7	JaKr	labial-voiced-4-a	voiced	labial_a	0.161435485
Baer_Henney_unpublished_2017	tut7	SiNe	labial-voiced-4-a	voiced	labial_a	0.160243396
Baer_Henney_unpublished_2017	tut7	IsSc	labial-voiced-4-a	voiced	labial_a	0.155811768
Baer_Henney_unpublished_2017	tut7	MaKa	labial-voiced-4-a	voiced	labial_a	0.252859421
Baer_Henney_unpublished_2017	tut7	ThAu	labial-voiced-4-a	voiced	labial_a	0.131493589
Baer_Henney_unpublished_2017	tut7	ZeGu	labial-voiced-4-a	voiced	labial_a	0.358215352
Baer_Henney_unpublished_2017	tut7	JaKr	labial-voiced-5-e	voiced	labial_e	0.120649355
Baer_Henney_unpublished_2017	tut7	SiNe	labial-voiced-5-e	voiced	labial_e	0.162731076
Baer_Henney_unpublished_2017	tut7	IsSc	labial-voiced-5-e	voiced	labial_e	0.12984314
Baer_Henney_unpublished_2017	tut7	MaKa	labial-voiced-5-e	voiced	labial_e	0.165814632
Baer_Henney_unpublished_2017	tut7	ThAu	labial-voiced-5-e	voiced	labial_e	0.107894075
Baer_Henney_unpublished_2017	tut7	ZeGu	labial-voiced-5-e	voiced	labial_e	0.310664642
Baer_Henney_unpublished_2017	tut7	VaCa	labial-voiced-6	voiced	labial_e	0.120822482
Baer_Henney_unpublished_2017	tut7	JaKr	labial-voiced-6-i	voiced	labial_i	0.092804452
Baer_Henney_unpublished_2017	tut7	SiNe	labial-voiced-6-i	voiced	labial_i	0.155558541
Baer_Henney_unpublished_2017	tut7	IsSc	labial-voiced-6-i	voiced	labial_i	0.126801895
Baer_Henney_unpublished_2017	tut7	MaKa	labial-voiced-6-i	voiced	labial_i	0.170679273
Baer_Henney_unpublished_2017	tut7	ThAu	labial-voiced-6-i	voiced	labial_i	0.096092888
Baer_Henney_unpublished_2017	tut7	ZeGu	labial-voiced-6-i	voiced	labial_i	0.34870521
Baer_Henney_unpublished_2017	tut7	YaGu	labial-voiced-6-oe	voiced	labial_oe	0.135345294
Baer_Henney_unpublished_2017	tut7	VaCa	labial-voiced-7	voiced	labial_i	0.158050449
Baer_Henney_unpublished_2017	tut7	YaGu	labial-voiced-7-a	voiced	labial_a	0.181749395
Baer_Henney_unpublished_2017	tut7	JaKr	labial-voiced-7-i	voiced	labial_i	0.128098253
Baer_Henney_unpublished_2017	tut7	SiNe	labial-voiced-7-i	voiced	labial_i	0.158400605
Baer_Henney_unpublished_2017	tut7	IsSc	labial-voiced-7-i	voiced	labial_i	0.101441516
Baer_Henney_unpublished_2017	tut7	MaKa	labial-voiced-7-i	voiced	labial_i	0.158036555
Baer_Henney_unpublished_2017	tut7	ThAu	labial-voiced-7-i	voiced	labial_i	0.072754428
Baer_Henney_unpublished_2017	tut7	ZeGu	labial-voiced-7-i	voiced	labial_i	0.34870521
Baer_Henney_unpublished_2017	tut7	VaCa	labial-voiced-8	voiced	labial_i	0.149269868
Baer_Henney_unpublished_2017	tut7	JaKr	labial-voiced-8-i	voiced	labial_i	0.140724691
Baer_Henney_unpublished_2017	tut7	SiNe	labial-voiced-8-i	voiced	labial_i	0.152405469
Baer_Henney_unpublished_2017	tut7	IsSc	labial-voiced-8-i	voiced	labial_i	0.152162273
Baer_Henney_unpublished_2017	tut7	MaKa	labial-voiced-8-i	voiced	labial_i	0.195965092
Baer_Henney_unpublished_2017	tut7	ThAu	labial-voiced-8-i	voiced	labial_i	0.124775146
Baer_Henney_unpublished_2017	tut7	ZeGu	labial-voiced-8-i	voiced	labial_i	0.40893611
Baer_Henney_unpublished_2017	tut7	VaCa	labial-voiced-9	voiced	labial_i	0.114147546
Baer_Henney_unpublished_2017	tut7	JaKr	labial-voiced-9-i	voiced	labial_i	0.124718123
Baer_Henney_unpublished_2017	tut7	SiNe	labial-voiced-9-i	voiced	labial_i	0.183145126
Baer_Henney_unpublished_2017	tut7	IsSc	labial-voiced-9-i	voiced	labial_i	0.103874512
Baer_Henney_unpublished_2017	tut7	MaKa	labial-voiced-9-i	voiced	labial_i	0.214930427
Baer_Henney_unpublished_2017	tut7	ThAu	labial-voiced-9-i	voiced	labial_i	0.092336676
Baer_Henney_unpublished_2017	tut7	ZeGu	labial-voiced-9-i	voiced	labial_i	0.40893611
Baer_Henney_unpublished_2017	tut7	VaCa	labial-voiceless-1	voiceless	labial_a	0.087805805
Baer_Henney_unpublished_2017	tut7	IsSc	labial-voiceless-1	voiceless	labial_a	0.164842463
Baer_Henney_unpublished_2017	tut7	JaKr	labial-voiceless-1-a	voiceless	labial_a	0.166097753
Baer_Henney_unpublished_2017	tut7	SiNe	labial-voiceless-1-a	voiceless	labial_a	0.158787754
Baer_Henney_unpublished_2017	tut7	MaKa	labial-voiceless-1-a	voiceless	labial_a	0.233894101
Baer_Henney_unpublished_2017	tut7	ThAu	labial-voiceless-1-a	voiceless	labial_a	0.095124004
Baer_Henney_unpublished_2017	tut7	ZeGu	labial-voiceless-1-a	voiceless	labial_a	0.374065589
Baer_Henney_unpublished_2017	tut7	JaKr	labial-voiceless-10-o	voiceless	labial_o	0.140538915
Baer_Henney_unpublished_2017	tut7	SiNe	labial-voiceless-10-o	voiceless	labial_o	0.110823365
Baer_Henney_unpublished_2017	tut7	IsSc	labial-voiceless-10-o	voiceless	labial_o	0.164842463
Baer_Henney_unpublished_2017	tut7	MaKa	labial-voiceless-10-o	voiceless	labial_o	0.120108125
Baer_Henney_unpublished_2017	tut7	ThAu	labial-voiceless-10-o	voiceless	labial_o	0.097097636
Baer_Henney_unpublished_2017	tut7	ZeGu	labial-voiceless-10-o	voiceless	labial_o	0.34870521
Baer_Henney_unpublished_2017	tut7	VaCa	labial-voiceless-11	voiceless	labial_o	0.142790206
Baer_Henney_unpublished_2017	tut7	JaKr	labial-voiceless-11-o	voiceless	labial_o	0.133733731
Baer_Henney_unpublished_2017	tut7	SiNe	labial-voiceless-11-o	voiceless	labial_o	0.187628554
Baer_Henney_unpublished_2017	tut7	IsSc	labial-voiceless-11-o	voiceless	labial_o	0.164842463
Baer_Henney_unpublished_2017	tut7	MaKa	labial-voiceless-11-o	voiceless	labial_o	0.170679273
Baer_Henney_unpublished_2017	tut7	ThAu	labial-voiceless-11-o	voiceless	labial_o	0.102874631
Baer_Henney_unpublished_2017	tut7	ZeGu	labial-voiceless-11-o	voiceless	labial_o	0.317004736
Baer_Henney_unpublished_2017	tut7	VaCa	labial-voiceless-12	voiceless	labial_o	0.120822482
Baer_Henney_unpublished_2017	tut7	JaKr	labial-voiceless-12-o	voiceless	labial_o	0.162508485
Baer_Henney_unpublished_2017	tut7	SiNe	labial-voiceless-12-o	voiceless	labial_o	0.170598062
Baer_Henney_unpublished_2017	tut7	IsSc	labial-voiceless-12-o	voiceless	labial_o	0.136335297
Baer_Henney_unpublished_2017	tut7	MaKa	labial-voiceless-12-o	voiceless	labial_o	0.132749866
Baer_Henney_unpublished_2017	tut7	ThAu	labial-voiceless-12-o	voiceless	labial_o	0.115127602
Baer_Henney_unpublished_2017	tut7	ZeGu	labial-voiceless-12-o	voiceless	labial_o	0.294814405
Baer_Henney_unpublished_2017	tut7	VaCa	labial-voiceless-13	voiceless	labial_o	0.087805805
Baer_Henney_unpublished_2017	tut7	JaKr	labial-voiceless-13-o	voiceless	labial_o	0.126670952
Baer_Henney_unpublished_2017	tut7	SiNe	labial-voiceless-13-o	voiceless	labial_o	0.166528558
Baer_Henney_unpublished_2017	tut7	IsSc	labial-voiceless-13-o	voiceless	labial_o	0.101441516
Baer_Henney_unpublished_2017	tut7	MaKa	labial-voiceless-13-o	voiceless	labial_o	0.252859326
Baer_Henney_unpublished_2017	tut7	ThAu	labial-voiceless-13-o	voiceless	labial_o	0.082364274
Baer_Henney_unpublished_2017	tut7	ZeGu	labial-voiceless-13-o	voiceless	labial_o	0.310664642
Baer_Henney_unpublished_2017	tut7	VaCa	labial-voiceless-14	voiceless	labial_u	0.142790206
Baer_Henney_unpublished_2017	tut7	JaKr	labial-voiceless-14-u	voiceless	labial_u	0.119093043
Baer_Henney_unpublished_2017	tut7	SiNe	labial-voiceless-14-u	voiceless	labial_u	0.244019843
Baer_Henney_unpublished_2017	tut7	IsSc	labial-voiceless-14-u	voiceless	labial_u	0.149319611
Baer_Henney_unpublished_2017	tut7	ThAu	labial-voiceless-14-u	voiceless	labial_u	0.088784096
Baer_Henney_unpublished_2017	tut7	ZeGu	labial-voiceless-14-u	voiceless	labial_u	0.272624073
Baer_Henney_unpublished_2017	tut7	VaCa	labial-voiceless-15	voiceless	labial_u	0.079025224
Baer_Henney_unpublished_2017	tut7	JaKr	labial-voiceless-15-u	voiceless	labial_u	0.106516763
Baer_Henney_unpublished_2017	tut7	SiNe	labial-voiceless-15-u	voiceless	labial_u	0.138228821
Baer_Henney_unpublished_2017	tut7	IsSc	labial-voiceless-15-u	voiceless	labial_u	0.22824341
Baer_Henney_unpublished_2017	tut7	MaKa	labial-voiceless-15-u	voiceless	labial_u	0.189644437
Baer_Henney_unpublished_2017	tut7	ThAu	labial-voiceless-15-u	voiceless	labial_u	0.074262534
Baer_Henney_unpublished_2017	tut7	ZeGu	labial-voiceless-15-u	voiceless	labial_u	0.380405684
Baer_Henney_unpublished_2017	tut7	VaCa	labial-voiceless-2	voiceless	labial_a	0.06593562
Baer_Henney_unpublished_2017	tut7	JaKr	labial-voiceless-2-a	voiceless	labial_a	0.176780163
Baer_Henney_unpublished_2017	tut7	SiNe	labial-voiceless-2-a	voiceless	labial_a	0.153947786
Baer_Henney_unpublished_2017	tut7	IsSc	labial-voiceless-2-a	voiceless	labial_a	0.095101421
Baer_Henney_unpublished_2017	tut7	MaKa	labial-voiceless-2-a	voiceless	labial_a	0.266283741
Baer_Henney_unpublished_2017	tut7	ThAu	labial-voiceless-2-a	voiceless	labial_a	0.123583785
Baer_Henney_unpublished_2017	tut7	ZeGu	labial-voiceless-2-a	voiceless	labial_a	0.374065589
Baer_Henney_unpublished_2017	tut7	YaGu	labial-voiceless-2-e	voiceless	labial_e	0.112143244
Baer_Henney_unpublished_2017	tut7	VaCa	labial-voiceless-3	voiceless	labial_a	0.153774068
Baer_Henney_unpublished_2017	tut7	JaKr	labial-voiceless-3-a	voiceless	labial_a	0.173721579
Baer_Henney_unpublished_2017	tut7	SiNe	labial-voiceless-3-a	voiceless	labial_a	0.159555786
Baer_Henney_unpublished_2017	tut7	IsSc	labial-voiceless-3-a	voiceless	labial_a	0.142827454
Baer_Henney_unpublished_2017	tut7	MaKa	labial-voiceless-3-a	voiceless	labial_a	0.214929391
Baer_Henney_unpublished_2017	tut7	ThAu	labial-voiceless-3-a	voiceless	labial_a	0.117214742
Baer_Henney_unpublished_2017	tut7	ZeGu	labial-voiceless-3-a	voiceless	labial_a	0.389915826
Baer_Henney_unpublished_2017	tut7	VaCa	labial-voiceless-4	voiceless	labial_a	0.122928127
Baer_Henney_unpublished_2017	tut7	JaKr	labial-voiceless-4-a	voiceless	labial_a	0.1353744
Baer_Henney_unpublished_2017	tut7	SiNe	labial-voiceless-4-a	voiceless	labial_a	0.188380572
Baer_Henney_unpublished_2017	tut7	IsSc	labial-voiceless-4-a	voiceless	labial_a	0.114121705
Baer_Henney_unpublished_2017	tut7	MaKa	labial-voiceless-4-a	voiceless	labial_a	0.208608818
Baer_Henney_unpublished_2017	tut7	ThAu	labial-voiceless-4-a	voiceless	labial_a	0.15527499
Baer_Henney_unpublished_2017	tut7	ZeGu	labial-voiceless-4-a	voiceless	labial_a	0.374065589
Baer_Henney_unpublished_2017	tut7	VaCa	labial-voiceless-5	voiceless	labial_e	0.070244644
Baer_Henney_unpublished_2017	tut7	IsSc	labial-voiceless-5	voiceless	labial_e	0.116858826
Baer_Henney_unpublished_2017	tut7	JaKr	labial-voiceless-5-e	voiceless	labial_e	0.141119554
Baer_Henney_unpublished_2017	tut7	SiNe	labial-voiceless-5-e	voiceless	labial_e	0.158134456
Baer_Henney_unpublished_2017	tut7	MaKa	labial-voiceless-5-e	voiceless	labial_e	0.195076056
Baer_Henney_unpublished_2017	tut7	ThAu	labial-voiceless-5-e	voiceless	labial_e	0.135796659
Baer_Henney_unpublished_2017	tut7	ZeGu	labial-voiceless-5-e	voiceless	labial_e	0.336025021
Baer_Henney_unpublished_2017	tut7	YaGu	labial-voiceless-5-u	voiceless	labial_u	0.054138118
Baer_Henney_unpublished_2017	tut7	VaCa	labial-voiceless-6	voiceless	labial_i	0.087805805
Baer_Henney_unpublished_2017	tut7	JaKr	labial-voiceless-6-i	voiceless	labial_i	0.099315309
Baer_Henney_unpublished_2017	tut7	SiNe	labial-voiceless-6-i	voiceless	labial_i	0.126319211
Baer_Henney_unpublished_2017	tut7	IsSc	labial-voiceless-6-i	voiceless	labial_i	0.051937256
Baer_Henney_unpublished_2017	tut7	MaKa	labial-voiceless-6-i	voiceless	labial_i	0.214930508
Baer_Henney_unpublished_2017	tut7	ThAu	labial-voiceless-6-i	voiceless	labial_i	0.096869623
Baer_Henney_unpublished_2017	tut7	ZeGu	labial-voiceless-6-i	voiceless	labial_i	0.427956394
Baer_Henney_unpublished_2017	tut7	YaGu	labial-voiceless-6-oe	voiceless	labial_oe	0.088791897
Baer_Henney_unpublished_2017	tut7	VaCa	labial-voiceless-7	voiceless	labial_i	0.10983862
Baer_Henney_unpublished_2017	tut7	YaGu	labial-voiceless-7-a	voiceless	labial_a	0.065739143
Baer_Henney_unpublished_2017	tut7	JaKr	labial-voiceless-7-i	voiceless	labial_i	0.116133419
Baer_Henney_unpublished_2017	tut7	SiNe	labial-voiceless-7-i	voiceless	labial_i	0.115948289
Baer_Henney_unpublished_2017	tut7	IsSc	labial-voiceless-7-i	voiceless	labial_i	0.149319611
Baer_Henney_unpublished_2017	tut7	MaKa	labial-voiceless-7-i	voiceless	labial_i	0.202286485
Baer_Henney_unpublished_2017	tut7	ThAu	labial-voiceless-7-i	voiceless	labial_i	0.125335316
Baer_Henney_unpublished_2017	tut7	ZeGu	labial-voiceless-7-i	voiceless	labial_i	0.329684926
Baer_Henney_unpublished_2017	tut7	VaCa	labial-voiceless-8	voiceless	labial_i	0.131806344
Baer_Henney_unpublished_2017	tut7	JaKr	labial-voiceless-8-i	voiceless	labial_i	0.160634908
Baer_Henney_unpublished_2017	tut7	SiNe	labial-voiceless-8-i	voiceless	labial_i	0.13735354
Baer_Henney_unpublished_2017	tut7	IsSc	labial-voiceless-8-i	voiceless	labial_i	0.090890198
Baer_Henney_unpublished_2017	tut7	MaKa	labial-voiceless-8-i	voiceless	labial_i	0.227571919
Baer_Henney_unpublished_2017	tut7	ThAu	labial-voiceless-8-i	voiceless	labial_i	0.090529087
Baer_Henney_unpublished_2017	tut7	ZeGu	labial-voiceless-8-i	voiceless	labial_i	0.339195068
Baer_Henney_unpublished_2017	tut7	VaCa	labial-voiceless-9	voiceless	labial_i	0.098854758
Baer_Henney_unpublished_2017	tut7	JaKr	labial-voiceless-9-i	voiceless	labial_i	0.139474587
Baer_Henney_unpublished_2017	tut7	SiNe	labial-voiceless-9-i	voiceless	labial_i	0.140479073
Baer_Henney_unpublished_2017	tut7	IsSc	labial-voiceless-9-i	voiceless	labial_i	0.116858826
Baer_Henney_unpublished_2017	tut7	MaKa	labial-voiceless-9-i	voiceless	labial_i	0.164357769
Baer_Henney_unpublished_2017	tut7	ThAu	labial-voiceless-9-i	voiceless	labial_i	0.109304285
Baer_Henney_unpublished_2017	tut7	ZeGu	labial-voiceless-9-i	voiceless	labial_i	0.332854973
Baer_Henney_unpublished_2017	tut7	VaCa	labial-voicless-10	voiceless	labial_o	0.166831029
Baer_Henney_unpublished_2017	tut7	VaCa	velae-voiceless-11	voiceless	velar_o	0.105366966
Baer_Henney_unpublished_2017	tut7	VaCa	velar--voiced-15	voiced	velar_u	0.122928127
Baer_Henney_unpublished_2017	tut7	VaCa	velar-voiced-1	voiced	velar_a	0.175741792
Baer_Henney_unpublished_2017	tut7	JaKr	velar-voiced-1-a	voiced	velar_a	0.198157659
Baer_Henney_unpublished_2017	tut7	SiNe	velar-voiced-1-a	voiced	velar_a	0.212081658
Baer_Henney_unpublished_2017	tut7	IsSc	velar-voiced-1-a	voiced	velar_a	0.188272553
Baer_Henney_unpublished_2017	tut7	MaKa	velar-voiced-1-a	voiced	velar_a	0.20228551
Baer_Henney_unpublished_2017	tut7	ThAu	velar-voiced-1-a	voiced	velar_a	0.156270765
Baer_Henney_unpublished_2017	tut7	ZeGu	velar-voiced-1-a	voiced	velar_a	0.345535163
Baer_Henney_unpublished_2017	tut7	VaCa	velar-voiced-10	voiced	velar_o	0.084774369
Baer_Henney_unpublished_2017	tut7	JaKr	velar-voiced-10-o	voiced	velar_o	0.151859193
Baer_Henney_unpublished_2017	tut7	SiNe	velar-voiced-10-o	voiced	velar_o	0.141521962
Baer_Henney_unpublished_2017	tut7	IsSc	velar-voiced-10-o	voiced	velar_o	0.158502368
Baer_Henney_unpublished_2017	tut7	MaKa	velar-voiced-10-o	voiced	velar_o	0.215562608
Baer_Henney_unpublished_2017	tut7	ThAu	velar-voiced-10-o	voiced	velar_o	0.112300103
Baer_Henney_unpublished_2017	tut7	ZeGu	velar-voiced-10-o	voiced	velar_o	0.401920304
Baer_Henney_unpublished_2017	tut7	VaCa	velar-voiced-11	voiced	velar_o	0.16475793
Baer_Henney_unpublished_2017	tut7	JaKr	velar-voiced-11-o	voiced	velar_o	0.160909392
Baer_Henney_unpublished_2017	tut7	SiNe	velar-voiced-11-o	voiced	velar_o	0.186157561
Baer_Henney_unpublished_2017	tut7	IsSc	velar-voiced-11-o	voiced	velar_o	0.123350983
Baer_Henney_unpublished_2017	tut7	MaKa	velar-voiced-11-o	voiced	velar_o	0.214928678
Baer_Henney_unpublished_2017	tut7	ThAu	velar-voiced-11-o	voiced	velar_o	0.086881044
Baer_Henney_unpublished_2017	tut7	ZeGu	velar-voiced-11-o	voiced	velar_o	0.342365115
Baer_Henney_unpublished_2017	tut7	VaCa	velar-voiced-12	voiced	velar_o	0.149269868
Baer_Henney_unpublished_2017	tut7	JaKr	velar-voiced-12-o	voiced	velar_o	0.104421495
Baer_Henney_unpublished_2017	tut7	SiNe	velar-voiced-12-o	voiced	velar_o	0.128430689
Baer_Henney_unpublished_2017	tut7	IsSc	velar-voiced-12-o	voiced	velar_o	0.164842463
Baer_Henney_unpublished_2017	tut7	MaKa	velar-voiced-12-o	voiced	velar_o	0.240216305
Baer_Henney_unpublished_2017	tut7	ThAu	velar-voiced-12-o	voiced	velar_o	0.153993321
Baer_Henney_unpublished_2017	tut7	ZeGu	velar-voiced-12-o	voiced	velar_o	0.34870521
Baer_Henney_unpublished_2017	tut7	VaCa	velar-voiced-13	voiced	velar_u	0.175741792
Baer_Henney_unpublished_2017	tut7	JaKr	velar-voiced-13-u	voiced	velar_u	0.119757266
Baer_Henney_unpublished_2017	tut7	SiNe	velar-voiced-13-u	voiced	velar_u	0.172093978
Baer_Henney_unpublished_2017	tut7	IsSc	velar-voiced-13-u	voiced	velar_u	0.155811768
Baer_Henney_unpublished_2017	tut7	MaKa	velar-voiced-13-u	voiced	velar_u	0.151714864
Baer_Henney_unpublished_2017	tut7	ThAu	velar-voiced-13-u	voiced	velar_u	0.084296038
Baer_Henney_unpublished_2017	tut7	ZeGu	velar-voiced-13-u	voiced	velar_u	0.307494594
Baer_Henney_unpublished_2017	tut7	VaCa	velar-voiced-14	voiced	velar_u	0.140489288
Baer_Henney_unpublished_2017	tut7	ZeGu	velar-voiced-14-o	voiced	velar_o	0.393085873
Baer_Henney_unpublished_2017	tut7	JaKr	velar-voiced-14-u	voiced	velar_u	0.109258853
Baer_Henney_unpublished_2017	tut7	SiNe	velar-voiced-14-u	voiced	velar_u	0.158497357
Baer_Henney_unpublished_2017	tut7	IsSc	velar-voiced-14-u	voiced	velar_u	0.116858826
Baer_Henney_unpublished_2017	tut7	MaKa	velar-voiced-14-u	voiced	velar_u	0.214930508
Baer_Henney_unpublished_2017	tut7	ThAu	velar-voiced-14-u	voiced	velar_u	0.14026564
Baer_Henney_unpublished_2017	tut7	YaGu	velar-voiced-14-u	voiced	velar_u	0.108276235
Baer_Henney_unpublished_2017	tut7	IsSc	velar-voiced-15-o	voiced	velar_o	0.139482084
Baer_Henney_unpublished_2017	tut7	SiNe	velar-voiced-15-u	voiced	velar_u	0.223696537
Baer_Henney_unpublished_2017	tut7	MaKa	velar-voiced-15-u	voiced	velar_u	0.189643637
Baer_Henney_unpublished_2017	tut7	ThAu	velar-voiced-15-u	voiced	velar_u	0.140848648
Baer_Henney_unpublished_2017	tut7	ZeGu	velar-voiced-15-u	voiced	velar_u	0.272624073
Baer_Henney_unpublished_2017	tut7	VaCa	velar-voiced-2	voiced	velar_a	0.175741792
Baer_Henney_unpublished_2017	tut7	JaKr	velar-voiced-2-a	voiced	velar_a	0.203871192
Baer_Henney_unpublished_2017	tut7	SiNe	velar-voiced-2-a	voiced	velar_a	0.25437876
Baer_Henney_unpublished_2017	tut7	IsSc	velar-voiced-2-a	voiced	velar_a	0.149319611
Baer_Henney_unpublished_2017	tut7	MaKa	velar-voiced-2-a	voiced	velar_a	0.240215201
Baer_Henney_unpublished_2017	tut7	ThAu	velar-voiced-2-a	voiced	velar_a	0.16741215
Baer_Henney_unpublished_2017	tut7	ZeGu	velar-voiced-2-a	voiced	velar_a	0.332854973
Baer_Henney_unpublished_2017	tut7	YaGu	velar-voiced-2-e	voiced	velar_e	0.100542218
Baer_Henney_unpublished_2017	tut7	VaCa	velar-voiced-3	voiced	velar_a	0.175741792
Baer_Henney_unpublished_2017	tut7	JaKr	velar-voiced-3-a	voiced	velar_a	0.200790346
Baer_Henney_unpublished_2017	tut7	SiNe	velar-voiced-3-a	voiced	velar_a	0.206946742
Baer_Henney_unpublished_2017	tut7	IsSc	velar-voiced-3-a	voiced	velar_a	0.136335297
Baer_Henney_unpublished_2017	tut7	MaKa	velar-voiced-3-a	voiced	velar_a	0.240215201
Baer_Henney_unpublished_2017	tut7	ThAu	velar-voiced-3-a	voiced	velar_a	0.129480389
Baer_Henney_unpublished_2017	tut7	ZeGu	velar-voiced-3-a	voiced	velar_a	0.383575731
Baer_Henney_unpublished_2017	tut7	YaGu	velar-voiced-3-i	voiced	velar_i	0.100542218
Baer_Henney_unpublished_2017	tut7	VaCa	velar-voiced-4	voiced	velar_e	0.096586385
Baer_Henney_unpublished_2017	tut7	JaKr	velar-voiced-4-e	voiced	velar_e	0.121166732
Baer_Henney_unpublished_2017	tut7	SiNe	velar-voiced-4-e	voiced	velar_e	0.18960342
Baer_Henney_unpublished_2017	tut7	IsSc	velar-voiced-4-e	voiced	velar_e	0.190202842
Baer_Henney_unpublished_2017	tut7	MaKa	velar-voiced-4-e	voiced	velar_e	0.177001421
Baer_Henney_unpublished_2017	tut7	ThAu	velar-voiced-4-e	voiced	velar_e	0.069102922
Baer_Henney_unpublished_2017	tut7	ZeGu	velar-voiced-4-e	voiced	velar_e	0.424786347
Baer_Henney_unpublished_2017	tut7	YaGu	velar-voiced-4-i	voiced	velar_i	0.065739143
Baer_Henney_unpublished_2017	tut7	VaCa	velar-voiced-5	voiced	velar_i	0.096586385
Baer_Henney_unpublished_2017	tut7	JaKr	velar-voiced-5-i	voiced	velar_i	0.120222831
Baer_Henney_unpublished_2017	tut7	SiNe	velar-voiced-5-i	voiced	velar_i	0.118035732
Baer_Henney_unpublished_2017	tut7	IsSc	velar-voiced-5-i	voiced	velar_i	0.139482084
Baer_Henney_unpublished_2017	tut7	MaKa	velar-voiced-5-i	voiced	velar_i	0.189644437
Baer_Henney_unpublished_2017	tut7	ThAu	velar-voiced-5-i	voiced	velar_i	0.080785964
Baer_Henney_unpublished_2017	tut7	ZeGu	velar-voiced-5-i	voiced	velar_i	0.370895542
Baer_Henney_unpublished_2017	tut7	YaGu	velar-voiced-5-i	voiced	velar_i	0.088941193
Baer_Henney_unpublished_2017	tut7	VaCa	velar-voiced-6	voiced	velar_i	0.149269868
Baer_Henney_unpublished_2017	tut7	JaKr	velar-voiced-6-i	voiced	velar_i	0.076099141
Baer_Henney_unpublished_2017	tut7	SiNe	velar-voiced-6-i	voiced	velar_i	0.159711766
Baer_Henney_unpublished_2017	tut7	IsSc	velar-voiced-6-i	voiced	velar_i	0.126801895
Baer_Henney_unpublished_2017	tut7	MaKa	velar-voiced-6-i	voiced	velar_i	0.151715344
Baer_Henney_unpublished_2017	tut7	ThAu	velar-voiced-6-i	voiced	velar_i	0.108787916
Baer_Henney_unpublished_2017	tut7	ZeGu	velar-voiced-6-i	voiced	velar_i	0.339195068
Baer_Henney_unpublished_2017	tut7	VaCa	velar-voiced-7	voiced	velar_i	0.084774369
Baer_Henney_unpublished_2017	tut7	JaKr	velar-voiced-7-i	voiced	velar_i	0.108114557
Baer_Henney_unpublished_2017	tut7	SiNe	velar-voiced-7-i	voiced	velar_i	0.092576268
Baer_Henney_unpublished_2017	tut7	IsSc	velar-voiced-7-i	voiced	velar_i	0.164842463
Baer_Henney_unpublished_2017	tut7	MaKa	velar-voiced-7-i	voiced	velar_i	0.202883031
Baer_Henney_unpublished_2017	tut7	ThAu	velar-voiced-7-i	voiced	velar_i	0.131362381
Baer_Henney_unpublished_2017	tut7	ZeGu	velar-voiced-7-i	voiced	velar_i	0.359412284
Baer_Henney_unpublished_2017	tut7	YaGu	velar-voiced-7-o	voiced	velar_o	0.139212302
Baer_Henney_unpublished_2017	tut7	YaGu	velar-voiced-7-o	voiced	velar_o	0.104409227
Baer_Henney_unpublished_2017	tut7	VaCa	velar-voiced-8	voiced	velar_o	0.10983862
Baer_Henney_unpublished_2017	tut7	JaKr	velar-voiced-8-o	voiced	velar_o	0.159933264
Baer_Henney_unpublished_2017	tut7	SiNe	velar-voiced-8-o	voiced	velar_o	0.226248319
Baer_Henney_unpublished_2017	tut7	IsSc	velar-voiced-8-o	voiced	velar_o	0.188272553
Baer_Henney_unpublished_2017	tut7	MaKa	velar-voiced-8-o	voiced	velar_o	0.139071959
Baer_Henney_unpublished_2017	tut7	ThAu	velar-voiced-8-o	voiced	velar_o	0.100723161
Baer_Henney_unpublished_2017	tut7	ZeGu	velar-voiced-8-o	voiced	velar_o	0.364555447
Baer_Henney_unpublished_2017	tut7	YaGu	velar-voiced-8-u	voiced	velar_u	0.116010252
Baer_Henney_unpublished_2017	tut7	VaCa	velar-voiced-9	voiced	velar_o	0.153774068
Baer_Henney_unpublished_2017	tut7	JaKr	velar-voiced-9-o	voiced	velar_o	0.130271524
Baer_Henney_unpublished_2017	tut7	SiNe	velar-voiced-9-o	voiced	velar_o	0.187126467
Baer_Henney_unpublished_2017	tut7	IsSc	velar-voiced-9-o	voiced	velar_o	0.139482084
Baer_Henney_unpublished_2017	tut7	MaKa	velar-voiced-9-o	voiced	velar_o	0.170679273
Baer_Henney_unpublished_2017	tut7	ThAu	velar-voiced-9-o	voiced	velar_o	0.12858018
Baer_Henney_unpublished_2017	tut7	ZeGu	velar-voiced-9-o	voiced	velar_o	0.336025021
Baer_Henney_unpublished_2017	tut7	YaGu	velar-voiced-9-u	voiced	velar_u	0.042537092
Baer_Henney_unpublished_2017	tut7	VaCa	velar-voiceless-1	voiceless	velar_a	0.131806344
Baer_Henney_unpublished_2017	tut7	JaKr	velar-voiceless-1-a	voiceless	velar_a	0.180073635
Baer_Henney_unpublished_2017	tut7	SiNe	velar-voiceless-1-a	voiceless	velar_a	0.242529345
Baer_Henney_unpublished_2017	tut7	IsSc	velar-voiceless-1-a	voiceless	velar_a	0.175288239
Baer_Henney_unpublished_2017	tut7	MaKa	velar-voiceless-1-a	voiceless	velar_a	0.246535465
Baer_Henney_unpublished_2017	tut7	ThAu	velar-voiceless-1-a	voiceless	velar_a	0.132319504
Baer_Henney_unpublished_2017	tut7	ZeGu	velar-voiceless-1-a	voiceless	velar_a	0.34870521
Baer_Henney_unpublished_2017	tut7	VaCa	velar-voiceless-10	voiceless	velar_o	0.153774068
Baer_Henney_unpublished_2017	tut7	JaKr	velar-voiceless-10-o	voiceless	velar_o	0.121767225
Baer_Henney_unpublished_2017	tut7	SiNe	velar-voiceless-10-o	voiceless	velar_o	0.183312259
Baer_Henney_unpublished_2017	tut7	IsSc	velar-voiceless-10-o	voiceless	velar_o	0.164842463
Baer_Henney_unpublished_2017	tut7	MaKa	velar-voiceless-10-o	voiceless	velar_o	0.145393455
Baer_Henney_unpublished_2017	tut7	ThAu	velar-voiceless-10-o	voiceless	velar_o	0.142761736
Baer_Henney_unpublished_2017	tut7	ZeGu	velar-voiceless-10-o	voiceless	velar_o	0.313834689
Baer_Henney_unpublished_2017	tut7	JaKr	velar-voiceless-11-o	voiceless	velar_o	0.152577976
Baer_Henney_unpublished_2017	tut7	SiNe	velar-voiceless-11-o	voiceless	velar_o	0.163847988
Baer_Henney_unpublished_2017	tut7	IsSc	velar-voiceless-11-o	voiceless	velar_o	0.126801895
Baer_Henney_unpublished_2017	tut7	MaKa	velar-voiceless-11-o	voiceless	velar_o	0.151715504
Baer_Henney_unpublished_2017	tut7	ThAu	velar-voiceless-11-o	voiceless	velar_o	0.110333177
Baer_Henney_unpublished_2017	tut7	ZeGu	velar-voiceless-11-o	voiceless	velar_o	0.345535163
Baer_Henney_unpublished_2017	tut7	VaCa	velar-voiceless-12	voiceless	velar_o	0.105366966
Baer_Henney_unpublished_2017	tut7	JaKr	velar-voiceless-12-o	voiceless	velar_o	0.149879795
Baer_Henney_unpublished_2017	tut7	SiNe	velar-voiceless-12-o	voiceless	velar_o	0.17113956
Baer_Henney_unpublished_2017	tut7	IsSc	velar-voiceless-12-o	voiceless	velar_o	0.152162273
Baer_Henney_unpublished_2017	tut7	MaKa	velar-voiceless-12-o	voiceless	velar_o	0.21493033
Baer_Henney_unpublished_2017	tut7	ThAu	velar-voiceless-12-o	voiceless	velar_o	0.144359219
Baer_Henney_unpublished_2017	tut7	ZeGu	velar-voiceless-12-o	voiceless	velar_o	0.332854973
Baer_Henney_unpublished_2017	tut7	VaCa	velar-voiceless-13	voiceless	velar_u	0.10983862
Baer_Henney_unpublished_2017	tut7	JaKr	velar-voiceless-13-u	voiceless	velar_u	0.124035265
Baer_Henney_unpublished_2017	tut7	SiNe	velar-voiceless-13-u	voiceless	velar_u	0.164533807
Baer_Henney_unpublished_2017	tut7	IsSc	velar-voiceless-13-u	voiceless	velar_u	0.152162273
Baer_Henney_unpublished_2017	tut7	MaKa	velar-voiceless-13-u	voiceless	velar_u	0.177000728
Baer_Henney_unpublished_2017	tut7	ThAu	velar-voiceless-13-u	voiceless	velar_u	0.117626102
Baer_Henney_unpublished_2017	tut7	ZeGu	velar-voiceless-13-u	voiceless	velar_u	0.259943884
Baer_Henney_unpublished_2017	tut7	JaKr	velar-voiceless-14	voiceless	velar_u	0.108397157
Baer_Henney_unpublished_2017	tut7	VaCa	velar-voiceless-14	voiceless	velar_u	0.131708707
Baer_Henney_unpublished_2017	tut7	SiNe	velar-voiceless-14-u	voiceless	velar_u	0.111692003
Baer_Henney_unpublished_2017	tut7	IsSc	velar-voiceless-14-u	voiceless	velar_u	0.101441516
Baer_Henney_unpublished_2017	tut7	MaKa	velar-voiceless-14-u	voiceless	velar_u	0.164357819
Baer_Henney_unpublished_2017	tut7	ThAu	velar-voiceless-14-u	voiceless	velar_u	0.123507676
Baer_Henney_unpublished_2017	tut7	ZeGu	velar-voiceless-14-u	voiceless	velar_u	0.370895542
Baer_Henney_unpublished_2017	tut7	YaGu	velar-voiceless-14-u	voiceless	velar_u	0.077340168
Baer_Henney_unpublished_2017	tut7	VaCa	velar-voiceless-15	voiceless	velar_u	0.16475793
Baer_Henney_unpublished_2017	tut7	IsSc	velar-voiceless-15	voiceless	velar_u	0.097382355
Baer_Henney_unpublished_2017	tut7	YaGu	velar-voiceless-15-o	voiceless	velar_o	0.116010252
Baer_Henney_unpublished_2017	tut7	JaKr	velar-voiceless-15-u	voiceless	velar_u	0.121586766
Baer_Henney_unpublished_2017	tut7	SiNe	velar-voiceless-15-u	voiceless	velar_u	0.136618755
Baer_Henney_unpublished_2017	tut7	MaKa	velar-voiceless-15-u	voiceless	velar_u	0.139071959
Baer_Henney_unpublished_2017	tut7	ThAu	velar-voiceless-15-u	voiceless	velar_u	0.109584262
Baer_Henney_unpublished_2017	tut7	ZeGu	velar-voiceless-15-u	voiceless	velar_u	0.244093647
Baer_Henney_unpublished_2017	tut7	VaCa	velar-voiceless-2	voiceless	velar_a	0.186725654
Baer_Henney_unpublished_2017	tut7	JaKr	velar-voiceless-2-a	voiceless	velar_a	0.133979942
Baer_Henney_unpublished_2017	tut7	SiNe	velar-voiceless-2-a	voiceless	velar_a	0.226615718
Baer_Henney_unpublished_2017	tut7	IsSc	velar-voiceless-2-a	voiceless	velar_a	0.139482084
Baer_Henney_unpublished_2017	tut7	MaKa	velar-voiceless-2-a	voiceless	velar_a	0.233893819
Baer_Henney_unpublished_2017	tut7	ThAu	velar-voiceless-2-a	voiceless	velar_a	0.116136345
Baer_Henney_unpublished_2017	tut7	ZeGu	velar-voiceless-2-a	voiceless	velar_a	0.313834689
Baer_Henney_unpublished_2017	tut7	VaCa	velar-voiceless-3	voiceless	velar_a	0.131806344
Baer_Henney_unpublished_2017	tut7	JaKr	velar-voiceless-3-a	voiceless	velar_a	0.177591694
Baer_Henney_unpublished_2017	tut7	SiNe	velar-voiceless-3-a	voiceless	velar_a	0.171408463
Baer_Henney_unpublished_2017	tut7	IsSc	velar-voiceless-3-a	voiceless	velar_a	0.149319611
Baer_Henney_unpublished_2017	tut7	MaKa	velar-voiceless-3-a	voiceless	velar_a	0.25917831
Baer_Henney_unpublished_2017	tut7	ThAu	velar-voiceless-3-a	voiceless	velar_a	0.162999971
Baer_Henney_unpublished_2017	tut7	ZeGu	velar-voiceless-3-a	voiceless	velar_a	0.34870521
Baer_Henney_unpublished_2017	tut7	VaCa	velar-voiceless-4	voiceless	velar_e	0.197709516
Baer_Henney_unpublished_2017	tut7	JaKr	velar-voiceless-4-e	voiceless	velar_e	0.1523285
Baer_Henney_unpublished_2017	tut7	SiNe	velar-voiceless-4-e	voiceless	velar_e	0.14202456
Baer_Henney_unpublished_2017	tut7	IsSc	velar-voiceless-4-e	voiceless	velar_e	0.097382355
Baer_Henney_unpublished_2017	tut7	ThAu	velar-voiceless-4-e	voiceless	velar_e	0.073677238
Baer_Henney_unpublished_2017	tut7	ZeGu	velar-voiceless-4-e	voiceless	velar_e	0.450564737
Baer_Henney_unpublished_2017	tut7	MaKa	velar-voiceless-4-i	voiceless	velar_i	0.151714132
Baer_Henney_unpublished_2017	tut7	YaGu	velar-voiceless-4-i	voiceless	velar_i	0.065739143
Baer_Henney_unpublished_2017	tut7	VaCa	velar-voiceless-5	voiceless	velar_i	0.087870896
Baer_Henney_unpublished_2017	tut7	JaKr	velar-voiceless-5-i	voiceless	velar_i	0.095756473
Baer_Henney_unpublished_2017	tut7	SiNe	velar-voiceless-5-i	voiceless	velar_i	0.130045913
Baer_Henney_unpublished_2017	tut7	IsSc	velar-voiceless-5-i	voiceless	velar_i	0.076081137
Baer_Henney_unpublished_2017	tut7	MaKa	velar-voiceless-5-i	voiceless	velar_i	0.214929391
Baer_Henney_unpublished_2017	tut7	ThAu	velar-voiceless-5-i	voiceless	velar_i	0.105619423
Baer_Henney_unpublished_2017	tut7	ZeGu	velar-voiceless-5-i	voiceless	velar_i	0.332854973
Baer_Henney_unpublished_2017	tut7	VaCa	velar-voiceless-6	voiceless	velar_i	0.10983862
Baer_Henney_unpublished_2017	tut7	JaKr	velar-voiceless-6-i	voiceless	velar_i	0.091630818
Baer_Henney_unpublished_2017	tut7	SiNe	velar-voiceless-6-i	voiceless	velar_i	0.122595603
Baer_Henney_unpublished_2017	tut7	IsSc	velar-voiceless-6-i	voiceless	velar_i	0.103874512
Baer_Henney_unpublished_2017	tut7	MaKa	velar-voiceless-6-i	voiceless	velar_i	0.177000435
Baer_Henney_unpublished_2017	tut7	ThAu	velar-voiceless-6-i	voiceless	velar_i	0.117418031
Baer_Henney_unpublished_2017	tut7	ZeGu	velar-voiceless-6-i	voiceless	velar_i	0.323344831
Baer_Henney_unpublished_2017	tut7	VaCa	velar-voiceless-7	voiceless	velar_i	0.105366966
Baer_Henney_unpublished_2017	tut7	JaKr	velar-voiceless-7-i	voiceless	velar_i	0.119943914
Baer_Henney_unpublished_2017	tut7	SiNe	velar-voiceless-7-i	voiceless	velar_i	0.157841031
Baer_Henney_unpublished_2017	tut7	IsSc	velar-voiceless-7-i	voiceless	velar_i	0.101441516
Baer_Henney_unpublished_2017	tut7	MaKa	velar-voiceless-7-i	voiceless	velar_i	0.195965092
Baer_Henney_unpublished_2017	tut7	ThAu	velar-voiceless-7-i	voiceless	velar_i	0.099147934
Baer_Henney_unpublished_2017	tut7	ZeGu	velar-voiceless-7-i	voiceless	velar_i	0.342365115
Baer_Henney_unpublished_2017	tut7	VaCa	velar-voiceless-8	voiceless	velar_o	0.096586385
Baer_Henney_unpublished_2017	tut7	JaKr	velar-voiceless-8-o	voiceless	velar_o	0.149313615
Baer_Henney_unpublished_2017	tut7	SiNe	velar-voiceless-8-o	voiceless	velar_o	0.209772169
Baer_Henney_unpublished_2017	tut7	IsSc	velar-voiceless-8-o	voiceless	velar_o	0.139482084
Baer_Henney_unpublished_2017	tut7	MaKa	velar-voiceless-8-o	voiceless	velar_o	0.202286546
Baer_Henney_unpublished_2017	tut7	ThAu	velar-voiceless-8-o	voiceless	velar_o	0.185036837
Baer_Henney_unpublished_2017	tut7	ZeGu	velar-voiceless-8-o	voiceless	velar_o	0.313834689
Baer_Henney_unpublished_2017	tut7	YaGu	velar-voiceless-8-u	voiceless	velar_u	0.143079311
Baer_Henney_unpublished_2017	tut7	VaCa	velar-voiceless-9	voiceless	velar_o	0.10983862
Baer_Henney_unpublished_2017	tut7	JaKr	velar-voiceless-9-o	voiceless	velar_o	0.138172993
Baer_Henney_unpublished_2017	tut7	SiNe	velar-voiceless-9-o	voiceless	velar_o	0.164937734
Baer_Henney_unpublished_2017	tut7	IsSc	velar-voiceless-9-o	voiceless	velar_o	0.190202842
Baer_Henney_unpublished_2017	tut7	MaKa	velar-voiceless-9-o	voiceless	velar_o	0.158036364
Baer_Henney_unpublished_2017	tut7	ThAu	velar-voiceless-9-o	voiceless	velar_o	0.117543126
Baer_Henney_unpublished_2017	tut7	ZeGu	velar-voiceless-9-o	voiceless	velar_o	0.34870521
Baer_Henney_unpublished_2017	tut8	MiUl	alveaolar-voiced-9-i	voiced	alveolar_i	0.10778161
Baer_Henney_unpublished_2017	tut8	MiUl	alveaolar-voiceless-7-i	voiceless	alveolar_i	0.095101421
Baer_Henney_unpublished_2017	tut8	ElBe	alveolar-voiced-1	voiced	alveolar_e	0.126059271
Baer_Henney_unpublished_2017	tut8	AyAy	alveolar-voiced-1-e	voiced	alveolar_e	0.126430299
Baer_Henney_unpublished_2017	tut8	MaTh	alveolar-voiced-1-e	voiced	alveolar_e	0.095101421
Baer_Henney_unpublished_2017	tut8	MiUl	alveolar-voiced-1-e	voiced	alveolar_e	0.095101421
Baer_Henney_unpublished_2017	tut8	AyAy	alveolar-voiced-10-e	voiced	alveolar_e	0.15849786
Baer_Henney_unpublished_2017	tut8	MaTh	alveolar-voiced-10-oe	voiced	alveolar_oe	0.1204618
Baer_Henney_unpublished_2017	tut8	MiUl	alveolar-voiced-10-y	voiced	alveolar_y	0.1204618
Baer_Henney_unpublished_2017	tut8	ElBe	alveolar-voiced-11	voiced	alveolar_a	0.119424572
Baer_Henney_unpublished_2017	tut8	MaTh	alveolar-voiced-11-a	voiced	alveolar_a	0.139482084
Baer_Henney_unpublished_2017	tut8	MiUl	alveolar-voiced-11-a	voiced	alveolar_a	0.139482084
Baer_Henney_unpublished_2017	tut8	AyAy	alveolar-voiced-11-i	voiced	alveolar_i	0.164017686
Baer_Henney_unpublished_2017	tut8	ElBe	alveolar-voiced-12	voiced	alveolar_e	0.179136858
Baer_Henney_unpublished_2017	tut8	ElBe	alveolar-voiced-12	voiced	alveolar_e	0.159232763
Baer_Henney_unpublished_2017	tut8	MaTh	alveolar-voiced-12-e	voiced	alveolar_e	0.129971942
Baer_Henney_unpublished_2017	tut8	MiUl	alveolar-voiced-12-e	voiced	alveolar_e	0.129971942
Baer_Henney_unpublished_2017	tut8	AyAy	alveolar-voiced-12-o	voiced	alveolar_o	0.153503732
Baer_Henney_unpublished_2017	tut8	ElBe	alveolar-voiced-13	voiced	alveolar_e	0.139328668
Baer_Henney_unpublished_2017	tut8	MaTh	alveolar-voiced-13-e	voiced	alveolar_e	0.136312037
Baer_Henney_unpublished_2017	tut8	MiUl	alveolar-voiced-13-e	voiced	alveolar_e	0.136312037
Baer_Henney_unpublished_2017	tut8	AyAy	alveolar-voiced-13-o	voiced	alveolar_o	0.113550706
Baer_Henney_unpublished_2017	tut8	ElBe	alveolar-voiced-14	voiced	alveolar_o	0.165867461
Baer_Henney_unpublished_2017	tut8	MaTh	alveolar-voiced-14-o	voiced	alveolar_o	0.104611563
Baer_Henney_unpublished_2017	tut8	AyAy	alveolar-voiced-14-o	voiced	alveolar_o	0.174294306
Baer_Henney_unpublished_2017	tut8	MiUl	alveolar-voiced-14-o	voiced	alveolar_o	0.104611563
Baer_Henney_unpublished_2017	tut8	ElBe	alveolar-voiced-15	voiced	alveolar_u	0.179136858
Baer_Henney_unpublished_2017	tut8	AyAy	alveolar-voiced-15-o	voiced	alveolar_o	0.151400941
Baer_Henney_unpublished_2017	tut8	MaTh	alveolar-voiced-15-u	voiced	alveolar_u	0.152162273
Baer_Henney_unpublished_2017	tut8	MiUl	alveolar-voiced-15-u	voiced	alveolar_u	0.152162273
Baer_Henney_unpublished_2017	tut8	MaTh	alveolar-voiced-2	voiced	alveolar_i	0.069741042
Baer_Henney_unpublished_2017	tut8	ElBe	alveolar-voiced-2	voiced	alveolar_i	0.132693969
Baer_Henney_unpublished_2017	tut8	MiUl	alveolar-voiced-2	voiced	alveolar_i	0.069741042
Baer_Henney_unpublished_2017	tut8	AyAy	alveolar-voiced-2-i	voiced	alveolar_i	0.108819426
Baer_Henney_unpublished_2017	tut8	ElBe	alveolar-voiced-3	voiced	alveolar_e	0.139328668
Baer_Henney_unpublished_2017	tut8	MaTh	alveolar-voiced-3-e	voiced	alveolar_e	0.145822179
Baer_Henney_unpublished_2017	tut8	MiUl	alveolar-voiced-3-e	voiced	alveolar_e	0.145822179
Baer_Henney_unpublished_2017	tut8	AyAy	alveolar-voiced-3-o	voiced	alveolar_o	0.140361289
Baer_Henney_unpublished_2017	tut8	ElBe	alveolar-voiced-4	voiced	alveolar_a	0.106155175
Baer_Henney_unpublished_2017	tut8	MaTh	alveolar-voiced-4-a	voiced	alveolar_a	0.069741042
Baer_Henney_unpublished_2017	tut8	MiUl	alveolar-voiced-4-a	voiced	alveolar_a	0.069741042
Baer_Henney_unpublished_2017	tut8	AyAy	alveolar-voiced-4-u	voiced	alveolar_u	0.126167451
Baer_Henney_unpublished_2017	tut8	ElBe	alveolar-voiced-5	voiced	alveolar_o	0.126059271
Baer_Henney_unpublished_2017	tut8	MaTh	alveolar-voiced-5-o	voiced	alveolar_o	0.104611563
Baer_Henney_unpublished_2017	tut8	MiUl	alveolar-voiced-5-o	voiced	alveolar_o	0.104611563
Baer_Henney_unpublished_2017	tut8	AyAy	alveolar-voiced-5-u	voiced	alveolar_u	0.138784196
Baer_Henney_unpublished_2017	tut8	ElBe	alveolar-voiced-6	voiced	alveolar_i	0.165867461
Baer_Henney_unpublished_2017	tut8	AyAy	alveolar-voiced-6-a	voiced	alveolar_a	0.159812104
Baer_Henney_unpublished_2017	tut8	MaTh	alveolar-voiced-6-i	voiced	alveolar_i	0.066570995
Baer_Henney_unpublished_2017	tut8	MiUl	alveolar-voiced-6-i	voiced	alveolar_i	0.066570995
Baer_Henney_unpublished_2017	tut8	ElBe	alveolar-voiced-7	voiced	alveolar_e	0.152598065
Baer_Henney_unpublished_2017	tut8	MaTh	alveolar-voiced-7-e	voiced	alveolar_e	0.088761326
Baer_Henney_unpublished_2017	tut8	AyAy	alveolar-voiced-7-e	voiced	alveolar_e	0.206073503
Baer_Henney_unpublished_2017	tut8	MiUl	alveolar-voiced-7-e	voiced	alveolar_e	0.088761326
Baer_Henney_unpublished_2017	tut8	ElBe	alveolar-voiced-8	voiced	alveolar_o	0.152598065
Baer_Henney_unpublished_2017	tut8	AyAy	alveolar-voiced-8-e	voiced	alveolar_e	0.118544834
Baer_Henney_unpublished_2017	tut8	MaTh	alveolar-voiced-8-o	voiced	alveolar_o	0.142652131
Baer_Henney_unpublished_2017	tut8	MiUl	alveolar-voiced-8-o	voiced	alveolar_o	0.142652131
Baer_Henney_unpublished_2017	tut8	ElBe	alveolar-voiced-9	voiced	alveolar_e	0.165867461
Baer_Henney_unpublished_2017	tut8	AyAy	alveolar-voiced-9-e	voiced	alveolar_e	0.134578614
Baer_Henney_unpublished_2017	tut8	MaTh	alveolar-voiced-9-i	voiced	alveolar_i	0.10778161
Baer_Henney_unpublished_2017	tut8	ElBe	alveolar-voiceless--5	voiceless	alveolar_o	0.099520477
Baer_Henney_unpublished_2017	tut8	ElBe	alveolar-voiceless-1	voiceless	alveolar_a	0.126059271
Baer_Henney_unpublished_2017	tut8	MaTh	alveolar-voiceless-1-a	voiceless	alveolar_a	0.101441516
Baer_Henney_unpublished_2017	tut8	MiUl	alveolar-voiceless-1-a	voiceless	alveolar_a	0.101441516
Baer_Henney_unpublished_2017	tut8	AyAy	alveolar-voiceless-1-e	voiceless	alveolar_e	0.134578614
Baer_Henney_unpublished_2017	tut8	ElBe	alveolar-voiceless-10	voiceless	alveolar_o	0.126059271
Baer_Henney_unpublished_2017	tut8	AyAy	alveolar-voiceless-10-e	voiceless	alveolar_e	0.117756287
Baer_Henney_unpublished_2017	tut8	MaTh	alveolar-voiceless-10-o	voiceless	alveolar_o	0.104611563
Baer_Henney_unpublished_2017	tut8	MiUl	alveolar-voiceless-10-o	voiceless	alveolar_o	0.104611563
Baer_Henney_unpublished_2017	tut8	ElBe	alveolar-voiceless-11	voiceless	alveolar_e	0.132693969
Baer_Henney_unpublished_2017	tut8	MaTh	alveolar-voiceless-11-e	voiceless	alveolar_e	0.114121705
Baer_Henney_unpublished_2017	tut8	MiUl	alveolar-voiceless-11-e	voiceless	alveolar_e	0.114121705
Baer_Henney_unpublished_2017	tut8	AyAy	alveolar-voiceless-11-i	voiceless	alveolar_i	0.127481695
Baer_Henney_unpublished_2017	tut8	ElBe	alveolar-voiceless-12	voiceless	alveolar_o	0.145963366
Baer_Henney_unpublished_2017	tut8	MaTh	alveolar-voiceless-12-o	voiceless	alveolar_o	0.087176303
Baer_Henney_unpublished_2017	tut8	AyAy	alveolar-voiceless-12-o	voiceless	alveolar_o	0.135630009
Baer_Henney_unpublished_2017	tut8	MiUl	alveolar-voiceless-12-o	voiceless	alveolar_o	0.087176303
Baer_Henney_unpublished_2017	tut8	ElBe	alveolar-voiceless-13	voiceless	alveolar_o	0.192406255
Baer_Henney_unpublished_2017	tut8	MaTh	alveolar-voiceless-13-o	voiceless	alveolar_o	0.095101421
Baer_Henney_unpublished_2017	tut8	AyAy	alveolar-voiceless-13-o	voiceless	alveolar_o	0.130373032
Baer_Henney_unpublished_2017	tut8	MiUl	alveolar-voiceless-13-o	voiceless	alveolar_o	0.095101421
Baer_Henney_unpublished_2017	tut8	ElBe	alveolar-voiceless-14	voiceless	alveolar_a	0.139328668
Baer_Henney_unpublished_2017	tut8	MaTh	alveolar-voiceless-14-a	voiceless	alveolar_a	0.085591279
Baer_Henney_unpublished_2017	tut8	MiUl	alveolar-voiceless-14-a	voiceless	alveolar_a	0.085591279
Baer_Henney_unpublished_2017	tut8	AyAy	alveolar-voiceless-14-o	voiceless	alveolar_o	0.157709313
Baer_Henney_unpublished_2017	tut8	ElBe	alveolar-voiceless-15	voiceless	alveolar_a	0.159232763
Baer_Henney_unpublished_2017	tut8	MaTh	alveolar-voiceless-15-a	voiceless	alveolar_a	0.050720758
Baer_Henney_unpublished_2017	tut8	MiUl	alveolar-voiceless-15-a	voiceless	alveolar_a	0.050720758
Baer_Henney_unpublished_2017	tut8	AyAy	alveolar-voiceless-15-o	voiceless	alveolar_o	0.147195359
Baer_Henney_unpublished_2017	tut8	ElBe	alveolar-voiceless-2	voiceless	alveolar_i	0.099520477
Baer_Henney_unpublished_2017	tut8	AyAy	alveolar-voiceless-2-i	voiceless	alveolar_i	0.10093396
Baer_Henney_unpublished_2017	tut8	MaTh	alveolar-voiceless-2-o	voiceless	alveolar_o	0.066570995
Baer_Henney_unpublished_2017	tut8	MiUl	alveolar-voiceless-2-o	voiceless	alveolar_o	0.066570995
Baer_Henney_unpublished_2017	tut8	ElBe	alveolar-voiceless-3	voiceless	alveolar_o	0.152598065
Baer_Henney_unpublished_2017	tut8	MaTh	alveolar-voiceless-3-o	voiceless	alveolar_o	0.133141989
Baer_Henney_unpublished_2017	tut8	AyAy	alveolar-voiceless-3-o	voiceless	alveolar_o	0.159812104
Baer_Henney_unpublished_2017	tut8	MiUl	alveolar-voiceless-3-o	voiceless	alveolar_o	0.133141989
Baer_Henney_unpublished_2017	tut8	ElBe	alveolar-voiceless-4	voiceless	alveolar_u	0.132693969
Baer_Henney_unpublished_2017	tut8	MaTh	alveolar-voiceless-4-u	voiceless	alveolar_u	0.076081137
Baer_Henney_unpublished_2017	tut8	AyAy	alveolar-voiceless-4-u	voiceless	alveolar_u	0.113550706
Baer_Henney_unpublished_2017	tut8	MiUl	alveolar-voiceless-4-u	voiceless	alveolar_u	0.076081137
Baer_Henney_unpublished_2017	tut8	MaTh	alveolar-voiceless-5-o	voiceless	alveolar_o	0.1806927
Baer_Henney_unpublished_2017	tut8	MiUl	alveolar-voiceless-5-o	voiceless	alveolar_o	0.1806927
Baer_Henney_unpublished_2017	tut8	AyAy	alveolar-voiceless-5-u	voiceless	alveolar_u	0.087134396
Baer_Henney_unpublished_2017	tut8	ElBe	alveolar-voiceless-6	voiceless	alveolar_e	0.145963366
Baer_Henney_unpublished_2017	tut8	AyAy	alveolar-voiceless-6-a	voiceless	alveolar_a	0.159812104
Baer_Henney_unpublished_2017	tut8	MaTh	alveolar-voiceless-6-e	voiceless	alveolar_e	0.088761326
Baer_Henney_unpublished_2017	tut8	MiUl	alveolar-voiceless-6-e	voiceless	alveolar_e	0.088761326
Baer_Henney_unpublished_2017	tut8	ElBe	alveolar-voiceless-7	voiceless	alveolar_i	0.132693969
Baer_Henney_unpublished_2017	tut8	AyAy	alveolar-voiceless-7-e	voiceless	alveolar_e	0.206073503
Baer_Henney_unpublished_2017	tut8	MaTh	alveolar-voiceless-7-i	voiceless	alveolar_i	0.095101421
Baer_Henney_unpublished_2017	tut8	ElBe	alveolar-voiceless-8	voiceless	alveolar_a	0.165867461
Baer_Henney_unpublished_2017	tut8	MaTh	alveolar-voiceless-8-a	voiceless	alveolar_a	0.152162273
Baer_Henney_unpublished_2017	tut8	MiUl	alveolar-voiceless-8-a	voiceless	alveolar_a	0.152162273
Baer_Henney_unpublished_2017	tut8	AyAy	alveolar-voiceless-8-e	voiceless	alveolar_e	0.126167451
Baer_Henney_unpublished_2017	tut8	ElBe	alveolar-voiceless-9	voiceless	alveolar_a	0.145963366
Baer_Henney_unpublished_2017	tut8	MaTh	alveolar-voiceless-9-a	voiceless	alveolar_a	0.095101421
Baer_Henney_unpublished_2017	tut8	MiUl	alveolar-voiceless-9-a	voiceless	alveolar_a	0.095101421
Baer_Henney_unpublished_2017	tut8	AyAy	alveolar-voiceless-9-e	voiceless	alveolar_e	0.10093396
Baer_Henney_unpublished_2017	tut8	MiUl	laabial-voiceless-5-e	voiceless	labial_e	0.10778161
Baer_Henney_unpublished_2017	tut8	MiUl	labail-voiceless-7-a	voiceless	labial_a	0.0602309
Baer_Henney_unpublished_2017	tut8	ElBe	labial-voiced-1	voiced	labial_o	0.106155175
Baer_Henney_unpublished_2017	tut8	AyAy	labial-voiced-1-a	voiced	labial_a	0.092522797
Baer_Henney_unpublished_2017	tut8	MaTh	labial-voiced-1-o	voiced	labial_o	0.088761326
Baer_Henney_unpublished_2017	tut8	MiUl	labial-voiced-1-o	voiced	labial_o	0.088761326
Baer_Henney_unpublished_2017	tut8	ElBe	labial-voiced-10	voiced	labial_o	0.152598065
Baer_Henney_unpublished_2017	tut8	MaTh	labial-voiced-10-0	voiced	labial_o	0.079251184
Baer_Henney_unpublished_2017	tut8	MiUl	labial-voiced-10-0	voiced	labial_o	0.079251184
Baer_Henney_unpublished_2017	tut8	AyAy	labial-voiced-10-o	voiced	labial_o	0.134578614
Baer_Henney_unpublished_2017	tut8	ElBe	labial-voiced-11	voiced	labial_u	0.205675652
Baer_Henney_unpublished_2017	tut8	MaTh	labial-voiced-11-u	voiced	labial_u	0.088761326
Baer_Henney_unpublished_2017	tut8	AyAy	labial-voiced-11-u	voiced	labial_u	0.255094814
Baer_Henney_unpublished_2017	tut8	MiUl	labial-voiced-11-u	voiced	labial_u	0.088761326
Baer_Henney_unpublished_2017	tut8	ElBe	labial-voiced-12	voiced	labial_u	0.119424572
Baer_Henney_unpublished_2017	tut8	MaTh	labial-voiced-12-u	voiced	labial_u	0.136312037
Baer_Henney_unpublished_2017	tut8	AyAy	labial-voiced-12-u	voiced	labial_u	0.138784196
Baer_Henney_unpublished_2017	tut8	MiUl	labial-voiced-12-u	voiced	labial_u	0.136312037
Baer_Henney_unpublished_2017	tut8	ElBe	labial-voiced-13	voiced	labial_e	0.159232763
Baer_Henney_unpublished_2017	tut8	MaTh	labial-voiced-13-e	voiced	labial_e	0.129971942
Baer_Henney_unpublished_2017	tut8	MiUl	labial-voiced-13-e	voiced	labial_e	0.129971942
Baer_Henney_unpublished_2017	tut8	AyAy	labial-voiced-13-u	voiced	labial_u	0.148509603
Baer_Henney_unpublished_2017	tut8	ElBe	labial-voiced-14	voiced	labial_e	0.17250216
Baer_Henney_unpublished_2017	tut8	MaTh	labial-voiced-14-e	voiced	labial_e	0.152162273
Baer_Henney_unpublished_2017	tut8	MiUl	labial-voiced-14-e	voiced	labial_e	0.152162273
Baer_Henney_unpublished_2017	tut8	AyAy	labial-voiced-14-u	voiced	labial_u	0.103036751
Baer_Henney_unpublished_2017	tut8	ElBe	labial-voiced-15	voiced	labial_o	0.112789874
Baer_Henney_unpublished_2017	tut8	MaTh	labial-voiced-15-o	voiced	labial_o	0.101441516
Baer_Henney_unpublished_2017	tut8	MiUl	labial-voiced-15-o	voiced	labial_o	0.101441516
Baer_Henney_unpublished_2017	tut8	AyAy	labial-voiced-15-u	voiced	labial_u	0.094625588
Baer_Henney_unpublished_2017	tut8	ElBe	labial-voiced-2	voiced	labial_e	0.192406255
Baer_Henney_unpublished_2017	tut8	MaTh	labial-voiced-2-e	voiced	labial_e	0.126801895
Baer_Henney_unpublished_2017	tut8	AyAy	labial-voiced-2-e	voiced	labial_e	0.126167451
Baer_Henney_unpublished_2017	tut8	MiUl	labial-voiced-2-e	voiced	labial_e	0.126801895
Baer_Henney_unpublished_2017	tut8	ElBe	labial-voiced-3	voiced	labial_e	0.192406255
Baer_Henney_unpublished_2017	tut8	MaTh	labial-voiced-3-e	voiced	labial_e	0.063400947
Baer_Henney_unpublished_2017	tut8	MiUl	labial-voiced-3-e	voiced	labial_e	0.063400947
Baer_Henney_unpublished_2017	tut8	AyAy	labial-voiced-3-u	voiced	labial_u	0.138784196
Baer_Henney_unpublished_2017	tut8	ElBe	labial-voiced-4	voiced	labial_a	0.152598065
Baer_Henney_unpublished_2017	tut8	MaTh	labial-voiced-4-a	voiced	labial_a	0.076081137
Baer_Henney_unpublished_2017	tut8	MiUl	labial-voiced-4-a	voiced	labial_a	0.076081137
Baer_Henney_unpublished_2017	tut8	AyAy	labial-voiced-4-u	voiced	labial_u	0.151400941
Baer_Henney_unpublished_2017	tut8	ElBe	labial-voiced-5	voiced	labial_a	0.112789874
Baer_Henney_unpublished_2017	tut8	MaTh	labial-voiced-5-a	voiced	labial_a	0.1204618
Baer_Henney_unpublished_2017	tut8	AyAy	labial-voiced-5-a	voiced	labial_a	0.132475823
Baer_Henney_unpublished_2017	tut8	MiUl	labial-voiced-5-a	voiced	labial_a	0.1204618
Baer_Henney_unpublished_2017	tut8	ElBe	labial-voiced-6	voiced	labial_a	0.179136858
Baer_Henney_unpublished_2017	tut8	MaTh	labial-voiced-6-a	voiced	labial_a	0.088761326
Baer_Henney_unpublished_2017	tut8	MiUl	labial-voiced-6-a	voiced	labial_a	0.088761326
Baer_Henney_unpublished_2017	tut8	AyAy	labial-voiced-6-i	voiced	labial_i	0.077803261
Baer_Henney_unpublished_2017	tut8	ElBe	labial-voiced-7	voiced	labial_i	0.165867461
Baer_Henney_unpublished_2017	tut8	MaTh	labial-voiced-7-i	voiced	labial_i	0.038040568
Baer_Henney_unpublished_2017	tut8	AyAy	labial-voiced-7-i	voiced	labial_i	0.09646553
Baer_Henney_unpublished_2017	tut8	MiUl	labial-voiced-7-i	voiced	labial_i	0.038040568
Baer_Henney_unpublished_2017	tut8	ElBe	labial-voiced-8	voiced	labial_a	0.099520477
Baer_Henney_unpublished_2017	tut8	MaTh	labial-voiced-8-a	voiced	labial_a	0.076081137
Baer_Henney_unpublished_2017	tut8	MiUl	labial-voiced-8-a	voiced	labial_a	0.076081137
Baer_Henney_unpublished_2017	tut8	AyAy	labial-voiced-8-i	voiced	labial_i	0.094625588
Baer_Henney_unpublished_2017	tut8	ElBe	labial-voiced-9	voiced	labial_i	0.165867461
Baer_Henney_unpublished_2017	tut8	MaTh	labial-voiced-9-i	voiced	labial_i	0.117291752
Baer_Henney_unpublished_2017	tut8	MiUl	labial-voiced-9-i	voiced	labial_i	0.117291752
Baer_Henney_unpublished_2017	tut8	AyAy	labial-voiced-9-o	voiced	labial_o	0.121961869
Baer_Henney_unpublished_2017	tut8	ElBe	labial-voiceless-1	voiceless	labial_a	0.126059271
Baer_Henney_unpublished_2017	tut8	AyAy	labial-voiceless-1-a	voiceless	labial_a	0.178737222
Baer_Henney_unpublished_2017	tut8	MaTh	labial-voiceless-1-e	voiceless	labial_e	0.076081137
Baer_Henney_unpublished_2017	tut8	MiUl	labial-voiceless-1-e	voiceless	labial_e	0.076081137
Baer_Henney_unpublished_2017	tut8	ElBe	labial-voiceless-10	voiceless	labial_a	0.119424572
Baer_Henney_unpublished_2017	tut8	MaTh	labial-voiceless-10-a	voiceless	labial_a	0.053890805
Baer_Henney_unpublished_2017	tut8	MiUl	labial-voiceless-10-a	voiceless	labial_a	0.053890805
Baer_Henney_unpublished_2017	tut8	AyAy	labial-voiceless-10-o	voiceless	labial_o	0.109345124
Baer_Henney_unpublished_2017	tut8	ElBe	labial-voiceless-11	voiceless	labial_e	0.126059271
Baer_Henney_unpublished_2017	tut8	MaTh	labial-voiceless-11-e	voiceless	labial_e	0.117291752
Baer_Henney_unpublished_2017	tut8	MiUl	labial-voiceless-11-e	voiceless	labial_e	0.117291752
Baer_Henney_unpublished_2017	tut8	AyAy	labial-voiceless-11-u	voiceless	labial_u	0.18609699
Baer_Henney_unpublished_2017	tut8	ElBe	labial-voiceless-12	voiceless	labial_u	0.08625108
Baer_Henney_unpublished_2017	tut8	MaTh	labial-voiceless-12-u	voiceless	labial_u	0.164842463
Baer_Henney_unpublished_2017	tut8	AyAy	labial-voiceless-12-u	voiceless	labial_u	0.170826425
Baer_Henney_unpublished_2017	tut8	MiUl	labial-voiceless-12-u	voiceless	labial_u	0.164842463
Baer_Henney_unpublished_2017	tut8	ElBe	labial-voiceless-13	voiceless	labial_a	0.132693969
Baer_Henney_unpublished_2017	tut8	MaTh	labial-voiceless-13-a	voiceless	labial_a	0.10778161
Baer_Henney_unpublished_2017	tut8	MiUl	labial-voiceless-13-a	voiceless	labial_a	0.10778161
Baer_Henney_unpublished_2017	tut8	AyAy	labial-voiceless-13-u	voiceless	labial_u	0.115127799
Baer_Henney_unpublished_2017	tut8	ElBe	labial-voiceless-14	voiceless	labial_u	0.08625108
Baer_Henney_unpublished_2017	tut8	AyAy	labial-voiceless-14-u	voiceless	labial_u	0.061769481
Baer_Henney_unpublished_2017	tut8	ElBe	labial-voiceless-15	voiceless	labial_u	0.139328668
Baer_Henney_unpublished_2017	tut8	MaTh	labial-voiceless-15-a	voiceless	labial_a	0.114121705
Baer_Henney_unpublished_2017	tut8	MiUl	labial-voiceless-15-a	voiceless	labial_a	0.114121705
Baer_Henney_unpublished_2017	tut8	AyAy	labial-voiceless-15-u	voiceless	labial_u	0.166120477
Baer_Henney_unpublished_2017	tut8	ElBe	labial-voiceless-2	voiceless	labial_i	0.165867461
Baer_Henney_unpublished_2017	tut8	AyAy	labial-voiceless-2-e	voiceless	labial_e	0.094625588
Baer_Henney_unpublished_2017	tut8	MaTh	labial-voiceless-2-i	voiceless	labial_i	0.079251184
Baer_Henney_unpublished_2017	tut8	MiUl	labial-voiceless-2-i	voiceless	labial_i	0.079251184
Baer_Henney_unpublished_2017	tut8	MaTh	labial-voiceless-2-oe	voiceless	labial_oe	0.088761326
Baer_Henney_unpublished_2017	tut8	MiUl	labial-voiceless-2-y	voiceless	labial_y	0.088761326
Baer_Henney_unpublished_2017	tut8	ElBe	labial-voiceless-3	voiceless	labial_a	0.165867461
Baer_Henney_unpublished_2017	tut8	MaTh	labial-voiceless-3-a	voiceless	labial_a	0.069741042
Baer_Henney_unpublished_2017	tut8	MiUl	labial-voiceless-3-a	voiceless	labial_a	0.069741042
Baer_Henney_unpublished_2017	tut8	AyAy	labial-voiceless-3-u	voiceless	labial_u	0.10093396
Baer_Henney_unpublished_2017	tut8	ElBe	labial-voiceless-4	voiceless	labial_e	0.132693969
Baer_Henney_unpublished_2017	tut8	MaTh	labial-voiceless-4-e	voiceless	labial_e	0.133141989
Baer_Henney_unpublished_2017	tut8	MiUl	labial-voiceless-4-e	voiceless	labial_e	0.133141989
Baer_Henney_unpublished_2017	tut8	AyAy	labial-voiceless-4-u	voiceless	labial_u	0.105139542
Baer_Henney_unpublished_2017	tut8	ElBe	labial-voiceless-5	voiceless	labial_a	0.08625108
Baer_Henney_unpublished_2017	tut8	AyAy	labial-voiceless-5-a	voiceless	labial_a	0.108293728
Baer_Henney_unpublished_2017	tut8	MaTh	labial-voiceless-5-e	voiceless	labial_e	0.10778161
Baer_Henney_unpublished_2017	tut8	ElBe	labial-voiceless-6	voiceless	labial_i	0.084534649
Baer_Henney_unpublished_2017	tut8	MaTh	labial-voiceless-6-i	voiceless	labial_i	0.038040568
Baer_Henney_unpublished_2017	tut8	AyAy	labial-voiceless-6-i	voiceless	labial_i	0.219280189
Baer_Henney_unpublished_2017	tut8	MiUl	labial-voiceless-6-i	voiceless	labial_i	0.038040568
Baer_Henney_unpublished_2017	tut8	ElBe	labial-voiceless-7	voiceless	labial_a	0.126059271
Baer_Henney_unpublished_2017	tut8	MaTh	labial-voiceless-7-a	voiceless	labial_a	0.0602309
Baer_Henney_unpublished_2017	tut8	AyAy	labial-voiceless-7-i	voiceless	labial_i	0.073860528
Baer_Henney_unpublished_2017	tut8	ElBe	labial-voiceless-8	voiceless	labial_a	0.106155175
Baer_Henney_unpublished_2017	tut8	MaTh	labial-voiceless-8-a	voiceless	labial_a	0.088761326
Baer_Henney_unpublished_2017	tut8	MiUl	labial-voiceless-8-a	voiceless	labial_a	0.088761326
Baer_Henney_unpublished_2017	tut8	AyAy	labial-voiceless-8-i	voiceless	labial_i	0.294390718
Baer_Henney_unpublished_2017	tut8	ElBe	labial-voiceless-9	voiceless	labial_o	0.17250216
Baer_Henney_unpublished_2017	tut8	MaTh	labial-voiceless-9-o	voiceless	labial_o	0.085591279
Baer_Henney_unpublished_2017	tut8	AyAy	labial-voiceless-9-o	voiceless	labial_o	0.109345124
Baer_Henney_unpublished_2017	tut8	MiUl	labial-voiceless-9-o	voiceless	labial_o	0.085591279
Baer_Henney_unpublished_2017	tut8	ElBe	velar-voiced-1	voiced	velar_a	0.139328668
Baer_Henney_unpublished_2017	tut8	AyAy	velar-voiced-1-a	voiced	velar_a	0.141256403
Baer_Henney_unpublished_2017	tut8	MaTh	velar-voiced-1-oe	voiced	velar_oe	0.082421231
Baer_Henney_unpublished_2017	tut8	MiUl	velar-voiced-1-y	voiced	velar_y	0.082421231
Baer_Henney_unpublished_2017	tut8	ElBe	velar-voiced-10	voiced	velar_oe	0.139328668
Baer_Henney_unpublished_2017	tut8	AyAy	velar-voiced-10-oe	voiced	velar_oe	0.134578614
Baer_Henney_unpublished_2017	tut8	MaTh	velar-voiced-10-u	voiced	velar_u	0.069741042
Baer_Henney_unpublished_2017	tut8	MiUl	velar-voiced-10-u	voiced	velar_u	0.069741042
Baer_Henney_unpublished_2017	tut8	ElBe	velar-voiced-11	voiced	velar_e	0.126059271
Baer_Henney_unpublished_2017	tut8	AyAy	velar-voiced-11-a	voiced	velar_a	0.155475098
Baer_Henney_unpublished_2017	tut8	MaTh	velar-voiced-11-e	voiced	velar_e	0.139482084
Baer_Henney_unpublished_2017	tut8	MiUl	velar-voiced-11-e	voiced	velar_e	0.139482084
Baer_Henney_unpublished_2017	tut8	ElBe	velar-voiced-12	voiced	velar_i	0.145963366
Baer_Henney_unpublished_2017	tut8	AyAy	velar-voiced-12-a	voiced	velar_a	0.150875243
Baer_Henney_unpublished_2017	tut8	MaTh	velar-voiced-12-i	voiced	velar_i	0.088761326
Baer_Henney_unpublished_2017	tut8	MiUl	velar-voiced-12-i	voiced	velar_i	0.088761326
Baer_Henney_unpublished_2017	tut8	ElBe	velar-voiced-13	voiced	velar_u	0.126059271
Baer_Henney_unpublished_2017	tut8	AyAy	velar-voiced-13-a	voiced	velar_a	0.164017686
Baer_Henney_unpublished_2017	tut8	MaTh	velar-voiced-13-u	voiced	velar_u	0.072911089
Baer_Henney_unpublished_2017	tut8	MiUl	velar-voiced-13-u	voiced	velar_u	0.072911089
Baer_Henney_unpublished_2017	tut8	ElBe	velar-voiced-14	voiced	velar_o	0.185771557
Baer_Henney_unpublished_2017	tut8	AyAy	velar-voiced-14-a	voiced	velar_a	0.138784196
Baer_Henney_unpublished_2017	tut8	MaTh	velar-voiced-14-o	voiced	velar_o	0.129971942
Baer_Henney_unpublished_2017	tut8	MiUl	velar-voiced-14-o	voiced	velar_o	0.129971942
Baer_Henney_unpublished_2017	tut8	ElBe	velar-voiced-15	voiced	velar_u	0.152598065
Baer_Henney_unpublished_2017	tut8	AyAy	velar-voiced-15-i	voiced	velar_i	0.281773973
Baer_Henney_unpublished_2017	tut8	MaTh	velar-voiced-15-u	voiced	velar_u	0.063400947
Baer_Henney_unpublished_2017	tut8	MiUl	velar-voiced-15-u	voiced	velar_u	0.063400947
Baer_Henney_unpublished_2017	tut8	ElBe	velar-voiced-2	voiced	velar_o	0.159232763
Baer_Henney_unpublished_2017	tut8	AyAy	velar-voiced-2-a	voiced	velar_a	0.151400941
Baer_Henney_unpublished_2017	tut8	MaTh	velar-voiced-2-o	voiced	velar_o	0.082421231
Baer_Henney_unpublished_2017	tut8	MiUl	velar-voiced-2-o	voiced	velar_o	0.082421231
Baer_Henney_unpublished_2017	tut8	ElBe	velar-voiced-3	voiced	velar_o	0.099520477
Baer_Henney_unpublished_2017	tut8	AyAy	velar-voiced-3-e	voiced	velar_e	0.11249931
Baer_Henney_unpublished_2017	tut8	MaTh	velar-voiced-3-o	voiced	velar_o	0.126801895
Baer_Henney_unpublished_2017	tut8	MiUl	velar-voiced-3-o	voiced	velar_o	0.126801895
Baer_Henney_unpublished_2017	tut8	ElBe	velar-voiced-4	voiced	velar_o	0.159232763
Baer_Henney_unpublished_2017	tut8	AyAy	velar-voiced-4-e	voiced	velar_e	0.245369406
Baer_Henney_unpublished_2017	tut8	MaTh	velar-voiced-4-o	voiced	velar_o	0.063400947
Baer_Henney_unpublished_2017	tut8	MiUl	velar-voiced-4-o	voiced	velar_o	0.063400947
Baer_Henney_unpublished_2017	tut8	ElBe	velar-voiced-5	voiced	velar_a	0.17250216
Baer_Henney_unpublished_2017	tut8	MaTh	velar-voiced-5-a	voiced	velar_a	0.0602309
Baer_Henney_unpublished_2017	tut8	MiUl	velar-voiced-5-a	voiced	velar_a	0.0602309
Baer_Henney_unpublished_2017	tut8	AyAy	velar-voiced-5-o	voiced	velar_o	0.155606522
Baer_Henney_unpublished_2017	tut8	ElBe	velar-voiced-6	voiced	velar_i	0.126059271
Baer_Henney_unpublished_2017	tut8	MaTh	velar-voiced-6-i	voiced	velar_i	0.057060853
Baer_Henney_unpublished_2017	tut8	MiUl	velar-voiced-6-i	voiced	velar_i	0.057060853
Baer_Henney_unpublished_2017	tut8	AyAy	velar-voiced-6-o	voiced	velar_o	0.263374553
Baer_Henney_unpublished_2017	tut8	ElBe	velar-voiced-7	voiced	velar_a	0.17250216
Baer_Henney_unpublished_2017	tut8	MaTh	velar-voiced-7-a	voiced	velar_a	0.063400947
Baer_Henney_unpublished_2017	tut8	MiUl	velar-voiced-7-a	voiced	velar_a	0.063400947
Baer_Henney_unpublished_2017	tut8	AyAy	velar-voiced-7-o	voiced	velar_o	0.117756287
Baer_Henney_unpublished_2017	tut8	ElBe	velar-voiced-8	voiced	velar_o	0.145963366
Baer_Henney_unpublished_2017	tut8	MaTh	velar-voiced-8-o	voiced	velar_o	0.101441516
Baer_Henney_unpublished_2017	tut8	MiUl	velar-voiced-8-o	voiced	velar_o	0.101441516
Baer_Henney_unpublished_2017	tut8	AyAy	velar-voiced-8-u	voiced	velar_u	0.130373032
Baer_Henney_unpublished_2017	tut8	ElBe	velar-voiced-9	voiced	velar_e	0.152598065
Baer_Henney_unpublished_2017	tut8	MaTh	velar-voiced-9-e	voiced	velar_e	0.088761326
Baer_Henney_unpublished_2017	tut8	MiUl	velar-voiced-9-e	voiced	velar_e	0.088761326
Baer_Henney_unpublished_2017	tut8	AyAy	velar-voiced-9-u	voiced	velar_u	0.138784196
Baer_Henney_unpublished_2017	tut8	ElBe	velar-voiceless-1	voiceless	velar_a	0.126059271
Baer_Henney_unpublished_2017	tut8	MaTh	velar-voiceless-1-a	voiceless	velar_a	0.136312037
Baer_Henney_unpublished_2017	tut8	AyAy	velar-voiceless-1-a	voiceless	velar_a	0.191353967
Baer_Henney_unpublished_2017	tut8	MiUl	velar-voiceless-1-a	voiceless	velar_a	0.136312037
Baer_Henney_unpublished_2017	tut8	ElBe	velar-voiceless-10	voiceless	velar_e	0.145963366
Baer_Henney_unpublished_2017	tut8	MaTh	velar-voiceless-10-e	voiceless	velar_e	0.079251184
Baer_Henney_unpublished_2017	tut8	MiUl	velar-voiceless-10-e	voiceless	velar_e	0.079251184
Baer_Henney_unpublished_2017	tut8	AyAy	velar-voiceless-10-oe	voiceless	velar_oe	0.119859078
Baer_Henney_unpublished_2017	tut8	ElBe	velar-voiceless-11	voiceless	velar_o	0.092885778
Baer_Henney_unpublished_2017	tut8	AyAy	velar-voiceless-11-a	voiceless	velar_a	0.14929815
Baer_Henney_unpublished_2017	tut8	MaTh	velar-voiceless-11-o	voiceless	velar_o	0.069741042
Baer_Henney_unpublished_2017	tut8	MiUl	velar-voiceless-11-o	voiceless	velar_o	0.069741042
Baer_Henney_unpublished_2017	tut8	ElBe	velar-voiceless-12	voiceless	velar_a	0.092885778
Baer_Henney_unpublished_2017	tut8	MaTh	velar-voiceless-12-a	voiceless	velar_a	0.082421231
Baer_Henney_unpublished_2017	tut8	AyAy	velar-voiceless-12-a	voiceless	velar_a	0.172428849
Baer_Henney_unpublished_2017	tut8	MiUl	velar-voiceless-12-a	voiceless	velar_a	0.082421231
Baer_Henney_unpublished_2017	tut8	ElBe	velar-voiceless-13	voiceless	velar_e	0.152598065
Baer_Henney_unpublished_2017	tut8	AyAy	velar-voiceless-13-a	voiceless	velar_a	0.106190938
Baer_Henney_unpublished_2017	tut8	MaTh	velar-voiceless-13-e	voiceless	velar_e	0.139482084
Baer_Henney_unpublished_2017	tut8	MiUl	velar-voiceless-13-e	voiceless	velar_e	0.139482084
Baer_Henney_unpublished_2017	tut8	ElBe	velar-voiceless-14	voiceless	velar_a	0.112789874
Baer_Henney_unpublished_2017	tut8	MaTh	velar-voiceless-14-a	voiceless	velar_a	0.079251184
Baer_Henney_unpublished_2017	tut8	AyAy	velar-voiceless-14-a	voiceless	velar_a	0.123801811
Baer_Henney_unpublished_2017	tut8	MiUl	velar-voiceless-14-a	voiceless	velar_a	0.079251184
Baer_Henney_unpublished_2017	tut8	ElBe	velar-voiceless-15	voiceless	velar_o	0.139328668
Baer_Henney_unpublished_2017	tut8	AyAy	velar-voiceless-15-i	voiceless	velar_i	0.240145785
Baer_Henney_unpublished_2017	tut8	MaTh	velar-voiceless-15-o	voiceless	velar_o	0.063400947
Baer_Henney_unpublished_2017	tut8	MiUl	velar-voiceless-15-o	voiceless	velar_o	0.063400947
Baer_Henney_unpublished_2017	tut8	ElBe	velar-voiceless-2	voiceless	velar_u	0.08625108
Baer_Henney_unpublished_2017	tut8	AyAy	velar-voiceless-2-a	voiceless	velar_a	0.151400941
Baer_Henney_unpublished_2017	tut8	MaTh	velar-voiceless-2-u	voiceless	velar_u	0.088761326
Baer_Henney_unpublished_2017	tut8	MiUl	velar-voiceless-2-u	voiceless	velar_u	0.088761326
Baer_Henney_unpublished_2017	tut8	ElBe	velar-voiceless-3	voiceless	velar_i	0.079616382
Baer_Henney_unpublished_2017	tut8	AyAy	velar-voiceless-3-e	voiceless	velar_e	0.088317215
Baer_Henney_unpublished_2017	tut8	MaTh	velar-voiceless-3-i	voiceless	velar_i	0.114121705
Baer_Henney_unpublished_2017	tut8	MiUl	velar-voiceless-3-i	voiceless	velar_i	0.114121705
Baer_Henney_unpublished_2017	tut8	ElBe	velar-voiceless-4	voiceless	velar_e	0.139328668
Baer_Henney_unpublished_2017	tut8	MaTh	velar-voiceless-4-e	voiceless	velar_e	0.091931374
Baer_Henney_unpublished_2017	tut8	AyAy	velar-voiceless-4-e	voiceless	velar_e	0.185045594
Baer_Henney_unpublished_2017	tut8	MiUl	velar-voiceless-4-e	voiceless	velar_e	0.091931374
Baer_Henney_unpublished_2017	tut8	ElBe	velar-voiceless-5	voiceless	velar_e	0.139328668
Baer_Henney_unpublished_2017	tut8	MaTh	velar-voiceless-5-e	voiceless	velar_e	0.087176303
Baer_Henney_unpublished_2017	tut8	MiUl	velar-voiceless-5-e	voiceless	velar_e	0.087176303
Baer_Henney_unpublished_2017	tut8	AyAy	velar-voiceless-5-o	voiceless	velar_o	0.121961869
Baer_Henney_unpublished_2017	tut8	ElBe	velar-voiceless-6	voiceless	velar_o	0.139328668
Baer_Henney_unpublished_2017	tut8	MaTh	velar-voiceless-6-o	voiceless	velar_o	0.139482081
Baer_Henney_unpublished_2017	tut8	AyAy	velar-voiceless-6-o	voiceless	velar_o	0.117756287
Baer_Henney_unpublished_2017	tut8	MiUl	velar-voiceless-6-o	voiceless	velar_o	0.139482081
Baer_Henney_unpublished_2017	tut8	ElBe	velar-voiceless-7	voiceless	velar_o	0.152598065
Baer_Henney_unpublished_2017	tut8	MaTh	velar-voiceless-7-o	voiceless	velar_o	0.183862747
Baer_Henney_unpublished_2017	tut8	AyAy	velar-voiceless-7-o	voiceless	velar_o	0.094642312
Baer_Henney_unpublished_2017	tut8	MiUl	velar-voiceless-7-o	voiceless	velar_o	0.183862747
Baer_Henney_unpublished_2017	tut8	ElBe	velar-voiceless-8	voiceless	velar_o	0.126059271
Baer_Henney_unpublished_2017	tut8	MaTh	velar-voiceless-8-o	voiceless	velar_o	0.091931374
Baer_Henney_unpublished_2017	tut8	MiUl	velar-voiceless-8-o	voiceless	velar_o	0.091931374
Baer_Henney_unpublished_2017	tut8	AyAy	velar-voiceless-8-u	voiceless	velar_a	0.09883117
Baer_Henney_unpublished_2017	tut8	ElBe	velar-voiceless-9	voiceless	velar_a	0.145963366
Baer_Henney_unpublished_2017	tut8	MaTh	velar-voiceless-9-a	voiceless	velar_a	0.104611563
Baer_Henney_unpublished_2017	tut8	MiUl	velar-voiceless-9-a	voiceless	velar_a	0.104611563
Baer_Henney_unpublished_2017	tut8	AyAy	velar-voiceless-9-u	voiceless	velar_u	0.115653496
Baer_Henney_unpublished_2017	tut9	ThSc	alveolar-vocied-9-o	voiced	alveolar_o	0.158796348
Baer_Henney_unpublished_2017	tut9	RePl	alveolar-voiced-1	voiced	alveolar_oe	0.119037056
Baer_Henney_unpublished_2017	tut9	DaLi	alveolar-voiced-1-oe	voiced	alveolar_oe	0.153335253
Baer_Henney_unpublished_2017	tut9	ThSc	alveolar-voiced-1-oe	voiced	alveolar_oe	0.197415969
Baer_Henney_unpublished_2017	tut9	TiBa	alveolar-voiced-1-oe	voiced	alveolar_oe	0.161443242
Baer_Henney_unpublished_2017	tut9	RePl	alveolar-voiced-10	voiced	alveolar_o	0.122901895
Baer_Henney_unpublished_2017	tut9	DaLi	alveolar-voiced-10-o	voiced	alveolar_o	0.135224064
Baer_Henney_unpublished_2017	tut9	ThSc	alveolar-voiced-10-o	voiced	alveolar_o	0.131952713
Baer_Henney_unpublished_2017	tut9	TiBa	alveolar-voiced-10-o	voiced	alveolar_o	0.148345265
Baer_Henney_unpublished_2017	tut9	RePl	alveolar-voiced-11	voiced	alveolar_y	0.081934597
Baer_Henney_unpublished_2017	tut9	DaLi	alveolar-voiced-11-y	voiced	alveolar_y	0.186693132
Baer_Henney_unpublished_2017	tut9	ThSc	alveolar-voiced-11-y	voiced	alveolar_y	0.16307363
Baer_Henney_unpublished_2017	tut9	TiBa	alveolar-voiced-11-y	voiced	alveolar_y	0.12841073
Baer_Henney_unpublished_2017	tut9	RePl	alveolar-voiced-12	voiced	alveolar_o	0.145317964
Baer_Henney_unpublished_2017	tut9	DaLi	alveolar-voiced-12-o	voiced	alveolar_o	0.169816266
Baer_Henney_unpublished_2017	tut9	ThSc	alveolar-voiced-12-o	voiced	alveolar_o	0.08887784
Baer_Henney_unpublished_2017	tut9	TiBa	alveolar-voiced-12-o	voiced	alveolar_o	0.161088837
Baer_Henney_unpublished_2017	tut9	RePl	alveolar-voiced-13	voiced	alveolar_u	0.121355959
Baer_Henney_unpublished_2017	tut9	ThSc	alveolar-voiced-13-o	voiced	alveolar_o	0.205180273
Baer_Henney_unpublished_2017	tut9	DaLi	alveolar-voiced-13-u	voiced	alveolar_u	0.202481168
Baer_Henney_unpublished_2017	tut9	TiBa	alveolar-voiced-13-u	voiced	alveolar_u	0.151626459
Baer_Henney_unpublished_2017	tut9	RePl	alveolar-voiced-14	voiced	alveolar_u	0.070680686
Baer_Henney_unpublished_2017	tut9	DaLi	alveolar-voiced-14-u	voiced	alveolar_u	0.16422081
Baer_Henney_unpublished_2017	tut9	ThSc	alveolar-voiced-14-u	voiced	alveolar_u	0.130964163
Baer_Henney_unpublished_2017	tut9	TiBa	alveolar-voiced-14-u	voiced	alveolar_u	0.140076956
Baer_Henney_unpublished_2017	tut9	RePl	alveolar-voiced-15	voiced	alveolar_e	0.127539702
Baer_Henney_unpublished_2017	tut9	DaLi	alveolar-voiced-15-e	voiced	alveolar_e	0.135224064
Baer_Henney_unpublished_2017	tut9	ThSc	alveolar-voiced-15-e	voiced	alveolar_e	0.19307988
Baer_Henney_unpublished_2017	tut9	TiBa	alveolar-voiced-15-e	voiced	alveolar_e	0.166773668
Baer_Henney_unpublished_2017	tut9	RePl	alveolar-voiced-2	voiced	alveolar_oe	0.093529115
Baer_Henney_unpublished_2017	tut9	DaLi	alveolar-voiced-2-oe	voiced	alveolar_oe	0.141540234
Baer_Henney_unpublished_2017	tut9	TiBa	alveolar-voiced-2-oe	voiced	alveolar_oe	0.161783312
Baer_Henney_unpublished_2017	tut9	ThSc	alveolar-voiced-2-y	voiced	alveolar_y	0.194790315
Baer_Henney_unpublished_2017	tut9	RePl	alveolar-voiced-3	voiced	alveolar_a	0.147636868
Baer_Henney_unpublished_2017	tut9	DaLi	alveolar-voiced-3-a	voiced	alveolar_a	0.183235852
Baer_Henney_unpublished_2017	tut9	ThSc	alveolar-voiced-3-a	voiced	alveolar_a	0.160369053
Baer_Henney_unpublished_2017	tut9	TiBa	alveolar-voiced-3-a	voiced	alveolar_a	0.155470261
Baer_Henney_unpublished_2017	tut9	RePl	alveolar-voiced-4	voiced	alveolar_a	0.129858606
Baer_Henney_unpublished_2017	tut9	DaLi	alveolar-voiced-4-a	voiced	alveolar_a	0.226451854
Baer_Henney_unpublished_2017	tut9	ThSc	alveolar-voiced-4-a	voiced	alveolar_a	0.088707322
Baer_Henney_unpublished_2017	tut9	TiBa	alveolar-voiced-4-a	voiced	alveolar_a	0.195174011
Baer_Henney_unpublished_2017	tut9	RePl	alveolar-voiced-5	voiced	alveolar_e	0.105123633
Baer_Henney_unpublished_2017	tut9	DaLi	alveolar-voiced-5-e	voiced	alveolar_e	0.148663049
Baer_Henney_unpublished_2017	tut9	ThSc	alveolar-voiced-5-e	voiced	alveolar_e	0.235454704
Baer_Henney_unpublished_2017	tut9	TiBa	alveolar-voiced-5-e	voiced	alveolar_e	0.130650532
Baer_Henney_unpublished_2017	tut9	RePl	alveolar-voiced-6	voiced	alveolar_e	0.099712858
Baer_Henney_unpublished_2017	tut9	DaLi	alveolar-voiced-6-e	voiced	alveolar_e	0.200522253
Baer_Henney_unpublished_2017	tut9	ThSc	alveolar-voiced-6-e	voiced	alveolar_e	0.16850567
Baer_Henney_unpublished_2017	tut9	TiBa	alveolar-voiced-6-e	voiced	alveolar_e	0.156020194
Baer_Henney_unpublished_2017	tut9	RePl	alveolar-voiced-7	voiced	alveolar_i	0.078069757
Baer_Henney_unpublished_2017	tut9	ThSc	alveolar-voiced-7-e	voiced	alveolar_e	0.193710601
Baer_Henney_unpublished_2017	tut9	DaLi	alveolar-voiced-7-i	voiced	alveolar_i	0.172864011
Baer_Henney_unpublished_2017	tut9	TiBa	alveolar-voiced-7-i	voiced	alveolar_i	0.138485465
Baer_Henney_unpublished_2017	tut9	RePl	alveolar-voiced-8	voiced	alveolar_i	0.098166922
Baer_Henney_unpublished_2017	tut9	DaLi	alveolar-voiced-8-i	voiced	alveolar_i	0.125813541
Baer_Henney_unpublished_2017	tut9	ThSc	alveolar-voiced-8-i	voiced	alveolar_i	0.14311968
Baer_Henney_unpublished_2017	tut9	TiBa	alveolar-voiced-8-i	voiced	alveolar_i	0.12003567
Baer_Henney_unpublished_2017	tut9	RePl	alveolar-voiced-9	voiced	alveolar_o	0.125993767
Baer_Henney_unpublished_2017	tut9	DaLi	alveolar-voiced-9-o	voiced	alveolar_o	0.165949451
Baer_Henney_unpublished_2017	tut9	TiBa	alveolar-voiced-9-o	voiced	alveolar_o	0.162460127
Baer_Henney_unpublished_2017	tut9	AnNg	alveolar-voiced-a	voiced	alveolar_a	0.199195346
Baer_Henney_unpublished_2017	tut9	AnNg	alveolar-voiced-a	voiced	alveolar_a	0.186745637
Baer_Henney_unpublished_2017	tut9	AnNg	alveolar-voiced-e	voiced	alveolar_e	0.150433985
Baer_Henney_unpublished_2017	tut9	AnNg	alveolar-voiced-e	voiced	alveolar_e	0.136039454
Baer_Henney_unpublished_2017	tut9	AnNg	alveolar-voiced-e	voiced	alveolar_e	0.157295618
Baer_Henney_unpublished_2017	tut9	AnNg	alveolar-voiced-i	voiced	alveolar_i	0.107897479
Baer_Henney_unpublished_2017	tut9	AnNg	alveolar-voiced-i	voiced	alveolar_i	0.097778357
Baer_Henney_unpublished_2017	tut9	AnNg	alveolar-voiced-o	voiced	alveolar_o	0.157696316
Baer_Henney_unpublished_2017	tut9	AnNg	alveolar-voiced-o	voiced	alveolar_o	0.13816507
Baer_Henney_unpublished_2017	tut9	AnNg	alveolar-voiced-o	voiced	alveolar_o	0.150918769
Baer_Henney_unpublished_2017	tut9	AnNg	alveolar-voiced-oe	voiced	alveolar_oe	0.144541919
Baer_Henney_unpublished_2017	tut9	AnNg	alveolar-voiced-oe	voiced	alveolar_oe	0.165798084
Baer_Henney_unpublished_2017	tut9	AnNg	alveolar-voiced-u	voiced	alveolar_u	0.124276739
Baer_Henney_unpublished_2017	tut9	AnNg	alveolar-voiced-u	voiced	alveolar_u	0.157295616
Baer_Henney_unpublished_2017	tut9	AnNg	alveolar-voiced-y	voiced	alveolar_y	0.131788221
Baer_Henney_unpublished_2017	tut9	RePl	alveolar-voiceless-1	voiceless	alveolar_oe	0.068021175
Baer_Henney_unpublished_2017	tut9	DaLi	alveolar-voiceless-1-oe	voiceless	alveolar_oe	0.255838736
Baer_Henney_unpublished_2017	tut9	ThSc	alveolar-voiceless-1-oe	voiceless	alveolar_oe	0.195496453
Baer_Henney_unpublished_2017	tut9	TiBa	alveolar-voiceless-1-oe	voiceless	alveolar_oe	0.15018434
Baer_Henney_unpublished_2017	tut9	RePl	alveolar-voiceless-10	voiceless	alveolar_o	0.136815317
Baer_Henney_unpublished_2017	tut9	DaLi	alveolar-voiceless-10-o	voiceless	alveolar_o	0.127919368
Baer_Henney_unpublished_2017	tut9	ThSc	alveolar-voiceless-10-o	voiceless	alveolar_o	0.217583329
Baer_Henney_unpublished_2017	tut9	TiBa	alveolar-voiceless-10-o	voiceless	alveolar_o	0.183217217
Baer_Henney_unpublished_2017	tut9	RePl	alveolar-voiceless-11	voiceless	alveolar_y	0.085799436
Baer_Henney_unpublished_2017	tut9	DaLi	alveolar-voiceless-11-y	voiceless	alveolar_y	0.176321291
Baer_Henney_unpublished_2017	tut9	ThSc	alveolar-voiceless-11-y	voiceless	alveolar_y	0.141890728
Baer_Henney_unpublished_2017	tut9	TiBa	alveolar-voiceless-11-y	voiceless	alveolar_y	0.126794575
Baer_Henney_unpublished_2017	tut9	RePl	alveolar-voiceless-12	voiceless	alveolar_o	0.10087231
Baer_Henney_unpublished_2017	tut9	DaLi	alveolar-voiceless-12-o	voiceless	alveolar_o	0.171135371
Baer_Henney_unpublished_2017	tut9	ThSc	alveolar-voiceless-12-o	voiceless	alveolar_o	0.184726432
Baer_Henney_unpublished_2017	tut9	TiBa	alveolar-voiceless-12-o	voiceless	alveolar_o	0.141454376
Baer_Henney_unpublished_2017	tut9	RePl	alveolar-voiceless-13	voiceless	alveolar_u	0.11362628
Baer_Henney_unpublished_2017	tut9	DaLi	alveolar-voiceless-13-u	voiceless	alveolar_u	0.423516827
Baer_Henney_unpublished_2017	tut9	ThSc	alveolar-voiceless-13-u	voiceless	alveolar_u	0.155330959
Baer_Henney_unpublished_2017	tut9	TiBa	alveolar-voiceless-13-u	voiceless	alveolar_u	0.150182286
Baer_Henney_unpublished_2017	tut9	RePl	alveolar-voiceless-14	voiceless	alveolar_u	0.073818434
Baer_Henney_unpublished_2017	tut9	DaLi	alveolar-voiceless-14-u	voiceless	alveolar_u	0.150947792
Baer_Henney_unpublished_2017	tut9	ThSc	alveolar-voiceless-14-u	voiceless	alveolar_u	0.137199206
Baer_Henney_unpublished_2017	tut9	TiBa	alveolar-voiceless-14-u	voiceless	alveolar_u	0.14095346
Baer_Henney_unpublished_2017	tut9	RePl	alveolar-voiceless-15	voiceless	alveolar_e	0.103577698
Baer_Henney_unpublished_2017	tut9	DaLi	alveolar-voiceless-15-e	voiceless	alveolar_e	0.352642582
Baer_Henney_unpublished_2017	tut9	ThSc	alveolar-voiceless-15-e	voiceless	alveolar_e	0.170625524
Baer_Henney_unpublished_2017	tut9	TiBa	alveolar-voiceless-15-e	voiceless	alveolar_e	0.142074587
Baer_Henney_unpublished_2017	tut9	RePl	alveolar-voiceless-2	voiceless	alveolar_oe	0.139134221
Baer_Henney_unpublished_2017	tut9	DaLi	alveolar-voiceless-2-oe	voiceless	alveolar_oe	0.134833929
Baer_Henney_unpublished_2017	tut9	ThSc	alveolar-voiceless-2-oe	voiceless	alveolar_oe	0.182938275
Baer_Henney_unpublished_2017	tut9	TiBa	alveolar-voiceless-2-oe	voiceless	alveolar_oe	0.13483043
Baer_Henney_unpublished_2017	tut9	RePl	alveolar-voiceless-3	voiceless	alveolar_a	0.149955771
Baer_Henney_unpublished_2017	tut9	DaLi	alveolar-voiceless-3-a	voiceless	alveolar_a	0.15903489
Baer_Henney_unpublished_2017	tut9	RePl	alveolar-voiceless-4	voiceless	alveolar_a	0.141453124
Baer_Henney_unpublished_2017	tut9	DaLi	alveolar-voiceless-4-a	voiceless	alveolar_a	0.172993619
Baer_Henney_unpublished_2017	tut9	ThSc	alveolar-voiceless-4-a	voiceless	alveolar_a	0.233482342
Baer_Henney_unpublished_2017	tut9	TiBa	alveolar-voiceless-4-a	voiceless	alveolar_a	0.152059753
Baer_Henney_unpublished_2017	tut9	RePl	alveolar-voiceless-5	voiceless	alveolar_e	0.089664276
Baer_Henney_unpublished_2017	tut9	DaLi	alveolar-voiceless-5-e	voiceless	alveolar_e	0.147437744
Baer_Henney_unpublished_2017	tut9	ThSc	alveolar-voiceless-5-e	voiceless	alveolar_e	0.195327487
Baer_Henney_unpublished_2017	tut9	TiBa	alveolar-voiceless-5-e	voiceless	alveolar_e	0.126941341
Baer_Henney_unpublished_2017	tut9	RePl	alveolar-voiceless-6	voiceless	alveolar_e	0.105123633
Baer_Henney_unpublished_2017	tut9	DaLi	alveolar-voiceless-6-e	voiceless	alveolar_e	0.178049931
Baer_Henney_unpublished_2017	tut9	ThSc	alveolar-voiceless-6-e	voiceless	alveolar_e	0.158232398
Baer_Henney_unpublished_2017	tut9	TiBa	alveolar-voiceless-6-e	voiceless	alveolar_e	0.160288857
Baer_Henney_unpublished_2017	tut9	RePl	alveolar-voiceless-7	voiceless	alveolar_i	0.106669569
Baer_Henney_unpublished_2017	tut9	ThSc	alveolar-voiceless-7-a	voiceless	alveolar_a	0.200349135
Baer_Henney_unpublished_2017	tut9	DaLi	alveolar-voiceless-7-i	voiceless	alveolar_i	0.14350607
Baer_Henney_unpublished_2017	tut9	ThSc	alveolar-voiceless-7-i	voiceless	alveolar_i	0.120616742
Baer_Henney_unpublished_2017	tut9	TiBa	alveolar-voiceless-7-i	voiceless	alveolar_i	0.11707454
Baer_Henney_unpublished_2017	tut9	RePl	alveolar-voiceless-8	voiceless	alveolar_i	0.120582991
Baer_Henney_unpublished_2017	tut9	DaLi	alveolar-voiceless-8-i	voiceless	alveolar_i	0.112052685
Baer_Henney_unpublished_2017	tut9	ThSc	alveolar-voiceless-8-i	voiceless	alveolar_i	0.158976461
Baer_Henney_unpublished_2017	tut9	TiBa	alveolar-voiceless-8-i	voiceless	alveolar_i	0.089136835
Baer_Henney_unpublished_2017	tut9	RePl	alveolar-voiceless-9	voiceless	alveolar_o	0.123674863
Baer_Henney_unpublished_2017	tut9	DaLi	alveolar-voiceless-9-o	voiceless	alveolar_o	0.14940358
Baer_Henney_unpublished_2017	tut9	ThSc	alveolar-voiceless-9-o	voiceless	alveolar_o	0.125748598
Baer_Henney_unpublished_2017	tut9	TiBa	alveolar-voiceless-9-o	voiceless	alveolar_o	0.150995781
Baer_Henney_unpublished_2017	tut9	AnNg	alveolar-voiceless-a	voiceless	alveolar_a	0.172174933
Baer_Henney_unpublished_2017	tut9	AnNg	alveolar-voiceless-a	voiceless	alveolar_a	0.184928632
Baer_Henney_unpublished_2017	tut9	AnNg	alveolar-voiceless-e	voiceless	alveolar_e	0.133128593
Baer_Henney_unpublished_2017	tut9	AnNg	alveolar-voiceless-e	voiceless	alveolar_e	0.126242412
Baer_Henney_unpublished_2017	tut9	AnNg	alveolar-voiceless-e	voiceless	alveolar_e	0.140290686
Baer_Henney_unpublished_2017	tut9	AnNg	alveolar-voiceless-i	voiceless	alveolar_i	0.097778357
Baer_Henney_unpublished_2017	tut9	AnNg	alveolar-voiceless-i	voiceless	alveolar_i	0.10202959
Baer_Henney_unpublished_2017	tut9	AnNg	alveolar-voiceless-o	voiceless	alveolar_o	0.14939651
Baer_Henney_unpublished_2017	tut9	AnNg	alveolar-voiceless-o	voiceless	alveolar_o	0.136039454
Baer_Henney_unpublished_2017	tut9	AnNg	alveolar-voiceless-o	voiceless	alveolar_o	0.136039454
Baer_Henney_unpublished_2017	tut9	AnNg	alveolar-voiceless-oe	voiceless	alveolar_oe	0.141584695
Baer_Henney_unpublished_2017	tut9	AnNg	alveolar-voiceless-oe	voiceless	alveolar_oe	0.132796897
Baer_Henney_unpublished_2017	tut9	AnNg	alveolar-voiceless-u	voiceless	alveolar_u	0.132796897
Baer_Henney_unpublished_2017	tut9	AnNg	alveolar-voiceless-u	voiceless	alveolar_u	0.127536988
Baer_Henney_unpublished_2017	tut9	AnNg	alveolar-voiceless-y	voiceless	alveolar_y	0.139021752
Baer_Henney_unpublished_2017	tut9	RePl	labial-voiced-1	voiced	labial_oe	0.064929303
Baer_Henney_unpublished_2017	tut9	DaLi	labial-voiced-1-oe	voiced	labial_oe	0.150947792
Baer_Henney_unpublished_2017	tut9	ThSc	labial-voiced-1-oe	voiced	labial_oe	0.154941308
Baer_Henney_unpublished_2017	tut9	TiBa	labial-voiced-1-oe	voiced	labial_oe	0.146006192
Baer_Henney_unpublished_2017	tut9	RePl	labial-voiced-10	voiced	labial_u	0.145317964
Baer_Henney_unpublished_2017	tut9	DaLi	labial-voiced-10-u	voiced	labial_u	0.132079318
Baer_Henney_unpublished_2017	tut9	ThSc	labial-voiced-10-u	voiced	labial_u	0.153727797
Baer_Henney_unpublished_2017	tut9	TiBa	labial-voiced-10-u	voiced	labial_u	0.109502804
Baer_Henney_unpublished_2017	tut9	RePl	labial-voiced-11	voiced	labial_u	0.098166922
Baer_Henney_unpublished_2017	tut9	DaLi	labial-voiced-11-u	voiced	labial_u	0.240280975
Baer_Henney_unpublished_2017	tut9	ThSc	labial-voiced-11-u	voiced	labial_u	0.083507042
Baer_Henney_unpublished_2017	tut9	TiBa	labial-voiced-11-u	voiced	labial_u	0.124311695
Baer_Henney_unpublished_2017	tut9	RePl	labial-voiced-12	voiced	labial_u	0.116718152
Baer_Henney_unpublished_2017	tut9	DaLi	labial-voiced-12-u	voiced	labial_u	0.176925292
Baer_Henney_unpublished_2017	tut9	ThSc	labial-voiced-12-u	voiced	labial_u	0.080353262
Baer_Henney_unpublished_2017	tut9	TiBa	labial-voiced-12-u	voiced	labial_u	0.111719838
Baer_Henney_unpublished_2017	tut9	RePl	labial-voiced-13	voiced	labial_y	0.078842725
Baer_Henney_unpublished_2017	tut9	DaLi	labial-voiced-13-y	voiced	labial_y	0.15989921
Baer_Henney_unpublished_2017	tut9	ThSc	labial-voiced-13-y	voiced	labial_y	0.203340678
Baer_Henney_unpublished_2017	tut9	TiBa	labial-voiced-13-y	voiced	labial_y	0.110311237
Baer_Henney_unpublished_2017	tut9	RePl	labial-voiced-14	voiced	labial_i	0.087345372
Baer_Henney_unpublished_2017	tut9	DaLi	labial-voiced-14-i	voiced	labial_i	0.117950195
Baer_Henney_unpublished_2017	tut9	ThSc	labial-voiced-14-i	voiced	labial_i	0.095777785
Baer_Henney_unpublished_2017	tut9	TiBa	labial-voiced-14-i	voiced	labial_i	0.121469459
Baer_Henney_unpublished_2017	tut9	RePl	labial-voiced-15	voiced	labial_i	0.099326374
Baer_Henney_unpublished_2017	tut9	DaLi	labial-voiced-15-i	voiced	labial_i	0.181507212
Baer_Henney_unpublished_2017	tut9	ThSc	labial-voiced-15-i	voiced	labial_i	0.082312812
Baer_Henney_unpublished_2017	tut9	TiBa	labial-voiced-15-i	voiced	labial_i	0.103428429
Baer_Henney_unpublished_2017	tut9	RePl	labial-voiced-2	voiced	labial_a	0.106669569
Baer_Henney_unpublished_2017	tut9	DaLi	labial-voiced-2-a	voiced	labial_a	0.179778571
Baer_Henney_unpublished_2017	tut9	ThSc	labial-voiced-2-a	voiced	labial_a	0.097555272
Baer_Henney_unpublished_2017	tut9	TiBa	labial-voiced-2-a	voiced	labial_a	0.162456723
Baer_Henney_unpublished_2017	tut9	RePl	labial-voiced-3	voiced	labial_a	0.203290556
Baer_Henney_unpublished_2017	tut9	DaLi	labial-voiced-3-a	voiced	labial_a	0.15530109
Baer_Henney_unpublished_2017	tut9	ThSc	labial-voiced-3-a	voiced	labial_a	0.194021648
Baer_Henney_unpublished_2017	tut9	TiBa	labial-voiced-3-a	voiced	labial_a	0.148978779
Baer_Henney_unpublished_2017	tut9	RePl	labial-voiced-4	voiced	labial_a	0.097393955
Baer_Henney_unpublished_2017	tut9	DaLi	labial-voiced-4-a	voiced	labial_a	0.147803046
Baer_Henney_unpublished_2017	tut9	ThSc	labial-voiced-4-a	voiced	labial_a	0.144748501
Baer_Henney_unpublished_2017	tut9	TiBa	labial-voiced-4-a	voiced	labial_a	0.143345799
Baer_Henney_unpublished_2017	tut9	RePl	labial-voiced-5	voiced	labial_a	0.115172216
Baer_Henney_unpublished_2017	tut9	DaLi	labial-voiced-5-a	voiced	labial_a	0.141513555
Baer_Henney_unpublished_2017	tut9	ThSc	labial-voiced-5-a	voiced	labial_a	0.133540493
Baer_Henney_unpublished_2017	tut9	TiBa	labial-voiced-5-a	voiced	labial_a	0.145730834
Baer_Henney_unpublished_2017	tut9	RePl	labial-voiced-6	voiced	labial_e	0.119037056
Baer_Henney_unpublished_2017	tut9	DaLi	labial-voiced-6-e	voiced	labial_e	0.129745214
Baer_Henney_unpublished_2017	tut9	ThSc	labial-voiced-6-e	voiced	labial_e	0.168627442
Baer_Henney_unpublished_2017	tut9	TiBa	labial-voiced-6-e	voiced	labial_e	0.140596319
Baer_Henney_unpublished_2017	tut9	RePl	labial-voiced-7	voiced	labial_e	0.115172216
Baer_Henney_unpublished_2017	tut9	DaLi	labial-voiced-7-e	voiced	labial_e	0.157237283
Baer_Henney_unpublished_2017	tut9	ThSc	labial-voiced-7-e	voiced	labial_e	0.101825298
Baer_Henney_unpublished_2017	tut9	TiBa	labial-voiced-7-e	voiced	labial_e	0.141940566
Baer_Henney_unpublished_2017	tut9	RePl	labial-voiced-8	voiced	labial_o	0.167734033
Baer_Henney_unpublished_2017	tut9	DaLi	labial-voiced-8-o	voiced	labial_o	0.139574397
Baer_Henney_unpublished_2017	tut9	ThSc	labial-voiced-8-o	voiced	labial_o	0.17980859
Baer_Henney_unpublished_2017	tut9	TiBa	labial-voiced-8-o	voiced	labial_o	0.137931099
Baer_Henney_unpublished_2017	tut9	RePl	labial-voiced-9	voiced	labial_o	0.127539702
Baer_Henney_unpublished_2017	tut9	DaLi	labial-voiced-9-o	voiced	labial_o	0.193607692
Baer_Henney_unpublished_2017	tut9	ThSc	labial-voiced-9-o	voiced	labial_o	0.182759578
Baer_Henney_unpublished_2017	tut9	TiBa	labial-voiced-9-o	voiced	labial_o	0.136942604
Baer_Henney_unpublished_2017	tut9	AnNg	labial-voiced-a	voiced	labial_a	0.161846219
Baer_Henney_unpublished_2017	tut9	AnNg	labial-voiced-a	voiced	labial_a	0.167923701
Baer_Henney_unpublished_2017	tut9	AnNg	labial-voiced-a	voiced	labial_a	0.191305482
Baer_Henney_unpublished_2017	tut9	AnNg	labial-voiced-a	voiced	labial_a	0.123285753
Baer_Henney_unpublished_2017	tut9	AnNg	labial-voiced-e	voiced	labial_e	0.119034522
Baer_Henney_unpublished_2017	tut9	AnNg	labial-voiced-e	voiced	labial_e	0.121160115
Baer_Henney_unpublished_2017	tut9	AnNg	labial-voiced-i	voiced	labial_i	0.097522722
Baer_Henney_unpublished_2017	tut9	AnNg	labial-voiced-i	voiced	labial_i	0.131788221
Baer_Henney_unpublished_2017	tut9	AnNg	labial-voiced-o	voiced	labial_o	0.110532056
Baer_Henney_unpublished_2017	tut9	AnNg	labial-voiced-o	voiced	labial_o	0.157295618
Baer_Henney_unpublished_2017	tut9	AnNg	labial-voiced-oe	voiced	labial_oe	0.129662604
Baer_Henney_unpublished_2017	tut9	AnNg	labial-voiced-u	voiced	labial_u	0.105822528
Baer_Henney_unpublished_2017	tut9	AnNg	labial-voiced-u	voiced	labial_u	0.085024658
Baer_Henney_unpublished_2017	tut9	AnNg	labial-voiced-u	voiced	labial_u	0.076522193
Baer_Henney_unpublished_2017	tut9	AnNg	labial-voiced-y	voiced	labial_y	0.083433838
Baer_Henney_unpublished_2017	tut9	RePl	labial-voiceless-1	voiceless	labial_oe	0.092369663
Baer_Henney_unpublished_2017	tut9	DaLi	labial-voiceless-1-oe	voiceless	labial_oe	0.131711051
Baer_Henney_unpublished_2017	tut9	ThSc	labial-voiceless-1-oe	voiceless	labial_oe	0.117138696
Baer_Henney_unpublished_2017	tut9	TiBa	labial-voiceless-1-oe	voiceless	labial_oe	0.132975404
Baer_Henney_unpublished_2017	tut9	RePl	labial-voiceless-10	voiceless	labial_u	0.095075051
Baer_Henney_unpublished_2017	tut9	DaLi	labial-voiceless-10-u	voiceless	labial_u	0.172864011
Baer_Henney_unpublished_2017	tut9	ThSc	labial-voiceless-10-u	voiceless	labial_u	0.173310501
Baer_Henney_unpublished_2017	tut9	TiBa	labial-voiceless-10-u	voiceless	labial_u	0.114115839
Baer_Henney_unpublished_2017	tut9	RePl	labial-voiceless-11	voiceless	labial_u	0.107442537
Baer_Henney_unpublished_2017	tut9	DaLi	labial-voiceless-11-u	voiceless	labial_u	0.201263723
Baer_Henney_unpublished_2017	tut9	ThSc	labial-voiceless-11-u	voiceless	labial_u	0.17172567
Baer_Henney_unpublished_2017	tut9	TiBa	labial-voiceless-11-u	voiceless	labial_u	0.103577193
Baer_Henney_unpublished_2017	tut9	RePl	labial-voiceless-12	voiceless	labial_u	0.099326374
Baer_Henney_unpublished_2017	tut9	DaLi	labial-voiceless-12-u	voiceless	labial_u	0.113210844
Baer_Henney_unpublished_2017	tut9	ThSc	labial-voiceless-12-u	voiceless	labial_u	0.137388648
Baer_Henney_unpublished_2017	tut9	TiBa	labial-voiceless-12-u	voiceless	labial_u	0.110504736
Baer_Henney_unpublished_2017	tut9	RePl	labial-voiceless-13	voiceless	labial_y	0.057972592
Baer_Henney_unpublished_2017	tut9	DaLi	labial-voiceless-13-y	voiceless	labial_y	0.138368809
Baer_Henney_unpublished_2017	tut9	TiBa	labial-voiceless-13-y	voiceless	labial_y	0.074523433
Baer_Henney_unpublished_2017	tut9	RePl	labial-voiceless-14	voiceless	labial_i	0.075750854
Baer_Henney_unpublished_2017	tut9	DaLi	labial-voiceless-14-i	voiceless	labial_i	0.333343041
Baer_Henney_unpublished_2017	tut9	ThSc	labial-voiceless-14-i	voiceless	labial_i	0.095105992
Baer_Henney_unpublished_2017	tut9	TiBa	labial-voiceless-14-i	voiceless	labial_i	0.120247165
Baer_Henney_unpublished_2017	tut9	RePl	labial-voiceless-15	voiceless	labial_i	0.098166922
Baer_Henney_unpublished_2017	tut9	DaLi	labial-voiceless-15-i	voiceless	labial_i	0.131711051
Baer_Henney_unpublished_2017	tut9	ThSc	labial-voiceless-15-i	voiceless	labial_i	0.105273643
Baer_Henney_unpublished_2017	tut9	TiBa	labial-voiceless-15-i	voiceless	labial_i	0.121955968
Baer_Henney_unpublished_2017	tut9	RePl	labial-voiceless-2	voiceless	labial_a	0.182420423
Baer_Henney_unpublished_2017	tut9	DaLi	labial-voiceless-2-a	voiceless	labial_a	0.129745214
Baer_Henney_unpublished_2017	tut9	ThSc	labial-voiceless-2-a	voiceless	labial_a	0.127101683
Baer_Henney_unpublished_2017	tut9	TiBa	labial-voiceless-2-a	voiceless	labial_a	0.138160732
Baer_Henney_unpublished_2017	tut9	RePl	labial-voiceless-3	voiceless	labial_a	0.136042349
Baer_Henney_unpublished_2017	tut9	DaLi	labial-voiceless-3-a	voiceless	labial_a	0.117950195
Baer_Henney_unpublished_2017	tut9	ThSc	labial-voiceless-3-a	voiceless	labial_a	0.133151497
Baer_Henney_unpublished_2017	tut9	TiBa	labial-voiceless-3-a	voiceless	labial_a	0.060603046
Baer_Henney_unpublished_2017	tut9	RePl	labial-voiceless-4	voiceless	labial_a	0.068794142
Baer_Henney_unpublished_2017	tut9	DaLi	labial-voiceless-4-a	voiceless	labial_a	0.14940358
Baer_Henney_unpublished_2017	tut9	ThSc	labial-voiceless-4-a	voiceless	labial_a	0.071890119
Baer_Henney_unpublished_2017	tut9	TiBa	labial-voiceless-4-a	voiceless	labial_a	0.092943028
Baer_Henney_unpublished_2017	tut9	RePl	labial-voiceless-5	voiceless	labial_a	0.11362628
Baer_Henney_unpublished_2017	tut9	DaLi	labial-voiceless-5-a	voiceless	labial_a	0.15212033
Baer_Henney_unpublished_2017	tut9	ThSc	labial-voiceless-5-a	voiceless	labial_a	0.139632565
Baer_Henney_unpublished_2017	tut9	TiBa	labial-voiceless-5-a	voiceless	labial_a	0.177028232
Baer_Henney_unpublished_2017	tut9	RePl	labial-voiceless-6	voiceless	labial_e	0.078842725
Baer_Henney_unpublished_2017	tut9	DaLi	labial-voiceless-6-e	voiceless	labial_e	0.100631861
Baer_Henney_unpublished_2017	tut9	ThSc	labial-voiceless-6-e	voiceless	labial_e	0.141978981
Baer_Henney_unpublished_2017	tut9	TiBa	labial-voiceless-6-e	voiceless	labial_e	0.123523042
Baer_Henney_unpublished_2017	tut9	RePl	labial-voiceless-7	voiceless	labial_e	0.102031762
Baer_Henney_unpublished_2017	tut9	DaLi	labial-voiceless-7-e	voiceless	labial_e	0.141748489
Baer_Henney_unpublished_2017	tut9	ThSc	labial-voiceless-7-e	voiceless	labial_e	0.136731426
Baer_Henney_unpublished_2017	tut9	TiBa	labial-voiceless-7-e	voiceless	labial_e	0.13118539
Baer_Henney_unpublished_2017	tut9	RePl	labial-voiceless-8	voiceless	labial_o	0.151501707
Baer_Henney_unpublished_2017	tut9	DaLi	labial-voiceless-8-o	voiceless	labial_o	0.153335253
Baer_Henney_unpublished_2017	tut9	ThSc	labial-voiceless-8-o	voiceless	labial_o	0.191874208
Baer_Henney_unpublished_2017	tut9	TiBa	labial-voiceless-8-o	voiceless	labial_o	0.11527479
Baer_Henney_unpublished_2017	tut9	RePl	labial-voiceless-9	voiceless	labial_o	0.116718152
Baer_Henney_unpublished_2017	tut9	DaLi	labial-voiceless-9-o	voiceless	labial_o	0.192651985
Baer_Henney_unpublished_2017	tut9	ThSc	labial-voiceless-9-o	voiceless	labial_o	0.106132804
Baer_Henney_unpublished_2017	tut9	TiBa	labial-voiceless-9-o	voiceless	labial_o	0.10247861
Baer_Henney_unpublished_2017	tut9	AnNg	labial-voiceless-a	voiceless	labial_a	0.107897479
Baer_Henney_unpublished_2017	tut9	AnNg	labial-voiceless-a	voiceless	labial_a	0.131788221
Baer_Henney_unpublished_2017	tut9	AnNg	labial-voiceless-a	voiceless	labial_a	0.146667536
Baer_Henney_unpublished_2017	tut9	AnNg	labial-voiceless-a	voiceless	labial_a	0.136039454
Baer_Henney_unpublished_2017	tut9	AnNg	labial-voiceless-e	voiceless	labial_e	0.127536988
Baer_Henney_unpublished_2017	tut9	AnNg	labial-voiceless-e	voiceless	labial_e	0.110532056
Baer_Henney_unpublished_2017	tut9	AnNg	labial-voiceless-i	voiceless	labial_i	0.116197285
Baer_Henney_unpublished_2017	tut9	AnNg	labial-voiceless-i	voiceless	labial_i	0.078647809
Baer_Henney_unpublished_2017	tut9	AnNg	labial-voiceless-o	voiceless	labial_o	0.123285755
Baer_Henney_unpublished_2017	tut9	AnNg	labial-voiceless-o	voiceless	labial_o	0.121160138
Baer_Henney_unpublished_2017	tut9	AnNg	labial-voiceless-oe	voiceless	labial_oe	0.125411371
Baer_Henney_unpublished_2017	tut9	AnNg	labial-voiceless-u	voiceless	labial_u	0.075735731
Baer_Henney_unpublished_2017	tut9	AnNg	labial-voiceless-u	voiceless	labial_u	0.125411371
Baer_Henney_unpublished_2017	tut9	AnNg	labial-voiceless-u	voiceless	labial_u	0.089275891
Baer_Henney_unpublished_2017	tut9	AnNg	labial-voiceless-y	voiceless	labial_y	0.061642877
Baer_Henney_unpublished_2017	tut9	ThSc	labial-voicelss-13-y	voiceless	labial_y	0.15674475
Baer_Henney_unpublished_2017	tut9	RePl	velar-voiced-1	voiced	velar_a	0.171598872
Baer_Henney_unpublished_2017	tut9	DaLi	velar-voiced-1-a	voiced	velar_a	0.182395249
Baer_Henney_unpublished_2017	tut9	ThSc	velar-voiced-1-a	voiced	velar_a	0.217291401
Baer_Henney_unpublished_2017	tut9	TiBa	velar-voiced-1-a	voiced	velar_a	0.224664926
Baer_Henney_unpublished_2017	tut9	RePl	velar-voiced-10	voiced	velar_u	0.0842535
Baer_Henney_unpublished_2017	tut9	DaLi	velar-voiced-10-u	voiced	velar_u	0.147437744
Baer_Henney_unpublished_2017	tut9	ThSc	velar-voiced-10-u	voiced	velar_u	0.103535242
Baer_Henney_unpublished_2017	tut9	TiBa	velar-voiced-10-u	voiced	velar_u	0.077666244
Baer_Henney_unpublished_2017	tut9	RePl	velar-voiced-11	voiced	velar_u	0.078842725
Baer_Henney_unpublished_2017	tut9	DaLi	velar-voiced-11-u	voiced	velar_u	0.280039698
Baer_Henney_unpublished_2017	tut9	ThSc	velar-voiced-11-u	voiced	velar_u	0.153810216
Baer_Henney_unpublished_2017	tut9	TiBa	velar-voiced-11-u	voiced	velar_u	0.111849346
Baer_Henney_unpublished_2017	tut9	RePl	velar-voiced-12	voiced	velar_y	0.041740266
Baer_Henney_unpublished_2017	tut9	DaLi	velar-voiced-12-y	voiced	velar_y	0.1611986
Baer_Henney_unpublished_2017	tut9	ThSc	velar-voiced-12-y	voiced	velar_y	0.149209124
Baer_Henney_unpublished_2017	tut9	TiBa	velar-voiced-12-y	voiced	velar_y	0.116697981
Baer_Henney_unpublished_2017	tut9	RePl	velar-voiced-13	voiced	velar_i	0.068021175
Baer_Henney_unpublished_2017	tut9	DaLi	velar-voiced-13-i	voiced	velar_i	0.276582418
Baer_Henney_unpublished_2017	tut9	ThSc	velar-voiced-13-i	voiced	velar_i	0.163253481
Baer_Henney_unpublished_2017	tut9	TiBa	velar-voiced-13-i	voiced	velar_i	0.13200675
Baer_Henney_unpublished_2017	tut9	RePl	velar-voiced-14	voiced	velar_oe	0.12831267
Baer_Henney_unpublished_2017	tut9	DaLi	velar-voiced-14-oe	voiced	velar_oe	0.21820786
Baer_Henney_unpublished_2017	tut9	TiBa	velar-voiced-14-oe	voiced	velar_oe	0.152601606
Baer_Henney_unpublished_2017	tut9	RePl	velar-voiced-15	voiced	velar_oe	0.173144808
Baer_Henney_unpublished_2017	tut9	DaLi	velar-voiced-15-oe	voiced	velar_oe	0.112361607
Baer_Henney_unpublished_2017	tut9	ThSc	velar-voiced-15-oe	voiced	velar_oe	0.096899219
Baer_Henney_unpublished_2017	tut9	TiBa	velar-voiced-15-oe	voiced	velar_oe	0.158791714
Baer_Henney_unpublished_2017	tut9	RePl	velar-voiced-2	voiced	velar_e	0.09893989
Baer_Henney_unpublished_2017	tut9	ThSc	velar-voiced-2-e	voiced	velar_e	0.165260616
Baer_Henney_unpublished_2017	tut9	TiBa	velar-voiced-2-e	voiced	velar_e	0.123771365
Baer_Henney_unpublished_2017	tut9	DaLi	velar-voiced-2-i	voiced	velar_i	0.183235852
Baer_Henney_unpublished_2017	tut9	RePl	velar-voiced-3	voiced	velar_a	0.153047643
Baer_Henney_unpublished_2017	tut9	DaLi	velar-voiced-3-a	voiced	velar_a	0.210894093
Baer_Henney_unpublished_2017	tut9	ThSc	velar-voiced-3-a	voiced	velar_a	0.250432033
Baer_Henney_unpublished_2017	tut9	TiBa	velar-voiced-3-a	voiced	velar_a	0.160459755
Baer_Henney_unpublished_2017	tut9	RePl	velar-voiced-4	voiced	velar_a	0.17237184
Baer_Henney_unpublished_2017	tut9	DaLi	velar-voiced-4-a	voiced	velar_a	0.167678091
Baer_Henney_unpublished_2017	tut9	ThSc	velar-voiced-4-a	voiced	velar_a	0.216850872
Baer_Henney_unpublished_2017	tut9	TiBa	velar-voiced-4-a	voiced	velar_a	0.221209956
Baer_Henney_unpublished_2017	tut9	RePl	velar-voiced-5	voiced	velar_i	0.137588285
Baer_Henney_unpublished_2017	tut9	TiBa	velar-voiced-5-a	voiced	velar_a	0.150842151
Baer_Henney_unpublished_2017	tut9	DaLi	velar-voiced-5-i	voiced	velar_i	0.148663049
Baer_Henney_unpublished_2017	tut9	DaLi	velar-voiced-5-i	voiced	velar_i	0.186693132
Baer_Henney_unpublished_2017	tut9	ThSc	velar-voiced-5-i	voiced	velar_i	0.157907869
Baer_Henney_unpublished_2017	tut9	TiBa	velar-voiced-5-i	voiced	velar_i	0.175567859
Baer_Henney_unpublished_2017	tut9	RePl	velar-voiced-6	voiced	velar_o	0.096620987
Baer_Henney_unpublished_2017	tut9	DaLi	velar-voiced-6-o	voiced	velar_o	0.157266926
Baer_Henney_unpublished_2017	tut9	ThSc	velar-voiced-6-o	voiced	velar_o	0.108504274
Baer_Henney_unpublished_2017	tut9	TiBa	velar-voiced-6-o	voiced	velar_o	0.12975218
Baer_Henney_unpublished_2017	tut9	RePl	velar-voiced-7	voiced	velar_o	0.152274675
Baer_Henney_unpublished_2017	tut9	DaLi	velar-voiced-7-o	voiced	velar_o	0.1611986
Baer_Henney_unpublished_2017	tut9	TiBa	velar-voiced-7-o	voiced	velar_o	0.13941478
Baer_Henney_unpublished_2017	tut9	RePl	velar-voiced-8	voiced	velar_o	0.094302083
Baer_Henney_unpublished_2017	tut9	DaLi	velar-voiced-8-o	voiced	velar_o	0.143477129
Baer_Henney_unpublished_2017	tut9	ThSc	velar-voiced-8-o	voiced	velar_o	0.159155888
Baer_Henney_unpublished_2017	tut9	ThSc	velar-voiced-8-o	voiced	velar_o	0.131056103
Baer_Henney_unpublished_2017	tut9	TiBa	velar-voiced-8-o	voiced	velar_o	0.152110738
Baer_Henney_unpublished_2017	tut9	RePl	velar-voiced-9	voiced	velar_u	0.107442537
Baer_Henney_unpublished_2017	tut9	DaLi	velar-voiced-9-u	voiced	velar_u	0.150947792
Baer_Henney_unpublished_2017	tut9	ThSc	velar-voiced-9-u	voiced	velar_u	0.175437813
Baer_Henney_unpublished_2017	tut9	TiBa	velar-voiced-9-u	voiced	velar_u	0.125359286
Baer_Henney_unpublished_2017	tut9	AnNg	velar-voiced-a	voiced	velar_a	0.205624361
Baer_Henney_unpublished_2017	tut9	AnNg	velar-voiced-a	voiced	velar_a	0.199195346
Baer_Henney_unpublished_2017	tut9	AnNg	velar-voiced-a	voiced	velar_a	0.184928632
Baer_Henney_unpublished_2017	tut9	AnNg	velar-voiced-e	voiced	velar_e	0.131471503
Baer_Henney_unpublished_2017	tut9	AnNg	velar-voiced-i	voiced	velar_i	0.121924701
Baer_Henney_unpublished_2017	tut9	AnNg	velar-voiced-i	voiced	velar_i	0.118272237
Baer_Henney_unpublished_2017	tut9	AnNg	velar-voiced-o	voiced	velar_o	0.201325645
Baer_Henney_unpublished_2017	tut9	AnNg	velar-voiced-o	voiced	velar_o	0.133913837
Baer_Henney_unpublished_2017	tut9	AnNg	velar-voiced-o	voiced	velar_o	0.13816507
Baer_Henney_unpublished_2017	tut9	AnNg	velar-voiced-oe	voiced	velar_oe	0.154226186
Baer_Henney_unpublished_2017	tut9	AnNg	velar-voiced-oe	voiced	velar_oe	0.178551783
Baer_Henney_unpublished_2017	tut9	AnNg	velar-voiced-u	voiced	velar_u	0.131363131
Baer_Henney_unpublished_2017	tut9	AnNg	velar-voiced-u	voiced	velar_u	0.248697126
Baer_Henney_unpublished_2017	tut9	AnNg	velar-voiced-u	voiced	velar_u	0.085024658
Baer_Henney_unpublished_2017	tut9	AnNg	velar-voiced-y	voiced	velar_y	0.106280823
Baer_Henney_unpublished_2017	tut9	RePl	velar-voiceless-1	voiceless	velar_a	0.163869193
Baer_Henney_unpublished_2017	tut9	DaLi	velar-voiceless-1-a	voiceless	velar_a	0.171027782
Baer_Henney_unpublished_2017	tut9	ThSc	velar-voiceless-1-a	voiceless	velar_a	0.22804048
Baer_Henney_unpublished_2017	tut9	TiBa	velar-voiceless-1-a	voiceless	velar_a	0.165061851
Baer_Henney_unpublished_2017	tut9	RePl	velar-voiceless-10	voiceless	velar_u	0.103577698
Baer_Henney_unpublished_2017	tut9	ThSc	velar-voiceless-10-o	voiceless	velar_o	0.179047312
Baer_Henney_unpublished_2017	tut9	DaLi	velar-voiceless-10-u	voiceless	velar_u	0.127779378
Baer_Henney_unpublished_2017	tut9	TiBa	velar-voiceless-10-u	voiceless	velar_u	0.103195493
Baer_Henney_unpublished_2017	tut9	RePl	velar-voiceless-11	voiceless	velar_u	0.129858606
Baer_Henney_unpublished_2017	tut9	DaLi	velar-voiceless-11-u	voiceless	velar_u	0.302512019
Baer_Henney_unpublished_2017	tut9	ThSc	velar-voiceless-11-u	voiceless	velar_u	0.154180504
Baer_Henney_unpublished_2017	tut9	TiBa	velar-voiceless-11-u	voiceless	velar_u	0.099206621
Baer_Henney_unpublished_2017	tut9	RePl	velar-voiceless-12	voiceless	velar_y	0.079615693
Baer_Henney_unpublished_2017	tut9	DaLi	velar-voiceless-12-y	voiceless	velar_y	0.110632967
Baer_Henney_unpublished_2017	tut9	ThSc	velar-voiceless-12-y	voiceless	velar_y	0.209264237
Baer_Henney_unpublished_2017	tut9	TiBa	velar-voiceless-12-y	voiceless	velar_y	0.123272063
Baer_Henney_unpublished_2017	tut9	RePl	velar-voiceless-13	voiceless	velar_i	0.132950478
Baer_Henney_unpublished_2017	tut9	DaLi	velar-voiceless-13-i	voiceless	velar_i	0.174959456
Baer_Henney_unpublished_2017	tut9	ThSc	velar-voiceless-13-i	voiceless	velar_i	0.165571456
Baer_Henney_unpublished_2017	tut9	TiBa	velar-voiceless-13-i	voiceless	velar_i	0.086197777
Baer_Henney_unpublished_2017	tut9	RePl	velar-voiceless-14	voiceless	velar_oe	0.173144808
Baer_Henney_unpublished_2017	tut9	DaLi	velar-voiceless-14-oe	voiceless	velar_oe	0.139574397
Baer_Henney_unpublished_2017	tut9	ThSc	velar-voiceless-14-oe	voiceless	velar_oe	0.155160119
Baer_Henney_unpublished_2017	tut9	ThSc	velar-voiceless-14-oe	voiceless	velar_oe	0.195795193
Baer_Henney_unpublished_2017	tut9	TiBa	velar-voiceless-14-oe	voiceless	velar_oe	0.144840022
Baer_Henney_unpublished_2017	tut9	RePl	velar-voiceless-15	voiceless	velar_oe	0.114012764
Baer_Henney_unpublished_2017	tut9	DaLi	velar-voiceless-15-oe	voiceless	velar_oe	0.148663049
Baer_Henney_unpublished_2017	tut9	ThSc	velar-voiceless-15-oe	voiceless	velar_oe	0.110503344
Baer_Henney_unpublished_2017	tut9	TiBa	velar-voiceless-15-oe	voiceless	velar_oe	0.147683344
Baer_Henney_unpublished_2017	tut9	RePl	velar-voiceless-2	voiceless	velar_e	0.11749112
Baer_Henney_unpublished_2017	tut9	DaLi	velar-voiceless-2-e	voiceless	velar_e	0.174959456
Baer_Henney_unpublished_2017	tut9	ThSc	velar-voiceless-2-e	voiceless	velar_e	0.119349722
Baer_Henney_unpublished_2017	tut9	TiBa	velar-voiceless-2-e	voiceless	velar_e	0.132155611
Baer_Henney_unpublished_2017	tut9	RePl	velar-voiceless-3	voiceless	velar_a	0.13217751
Baer_Henney_unpublished_2017	tut9	DaLi	velar-voiceless-3-a	voiceless	velar_a	0.178891129
Baer_Henney_unpublished_2017	tut9	ThSc	velar-voiceless-3-a	voiceless	velar_a	0.174297073
Baer_Henney_unpublished_2017	tut9	TiBa	velar-voiceless-3-a	voiceless	velar_a	0.199950387
Baer_Henney_unpublished_2017	tut9	RePl	velar-voiceless-4	voiceless	velar_a	0.145317964
Baer_Henney_unpublished_2017	tut9	DaLi	velar-voiceless-4-a	voiceless	velar_a	0.176925292
Baer_Henney_unpublished_2017	tut9	ThSc	velar-voiceless-4-a	voiceless	velar_a	0.142761036
Baer_Henney_unpublished_2017	tut9	TiBa	velar-voiceless-4-a	voiceless	velar_a	0.195296409
Baer_Henney_unpublished_2017	tut9	RePl	velar-voiceless-5	voiceless	velar_i	0.105896601
Baer_Henney_unpublished_2017	tut9	ThSc	velar-voiceless-5-i	voiceless	velar_i	0.150189112
Baer_Henney_unpublished_2017	tut9	TiBa	velar-voiceless-5-i	voiceless	velar_i	0.114466732
Baer_Henney_unpublished_2017	tut9	RePl	velar-voiceless-6	voiceless	velar_o	0.120582991
Baer_Henney_unpublished_2017	tut9	DaLi	velar-voiceless-6-o	voiceless	velar_o	0.165949451
Baer_Henney_unpublished_2017	tut9	ThSc	velar-voiceless-6-o	voiceless	velar_o	0.175431507
Baer_Henney_unpublished_2017	tut9	TiBa	velar-voiceless-6-o	voiceless	velar_o	0.159658968
Baer_Henney_unpublished_2017	tut9	RePl	velar-voiceless-7	voiceless	velar_o	0.160004354
Baer_Henney_unpublished_2017	tut9	DaLi	velar-voiceless-7-o	voiceless	velar_o	0.147437744
Baer_Henney_unpublished_2017	tut9	ThSc	velar-voiceless-7-o	voiceless	velar_o	0.103279612
Baer_Henney_unpublished_2017	tut9	TiBa	velar-voiceless-7-o	voiceless	velar_o	0.144578136
Baer_Henney_unpublished_2017	tut9	RePl	velar-voiceless-8	voiceless	velar_o	0.112080345
Baer_Henney_unpublished_2017	tut9	DaLi	velar-voiceless-8-o	voiceless	velar_o	0.132079318
Baer_Henney_unpublished_2017	tut9	ThSc	velar-voiceless-8-o	voiceless	velar_o	0.161609
Baer_Henney_unpublished_2017	tut9	TiBa	velar-voiceless-8-o	voiceless	velar_o	0.13037862
Baer_Henney_unpublished_2017	tut9	RePl	velar-voiceless-9	voiceless	velar_u	0.159231386
Baer_Henney_unpublished_2017	tut9	DaLi	velar-voiceless-9-u	voiceless	velar_u	0.163164436
Baer_Henney_unpublished_2017	tut9	ThSc	velar-voiceless-9-u	voiceless	velar_u	0.173004952
Baer_Henney_unpublished_2017	tut9	TiBa	velar-voiceless-9-u	voiceless	velar_u	0.075980162
Baer_Henney_unpublished_2017	tut9	AnNg	velar-voiceless-a	voiceless	velar_a	0.189179865
Baer_Henney_unpublished_2017	tut9	AnNg	velar-voiceless-a	voiceless	velar_a	0.180677399
Baer_Henney_unpublished_2017	tut9	AnNg	velar-voiceless-a	voiceless	velar_a	0.180677399
Baer_Henney_unpublished_2017	tut9	AnNg	velar-voiceless-e	voiceless	velar_e	0.10202959
Baer_Henney_unpublished_2017	tut9	AnNg	velar-voiceless-i	voiceless	velar_i	0.104155207
Baer_Henney_unpublished_2017	tut9	AnNg	velar-voiceless-i	voiceless	velar_i	0.095652741
Baer_Henney_unpublished_2017	tut9	AnNg	velar-voiceless-o	voiceless	velar_o	0.151471461
Baer_Henney_unpublished_2017	tut9	AnNg	velar-voiceless-o	voiceless	velar_o	0.123285755
Baer_Henney_unpublished_2017	tut9	AnNg	velar-voiceless-o	voiceless	velar_o	0.131788221
Baer_Henney_unpublished_2017	tut9	AnNg	velar-voiceless-oe	voiceless	velar_oe	0.131759422
Baer_Henney_unpublished_2017	tut9	AnNg	velar-voiceless-oe	voiceless	velar_oe	0.153044385
Baer_Henney_unpublished_2017	tut9	AnNg	velar-voiceless-u	voiceless	velar_u	0.117565863
Baer_Henney_unpublished_2017	tut9	AnNg	velar-voiceless-u	voiceless	velar_u	0.106280823
Baer_Henney_unpublished_2017	tut9	AnNg	velar-voiceless-u	voiceless	velar_u	0.127536988
Baer_Henney_unpublished_2017	tut9	AnNg	velar-voiceless-y	voiceless	velar_y	0.101672625
Baer_Henney_unpublished_2017	tut2	MaAk	labial-voiced-9-o	voiced	labial_o	0.176761589
Baer_Henney_unpublished_2017	tut2	MaAk	alveolar-voiced-1-e	voiced	alveolar_e	0.155556191
Baer_Henney_unpublished_2017	tut2	MaAk	alveolar-voiced-10-o	voiced	alveolar_o	0.238988884
Baer_Henney_unpublished_2017	tut2	MaAk	alveolar-voiced-11-o	voiced	alveolar_o	0.106104686
Baer_Henney_unpublished_2017	tut2	MaAk	alveolar-voiced-12-y	voiced	alveolar_y	0.144993734
Baer_Henney_unpublished_2017	tut2	MaAk	alveolar-voiced-13-o	voiced	alveolar_o	0.207408255
Baer_Henney_unpublished_2017	tut2	MaAk	alveolar-voiced-14-a	voiced	alveolar_a	0.168999319
Baer_Henney_unpublished_2017	tut2	MaAk	alveolar-voiced-15-a	voiced	alveolar_a	0.217487259
Baer_Henney_unpublished_2017	tut2	MaAk	alveolar-voiced-2-i	voiced	alveolar_i	0.172840212
Baer_Henney_unpublished_2017	tut2	MaAk	alveolar-voiced-3-o	voiced	alveolar_o	0.139232392
Baer_Henney_unpublished_2017	tut2	MaAk	alveolar-voiced-4-oe	voiced	alveolar_oe	0.173800436
Baer_Henney_unpublished_2017	tut2	MaAk	alveolar-voiced-5-e	voiced	alveolar_e	0.162867301
Baer_Henney_unpublished_2017	tut2	MaAk	alveolar-voiced-6-i	voiced	alveolar_i	0.151715297
Baer_Henney_unpublished_2017	tut2	MaAk	alveolar-voiced-7-i	voiced	alveolar_i	0.151715297
Baer_Henney_unpublished_2017	tut2	MaAk	alveolar-voiced-8-i	voiced	alveolar_i	0.083586521
Baer_Henney_unpublished_2017	tut2	MaAk	alveolar-voiced-9-o	voiced	alveolar_o	0.193965127
Baer_Henney_unpublished_2017	tut2	MaAk	alveolar-voiceless-1-e	voiceless	alveolar_e	0.125904509
Baer_Henney_unpublished_2017	tut2	MaAk	alveolar-voiceless-10-o	voiceless	alveolar_o	0.154595968
Baer_Henney_unpublished_2017	tut2	MaAk	alveolar-voiceless-11-o	voiceless	alveolar_o	0.088340553
Baer_Henney_unpublished_2017	tut2	MaAk	alveolar-voiceless-12-y	voiceless	alveolar_y	0.142113063
Baer_Henney_unpublished_2017	tut2	MaAk	alveolar-voiceless-13-o	voiceless	alveolar_o	0.130590383
Baer_Henney_unpublished_2017	tut2	MaAk	alveolar-voiceless-14-a	voiceless	alveolar_a	0.148834627
Baer_Henney_unpublished_2017	tut2	MaAk	alveolar-voiceless-15-a	voiceless	alveolar_a	0.145953957
Baer_Henney_unpublished_2017	tut2	MaAk	alveolar-voiceless-2-i	voiceless	alveolar_i	0.142113063
Baer_Henney_unpublished_2017	tut2	MaAk	alveolar-voiceless-3-o	voiceless	alveolar_o	0.189084072
Baer_Henney_unpublished_2017	tut2	MaAk	alveolar-voiceless-4-oe	voiceless	alveolar_oe	0.107545021
Baer_Henney_unpublished_2017	tut2	MaAk	alveolar-voiceless-5-e	voiceless	alveolar_e	0.158436861
Baer_Henney_unpublished_2017	tut2	MaAk	alveolar-voiceless-6-i	voiceless	alveolar_i	0.109465468
Baer_Henney_unpublished_2017	tut2	MaAk	alveolar-voiceless-7-i	voiceless	alveolar_i	0.09314167
Baer_Henney_unpublished_2017	tut2	MaAk	alveolar-voiceless-8	voiceless	alveolar_i	0.106584798
Baer_Henney_unpublished_2017	tut2	MaAk	alveolar-voiceless-9-o	voiceless	alveolar_o	0.233717652
Baer_Henney_unpublished_2017	tut2	MaAk	labial-voiced-1-a	voiced	labial_a	0.180521999
Baer_Henney_unpublished_2017	tut2	MaAk	labial-voiced-10-u	voiced	labial_u	0.190124233
Baer_Henney_unpublished_2017	tut2	MaAk	labial-voiced-11-u	voiced	labial_u	0.087860441
Baer_Henney_unpublished_2017	tut2	MaAk	labial-voiced-12-i	voiced	labial_i	0.181780396
Baer_Henney_unpublished_2017	tut2	MaAk	labial-voiced-13-i	voiced	labial_i	0.097942787
Baer_Henney_unpublished_2017	tut2	MaAk	labial-voiced-14-i	voiced	labial_i	0.122908595
Baer_Henney_unpublished_2017	tut2	MaAk	labial-voiced-15	voiced	labial_e	0.114353637
Baer_Henney_unpublished_2017	tut2	MaAk	labial-voiced-2-e	voiced	labial_e	0.128669936
Baer_Henney_unpublished_2017	tut2	MaAk	labial-voiced-3-i	voiced	labial_i	0.138752282
Baer_Henney_unpublished_2017	tut2	MaAk	labial-voiced-4-o	voiced	labial_o	0.16748765
Baer_Henney_unpublished_2017	tut2	MaAk	labial-voiced-5-u	voiced	labial_u	0.122908595
Baer_Henney_unpublished_2017	tut2	MaAk	labial-voiced-6-oe	voiced	labial_oe	0.151715297
Baer_Henney_unpublished_2017	tut2	MaAk	labial-voiced-7-a	voiced	labial_a	0.137311946
Baer_Henney_unpublished_2017	tut2	MaAk	labial-voiced-8-o	voiced	labial_o	0.174476719
Baer_Henney_unpublished_2017	tut2	MaAk	labial-voiceless-1-a	voiceless	labial_a	0.107545021
Baer_Henney_unpublished_2017	tut2	MaAk	labial-voiceless-10-u	voiceless	labial_u	0.104664351
Baer_Henney_unpublished_2017	tut2	MaAk	labial-voiceless-11-u	voiceless	labial_u	0.095872241
Baer_Henney_unpublished_2017	tut2	MaAk	labial-voiceless-12-i	voiceless	labial_i	0.110425691
Baer_Henney_unpublished_2017	tut2	MaAk	labial-voiceless-13-i	voiceless	labial_i	0.068175862
Baer_Henney_unpublished_2017	tut2	MaAk	labial-voiceless-14-i	voiceless	labial_i	0.113306361
Baer_Henney_unpublished_2017	tut2	MaAk	labial-voiceless-15-e	voiceless	labial_e	0.14403351
Baer_Henney_unpublished_2017	tut2	MaAk	labial-voiceless-2-e	voiceless	labial_e	0.092661558
Baer_Henney_unpublished_2017	tut2	MaAk	labial-voiceless-3-i	voiceless	labial_i	0.090096805
Baer_Henney_unpublished_2017	tut2	MaAk	labial-voiceless-4-o	voiceless	labial_o	0.157476638
Baer_Henney_unpublished_2017	tut2	MaAk	labial-voiceless-5-u	voiceless	labial_u	0.114746696
Baer_Henney_unpublished_2017	tut2	MaAk	labial-voiceless-6-oe	voiceless	labial_oe	0.085939994
Baer_Henney_unpublished_2017	tut2	MaAk	labial-voiceless-7-a	voiceless	labial_a	0.10010329
Baer_Henney_unpublished_2017	tut2	MaAk	labial-voiceless-8-o	voiceless	labial_o	0.131679945
Baer_Henney_unpublished_2017	tut2	MaAk	labial-voiceless-9-o	voiceless	labial_o	0.110425691
Baer_Henney_unpublished_2017	tut2	MaAk	velar-voiced-1-a	voiced	velar_a	0.174760659
Baer_Henney_unpublished_2017	tut2	MaAk	velar-voiced-10-u	voiced	velar_u	0.142113063
Baer_Henney_unpublished_2017	tut2	MaAk	velar-voiced-11-u	voiced	velar_u	0.134431276
Baer_Henney_unpublished_2017	tut2	MaAk	velar-voiced-12-y	voiced	velar_y	0.099863234
Baer_Henney_unpublished_2017	tut2	MaAk	velar-voiced-13-e	voiced	velar_e	0.184362893
Baer_Henney_unpublished_2017	tut2	MaAk	velar-voiced-14-u	voiced	velar_u	0.161317531
Baer_Henney_unpublished_2017	tut2	MaAk	velar-voiced-15-o	voiced	velar_o	0.12128416
Baer_Henney_unpublished_2017	tut2	MaAk	velar-voiced-2-e	voiced	velar_e	0.102743904
Baer_Henney_unpublished_2017	tut2	MaAk	velar-voiced-3-i	voiced	velar_i	0.080658766
Baer_Henney_unpublished_2017	tut2	MaAk	velar-voiced-4-i	voiced	velar_i	0.119067702
Baer_Henney_unpublished_2017	tut2	MaAk	velar-voiced-5-i	voiced	velar_i	0.127709712
Baer_Henney_unpublished_2017	tut2	MaAk	velar-voiced-6-o	voiced	velar_o	0.238087039
Baer_Henney_unpublished_2017	tut2	MaAk	velar-voiced-7-o	voiced	velar_o	0.129630159
Baer_Henney_unpublished_2017	tut2	MaAk	velar-voiced-8-u	voiced	velar_u	0.173320324
Baer_Henney_unpublished_2017	tut2	MaAk	velar-voiced-9-u	voiced	velar_u	0.130590383
Baer_Henney_unpublished_2017	tut2	MaAk	velar-voiceless-1-a	voiceless	velar_a	0.117147255
Baer_Henney_unpublished_2017	tut2	MaAk	velar-voiceless-10-u	voiceless	velar_u	0.173263086
Baer_Henney_unpublished_2017	tut2	MaAk	velar-voiceless-11-u	voiceless	velar_u	0.107064909
Baer_Henney_unpublished_2017	tut2	MaAk	velar-voiceless-12-	voiceless	velar_y	0.110905803
Baer_Henney_unpublished_2017	tut2	MaAk	velar-voiceless-13-e	voiceless	velar_e	0.134911388
Baer_Henney_unpublished_2017	tut2	MaAk	velar-voiceless-14-u	voiceless	velar_u	0.145953957
Baer_Henney_unpublished_2017	tut2	MaAk	velar-voiceless-15-o	voiceless	velar_o	0.145953957
Baer_Henney_unpublished_2017	tut2	MaAk	velar-voiceless-2-e	voiceless	velar_e	0.06481508
Baer_Henney_unpublished_2017	tut2	MaAk	velar-voiceless-3-i	voiceless	velar_i	0.094101893
Baer_Henney_unpublished_2017	tut2	MaAk	velar-voiceless-4-i	voiceless	velar_i	0.120027925
Baer_Henney_unpublished_2017	tut2	MaAk	velar-voiceless-5-i	voiceless	velar_i	0.120988149
Baer_Henney_unpublished_2017	tut2	MaAk	velar-voiceless-6-o	voiceless	velar_o	0.157091865
Baer_Henney_unpublished_2017	tut2	MaAk	velar-voiceless-7-o	voiceless	velar_o	0.100823457
Baer_Henney_unpublished_2017	tut2	MaAk	velar-voiceless-8-u	voiceless	velar_u	0.114266585
Baer_Henney_unpublished_2017	tut2	MaAk	velar-voiceless-9-u	voiceless	velar_u	0.130590383
