publication	study	subject	item	repetition	voicing	usable	vowel_dur	condition	comment
Roettger_etal_2014	2	1	baug	1	voiced	usable	162	A	Enhanced
Roettger_etal_2014	2	1	bauk	1	voiceless	usable	149	A	Enhanced
Roettger_etal_2014	2	1	beg	1	voiced	usable	153	A	Enhanced
Roettger_etal_2014	2	1	bek	1	voiceless	usable	128	A	Enhanced
Roettger_etal_2014	2	1	bleb	1	voiced	usable	129	D	Reversed
Roettger_etal_2014	2	1	blep	1	voiceless	usable	118	D	Reversed
Roettger_etal_2014	2	1	blog	1	voiced	usable	157	B	Normal
Roettger_etal_2014	2	1	blok	1	voiceless	usable	139	B	Normal
Roettger_etal_2014	2	1	dab	1	voiced	usable	154	C	Reduced
Roettger_etal_2014	2	1	dag	1	voiced	usable	166	C	Reduced
Roettger_etal_2014	2	1	dak	1	voiceless	usable	175	C	Reduced
Roettger_etal_2014	2	1	dap	1	voiceless	usable	162	C	Reduced
Roettger_etal_2014	2	1	dieg	1	voiced	usable	90	B	Normal
Roettger_etal_2014	2	1	diek	1	voiceless	usable	139	B	Normal
Roettger_etal_2014	2	1	dob	1	voiced	usable	150	D	Reversed
Roettger_etal_2014	2	1	dop	1	voiceless	usable	147	D	Reversed
Roettger_etal_2014	2	1	drub	1	voiced	usable	120	C	Reduced
Roettger_etal_2014	2	1	drup	1	voiceless	usable	93	C	Reduced
Roettger_etal_2014	2	1	dug	1	voiced	usable	126	B	Normal
Roettger_etal_2014	2	1	duk	1	voiceless	usable	89	B	Normal
Roettger_etal_2014	2	1	fag	1	voiced	usable	158	B	Normal
Roettger_etal_2014	2	1	fak	1	voiceless	usable	168	B	Normal
Roettger_etal_2014	2	1	faub	1	voiced	usable	108	B	Normal
Roettger_etal_2014	2	1	faup	1	voiceless	usable	140	B	Normal
Roettger_etal_2014	2	1	flab	1	voiced	usable	NA	A	Enhanced
Roettger_etal_2014	2	1	flap	1	voiceless	usable	NA	A	Enhanced
Roettger_etal_2014	2	1	fleb	1	voiced	usable	109	C	Reduced
Roettger_etal_2014	2	1	flep	1	voiceless	usable	140	C	Reduced
Roettger_etal_2014	2	1	freb	1	voiced	usable	122	A	Enhanced
Roettger_etal_2014	2	1	frep	1	voiceless	usable	138	A	Enhanced
Roettger_etal_2014	2	1	frob	1	voiced	usable	141	C	Reduced
Roettger_etal_2014	2	1	frog	1	voiced	usable	141	D	Reversed
Roettger_etal_2014	2	1	frok	1	voiceless	usable	140	D	Reversed
Roettger_etal_2014	2	1	frop	1	voiceless	usable	126	C	Reduced
Roettger_etal_2014	2	1	frub	1	voiced	usable	113	A	Enhanced
Roettger_etal_2014	2	1	frup	1	voiceless	usable	89	A	Enhanced
Roettger_etal_2014	2	1	gag	1	voiced	usable	153	D	Reversed
Roettger_etal_2014	2	1	gak	1	voiceless	usable	165	D	Reversed
Roettger_etal_2014	2	1	gaub	1	voiced	usable	144	C	Reduced
Roettger_etal_2014	2	1	gaug	1	voiced	usable	140	D	Reversed
Roettger_etal_2014	2	1	gauk	1	voiceless	usable	154	D	Reversed
Roettger_etal_2014	2	1	gaup	1	voiceless	usable	115	C	Reduced
Roettger_etal_2014	2	1	gleg	1	voiced	usable	155	C	Reduced
Roettger_etal_2014	2	1	glek	1	voiceless	usable	91	C	Reduced
Roettger_etal_2014	2	1	glieb	1	voiced	usable	114	C	Reduced
Roettger_etal_2014	2	1	gliep	1	voiceless	usable	122	C	Reduced
Roettger_etal_2014	2	1	gob	1	voiced	usable	124	B	Normal
Roettger_etal_2014	2	1	gop	1	voiceless	usable	137	B	Normal
Roettger_etal_2014	2	1	grieb	1	voiced	usable	116	B	Normal
Roettger_etal_2014	2	1	griep	1	voiceless	usable	126	B	Normal
Roettger_etal_2014	2	1	heg	1	voiced	usable	134	B	Normal
Roettger_etal_2014	2	1	hek	1	voiceless	usable	151	B	Normal
Roettger_etal_2014	2	1	klab	1	voiced	usable	149	B	Normal
Roettger_etal_2014	2	1	klap	1	voiceless	usable	117	B	Normal
Roettger_etal_2014	2	1	krob	1	voiced	usable	121	A	Enhanced
Roettger_etal_2014	2	1	krop	1	voiceless	usable	113	A	Enhanced
Roettger_etal_2014	2	1	mieb	1	voiced	usable	128	D	Reversed
Roettger_etal_2014	2	1	miep	1	voiceless	usable	110	D	Reversed
Roettger_etal_2014	2	1	naub	1	voiced	usable	172	D	Reversed
Roettger_etal_2014	2	1	naug	1	voiced	usable	171	C	Reduced
Roettger_etal_2014	2	1	nauk	1	voiceless	usable	170	C	Reduced
Roettger_etal_2014	2	1	naup	1	voiceless	usable	155	D	Reversed
Roettger_etal_2014	2	1	nug	1	voiced	usable	160	A	Enhanced
Roettger_etal_2014	2	1	nuk	1	voiceless	usable	116	A	Enhanced
Roettger_etal_2014	2	1	prieg	1	voiced	usable	96	A	Enhanced
Roettger_etal_2014	2	1	priek	1	voiceless	usable	144	A	Enhanced
Roettger_etal_2014	2	1	prug	1	voiced	usable	115	D	Reversed
Roettger_etal_2014	2	1	pruk	1	voiceless	usable	113	D	Reversed
Roettger_etal_2014	2	1	rog	1	voiced	usable	127	C	Reduced
Roettger_etal_2014	2	1	rok	1	voiceless	usable	140	C	Reduced
Roettger_etal_2014	2	1	schlab	1	voiced	usable	135	D	Reversed
Roettger_etal_2014	2	1	schlap	1	voiceless	usable	143	D	Reversed
Roettger_etal_2014	2	1	schmaub	1	voiced	usable	143	A	Enhanced
Roettger_etal_2014	2	1	schmaup	1	voiceless	usable	149	A	Enhanced
Roettger_etal_2014	2	1	schrieg	1	voiced	usable	142	D	Reversed
Roettger_etal_2014	2	1	schriek	1	voiceless	usable	105	D	Reversed
Roettger_etal_2014	2	1	schug	1	voiced	usable	85	C	Reduced
Roettger_etal_2014	2	1	schuk	1	voiceless	usable	100	C	Reduced
Roettger_etal_2014	2	1	spag	1	voiced	usable	178	A	Enhanced
Roettger_etal_2014	2	1	spak	1	voiceless	usable	153	A	Enhanced
Roettger_etal_2014	2	1	staug	1	voiced	usable	146	B	Normal
Roettger_etal_2014	2	1	stauk	1	voiceless	usable	122	B	Normal
Roettger_etal_2014	2	1	streg	1	voiced	usable	127	D	Reversed
Roettger_etal_2014	2	1	strek	1	voiceless	usable	124	D	Reversed
Roettger_etal_2014	2	1	sub	1	voiced	usable	120	D	Reversed
Roettger_etal_2014	2	1	sup	1	voiceless	usable	101	D	Reversed
Roettger_etal_2014	2	1	trieg	1	voiced	usable	94	C	Reduced
Roettger_etal_2014	2	1	triek	1	voiceless	usable	107	C	Reduced
Roettger_etal_2014	2	1	wieb	1	voiced	usable	124	A	Enhanced
Roettger_etal_2014	2	1	wiep	1	voiceless	usable	112	A	Enhanced
Roettger_etal_2014	2	1	wub	1	voiced	usable	107	B	Normal
Roettger_etal_2014	2	1	wug	1	voiced	usable	116	A	Enhanced
Roettger_etal_2014	2	1	wuk	1	voiceless	usable	99	A	Enhanced
Roettger_etal_2014	2	1	wup	1	voiceless	usable	115	B	Normal
Roettger_etal_2014	2	1	zeb	1	voiced	usable	133	B	Normal
Roettger_etal_2014	2	1	zep	1	voiceless	usable	107	B	Normal
Roettger_etal_2014	2	1	bleb	2	voiced	usable	128	D	Reversed
Roettger_etal_2014	2	1	blep	2	voiceless	usable	117	D	Reversed
Roettger_etal_2014	2	1	blog	2	voiced	usable	174	B	Normal
Roettger_etal_2014	2	1	blok	2	voiceless	usable	142	B	Normal
Roettger_etal_2014	2	1	dieg	2	voiced	usable	97	B	Normal
Roettger_etal_2014	2	1	diek	2	voiceless	usable	116	B	Normal
Roettger_etal_2014	2	1	dob	2	voiced	usable	175	D	Reversed
Roettger_etal_2014	2	1	dop	2	voiceless	usable	143	D	Reversed
Roettger_etal_2014	2	1	dug	2	voiced	usable	147	B	Normal
Roettger_etal_2014	2	1	duk	2	voiceless	usable	140	B	Normal
Roettger_etal_2014	2	1	fag	2	voiced	usable	164	B	Normal
Roettger_etal_2014	2	1	fak	2	voiceless	usable	151	B	Normal
Roettger_etal_2014	2	1	faub	2	voiced	usable	129	B	Normal
Roettger_etal_2014	2	1	faup	2	voiceless	usable	140	B	Normal
Roettger_etal_2014	2	1	frog	2	voiced	usable	117	D	Reversed
Roettger_etal_2014	2	1	frok	2	voiceless	usable	145	D	Reversed
Roettger_etal_2014	2	1	gag	2	voiced	usable	177	D	Reversed
Roettger_etal_2014	2	1	gak	2	voiceless	usable	175	D	Reversed
Roettger_etal_2014	2	1	gaug	2	voiced	usable	160	D	Reversed
Roettger_etal_2014	2	1	gauk	2	voiceless	usable	175	D	Reversed
Roettger_etal_2014	2	1	gob	2	voiced	usable	142	B	Normal
Roettger_etal_2014	2	1	gop	2	voiceless	usable	118	B	Normal
Roettger_etal_2014	2	1	grieb	2	voiced	usable	126	B	Normal
Roettger_etal_2014	2	1	griep	2	voiceless	usable	147	B	Normal
Roettger_etal_2014	2	1	heg	2	voiced	usable	142	B	Normal
Roettger_etal_2014	2	1	hek	2	voiceless	usable	121	B	Normal
Roettger_etal_2014	2	1	klab	2	voiced	usable	158	B	Normal
Roettger_etal_2014	2	1	klap	2	voiceless	usable	150	B	Normal
Roettger_etal_2014	2	1	mieb	2	voiced	usable	134	D	Reversed
Roettger_etal_2014	2	1	miep	2	voiceless	usable	122	D	Reversed
Roettger_etal_2014	2	1	naub	2	voiced	usable	178	D	Reversed
Roettger_etal_2014	2	1	naup	2	voiceless	usable	164	D	Reversed
Roettger_etal_2014	2	1	prug	2	voiced	usable	136	D	Reversed
Roettger_etal_2014	2	1	pruk	2	voiceless	usable	124	D	Reversed
Roettger_etal_2014	2	1	schlab	2	voiced	usable	167	D	Reversed
Roettger_etal_2014	2	1	schlap	2	voiceless	usable	140	D	Reversed
Roettger_etal_2014	2	1	schrieg	2	voiced	usable	130	D	Reversed
Roettger_etal_2014	2	1	schriek	2	voiceless	usable	119	D	Reversed
Roettger_etal_2014	2	1	staug	2	voiced	usable	171	B	Normal
Roettger_etal_2014	2	1	stauk	2	voiceless	usable	152	B	Normal
Roettger_etal_2014	2	1	streg	2	voiced	usable	149	D	Reversed
Roettger_etal_2014	2	1	strek	2	voiceless	usable	143	D	Reversed
Roettger_etal_2014	2	1	sub	2	voiced	usable	134	D	Reversed
Roettger_etal_2014	2	1	sup	2	voiceless	usable	121	D	Reversed
Roettger_etal_2014	2	1	wub	2	voiced	usable	93	B	Normal
Roettger_etal_2014	2	1	wup	2	voiceless	usable	103	B	Normal
Roettger_etal_2014	2	1	zeb	2	voiced	usable	NA	B	Normal
Roettger_etal_2014	2	1	zep	2	voiceless	usable	NA	B	Normal
Roettger_etal_2014	2	1	bleb	3	voiced	usable	147	D	Reversed
Roettger_etal_2014	2	1	blep	3	voiceless	usable	175	D	Reversed
Roettger_etal_2014	2	1	blog	3	voiced	usable	161	B	Normal
Roettger_etal_2014	2	1	blok	3	voiceless	usable	200	B	Normal
Roettger_etal_2014	2	1	dieg	3	voiced	usable	163	B	Normal
Roettger_etal_2014	2	1	diek	3	voiceless	usable	170	B	Normal
Roettger_etal_2014	2	1	dob	3	voiced	usable	224	D	Reversed
Roettger_etal_2014	2	1	dop	3	voiceless	usable	156	D	Reversed
Roettger_etal_2014	2	1	dug	3	voiced	usable	179	B	Normal
Roettger_etal_2014	2	1	duk	3	voiceless	usable	150	B	Normal
Roettger_etal_2014	2	1	fag	3	voiced	usable	249	B	Normal
Roettger_etal_2014	2	1	fak	3	voiceless	usable	189	B	Normal
Roettger_etal_2014	2	1	faub	3	voiced	usable	170	B	Normal
Roettger_etal_2014	2	1	faup	3	voiceless	usable	190	B	Normal
Roettger_etal_2014	2	1	frog	3	voiced	usable	143	D	Reversed
Roettger_etal_2014	2	1	frok	3	voiceless	usable	198	D	Reversed
Roettger_etal_2014	2	1	gag	3	voiced	usable	264	D	Reversed
Roettger_etal_2014	2	1	gak	3	voiceless	usable	205	D	Reversed
Roettger_etal_2014	2	1	gaug	3	voiced	usable	223	D	Reversed
Roettger_etal_2014	2	1	gauk	3	voiceless	usable	167	D	Reversed
Roettger_etal_2014	2	1	gob	3	voiced	usable	190	B	Normal
Roettger_etal_2014	2	1	gop	3	voiceless	usable	136	B	Normal
Roettger_etal_2014	2	1	grieb	3	voiced	usable	141	B	Normal
Roettger_etal_2014	2	1	griep	3	voiceless	usable	151	B	Normal
Roettger_etal_2014	2	1	heg	3	voiced	usable	177	B	Normal
Roettger_etal_2014	2	1	hek	3	voiceless	usable	163	B	Normal
Roettger_etal_2014	2	1	klab	3	voiced	usable	184	B	Normal
Roettger_etal_2014	2	1	klap	3	voiceless	usable	174	B	Normal
Roettger_etal_2014	2	1	mieb	3	voiced	usable	133	D	Reversed
Roettger_etal_2014	2	1	miep	3	voiceless	usable	161	D	Reversed
Roettger_etal_2014	2	1	naub	3	voiced	usable	190	D	Reversed
Roettger_etal_2014	2	1	naup	3	voiceless	usable	200	D	Reversed
Roettger_etal_2014	2	1	prug	3	voiced	usable	116	D	Reversed
Roettger_etal_2014	2	1	pruk	3	voiceless	usable	119	D	Reversed
Roettger_etal_2014	2	1	schlab	3	voiced	usable	167	D	Reversed
Roettger_etal_2014	2	1	schlap	3	voiceless	usable	154	D	Reversed
Roettger_etal_2014	2	1	schrieg	3	voiced	usable	194	D	Reversed
Roettger_etal_2014	2	1	schriek	3	voiceless	usable	123	D	Reversed
Roettger_etal_2014	2	1	staug	3	voiced	usable	207	B	Normal
Roettger_etal_2014	2	1	stauk	3	voiceless	usable	148	B	Normal
Roettger_etal_2014	2	1	streg	3	voiced	usable	148	D	Reversed
Roettger_etal_2014	2	1	strek	3	voiceless	usable	180	D	Reversed
Roettger_etal_2014	2	1	sub	3	voiced	usable	178	D	Reversed
Roettger_etal_2014	2	1	sup	3	voiceless	usable	139	D	Reversed
Roettger_etal_2014	2	1	wub	3	voiced	usable	118	B	Normal
Roettger_etal_2014	2	1	wup	3	voiceless	usable	122	B	Normal
Roettger_etal_2014	2	1	zeb	3	voiced	usable	147	B	Normal
Roettger_etal_2014	2	1	zep	3	voiceless	usable	112	B	Normal
Roettger_etal_2014	2	2	baug	1	voiced	usable	149	A	Enhanced
Roettger_etal_2014	2	2	bauk	1	voiceless	usable	161	A	Enhanced
Roettger_etal_2014	2	2	beg	1	voiced	usable	132	A	Enhanced
Roettger_etal_2014	2	2	bek	1	voiceless	usable	135	A	Enhanced
Roettger_etal_2014	2	2	bleb	1	voiced	usable	110	D	Reversed
Roettger_etal_2014	2	2	blep	1	voiceless	usable	112	D	Reversed
Roettger_etal_2014	2	2	blog	1	voiced	usable	101	B	Normal
Roettger_etal_2014	2	2	blok	1	voiceless	usable	120	B	Normal
Roettger_etal_2014	2	2	dab	1	voiced	usable	149	C	Reduced
Roettger_etal_2014	2	2	dag	1	voiced	usable	152	C	Reduced
Roettger_etal_2014	2	2	dak	1	voiceless	usable	173	C	Reduced
Roettger_etal_2014	2	2	dap	1	voiceless	usable	151	C	Reduced
Roettger_etal_2014	2	2	dieg	1	voiced	usable	100	B	Normal
Roettger_etal_2014	2	2	diek	1	voiceless	usable	106	B	Normal
Roettger_etal_2014	2	2	dob	1	voiced	usable	128	D	Reversed
Roettger_etal_2014	2	2	dop	1	voiceless	usable	121	D	Reversed
Roettger_etal_2014	2	2	drub	1	voiced	usable	83	C	Reduced
Roettger_etal_2014	2	2	drup	1	voiceless	usable	79	C	Reduced
Roettger_etal_2014	2	2	dug	1	voiced	usable	108	B	Normal
Roettger_etal_2014	2	2	duk	1	voiceless	usable	90	B	Normal
Roettger_etal_2014	2	2	fag	1	voiced	usable	158	B	Normal
Roettger_etal_2014	2	2	fak	1	voiceless	usable	151	B	Normal
Roettger_etal_2014	2	2	faub	1	voiced	usable	116	B	Normal
Roettger_etal_2014	2	2	faup	1	voiceless	usable	123	B	Normal
Roettger_etal_2014	2	2	flab	1	voiced	usable	119	A	Enhanced
Roettger_etal_2014	2	2	flap	1	voiceless	usable	127	A	Enhanced
Roettger_etal_2014	2	2	fleb	1	voiced	usable	112	C	Reduced
Roettger_etal_2014	2	2	flep	1	voiceless	usable	96	C	Reduced
Roettger_etal_2014	2	2	freb	1	voiced	usable	105	A	Enhanced
Roettger_etal_2014	2	2	frep	1	voiceless	usable	94	A	Enhanced
Roettger_etal_2014	2	2	frob	1	voiced	usable	101	C	Reduced
Roettger_etal_2014	2	2	frog	1	voiced	usable	102	D	Reversed
Roettger_etal_2014	2	2	frok	1	voiceless	usable	109	D	Reversed
Roettger_etal_2014	2	2	frop	1	voiceless	usable	101	C	Reduced
Roettger_etal_2014	2	2	frub	1	voiced	usable	83	A	Enhanced
Roettger_etal_2014	2	2	frup	1	voiceless	usable	93	A	Enhanced
Roettger_etal_2014	2	2	gag	1	voiced	usable	153	D	Reversed
Roettger_etal_2014	2	2	gak	1	voiceless	usable	154	D	Reversed
Roettger_etal_2014	2	2	gaub	1	voiced	usable	137	C	Reduced
Roettger_etal_2014	2	2	gaug	1	voiced	usable	164	D	Reversed
Roettger_etal_2014	2	2	gauk	1	voiceless	usable	146	D	Reversed
Roettger_etal_2014	2	2	gaup	1	voiceless	usable	136	C	Reduced
Roettger_etal_2014	2	2	gleg	1	voiced	usable	111	C	Reduced
Roettger_etal_2014	2	2	glek	1	voiceless	usable	127	C	Reduced
Roettger_etal_2014	2	2	glieb	1	voiced	usable	93	C	Reduced
Roettger_etal_2014	2	2	gliep	1	voiceless	usable	112	C	Reduced
Roettger_etal_2014	2	2	gob	1	voiced	usable	121	B	Normal
Roettger_etal_2014	2	2	gop	1	voiceless	usable	98	B	Normal
Roettger_etal_2014	2	2	grieb	1	voiced	usable	118	B	Normal
Roettger_etal_2014	2	2	griep	1	voiceless	usable	92	B	Normal
Roettger_etal_2014	2	2	heg	1	voiced	usable	134	B	Normal
Roettger_etal_2014	2	2	hek	1	voiceless	usable	113	B	Normal
Roettger_etal_2014	2	2	klab	1	voiced	usable	128	B	Normal
Roettger_etal_2014	2	2	klap	1	voiceless	usable	136	B	Normal
Roettger_etal_2014	2	2	krob	1	voiced	usable	NA	A	Enhanced
Roettger_etal_2014	2	2	krop	1	voiceless	usable	NA	A	Enhanced
Roettger_etal_2014	2	2	mieb	1	voiced	usable	103	D	Reversed
Roettger_etal_2014	2	2	miep	1	voiceless	usable	109	D	Reversed
Roettger_etal_2014	2	2	naub	1	voiced	usable	160	D	Reversed
Roettger_etal_2014	2	2	naug	1	voiced	usable	NA	C	Reduced
Roettger_etal_2014	2	2	nauk	1	voiceless	usable	NA	C	Reduced
Roettger_etal_2014	2	2	naup	1	voiceless	usable	158	D	Reversed
Roettger_etal_2014	2	2	nug	1	voiced	usable	113	A	Enhanced
Roettger_etal_2014	2	2	nuk	1	voiceless	usable	114	A	Enhanced
Roettger_etal_2014	2	2	prieg	1	voiced	usable	108	A	Enhanced
Roettger_etal_2014	2	2	priek	1	voiceless	usable	119	A	Enhanced
Roettger_etal_2014	2	2	prug	1	voiced	usable	74	D	Reversed
Roettger_etal_2014	2	2	pruk	1	voiceless	usable	99	D	Reversed
Roettger_etal_2014	2	2	rog	1	voiced	usable	129	C	Reduced
Roettger_etal_2014	2	2	rok	1	voiceless	usable	120	C	Reduced
Roettger_etal_2014	2	2	schlab	1	voiced	usable	126	D	Reversed
Roettger_etal_2014	2	2	schlap	1	voiceless	usable	121	D	Reversed
Roettger_etal_2014	2	2	schmaub	1	voiced	usable	131	A	Enhanced
Roettger_etal_2014	2	2	schmaup	1	voiceless	usable	106	A	Enhanced
Roettger_etal_2014	2	2	schrieg	1	voiced	usable	87	D	Reversed
Roettger_etal_2014	2	2	schriek	1	voiceless	usable	79	D	Reversed
Roettger_etal_2014	2	2	schug	1	voiced	usable	64	C	Reduced
Roettger_etal_2014	2	2	schuk	1	voiceless	usable	64	C	Reduced
Roettger_etal_2014	2	2	spag	1	voiced	usable	161	A	Enhanced
Roettger_etal_2014	2	2	spak	1	voiceless	usable	166	A	Enhanced
Roettger_etal_2014	2	2	staug	1	voiced	usable	143	B	Normal
Roettger_etal_2014	2	2	stauk	1	voiceless	usable	141	B	Normal
Roettger_etal_2014	2	2	streg	1	voiced	usable	115	D	Reversed
Roettger_etal_2014	2	2	strek	1	voiceless	usable	93	D	Reversed
Roettger_etal_2014	2	2	sub	1	voiced	usable	131	D	Reversed
Roettger_etal_2014	2	2	sup	1	voiceless	usable	99	D	Reversed
Roettger_etal_2014	2	2	trieg	1	voiced	usable	92	C	Reduced
Roettger_etal_2014	2	2	triek	1	voiceless	usable	72	C	Reduced
Roettger_etal_2014	2	2	wieb	1	voiced	usable	88	A	Enhanced
Roettger_etal_2014	2	2	wiep	1	voiceless	usable	96	A	Enhanced
Roettger_etal_2014	2	2	wub	1	voiced	usable	96	B	Normal
Roettger_etal_2014	2	2	wug	1	voiced	usable	111	A	Enhanced
Roettger_etal_2014	2	2	wuk	1	voiceless	usable	125	A	Enhanced
Roettger_etal_2014	2	2	wup	1	voiceless	usable	94	B	Normal
Roettger_etal_2014	2	2	zeb	1	voiced	usable	98	B	Normal
Roettger_etal_2014	2	2	zep	1	voiceless	usable	96	B	Normal
Roettger_etal_2014	2	2	bleb	2	voiced	usable	97	D	Reversed
Roettger_etal_2014	2	2	blep	2	voiceless	usable	113	D	Reversed
Roettger_etal_2014	2	2	blog	2	voiced	usable	105	B	Normal
Roettger_etal_2014	2	2	blok	2	voiceless	usable	97	B	Normal
Roettger_etal_2014	2	2	dieg	2	voiced	usable	87	B	Normal
Roettger_etal_2014	2	2	diek	2	voiceless	usable	90	B	Normal
Roettger_etal_2014	2	2	dob	2	voiced	usable	124	D	Reversed
Roettger_etal_2014	2	2	dop	2	voiceless	usable	113	D	Reversed
Roettger_etal_2014	2	2	dug	2	voiced	usable	122	B	Normal
Roettger_etal_2014	2	2	duk	2	voiceless	usable	118	B	Normal
Roettger_etal_2014	2	2	fag	2	voiced	usable	170	B	Normal
Roettger_etal_2014	2	2	fak	2	voiceless	usable	140	B	Normal
Roettger_etal_2014	2	2	faub	2	voiced	usable	108	B	Normal
Roettger_etal_2014	2	2	faup	2	voiceless	usable	115	B	Normal
Roettger_etal_2014	2	2	frog	2	voiced	usable	92	D	Reversed
Roettger_etal_2014	2	2	frok	2	voiceless	usable	97	D	Reversed
Roettger_etal_2014	2	2	gag	2	voiced	usable	184	D	Reversed
Roettger_etal_2014	2	2	gak	2	voiceless	usable	147	D	Reversed
Roettger_etal_2014	2	2	gaug	2	voiced	usable	150	D	Reversed
Roettger_etal_2014	2	2	gauk	2	voiceless	usable	150	D	Reversed
Roettger_etal_2014	2	2	gob	2	voiced	usable	108	B	Normal
Roettger_etal_2014	2	2	gop	2	voiceless	usable	98	B	Normal
Roettger_etal_2014	2	2	grieb	2	voiced	usable	100	B	Normal
Roettger_etal_2014	2	2	griep	2	voiceless	usable	90	B	Normal
Roettger_etal_2014	2	2	heg	2	voiced	usable	129	B	Normal
Roettger_etal_2014	2	2	hek	2	voiceless	usable	80	B	Normal
Roettger_etal_2014	2	2	klab	2	voiced	usable	131	B	Normal
Roettger_etal_2014	2	2	klap	2	voiceless	usable	119	B	Normal
Roettger_etal_2014	2	2	mieb	2	voiced	usable	99	D	Reversed
Roettger_etal_2014	2	2	miep	2	voiceless	usable	113	D	Reversed
Roettger_etal_2014	2	2	naub	2	voiced	usable	137	D	Reversed
Roettger_etal_2014	2	2	naup	2	voiceless	usable	131	D	Reversed
Roettger_etal_2014	2	2	prug	2	voiced	usable	74	D	Reversed
Roettger_etal_2014	2	2	pruk	2	voiceless	usable	88	D	Reversed
Roettger_etal_2014	2	2	schlab	2	voiced	usable	116	D	Reversed
Roettger_etal_2014	2	2	schlap	2	voiceless	usable	127	D	Reversed
Roettger_etal_2014	2	2	schrieg	2	voiced	usable	86	D	Reversed
Roettger_etal_2014	2	2	schriek	2	voiceless	usable	69	D	Reversed
Roettger_etal_2014	2	2	staug	2	voiced	usable	130	B	Normal
Roettger_etal_2014	2	2	stauk	2	voiceless	usable	125	B	Normal
Roettger_etal_2014	2	2	streg	2	voiced	usable	113	D	Reversed
Roettger_etal_2014	2	2	strek	2	voiceless	usable	102	D	Reversed
Roettger_etal_2014	2	2	sub	2	voiced	usable	86	D	Reversed
Roettger_etal_2014	2	2	sup	2	voiceless	usable	78	D	Reversed
Roettger_etal_2014	2	2	wub	2	voiced	usable	77	B	Normal
Roettger_etal_2014	2	2	wup	2	voiceless	usable	59	B	Normal
Roettger_etal_2014	2	2	zeb	2	voiced	usable	95	B	Normal
Roettger_etal_2014	2	2	zep	2	voiceless	usable	89	B	Normal
Roettger_etal_2014	2	2	bleb	3	voiced	usable	114	D	Reversed
Roettger_etal_2014	2	2	blep	3	voiceless	usable	93	D	Reversed
Roettger_etal_2014	2	2	blog	3	voiced	usable	107	B	Normal
Roettger_etal_2014	2	2	blok	3	voiceless	usable	93	B	Normal
Roettger_etal_2014	2	2	dieg	3	voiced	usable	105	B	Normal
Roettger_etal_2014	2	2	diek	3	voiceless	usable	79	B	Normal
Roettger_etal_2014	2	2	dob	3	voiced	usable	136	D	Reversed
Roettger_etal_2014	2	2	dop	3	voiceless	usable	114	D	Reversed
Roettger_etal_2014	2	2	dug	3	voiced	usable	107	B	Normal
Roettger_etal_2014	2	2	duk	3	voiceless	usable	98	B	Normal
Roettger_etal_2014	2	2	fag	3	voiced	usable	159	B	Normal
Roettger_etal_2014	2	2	fak	3	voiceless	usable	143	B	Normal
Roettger_etal_2014	2	2	faub	3	voiced	usable	111	B	Normal
Roettger_etal_2014	2	2	faup	3	voiceless	usable	105	B	Normal
Roettger_etal_2014	2	2	frog	3	voiced	usable	114	D	Reversed
Roettger_etal_2014	2	2	frok	3	voiceless	usable	90	D	Reversed
Roettger_etal_2014	2	2	gag	3	voiced	usable	153	D	Reversed
Roettger_etal_2014	2	2	gak	3	voiceless	usable	162	D	Reversed
Roettger_etal_2014	2	2	gaug	3	voiced	usable	148	D	Reversed
Roettger_etal_2014	2	2	gauk	3	voiceless	usable	140	D	Reversed
Roettger_etal_2014	2	2	gob	3	voiced	usable	108	B	Normal
Roettger_etal_2014	2	2	gop	3	voiceless	usable	79	B	Normal
Roettger_etal_2014	2	2	grieb	3	voiced	usable	102	B	Normal
Roettger_etal_2014	2	2	griep	3	voiceless	usable	100	B	Normal
Roettger_etal_2014	2	2	heg	3	voiced	usable	83	B	Normal
Roettger_etal_2014	2	2	hek	3	voiceless	usable	94	B	Normal
Roettger_etal_2014	2	2	klab	3	voiced	usable	141	B	Normal
Roettger_etal_2014	2	2	klap	3	voiceless	usable	126	B	Normal
Roettger_etal_2014	2	2	mieb	3	voiced	usable	107	D	Reversed
Roettger_etal_2014	2	2	miep	3	voiceless	usable	104	D	Reversed
Roettger_etal_2014	2	2	naub	3	voiced	usable	150	D	Reversed
Roettger_etal_2014	2	2	naup	3	voiceless	usable	138	D	Reversed
Roettger_etal_2014	2	2	prug	3	voiced	usable	91	D	Reversed
Roettger_etal_2014	2	2	pruk	3	voiceless	usable	81	D	Reversed
Roettger_etal_2014	2	2	schlab	3	voiced	usable	134	D	Reversed
Roettger_etal_2014	2	2	schlap	3	voiceless	usable	135	D	Reversed
Roettger_etal_2014	2	2	schrieg	3	voiced	usable	102	D	Reversed
Roettger_etal_2014	2	2	schriek	3	voiceless	usable	81	D	Reversed
Roettger_etal_2014	2	2	staug	3	voiced	usable	139	B	Normal
Roettger_etal_2014	2	2	stauk	3	voiceless	usable	131	B	Normal
Roettger_etal_2014	2	2	streg	3	voiced	usable	118	D	Reversed
Roettger_etal_2014	2	2	strek	3	voiceless	usable	117	D	Reversed
Roettger_etal_2014	2	2	sub	3	voiced	usable	128	D	Reversed
Roettger_etal_2014	2	2	sup	3	voiceless	usable	83	D	Reversed
Roettger_etal_2014	2	2	wub	3	voiced	usable	80	B	Normal
Roettger_etal_2014	2	2	wup	3	voiceless	usable	70	B	Normal
Roettger_etal_2014	2	2	zeb	3	voiced	usable	110	B	Normal
Roettger_etal_2014	2	2	zep	3	voiceless	usable	89	B	Normal
Roettger_etal_2014	2	3	baug	1	voiced	usable	142	A	Enhanced
Roettger_etal_2014	2	3	bauk	1	voiceless	usable	147	A	Enhanced
Roettger_etal_2014	2	3	beg	1	voiced	usable	137	A	Enhanced
Roettger_etal_2014	2	3	bek	1	voiceless	usable	100	A	Enhanced
Roettger_etal_2014	2	3	bleb	1	voiced	usable	102	D	Reversed
Roettger_etal_2014	2	3	blep	1	voiceless	usable	91	D	Reversed
Roettger_etal_2014	2	3	blog	1	voiced	usable	101	B	Normal
Roettger_etal_2014	2	3	blok	1	voiceless	usable	122	B	Normal
Roettger_etal_2014	2	3	dab	1	voiced	usable	157	C	Reduced
Roettger_etal_2014	2	3	dag	1	voiced	usable	151	C	Reduced
Roettger_etal_2014	2	3	dak	1	voiceless	usable	177	C	Reduced
Roettger_etal_2014	2	3	dap	1	voiceless	usable	152	C	Reduced
Roettger_etal_2014	2	3	dieg	1	voiced	usable	110	B	Normal
Roettger_etal_2014	2	3	diek	1	voiceless	usable	74	B	Normal
Roettger_etal_2014	2	3	dob	1	voiced	usable	123	D	Reversed
Roettger_etal_2014	2	3	dop	1	voiceless	usable	108	D	Reversed
Roettger_etal_2014	2	3	drub	1	voiced	usable	64	C	Reduced
Roettger_etal_2014	2	3	drup	1	voiceless	usable	126	C	Reduced
Roettger_etal_2014	2	3	dug	1	voiced	usable	82	B	Normal
Roettger_etal_2014	2	3	duk	1	voiceless	usable	80	B	Normal
Roettger_etal_2014	2	3	fag	1	voiced	usable	146	B	Normal
Roettger_etal_2014	2	3	fak	1	voiceless	usable	127	B	Normal
Roettger_etal_2014	2	3	faub	1	voiced	usable	121	B	Normal
Roettger_etal_2014	2	3	faup	1	voiceless	usable	104	B	Normal
Roettger_etal_2014	2	3	flab	1	voiced	usable	131	A	Enhanced
Roettger_etal_2014	2	3	flap	1	voiceless	usable	124	A	Enhanced
Roettger_etal_2014	2	3	fleb	1	voiced	usable	98	C	Reduced
Roettger_etal_2014	2	3	flep	1	voiceless	usable	81	C	Reduced
Roettger_etal_2014	2	3	freb	1	voiced	usable	112	A	Enhanced
Roettger_etal_2014	2	3	frep	1	voiceless	usable	96	A	Enhanced
Roettger_etal_2014	2	3	frob	1	voiced	usable	105	C	Reduced
Roettger_etal_2014	2	3	frog	1	voiced	usable	87	D	Reversed
Roettger_etal_2014	2	3	frok	1	voiceless	usable	85	D	Reversed
Roettger_etal_2014	2	3	frop	1	voiceless	usable	93	C	Reduced
Roettger_etal_2014	2	3	frub	1	voiced	usable	80	A	Enhanced
Roettger_etal_2014	2	3	frup	1	voiceless	usable	103	A	Enhanced
Roettger_etal_2014	2	3	gag	1	voiced	usable	156	D	Reversed
Roettger_etal_2014	2	3	gak	1	voiceless	usable	132	D	Reversed
Roettger_etal_2014	2	3	gaub	1	voiced	usable	136	C	Reduced
Roettger_etal_2014	2	3	gaug	1	voiced	usable	135	D	Reversed
Roettger_etal_2014	2	3	gauk	1	voiceless	usable	128	D	Reversed
Roettger_etal_2014	2	3	gaup	1	voiceless	usable	123	C	Reduced
Roettger_etal_2014	2	3	gleg	1	voiced	usable	104	C	Reduced
Roettger_etal_2014	2	3	glek	1	voiceless	usable	94	C	Reduced
Roettger_etal_2014	2	3	glieb	1	voiced	usable	75	C	Reduced
Roettger_etal_2014	2	3	gliep	1	voiceless	usable	68	C	Reduced
Roettger_etal_2014	2	3	gob	1	voiced	usable	100	B	Normal
Roettger_etal_2014	2	3	gop	1	voiceless	usable	93	B	Normal
Roettger_etal_2014	2	3	grieb	1	voiced	usable	112	B	Normal
Roettger_etal_2014	2	3	griep	1	voiceless	usable	104	B	Normal
Roettger_etal_2014	2	3	heg	1	voiced	usable	96	B	Normal
Roettger_etal_2014	2	3	hek	1	voiceless	usable	94	B	Normal
Roettger_etal_2014	2	3	klab	1	voiced	usable	114	B	Normal
Roettger_etal_2014	2	3	klap	1	voiceless	usable	134	B	Normal
Roettger_etal_2014	2	3	krob	1	voiced	usable	95	A	Enhanced
Roettger_etal_2014	2	3	krop	1	voiceless	usable	70	A	Enhanced
Roettger_etal_2014	2	3	mieb	1	voiced	usable	NA	D	Reversed
Roettger_etal_2014	2	3	miep	1	voiceless	usable	NA	D	Reversed
Roettger_etal_2014	2	3	naub	1	voiced	usable	127	D	Reversed
Roettger_etal_2014	2	3	naug	1	voiced	usable	152	C	Reduced
Roettger_etal_2014	2	3	nauk	1	voiceless	usable	159	C	Reduced
Roettger_etal_2014	2	3	naup	1	voiceless	usable	133	D	Reversed
Roettger_etal_2014	2	3	nug	1	voiced	usable	86	A	Enhanced
Roettger_etal_2014	2	3	nuk	1	voiceless	usable	85	A	Enhanced
Roettger_etal_2014	2	3	prieg	1	voiced	usable	87	A	Enhanced
Roettger_etal_2014	2	3	priek	1	voiceless	usable	75	A	Enhanced
Roettger_etal_2014	2	3	prug	1	voiced	usable	62	D	Reversed
Roettger_etal_2014	2	3	pruk	1	voiceless	usable	78	D	Reversed
Roettger_etal_2014	2	3	rog	1	voiced	usable	103	C	Reduced
Roettger_etal_2014	2	3	rok	1	voiceless	usable	95	C	Reduced
Roettger_etal_2014	2	3	schlab	1	voiced	usable	117	D	Reversed
Roettger_etal_2014	2	3	schlap	1	voiceless	usable	128	D	Reversed
Roettger_etal_2014	2	3	schmaub	1	voiced	usable	126	A	Enhanced
Roettger_etal_2014	2	3	schmaup	1	voiceless	usable	114	A	Enhanced
Roettger_etal_2014	2	3	schrieg	1	voiced	usable	61	D	Reversed
Roettger_etal_2014	2	3	schriek	1	voiceless	usable	73	D	Reversed
Roettger_etal_2014	2	3	schug	1	voiced	usable	73	C	Reduced
Roettger_etal_2014	2	3	schuk	1	voiceless	usable	56	C	Reduced
Roettger_etal_2014	2	3	spag	1	voiced	usable	132	A	Enhanced
Roettger_etal_2014	2	3	spak	1	voiceless	usable	159	A	Enhanced
Roettger_etal_2014	2	3	staug	1	voiced	usable	145	B	Normal
Roettger_etal_2014	2	3	stauk	1	voiceless	usable	107	B	Normal
Roettger_etal_2014	2	3	streg	1	voiced	usable	108	D	Reversed
Roettger_etal_2014	2	3	strek	1	voiceless	usable	99	D	Reversed
Roettger_etal_2014	2	3	sub	1	voiced	usable	70	D	Reversed
Roettger_etal_2014	2	3	sup	1	voiceless	usable	83	D	Reversed
Roettger_etal_2014	2	3	trieg	1	voiced	usable	82	C	Reduced
Roettger_etal_2014	2	3	triek	1	voiceless	usable	64	C	Reduced
Roettger_etal_2014	2	3	wieb	1	voiced	usable	70	A	Enhanced
Roettger_etal_2014	2	3	wiep	1	voiceless	usable	94	A	Enhanced
Roettger_etal_2014	2	3	wub	1	voiced	usable	71	B	Normal
Roettger_etal_2014	2	3	wug	1	voiced	usable	69	A	Enhanced
Roettger_etal_2014	2	3	wuk	1	voiceless	usable	82	A	Enhanced
Roettger_etal_2014	2	3	wup	1	voiceless	usable	65	B	Normal
Roettger_etal_2014	2	3	zeb	1	voiced	usable	91	B	Normal
Roettger_etal_2014	2	3	zep	1	voiceless	usable	96	B	Normal
Roettger_etal_2014	2	3	bleb	2	voiced	usable	119	D	Reversed
Roettger_etal_2014	2	3	blep	2	voiceless	usable	93	D	Reversed
Roettger_etal_2014	2	3	blog	2	voiced	usable	111	B	Normal
Roettger_etal_2014	2	3	blok	2	voiceless	usable	110	B	Normal
Roettger_etal_2014	2	3	dieg	2	voiced	usable	74	B	Normal
Roettger_etal_2014	2	3	diek	2	voiceless	usable	90	B	Normal
Roettger_etal_2014	2	3	dob	2	voiced	usable	109	D	Reversed
Roettger_etal_2014	2	3	dop	2	voiceless	usable	111	D	Reversed
Roettger_etal_2014	2	3	dug	2	voiced	usable	80	B	Normal
Roettger_etal_2014	2	3	duk	2	voiceless	usable	91	B	Normal
Roettger_etal_2014	2	3	fag	2	voiced	usable	120	B	Normal
Roettger_etal_2014	2	3	fak	2	voiceless	usable	117	B	Normal
Roettger_etal_2014	2	3	faub	2	voiced	usable	111	B	Normal
Roettger_etal_2014	2	3	faup	2	voiceless	usable	113	B	Normal
Roettger_etal_2014	2	3	frog	2	voiced	usable	80	D	Reversed
Roettger_etal_2014	2	3	frok	2	voiceless	usable	127	D	Reversed
Roettger_etal_2014	2	3	gag	2	voiced	usable	144	D	Reversed
Roettger_etal_2014	2	3	gak	2	voiceless	usable	137	D	Reversed
Roettger_etal_2014	2	3	gaug	2	voiced	usable	119	D	Reversed
Roettger_etal_2014	2	3	gauk	2	voiceless	usable	138	D	Reversed
Roettger_etal_2014	2	3	gob	2	voiced	usable	111	B	Normal
Roettger_etal_2014	2	3	gop	2	voiceless	usable	85	B	Normal
Roettger_etal_2014	2	3	grieb	2	voiced	usable	135	B	Normal
Roettger_etal_2014	2	3	griep	2	voiceless	usable	85	B	Normal
Roettger_etal_2014	2	3	heg	2	voiced	usable	NA	B	Normal
Roettger_etal_2014	2	3	hek	2	voiceless	usable	NA	B	Normal
Roettger_etal_2014	2	3	klab	2	voiced	usable	NA	B	Normal
Roettger_etal_2014	2	3	klap	2	voiceless	usable	NA	B	Normal
Roettger_etal_2014	2	3	mieb	2	voiced	usable	95	D	Reversed
Roettger_etal_2014	2	3	miep	2	voiceless	usable	92	D	Reversed
Roettger_etal_2014	2	3	naub	2	voiced	usable	124	D	Reversed
Roettger_etal_2014	2	3	naup	2	voiceless	usable	125	D	Reversed
Roettger_etal_2014	2	3	prug	2	voiced	usable	77	D	Reversed
Roettger_etal_2014	2	3	pruk	2	voiceless	usable	169	D	Reversed
Roettger_etal_2014	2	3	schlab	2	voiced	usable	125	D	Reversed
Roettger_etal_2014	2	3	schlap	2	voiceless	usable	122	D	Reversed
Roettger_etal_2014	2	3	schrieg	2	voiced	usable	86	D	Reversed
Roettger_etal_2014	2	3	schriek	2	voiceless	usable	80	D	Reversed
Roettger_etal_2014	2	3	staug	2	voiced	usable	123	B	Normal
Roettger_etal_2014	2	3	stauk	2	voiceless	usable	113	B	Normal
Roettger_etal_2014	2	3	streg	2	voiced	usable	85	D	Reversed
Roettger_etal_2014	2	3	strek	2	voiceless	usable	113	D	Reversed
Roettger_etal_2014	2	3	sub	2	voiced	usable	74	D	Reversed
Roettger_etal_2014	2	3	sup	2	voiceless	usable	87	D	Reversed
Roettger_etal_2014	2	3	wub	2	voiced	usable	89	B	Normal
Roettger_etal_2014	2	3	wup	2	voiceless	usable	58	B	Normal
Roettger_etal_2014	2	3	zeb	2	voiced	usable	86	B	Normal
Roettger_etal_2014	2	3	zep	2	voiceless	usable	97	B	Normal
Roettger_etal_2014	2	3	bleb	3	voiced	usable	93	D	Reversed
Roettger_etal_2014	2	3	blep	3	voiceless	usable	108	D	Reversed
Roettger_etal_2014	2	3	blog	3	voiced	usable	125	B	Normal
Roettger_etal_2014	2	3	blok	3	voiceless	usable	115	B	Normal
Roettger_etal_2014	2	3	dieg	3	voiced	usable	71	B	Normal
Roettger_etal_2014	2	3	diek	3	voiceless	usable	83	B	Normal
Roettger_etal_2014	2	3	dob	3	voiced	usable	123	D	Reversed
Roettger_etal_2014	2	3	dop	3	voiceless	usable	118	D	Reversed
Roettger_etal_2014	2	3	dug	3	voiced	usable	79	B	Normal
Roettger_etal_2014	2	3	duk	3	voiceless	usable	87	B	Normal
Roettger_etal_2014	2	3	fag	3	voiced	usable	122	B	Normal
Roettger_etal_2014	2	3	fak	3	voiceless	usable	115	B	Normal
Roettger_etal_2014	2	3	faub	3	voiced	usable	120	B	Normal
Roettger_etal_2014	2	3	faup	3	voiceless	usable	97	B	Normal
Roettger_etal_2014	2	3	frog	3	voiced	usable	83	D	Reversed
Roettger_etal_2014	2	3	frok	3	voiceless	usable	100	D	Reversed
Roettger_etal_2014	2	3	gag	3	voiced	usable	96	D	Reversed
Roettger_etal_2014	2	3	gak	3	voiceless	usable	136	D	Reversed
Roettger_etal_2014	2	3	gaug	3	voiced	usable	152	D	Reversed
Roettger_etal_2014	2	3	gauk	3	voiceless	usable	129	D	Reversed
Roettger_etal_2014	2	3	gob	3	voiced	usable	111	B	Normal
Roettger_etal_2014	2	3	gop	3	voiceless	usable	126	B	Normal
Roettger_etal_2014	2	3	grieb	3	voiced	usable	117	B	Normal
Roettger_etal_2014	2	3	griep	3	voiceless	usable	106	B	Normal
Roettger_etal_2014	2	3	heg	3	voiced	usable	91	B	Normal
Roettger_etal_2014	2	3	hek	3	voiceless	usable	84	B	Normal
Roettger_etal_2014	2	3	klab	3	voiced	usable	148	B	Normal
Roettger_etal_2014	2	3	klap	3	voiceless	usable	123	B	Normal
Roettger_etal_2014	2	3	mieb	3	voiced	usable	107	D	Reversed
Roettger_etal_2014	2	3	miep	3	voiceless	usable	100	D	Reversed
Roettger_etal_2014	2	3	naub	3	voiced	usable	129	D	Reversed
Roettger_etal_2014	2	3	naup	3	voiceless	usable	141	D	Reversed
Roettger_etal_2014	2	3	prug	3	voiced	usable	68	D	Reversed
Roettger_etal_2014	2	3	pruk	3	voiceless	usable	70	D	Reversed
Roettger_etal_2014	2	3	schlab	3	voiced	usable	135	D	Reversed
Roettger_etal_2014	2	3	schlap	3	voiceless	usable	117	D	Reversed
Roettger_etal_2014	2	3	schrieg	3	voiced	usable	83	D	Reversed
Roettger_etal_2014	2	3	schriek	3	voiceless	usable	83	D	Reversed
Roettger_etal_2014	2	3	staug	3	voiced	usable	148	B	Normal
Roettger_etal_2014	2	3	stauk	3	voiceless	usable	101	B	Normal
Roettger_etal_2014	2	3	streg	3	voiced	usable	108	D	Reversed
Roettger_etal_2014	2	3	strek	3	voiceless	usable	95	D	Reversed
Roettger_etal_2014	2	3	sub	3	voiced	usable	80	D	Reversed
Roettger_etal_2014	2	3	sup	3	voiceless	usable	80	D	Reversed
Roettger_etal_2014	2	3	wub	3	voiced	usable	86	B	Normal
Roettger_etal_2014	2	3	wup	3	voiceless	usable	78	B	Normal
Roettger_etal_2014	2	3	zeb	3	voiced	usable	90	B	Normal
Roettger_etal_2014	2	3	zep	3	voiceless	usable	89	B	Normal
Roettger_etal_2014	2	4	baug	1	voiced	usable	159	A	Enhanced
Roettger_etal_2014	2	4	bauk	1	voiceless	usable	181	A	Enhanced
Roettger_etal_2014	2	4	beg	1	voiced	usable	NA	A	Enhanced
Roettger_etal_2014	2	4	bek	1	voiceless	usable	NA	A	Enhanced
Roettger_etal_2014	2	4	bleb	1	voiced	usable	130	D	Reversed
Roettger_etal_2014	2	4	blep	1	voiceless	usable	111	D	Reversed
Roettger_etal_2014	2	4	blog	1	voiced	usable	127	B	Normal
Roettger_etal_2014	2	4	blok	1	voiceless	usable	116	B	Normal
Roettger_etal_2014	2	4	dab	1	voiced	usable	NA	C	Reduced
Roettger_etal_2014	2	4	dag	1	voiced	usable	149	C	Reduced
Roettger_etal_2014	2	4	dak	1	voiceless	usable	200	C	Reduced
Roettger_etal_2014	2	4	dap	1	voiceless	usable	NA	C	Reduced
Roettger_etal_2014	2	4	dieg	1	voiced	usable	154	B	Normal
Roettger_etal_2014	2	4	diek	1	voiceless	usable	118	B	Normal
Roettger_etal_2014	2	4	dob	1	voiced	usable	112	D	Reversed
Roettger_etal_2014	2	4	dop	1	voiceless	usable	175	D	Reversed
Roettger_etal_2014	2	4	drub	1	voiced	usable	137	C	Reduced
Roettger_etal_2014	2	4	drup	1	voiceless	usable	124	C	Reduced
Roettger_etal_2014	2	4	dug	1	voiced	usable	117	B	Normal
Roettger_etal_2014	2	4	duk	1	voiceless	usable	85	B	Normal
Roettger_etal_2014	2	4	fag	1	voiced	usable	169	B	Normal
Roettger_etal_2014	2	4	fak	1	voiceless	usable	166	B	Normal
Roettger_etal_2014	2	4	faub	1	voiced	usable	160	B	Normal
Roettger_etal_2014	2	4	faup	1	voiceless	usable	120	B	Normal
Roettger_etal_2014	2	4	flab	1	voiced	usable	154	A	Enhanced
Roettger_etal_2014	2	4	flap	1	voiceless	usable	180	A	Enhanced
Roettger_etal_2014	2	4	fleb	1	voiced	usable	115	C	Reduced
Roettger_etal_2014	2	4	flep	1	voiceless	usable	120	C	Reduced
Roettger_etal_2014	2	4	freb	1	voiced	usable	130	A	Enhanced
Roettger_etal_2014	2	4	frep	1	voiceless	usable	126	A	Enhanced
Roettger_etal_2014	2	4	frob	1	voiced	usable	167	C	Reduced
Roettger_etal_2014	2	4	frog	1	voiced	usable	113	D	Reversed
Roettger_etal_2014	2	4	frok	1	voiceless	usable	129	D	Reversed
Roettger_etal_2014	2	4	frop	1	voiceless	usable	98	C	Reduced
Roettger_etal_2014	2	4	frub	1	voiced	usable	144	A	Enhanced
Roettger_etal_2014	2	4	frup	1	voiceless	usable	87	A	Enhanced
Roettger_etal_2014	2	4	gag	1	voiced	usable	212	D	Reversed
Roettger_etal_2014	2	4	gak	1	voiceless	usable	177	D	Reversed
Roettger_etal_2014	2	4	gaub	1	voiced	usable	171	C	Reduced
Roettger_etal_2014	2	4	gaug	1	voiced	usable	177	D	Reversed
Roettger_etal_2014	2	4	gauk	1	voiceless	usable	168	D	Reversed
Roettger_etal_2014	2	4	gaup	1	voiceless	usable	174	C	Reduced
Roettger_etal_2014	2	4	gleg	1	voiced	usable	120	C	Reduced
Roettger_etal_2014	2	4	glek	1	voiceless	usable	110	C	Reduced
Roettger_etal_2014	2	4	glieb	1	voiced	usable	104	C	Reduced
Roettger_etal_2014	2	4	gliep	1	voiceless	usable	96	C	Reduced
Roettger_etal_2014	2	4	gob	1	voiced	usable	NA	B	Normal
Roettger_etal_2014	2	4	gop	1	voiceless	usable	NA	B	Normal
Roettger_etal_2014	2	4	grieb	1	voiced	usable	130	B	Normal
Roettger_etal_2014	2	4	griep	1	voiceless	usable	107	B	Normal
Roettger_etal_2014	2	4	heg	1	voiced	usable	96	B	Normal
Roettger_etal_2014	2	4	hek	1	voiceless	usable	154	B	Normal
Roettger_etal_2014	2	4	klab	1	voiced	usable	212	B	Normal
Roettger_etal_2014	2	4	klap	1	voiceless	usable	162	B	Normal
Roettger_etal_2014	2	4	krob	1	voiced	usable	99	A	Enhanced
Roettger_etal_2014	2	4	krop	1	voiceless	usable	117	A	Enhanced
Roettger_etal_2014	2	4	mieb	1	voiced	usable	NA	D	Reversed
Roettger_etal_2014	2	4	miep	1	voiceless	usable	NA	D	Reversed
Roettger_etal_2014	2	4	naub	1	voiced	usable	NA	D	Reversed
Roettger_etal_2014	2	4	naug	1	voiced	usable	185	C	Reduced
Roettger_etal_2014	2	4	nauk	1	voiceless	usable	166	C	Reduced
Roettger_etal_2014	2	4	naup	1	voiceless	usable	NA	D	Reversed
Roettger_etal_2014	2	4	nug	1	voiced	usable	114	A	Enhanced
Roettger_etal_2014	2	4	nuk	1	voiceless	usable	118	A	Enhanced
Roettger_etal_2014	2	4	prieg	1	voiced	usable	NA	A	Enhanced
Roettger_etal_2014	2	4	priek	1	voiceless	usable	NA	A	Enhanced
Roettger_etal_2014	2	4	prug	1	voiced	usable	NA	D	Reversed
Roettger_etal_2014	2	4	pruk	1	voiceless	usable	NA	D	Reversed
Roettger_etal_2014	2	4	rog	1	voiced	usable	NA	C	Reduced
Roettger_etal_2014	2	4	rok	1	voiceless	usable	NA	C	Reduced
Roettger_etal_2014	2	4	schlab	1	voiced	usable	NA	D	Reversed
Roettger_etal_2014	2	4	schlap	1	voiceless	usable	NA	D	Reversed
Roettger_etal_2014	2	4	schmaub	1	voiced	usable	NA	A	Enhanced
Roettger_etal_2014	2	4	schmaup	1	voiceless	usable	NA	A	Enhanced
Roettger_etal_2014	2	4	schrieg	1	voiced	usable	NA	D	Reversed
Roettger_etal_2014	2	4	schriek	1	voiceless	usable	NA	D	Reversed
Roettger_etal_2014	2	4	schug	1	voiced	usable	68	C	Reduced
Roettger_etal_2014	2	4	schuk	1	voiceless	usable	90	C	Reduced
Roettger_etal_2014	2	4	spag	1	voiced	usable	165	A	Enhanced
Roettger_etal_2014	2	4	spak	1	voiceless	usable	162	A	Enhanced
Roettger_etal_2014	2	4	staug	1	voiced	usable	147	B	Normal
Roettger_etal_2014	2	4	stauk	1	voiceless	usable	148	B	Normal
Roettger_etal_2014	2	4	streg	1	voiced	usable	NA	D	Reversed
Roettger_etal_2014	2	4	strek	1	voiceless	usable	NA	D	Reversed
Roettger_etal_2014	2	4	sub	1	voiced	usable	123	D	Reversed
Roettger_etal_2014	2	4	sup	1	voiceless	usable	118	D	Reversed
Roettger_etal_2014	2	4	trieg	1	voiced	usable	114	C	Reduced
Roettger_etal_2014	2	4	triek	1	voiceless	usable	141	C	Reduced
Roettger_etal_2014	2	4	wieb	1	voiced	usable	127	A	Enhanced
Roettger_etal_2014	2	4	wiep	1	voiceless	usable	114	A	Enhanced
Roettger_etal_2014	2	4	wub	1	voiced	usable	NA	B	Normal
Roettger_etal_2014	2	4	wug	1	voiced	usable	93	A	Enhanced
Roettger_etal_2014	2	4	wuk	1	voiceless	usable	161	A	Enhanced
Roettger_etal_2014	2	4	wup	1	voiceless	usable	NA	B	Normal
Roettger_etal_2014	2	4	zeb	1	voiced	usable	NA	B	Normal
Roettger_etal_2014	2	4	zep	1	voiceless	usable	NA	B	Normal
Roettger_etal_2014	2	4	bleb	2	voiced	usable	138	D	Reversed
Roettger_etal_2014	2	4	blep	2	voiceless	usable	143	D	Reversed
Roettger_etal_2014	2	4	blog	2	voiced	usable	222	B	Normal
Roettger_etal_2014	2	4	blok	2	voiceless	usable	142	B	Normal
Roettger_etal_2014	2	4	dieg	2	voiced	usable	135	B	Normal
Roettger_etal_2014	2	4	diek	2	voiceless	usable	110	B	Normal
Roettger_etal_2014	2	4	dob	2	voiced	usable	169	D	Reversed
Roettger_etal_2014	2	4	dop	2	voiceless	usable	143	D	Reversed
Roettger_etal_2014	2	4	dug	2	voiced	usable	74	B	Normal
Roettger_etal_2014	2	4	duk	2	voiceless	usable	156	B	Normal
Roettger_etal_2014	2	4	fag	2	voiced	usable	186	B	Normal
Roettger_etal_2014	2	4	fak	2	voiceless	usable	141	B	Normal
Roettger_etal_2014	2	4	faub	2	voiced	usable	NA	B	Normal
Roettger_etal_2014	2	4	faup	2	voiceless	usable	NA	B	Normal
Roettger_etal_2014	2	4	frog	2	voiced	usable	108	D	Reversed
Roettger_etal_2014	2	4	frok	2	voiceless	usable	128	D	Reversed
Roettger_etal_2014	2	4	gag	2	voiced	usable	186	D	Reversed
Roettger_etal_2014	2	4	gak	2	voiceless	usable	196	D	Reversed
Roettger_etal_2014	2	4	gaug	2	voiced	usable	197	D	Reversed
Roettger_etal_2014	2	4	gauk	2	voiceless	usable	184	D	Reversed
Roettger_etal_2014	2	4	gob	2	voiced	usable	153	B	Normal
Roettger_etal_2014	2	4	gop	2	voiceless	usable	134	B	Normal
Roettger_etal_2014	2	4	grieb	2	voiced	usable	NA	B	Normal
Roettger_etal_2014	2	4	griep	2	voiceless	usable	NA	B	Normal
Roettger_etal_2014	2	4	heg	2	voiced	usable	160	B	Normal
Roettger_etal_2014	2	4	hek	2	voiceless	usable	158	B	Normal
Roettger_etal_2014	2	4	klab	2	voiced	usable	157	B	Normal
Roettger_etal_2014	2	4	klap	2	voiceless	usable	222	B	Normal
Roettger_etal_2014	2	4	mieb	2	voiced	usable	125	D	Reversed
Roettger_etal_2014	2	4	miep	2	voiceless	usable	123	D	Reversed
Roettger_etal_2014	2	4	naub	2	voiced	usable	NA	D	Reversed
Roettger_etal_2014	2	4	naup	2	voiceless	usable	NA	D	Reversed
Roettger_etal_2014	2	4	prug	2	voiced	usable	NA	D	Reversed
Roettger_etal_2014	2	4	pruk	2	voiceless	usable	NA	D	Reversed
Roettger_etal_2014	2	4	schlab	2	voiced	usable	144	D	Reversed
Roettger_etal_2014	2	4	schlap	2	voiceless	usable	200	D	Reversed
Roettger_etal_2014	2	4	schrieg	2	voiced	usable	99	D	Reversed
Roettger_etal_2014	2	4	schriek	2	voiceless	usable	122	D	Reversed
Roettger_etal_2014	2	4	staug	2	voiced	usable	184	B	Normal
Roettger_etal_2014	2	4	stauk	2	voiceless	usable	185	B	Normal
Roettger_etal_2014	2	4	streg	2	voiced	usable	156	D	Reversed
Roettger_etal_2014	2	4	strek	2	voiceless	usable	133	D	Reversed
Roettger_etal_2014	2	4	sub	2	voiced	usable	112	D	Reversed
Roettger_etal_2014	2	4	sup	2	voiceless	usable	133	D	Reversed
Roettger_etal_2014	2	4	wub	2	voiced	usable	139	B	Normal
Roettger_etal_2014	2	4	wup	2	voiceless	usable	107	B	Normal
Roettger_etal_2014	2	4	zeb	2	voiced	usable	108	B	Normal
Roettger_etal_2014	2	4	zep	2	voiceless	usable	107	B	Normal
Roettger_etal_2014	2	4	bleb	3	voiced	usable	124	D	Reversed
Roettger_etal_2014	2	4	blep	3	voiceless	usable	146	D	Reversed
Roettger_etal_2014	2	4	blog	3	voiced	usable	142	B	Normal
Roettger_etal_2014	2	4	blok	3	voiceless	usable	179	B	Normal
Roettger_etal_2014	2	4	dieg	3	voiced	usable	91	B	Normal
Roettger_etal_2014	2	4	diek	3	voiceless	usable	156	B	Normal
Roettger_etal_2014	2	4	dob	3	voiced	usable	170	D	Reversed
Roettger_etal_2014	2	4	dop	3	voiceless	usable	189	D	Reversed
Roettger_etal_2014	2	4	dug	3	voiced	usable	111	B	Normal
Roettger_etal_2014	2	4	duk	3	voiceless	usable	152	B	Normal
Roettger_etal_2014	2	4	fag	3	voiced	usable	151	B	Normal
Roettger_etal_2014	2	4	fak	3	voiceless	usable	169	B	Normal
Roettger_etal_2014	2	4	faub	3	voiced	usable	NA	B	Normal
Roettger_etal_2014	2	4	faup	3	voiceless	usable	NA	B	Normal
Roettger_etal_2014	2	4	frog	3	voiced	usable	143	D	Reversed
Roettger_etal_2014	2	4	frok	3	voiceless	usable	126	D	Reversed
Roettger_etal_2014	2	4	gag	3	voiced	usable	193	D	Reversed
Roettger_etal_2014	2	4	gak	3	voiceless	usable	180	D	Reversed
Roettger_etal_2014	2	4	gaug	3	voiced	usable	179	D	Reversed
Roettger_etal_2014	2	4	gauk	3	voiceless	usable	233	D	Reversed
Roettger_etal_2014	2	4	gob	3	voiced	usable	174	B	Normal
Roettger_etal_2014	2	4	gop	3	voiceless	usable	155	B	Normal
Roettger_etal_2014	2	4	grieb	3	voiced	usable	145	B	Normal
Roettger_etal_2014	2	4	griep	3	voiceless	usable	164	B	Normal
Roettger_etal_2014	2	4	heg	3	voiced	usable	132	B	Normal
Roettger_etal_2014	2	4	hek	3	voiceless	usable	146	B	Normal
Roettger_etal_2014	2	4	klab	3	voiced	usable	190	B	Normal
Roettger_etal_2014	2	4	klap	3	voiceless	usable	198	B	Normal
Roettger_etal_2014	2	4	mieb	3	voiced	usable	140	D	Reversed
Roettger_etal_2014	2	4	miep	3	voiceless	usable	140	D	Reversed
Roettger_etal_2014	2	4	naub	3	voiced	usable	196	D	Reversed
Roettger_etal_2014	2	4	naup	3	voiceless	usable	177	D	Reversed
Roettger_etal_2014	2	4	prug	3	voiced	usable	NA	D	Reversed
Roettger_etal_2014	2	4	pruk	3	voiceless	usable	NA	D	Reversed
Roettger_etal_2014	2	4	schlab	3	voiced	usable	167	D	Reversed
Roettger_etal_2014	2	4	schlap	3	voiceless	usable	169	D	Reversed
Roettger_etal_2014	2	4	schrieg	3	voiced	usable	111	D	Reversed
Roettger_etal_2014	2	4	schriek	3	voiceless	usable	120	D	Reversed
Roettger_etal_2014	2	4	staug	3	voiced	usable	170	B	Normal
Roettger_etal_2014	2	4	stauk	3	voiceless	usable	170	B	Normal
Roettger_etal_2014	2	4	streg	3	voiced	usable	163	D	Reversed
Roettger_etal_2014	2	4	strek	3	voiceless	usable	146	D	Reversed
Roettger_etal_2014	2	4	sub	3	voiced	usable	128	D	Reversed
Roettger_etal_2014	2	4	sup	3	voiceless	usable	132	D	Reversed
Roettger_etal_2014	2	4	wub	3	voiced	usable	143	B	Normal
Roettger_etal_2014	2	4	wup	3	voiceless	usable	120	B	Normal
Roettger_etal_2014	2	4	zeb	3	voiced	usable	114	B	Normal
Roettger_etal_2014	2	4	zep	3	voiceless	usable	126	B	Normal
Roettger_etal_2014	2	5	baug	1	voiced	usable	159	A	Enhanced
Roettger_etal_2014	2	5	bauk	1	voiceless	usable	156	A	Enhanced
Roettger_etal_2014	2	5	beg	1	voiced	usable	138	A	Enhanced
Roettger_etal_2014	2	5	bek	1	voiceless	usable	112	A	Enhanced
Roettger_etal_2014	2	5	bleb	1	voiced	usable	89	D	Reversed
Roettger_etal_2014	2	5	blep	1	voiceless	usable	84	D	Reversed
Roettger_etal_2014	2	5	blog	1	voiced	usable	91	B	Normal
Roettger_etal_2014	2	5	blok	1	voiceless	usable	121	B	Normal
Roettger_etal_2014	2	5	dab	1	voiced	usable	146	C	Reduced
Roettger_etal_2014	2	5	dag	1	voiced	usable	157	C	Reduced
Roettger_etal_2014	2	5	dak	1	voiceless	usable	174	C	Reduced
Roettger_etal_2014	2	5	dap	1	voiceless	usable	149	C	Reduced
Roettger_etal_2014	2	5	dieg	1	voiced	usable	75	B	Normal
Roettger_etal_2014	2	5	diek	1	voiceless	usable	70	B	Normal
Roettger_etal_2014	2	5	dob	1	voiced	usable	103	D	Reversed
Roettger_etal_2014	2	5	dop	1	voiceless	usable	112	D	Reversed
Roettger_etal_2014	2	5	drub	1	voiced	usable	155	C	Reduced
Roettger_etal_2014	2	5	drup	1	voiceless	usable	85	C	Reduced
Roettger_etal_2014	2	5	dug	1	voiced	usable	109	B	Normal
Roettger_etal_2014	2	5	duk	1	voiceless	usable	83	B	Normal
Roettger_etal_2014	2	5	fag	1	voiced	usable	117	B	Normal
Roettger_etal_2014	2	5	fak	1	voiceless	usable	116	B	Normal
Roettger_etal_2014	2	5	faub	1	voiced	usable	93	B	Normal
Roettger_etal_2014	2	5	faup	1	voiceless	usable	99	B	Normal
Roettger_etal_2014	2	5	flab	1	voiced	usable	115	A	Enhanced
Roettger_etal_2014	2	5	flap	1	voiceless	usable	118	A	Enhanced
Roettger_etal_2014	2	5	fleb	1	voiced	usable	84	C	Reduced
Roettger_etal_2014	2	5	flep	1	voiceless	usable	81	C	Reduced
Roettger_etal_2014	2	5	freb	1	voiced	usable	86	A	Enhanced
Roettger_etal_2014	2	5	frep	1	voiceless	usable	102	A	Enhanced
Roettger_etal_2014	2	5	frob	1	voiced	usable	84	C	Reduced
Roettger_etal_2014	2	5	frog	1	voiced	usable	NA	D	Reversed
Roettger_etal_2014	2	5	frok	1	voiceless	usable	NA	D	Reversed
Roettger_etal_2014	2	5	frop	1	voiceless	usable	98	C	Reduced
Roettger_etal_2014	2	5	frub	1	voiced	usable	54	A	Enhanced
Roettger_etal_2014	2	5	frup	1	voiceless	usable	76	A	Enhanced
Roettger_etal_2014	2	5	gag	1	voiced	usable	154	D	Reversed
Roettger_etal_2014	2	5	gak	1	voiceless	usable	145	D	Reversed
Roettger_etal_2014	2	5	gaub	1	voiced	usable	118	C	Reduced
Roettger_etal_2014	2	5	gaug	1	voiced	usable	170	D	Reversed
Roettger_etal_2014	2	5	gauk	1	voiceless	usable	172	D	Reversed
Roettger_etal_2014	2	5	gaup	1	voiceless	usable	135	C	Reduced
Roettger_etal_2014	2	5	gleg	1	voiced	usable	98	C	Reduced
Roettger_etal_2014	2	5	glek	1	voiceless	usable	103	C	Reduced
Roettger_etal_2014	2	5	glieb	1	voiced	usable	88	C	Reduced
Roettger_etal_2014	2	5	gliep	1	voiceless	usable	97	C	Reduced
Roettger_etal_2014	2	5	gob	1	voiced	usable	103	B	Normal
Roettger_etal_2014	2	5	gop	1	voiceless	usable	110	B	Normal
Roettger_etal_2014	2	5	grieb	1	voiced	usable	109	B	Normal
Roettger_etal_2014	2	5	griep	1	voiceless	usable	103	B	Normal
Roettger_etal_2014	2	5	heg	1	voiced	usable	91	B	Normal
Roettger_etal_2014	2	5	hek	1	voiceless	usable	91	B	Normal
Roettger_etal_2014	2	5	klab	1	voiced	usable	120	B	Normal
Roettger_etal_2014	2	5	klap	1	voiceless	usable	100	B	Normal
Roettger_etal_2014	2	5	krob	1	voiced	usable	93	A	Enhanced
Roettger_etal_2014	2	5	krop	1	voiceless	usable	102	A	Enhanced
Roettger_etal_2014	2	5	mieb	1	voiced	usable	NA	D	Reversed
Roettger_etal_2014	2	5	miep	1	voiceless	usable	NA	D	Reversed
Roettger_etal_2014	2	5	naub	1	voiced	usable	161	D	Reversed
Roettger_etal_2014	2	5	naug	1	voiced	usable	163	C	Reduced
Roettger_etal_2014	2	5	nauk	1	voiceless	usable	145	C	Reduced
Roettger_etal_2014	2	5	naup	1	voiceless	usable	135	D	Reversed
Roettger_etal_2014	2	5	nug	1	voiced	usable	94	A	Enhanced
Roettger_etal_2014	2	5	nuk	1	voiceless	usable	90	A	Enhanced
Roettger_etal_2014	2	5	prieg	1	voiced	usable	74	A	Enhanced
Roettger_etal_2014	2	5	priek	1	voiceless	usable	83	A	Enhanced
Roettger_etal_2014	2	5	prug	1	voiced	usable	74	D	Reversed
Roettger_etal_2014	2	5	pruk	1	voiceless	usable	76	D	Reversed
Roettger_etal_2014	2	5	rog	1	voiced	usable	102	C	Reduced
Roettger_etal_2014	2	5	rok	1	voiceless	usable	122	C	Reduced
Roettger_etal_2014	2	5	schlab	1	voiced	usable	151	D	Reversed
Roettger_etal_2014	2	5	schlap	1	voiceless	usable	102	D	Reversed
Roettger_etal_2014	2	5	schmaub	1	voiced	usable	109	A	Enhanced
Roettger_etal_2014	2	5	schmaup	1	voiceless	usable	108	A	Enhanced
Roettger_etal_2014	2	5	schrieg	1	voiced	usable	76	D	Reversed
Roettger_etal_2014	2	5	schriek	1	voiceless	usable	78	D	Reversed
Roettger_etal_2014	2	5	schug	1	voiced	usable	64	C	Reduced
Roettger_etal_2014	2	5	schuk	1	voiceless	usable	56	C	Reduced
Roettger_etal_2014	2	5	spag	1	voiced	usable	132	A	Enhanced
Roettger_etal_2014	2	5	spak	1	voiceless	usable	123	A	Enhanced
Roettger_etal_2014	2	5	staug	1	voiced	usable	161	B	Normal
Roettger_etal_2014	2	5	stauk	1	voiceless	usable	120	B	Normal
Roettger_etal_2014	2	5	streg	1	voiced	usable	88	D	Reversed
Roettger_etal_2014	2	5	strek	1	voiceless	usable	77	D	Reversed
Roettger_etal_2014	2	5	sub	1	voiced	usable	76	D	Reversed
Roettger_etal_2014	2	5	sup	1	voiceless	usable	90	D	Reversed
Roettger_etal_2014	2	5	trieg	1	voiced	usable	NA	C	Reduced
Roettger_etal_2014	2	5	triek	1	voiceless	usable	NA	C	Reduced
Roettger_etal_2014	2	5	wieb	1	voiced	usable	100	A	Enhanced
Roettger_etal_2014	2	5	wiep	1	voiceless	usable	107	A	Enhanced
Roettger_etal_2014	2	5	wub	1	voiced	usable	101	B	Normal
Roettger_etal_2014	2	5	wug	1	voiced	usable	104	A	Enhanced
Roettger_etal_2014	2	5	wuk	1	voiceless	usable	71	A	Enhanced
Roettger_etal_2014	2	5	wup	1	voiceless	usable	87	B	Normal
Roettger_etal_2014	2	5	zeb	1	voiced	usable	86	B	Normal
Roettger_etal_2014	2	5	zep	1	voiceless	usable	96	B	Normal
Roettger_etal_2014	2	5	bleb	2	voiced	usable	76	D	Reversed
Roettger_etal_2014	2	5	blep	2	voiceless	usable	87	D	Reversed
Roettger_etal_2014	2	5	blog	2	voiced	usable	86	B	Normal
Roettger_etal_2014	2	5	blok	2	voiceless	usable	87	B	Normal
Roettger_etal_2014	2	5	dieg	2	voiced	usable	85	B	Normal
Roettger_etal_2014	2	5	diek	2	voiceless	usable	97	B	Normal
Roettger_etal_2014	2	5	dob	2	voiced	usable	104	D	Reversed
Roettger_etal_2014	2	5	dop	2	voiceless	usable	109	D	Reversed
Roettger_etal_2014	2	5	dug	2	voiced	usable	82	B	Normal
Roettger_etal_2014	2	5	duk	2	voiceless	usable	98	B	Normal
Roettger_etal_2014	2	5	fag	2	voiced	usable	134	B	Normal
Roettger_etal_2014	2	5	fak	2	voiceless	usable	120	B	Normal
Roettger_etal_2014	2	5	faub	2	voiced	usable	85	B	Normal
Roettger_etal_2014	2	5	faup	2	voiceless	usable	104	B	Normal
Roettger_etal_2014	2	5	frog	2	voiced	usable	96	D	Reversed
Roettger_etal_2014	2	5	frok	2	voiceless	usable	89	D	Reversed
Roettger_etal_2014	2	5	gag	2	voiced	usable	151	D	Reversed
Roettger_etal_2014	2	5	gak	2	voiceless	usable	152	D	Reversed
Roettger_etal_2014	2	5	gaug	2	voiced	usable	149	D	Reversed
Roettger_etal_2014	2	5	gauk	2	voiceless	usable	146	D	Reversed
Roettger_etal_2014	2	5	gob	2	voiced	usable	100	B	Normal
Roettger_etal_2014	2	5	gop	2	voiceless	usable	103	B	Normal
Roettger_etal_2014	2	5	grieb	2	voiced	usable	81	B	Normal
Roettger_etal_2014	2	5	griep	2	voiceless	usable	81	B	Normal
Roettger_etal_2014	2	5	heg	2	voiced	usable	92	B	Normal
Roettger_etal_2014	2	5	hek	2	voiceless	usable	100	B	Normal
Roettger_etal_2014	2	5	klab	2	voiced	usable	111	B	Normal
Roettger_etal_2014	2	5	klap	2	voiceless	usable	99	B	Normal
Roettger_etal_2014	2	5	mieb	2	voiced	usable	NA	D	Reversed
Roettger_etal_2014	2	5	miep	2	voiceless	usable	NA	D	Reversed
Roettger_etal_2014	2	5	naub	2	voiced	usable	138	D	Reversed
Roettger_etal_2014	2	5	naup	2	voiceless	usable	131	D	Reversed
Roettger_etal_2014	2	5	prug	2	voiced	usable	70	D	Reversed
Roettger_etal_2014	2	5	pruk	2	voiceless	usable	70	D	Reversed
Roettger_etal_2014	2	5	schlab	2	voiced	usable	140	D	Reversed
Roettger_etal_2014	2	5	schlap	2	voiceless	usable	100	D	Reversed
Roettger_etal_2014	2	5	schrieg	2	voiced	usable	72	D	Reversed
Roettger_etal_2014	2	5	schriek	2	voiceless	usable	56	D	Reversed
Roettger_etal_2014	2	5	staug	2	voiced	usable	125	B	Normal
Roettger_etal_2014	2	5	stauk	2	voiceless	usable	137	B	Normal
Roettger_etal_2014	2	5	streg	2	voiced	usable	83	D	Reversed
Roettger_etal_2014	2	5	strek	2	voiceless	usable	75	D	Reversed
Roettger_etal_2014	2	5	sub	2	voiced	usable	91	D	Reversed
Roettger_etal_2014	2	5	sup	2	voiceless	usable	76	D	Reversed
Roettger_etal_2014	2	5	wub	2	voiced	usable	104	B	Normal
Roettger_etal_2014	2	5	wup	2	voiceless	usable	86	B	Normal
Roettger_etal_2014	2	5	zeb	2	voiced	usable	65	B	Normal
Roettger_etal_2014	2	5	zep	2	voiceless	usable	83	B	Normal
Roettger_etal_2014	2	5	bleb	3	voiced	usable	71	D	Reversed
Roettger_etal_2014	2	5	blep	3	voiceless	usable	72	D	Reversed
Roettger_etal_2014	2	5	blog	3	voiced	usable	82	B	Normal
Roettger_etal_2014	2	5	blok	3	voiceless	usable	111	B	Normal
Roettger_etal_2014	2	5	dieg	3	voiced	usable	70	B	Normal
Roettger_etal_2014	2	5	diek	3	voiceless	usable	78	B	Normal
Roettger_etal_2014	2	5	dob	3	voiced	usable	110	D	Reversed
Roettger_etal_2014	2	5	dop	3	voiceless	usable	94	D	Reversed
Roettger_etal_2014	2	5	dug	3	voiced	usable	90	B	Normal
Roettger_etal_2014	2	5	duk	3	voiceless	usable	82	B	Normal
Roettger_etal_2014	2	5	fag	3	voiced	usable	134	B	Normal
Roettger_etal_2014	2	5	fak	3	voiceless	usable	120	B	Normal
Roettger_etal_2014	2	5	faub	3	voiced	usable	114	B	Normal
Roettger_etal_2014	2	5	faup	3	voiceless	usable	114	B	Normal
Roettger_etal_2014	2	5	frog	3	voiced	usable	96	D	Reversed
Roettger_etal_2014	2	5	frok	3	voiceless	usable	95	D	Reversed
Roettger_etal_2014	2	5	gag	3	voiced	usable	140	D	Reversed
Roettger_etal_2014	2	5	gak	3	voiceless	usable	144	D	Reversed
Roettger_etal_2014	2	5	gaug	3	voiced	usable	149	D	Reversed
Roettger_etal_2014	2	5	gauk	3	voiceless	usable	131	D	Reversed
Roettger_etal_2014	2	5	gob	3	voiced	usable	98	B	Normal
Roettger_etal_2014	2	5	gop	3	voiceless	usable	107	B	Normal
Roettger_etal_2014	2	5	grieb	3	voiced	usable	NA	B	Normal
Roettger_etal_2014	2	5	griep	3	voiceless	usable	NA	B	Normal
Roettger_etal_2014	2	5	heg	3	voiced	usable	93	B	Normal
Roettger_etal_2014	2	5	hek	3	voiceless	usable	94	B	Normal
Roettger_etal_2014	2	5	klab	3	voiced	usable	109	B	Normal
Roettger_etal_2014	2	5	klap	3	voiceless	usable	99	B	Normal
Roettger_etal_2014	2	5	mieb	3	voiced	usable	84	D	Reversed
Roettger_etal_2014	2	5	miep	3	voiceless	usable	91	D	Reversed
Roettger_etal_2014	2	5	naub	3	voiced	usable	146	D	Reversed
Roettger_etal_2014	2	5	naup	3	voiceless	usable	136	D	Reversed
Roettger_etal_2014	2	5	prug	3	voiced	usable	113	D	Reversed
Roettger_etal_2014	2	5	pruk	3	voiceless	usable	59	D	Reversed
Roettger_etal_2014	2	5	schlab	3	voiced	usable	139	D	Reversed
Roettger_etal_2014	2	5	schlap	3	voiceless	usable	126	D	Reversed
Roettger_etal_2014	2	5	schrieg	3	voiced	usable	75	D	Reversed
Roettger_etal_2014	2	5	schriek	3	voiceless	usable	69	D	Reversed
Roettger_etal_2014	2	5	staug	3	voiced	usable	126	B	Normal
Roettger_etal_2014	2	5	stauk	3	voiceless	usable	111	B	Normal
Roettger_etal_2014	2	5	streg	3	voiced	usable	87	D	Reversed
Roettger_etal_2014	2	5	strek	3	voiceless	usable	58	D	Reversed
Roettger_etal_2014	2	5	sub	3	voiced	usable	74	D	Reversed
Roettger_etal_2014	2	5	sup	3	voiceless	usable	76	D	Reversed
Roettger_etal_2014	2	5	wub	3	voiced	usable	98	B	Normal
Roettger_etal_2014	2	5	wup	3	voiceless	usable	95	B	Normal
Roettger_etal_2014	2	5	zeb	3	voiced	usable	81	B	Normal
Roettger_etal_2014	2	5	zep	3	voiceless	usable	90	B	Normal
Roettger_etal_2014	2	6	baug	1	voiced	usable	150	A	Enhanced
Roettger_etal_2014	2	6	bauk	1	voiceless	usable	139	A	Enhanced
Roettger_etal_2014	2	6	beg	1	voiced	usable	134	A	Enhanced
Roettger_etal_2014	2	6	bek	1	voiceless	usable	122	A	Enhanced
Roettger_etal_2014	2	6	bleb	1	voiced	usable	99	D	Reversed
Roettger_etal_2014	2	6	blep	1	voiceless	usable	117	D	Reversed
Roettger_etal_2014	2	6	blog	1	voiced	usable	114	B	Normal
Roettger_etal_2014	2	6	blok	1	voiceless	usable	100	B	Normal
Roettger_etal_2014	2	6	dab	1	voiced	usable	160	C	Reduced
Roettger_etal_2014	2	6	dag	1	voiced	usable	166	C	Reduced
Roettger_etal_2014	2	6	dak	1	voiceless	usable	144	C	Reduced
Roettger_etal_2014	2	6	dap	1	voiceless	usable	162	C	Reduced
Roettger_etal_2014	2	6	dieg	1	voiced	usable	98	B	Normal
Roettger_etal_2014	2	6	diek	1	voiceless	usable	109	B	Normal
Roettger_etal_2014	2	6	dob	1	voiced	usable	128	D	Reversed
Roettger_etal_2014	2	6	dop	1	voiceless	usable	126	D	Reversed
Roettger_etal_2014	2	6	drub	1	voiced	usable	91	C	Reduced
Roettger_etal_2014	2	6	drup	1	voiceless	usable	88	C	Reduced
Roettger_etal_2014	2	6	dug	1	voiced	usable	84	B	Normal
Roettger_etal_2014	2	6	duk	1	voiceless	usable	91	B	Normal
Roettger_etal_2014	2	6	fag	1	voiced	usable	156	B	Normal
Roettger_etal_2014	2	6	fak	1	voiceless	usable	136	B	Normal
Roettger_etal_2014	2	6	faub	1	voiced	usable	114	B	Normal
Roettger_etal_2014	2	6	faup	1	voiceless	usable	132	B	Normal
Roettger_etal_2014	2	6	flab	1	voiced	usable	125	A	Enhanced
Roettger_etal_2014	2	6	flap	1	voiceless	usable	132	A	Enhanced
Roettger_etal_2014	2	6	fleb	1	voiced	usable	99	C	Reduced
Roettger_etal_2014	2	6	flep	1	voiceless	usable	116	C	Reduced
Roettger_etal_2014	2	6	freb	1	voiced	usable	116	A	Enhanced
Roettger_etal_2014	2	6	frep	1	voiceless	usable	121	A	Enhanced
Roettger_etal_2014	2	6	frob	1	voiced	usable	110	C	Reduced
Roettger_etal_2014	2	6	frog	1	voiced	usable	94	D	Reversed
Roettger_etal_2014	2	6	frok	1	voiceless	usable	98	D	Reversed
Roettger_etal_2014	2	6	frop	1	voiceless	usable	76	C	Reduced
Roettger_etal_2014	2	6	frub	1	voiced	usable	91	A	Enhanced
Roettger_etal_2014	2	6	frup	1	voiceless	usable	81	A	Enhanced
Roettger_etal_2014	2	6	gag	1	voiced	usable	189	D	Reversed
Roettger_etal_2014	2	6	gak	1	voiceless	usable	169	D	Reversed
Roettger_etal_2014	2	6	gaub	1	voiced	usable	162	C	Reduced
Roettger_etal_2014	2	6	gaug	1	voiced	usable	185	D	Reversed
Roettger_etal_2014	2	6	gauk	1	voiceless	usable	146	D	Reversed
Roettger_etal_2014	2	6	gaup	1	voiceless	usable	158	C	Reduced
Roettger_etal_2014	2	6	gleg	1	voiced	usable	128	C	Reduced
Roettger_etal_2014	2	6	glek	1	voiceless	usable	98	C	Reduced
Roettger_etal_2014	2	6	glieb	1	voiced	usable	102	C	Reduced
Roettger_etal_2014	2	6	gliep	1	voiceless	usable	96	C	Reduced
Roettger_etal_2014	2	6	gob	1	voiced	usable	121	B	Normal
Roettger_etal_2014	2	6	gop	1	voiceless	usable	126	B	Normal
Roettger_etal_2014	2	6	grieb	1	voiced	usable	156	B	Normal
Roettger_etal_2014	2	6	griep	1	voiceless	usable	142	B	Normal
Roettger_etal_2014	2	6	heg	1	voiced	usable	NA	B	Normal
Roettger_etal_2014	2	6	hek	1	voiceless	usable	NA	B	Normal
Roettger_etal_2014	2	6	klab	1	voiced	usable	118	B	Normal
Roettger_etal_2014	2	6	klap	1	voiceless	usable	143	B	Normal
Roettger_etal_2014	2	6	krob	1	voiced	usable	110	A	Enhanced
Roettger_etal_2014	2	6	krop	1	voiceless	usable	86	A	Enhanced
Roettger_etal_2014	2	6	mieb	1	voiced	usable	89	D	Reversed
Roettger_etal_2014	2	6	miep	1	voiceless	usable	91	D	Reversed
Roettger_etal_2014	2	6	naub	1	voiced	usable	NA	D	Reversed
Roettger_etal_2014	2	6	naug	1	voiced	usable	168	C	Reduced
Roettger_etal_2014	2	6	nauk	1	voiceless	usable	139	C	Reduced
Roettger_etal_2014	2	6	naup	1	voiceless	usable	NA	D	Reversed
Roettger_etal_2014	2	6	nug	1	voiced	usable	86	A	Enhanced
Roettger_etal_2014	2	6	nuk	1	voiceless	usable	107	A	Enhanced
Roettger_etal_2014	2	6	prieg	1	voiced	usable	99	A	Enhanced
Roettger_etal_2014	2	6	priek	1	voiceless	usable	80	A	Enhanced
Roettger_etal_2014	2	6	prug	1	voiced	usable	79	D	Reversed
Roettger_etal_2014	2	6	pruk	1	voiceless	usable	79	D	Reversed
Roettger_etal_2014	2	6	rog	1	voiced	usable	118	C	Reduced
Roettger_etal_2014	2	6	rok	1	voiceless	usable	107	C	Reduced
Roettger_etal_2014	2	6	schlab	1	voiced	usable	149	D	Reversed
Roettger_etal_2014	2	6	schlap	1	voiceless	usable	126	D	Reversed
Roettger_etal_2014	2	6	schmaub	1	voiced	usable	131	A	Enhanced
Roettger_etal_2014	2	6	schmaup	1	voiceless	usable	113	A	Enhanced
Roettger_etal_2014	2	6	schrieg	1	voiced	usable	88	D	Reversed
Roettger_etal_2014	2	6	schriek	1	voiceless	usable	75	D	Reversed
Roettger_etal_2014	2	6	schug	1	voiced	usable	61	C	Reduced
Roettger_etal_2014	2	6	schuk	1	voiceless	usable	68	C	Reduced
Roettger_etal_2014	2	6	spag	1	voiced	usable	156	A	Enhanced
Roettger_etal_2014	2	6	spak	1	voiceless	usable	160	A	Enhanced
Roettger_etal_2014	2	6	staug	1	voiced	usable	136	B	Normal
Roettger_etal_2014	2	6	stauk	1	voiceless	usable	131	B	Normal
Roettger_etal_2014	2	6	streg	1	voiced	usable	109	D	Reversed
Roettger_etal_2014	2	6	strek	1	voiceless	usable	104	D	Reversed
Roettger_etal_2014	2	6	sub	1	voiced	usable	107	D	Reversed
Roettger_etal_2014	2	6	sup	1	voiceless	usable	97	D	Reversed
Roettger_etal_2014	2	6	trieg	1	voiced	usable	90	C	Reduced
Roettger_etal_2014	2	6	triek	1	voiceless	usable	92	C	Reduced
Roettger_etal_2014	2	6	wieb	1	voiced	usable	85	A	Enhanced
Roettger_etal_2014	2	6	wiep	1	voiceless	usable	105	A	Enhanced
Roettger_etal_2014	2	6	wub	1	voiced	usable	72	B	Normal
Roettger_etal_2014	2	6	wug	1	voiced	usable	86	A	Enhanced
Roettger_etal_2014	2	6	wuk	1	voiceless	usable	81	A	Enhanced
Roettger_etal_2014	2	6	wup	1	voiceless	usable	79	B	Normal
Roettger_etal_2014	2	6	zeb	1	voiced	usable	132	B	Normal
Roettger_etal_2014	2	6	zep	1	voiceless	usable	95	B	Normal
Roettger_etal_2014	2	6	bleb	2	voiced	usable	91	D	Reversed
Roettger_etal_2014	2	6	blep	2	voiceless	usable	97	D	Reversed
Roettger_etal_2014	2	6	blog	2	voiced	usable	114	B	Normal
Roettger_etal_2014	2	6	blok	2	voiceless	usable	95	B	Normal
Roettger_etal_2014	2	6	dieg	2	voiced	usable	118	B	Normal
Roettger_etal_2014	2	6	diek	2	voiceless	usable	83	B	Normal
Roettger_etal_2014	2	6	dob	2	voiced	usable	136	D	Reversed
Roettger_etal_2014	2	6	dop	2	voiceless	usable	115	D	Reversed
Roettger_etal_2014	2	6	dug	2	voiced	usable	108	B	Normal
Roettger_etal_2014	2	6	duk	2	voiceless	usable	96	B	Normal
Roettger_etal_2014	2	6	fag	2	voiced	usable	145	B	Normal
Roettger_etal_2014	2	6	fak	2	voiceless	usable	159	B	Normal
Roettger_etal_2014	2	6	faub	2	voiced	usable	129	B	Normal
Roettger_etal_2014	2	6	faup	2	voiceless	usable	127	B	Normal
Roettger_etal_2014	2	6	frog	2	voiced	usable	98	D	Reversed
Roettger_etal_2014	2	6	frok	2	voiceless	usable	95	D	Reversed
Roettger_etal_2014	2	6	gag	2	voiced	usable	161	D	Reversed
Roettger_etal_2014	2	6	gak	2	voiceless	usable	180	D	Reversed
Roettger_etal_2014	2	6	gaug	2	voiced	usable	167	D	Reversed
Roettger_etal_2014	2	6	gauk	2	voiceless	usable	151	D	Reversed
Roettger_etal_2014	2	6	gob	2	voiced	usable	109	B	Normal
Roettger_etal_2014	2	6	gop	2	voiceless	usable	115	B	Normal
Roettger_etal_2014	2	6	grieb	2	voiced	usable	119	B	Normal
Roettger_etal_2014	2	6	griep	2	voiceless	usable	104	B	Normal
Roettger_etal_2014	2	6	heg	2	voiced	usable	105	B	Normal
Roettger_etal_2014	2	6	hek	2	voiceless	usable	93	B	Normal
Roettger_etal_2014	2	6	klab	2	voiced	usable	136	B	Normal
Roettger_etal_2014	2	6	klap	2	voiceless	usable	116	B	Normal
Roettger_etal_2014	2	6	mieb	2	voiced	usable	NA	D	Reversed
Roettger_etal_2014	2	6	miep	2	voiceless	usable	NA	D	Reversed
Roettger_etal_2014	2	6	naub	2	voiced	usable	162	D	Reversed
Roettger_etal_2014	2	6	naup	2	voiceless	usable	142	D	Reversed
Roettger_etal_2014	2	6	prug	2	voiced	usable	NA	D	Reversed
Roettger_etal_2014	2	6	pruk	2	voiceless	usable	NA	D	Reversed
Roettger_etal_2014	2	6	schlab	2	voiced	usable	117	D	Reversed
Roettger_etal_2014	2	6	schlap	2	voiceless	usable	116	D	Reversed
Roettger_etal_2014	2	6	schrieg	2	voiced	usable	114	D	Reversed
Roettger_etal_2014	2	6	schriek	2	voiceless	usable	102	D	Reversed
Roettger_etal_2014	2	6	staug	2	voiced	usable	136	B	Normal
Roettger_etal_2014	2	6	stauk	2	voiceless	usable	131	B	Normal
Roettger_etal_2014	2	6	streg	2	voiced	usable	111	D	Reversed
Roettger_etal_2014	2	6	strek	2	voiceless	usable	118	D	Reversed
Roettger_etal_2014	2	6	sub	2	voiced	usable	92	D	Reversed
Roettger_etal_2014	2	6	sup	2	voiceless	usable	79	D	Reversed
Roettger_etal_2014	2	6	wub	2	voiced	usable	98	B	Normal
Roettger_etal_2014	2	6	wup	2	voiceless	usable	106	B	Normal
Roettger_etal_2014	2	6	zeb	2	voiced	usable	125	B	Normal
Roettger_etal_2014	2	6	zep	2	voiceless	usable	106	B	Normal
Roettger_etal_2014	2	6	bleb	3	voiced	usable	96	D	Reversed
Roettger_etal_2014	2	6	blep	3	voiceless	usable	110	D	Reversed
Roettger_etal_2014	2	6	blog	3	voiced	usable	105	B	Normal
Roettger_etal_2014	2	6	blok	3	voiceless	usable	118	B	Normal
Roettger_etal_2014	2	6	dieg	3	voiced	usable	85	B	Normal
Roettger_etal_2014	2	6	diek	3	voiceless	usable	97	B	Normal
Roettger_etal_2014	2	6	dob	3	voiced	usable	133	D	Reversed
Roettger_etal_2014	2	6	dop	3	voiceless	usable	134	D	Reversed
Roettger_etal_2014	2	6	dug	3	voiced	usable	144	B	Normal
Roettger_etal_2014	2	6	duk	3	voiceless	usable	98	B	Normal
Roettger_etal_2014	2	6	fag	3	voiced	usable	173	B	Normal
Roettger_etal_2014	2	6	fak	3	voiceless	usable	142	B	Normal
Roettger_etal_2014	2	6	faub	3	voiced	usable	137	B	Normal
Roettger_etal_2014	2	6	faup	3	voiceless	usable	111	B	Normal
Roettger_etal_2014	2	6	frog	3	voiced	usable	113	D	Reversed
Roettger_etal_2014	2	6	frok	3	voiceless	usable	109	D	Reversed
Roettger_etal_2014	2	6	gag	3	voiced	usable	157	D	Reversed
Roettger_etal_2014	2	6	gak	3	voiceless	usable	203	D	Reversed
Roettger_etal_2014	2	6	gaug	3	voiced	usable	167	D	Reversed
Roettger_etal_2014	2	6	gauk	3	voiceless	usable	166	D	Reversed
Roettger_etal_2014	2	6	gob	3	voiced	usable	143	B	Normal
Roettger_etal_2014	2	6	gop	3	voiceless	usable	131	B	Normal
Roettger_etal_2014	2	6	grieb	3	voiced	usable	108	B	Normal
Roettger_etal_2014	2	6	griep	3	voiceless	usable	107	B	Normal
Roettger_etal_2014	2	6	heg	3	voiced	usable	101	B	Normal
Roettger_etal_2014	2	6	hek	3	voiceless	usable	116	B	Normal
Roettger_etal_2014	2	6	klab	3	voiced	usable	131	B	Normal
Roettger_etal_2014	2	6	klap	3	voiceless	usable	139	B	Normal
Roettger_etal_2014	2	6	mieb	3	voiced	usable	NA	D	Reversed
Roettger_etal_2014	2	6	miep	3	voiceless	usable	NA	D	Reversed
Roettger_etal_2014	2	6	naub	3	voiced	usable	147	D	Reversed
Roettger_etal_2014	2	6	naup	3	voiceless	usable	145	D	Reversed
Roettger_etal_2014	2	6	prug	3	voiced	usable	73	D	Reversed
Roettger_etal_2014	2	6	pruk	3	voiceless	usable	78	D	Reversed
Roettger_etal_2014	2	6	schlab	3	voiced	usable	123	D	Reversed
Roettger_etal_2014	2	6	schlap	3	voiceless	usable	124	D	Reversed
Roettger_etal_2014	2	6	schrieg	3	voiced	usable	94	D	Reversed
Roettger_etal_2014	2	6	schriek	3	voiceless	usable	112	D	Reversed
Roettger_etal_2014	2	6	staug	3	voiced	usable	141	B	Normal
Roettger_etal_2014	2	6	stauk	3	voiceless	usable	147	B	Normal
Roettger_etal_2014	2	6	streg	3	voiced	usable	117	D	Reversed
Roettger_etal_2014	2	6	strek	3	voiceless	usable	105	D	Reversed
Roettger_etal_2014	2	6	sub	3	voiced	usable	101	D	Reversed
Roettger_etal_2014	2	6	sup	3	voiceless	usable	107	D	Reversed
Roettger_etal_2014	2	6	wub	3	voiced	usable	75	B	Normal
Roettger_etal_2014	2	6	wup	3	voiceless	usable	106	B	Normal
Roettger_etal_2014	2	6	zeb	3	voiced	usable	116	B	Normal
Roettger_etal_2014	2	6	zep	3	voiceless	usable	108	B	Normal
Roettger_etal_2014	2	7	baug	1	voiced	usable	NA	A	Enhanced
Roettger_etal_2014	2	7	bauk	1	voiceless	usable	NA	A	Enhanced
Roettger_etal_2014	2	7	beg	1	voiced	usable	156	A	Enhanced
Roettger_etal_2014	2	7	bek	1	voiceless	usable	144	A	Enhanced
Roettger_etal_2014	2	7	bleb	1	voiced	usable	129	D	Reversed
Roettger_etal_2014	2	7	blep	1	voiceless	usable	131	D	Reversed
Roettger_etal_2014	2	7	blog	1	voiced	usable	120	B	Normal
Roettger_etal_2014	2	7	blok	1	voiceless	usable	128	B	Normal
Roettger_etal_2014	2	7	dab	1	voiced	usable	175	C	Reduced
Roettger_etal_2014	2	7	dag	1	voiced	usable	180	C	Reduced
Roettger_etal_2014	2	7	dak	1	voiceless	usable	183	C	Reduced
Roettger_etal_2014	2	7	dap	1	voiceless	usable	164	C	Reduced
Roettger_etal_2014	2	7	dieg	1	voiced	usable	142	B	Normal
Roettger_etal_2014	2	7	diek	1	voiceless	usable	100	B	Normal
Roettger_etal_2014	2	7	dob	1	voiced	usable	152	D	Reversed
Roettger_etal_2014	2	7	dop	1	voiceless	usable	159	D	Reversed
Roettger_etal_2014	2	7	drub	1	voiced	usable	109	C	Reduced
Roettger_etal_2014	2	7	drup	1	voiceless	usable	103	C	Reduced
Roettger_etal_2014	2	7	dug	1	voiced	usable	129	B	Normal
Roettger_etal_2014	2	7	duk	1	voiceless	usable	118	B	Normal
Roettger_etal_2014	2	7	fag	1	voiced	usable	177	B	Normal
Roettger_etal_2014	2	7	fak	1	voiceless	usable	187	B	Normal
Roettger_etal_2014	2	7	faub	1	voiced	usable	133	B	Normal
Roettger_etal_2014	2	7	faup	1	voiceless	usable	136	B	Normal
Roettger_etal_2014	2	7	flab	1	voiced	usable	160	A	Enhanced
Roettger_etal_2014	2	7	flap	1	voiceless	usable	146	A	Enhanced
Roettger_etal_2014	2	7	fleb	1	voiced	usable	125	C	Reduced
Roettger_etal_2014	2	7	flep	1	voiceless	usable	131	C	Reduced
Roettger_etal_2014	2	7	freb	1	voiced	usable	126	A	Enhanced
Roettger_etal_2014	2	7	frep	1	voiceless	usable	136	A	Enhanced
Roettger_etal_2014	2	7	frob	1	voiced	usable	128	C	Reduced
Roettger_etal_2014	2	7	frog	1	voiced	usable	116	D	Reversed
Roettger_etal_2014	2	7	frok	1	voiceless	usable	137	D	Reversed
Roettger_etal_2014	2	7	frop	1	voiceless	usable	122	C	Reduced
Roettger_etal_2014	2	7	frub	1	voiced	usable	106	A	Enhanced
Roettger_etal_2014	2	7	frup	1	voiceless	usable	109	A	Enhanced
Roettger_etal_2014	2	7	gag	1	voiced	usable	160	D	Reversed
Roettger_etal_2014	2	7	gak	1	voiceless	usable	171	D	Reversed
Roettger_etal_2014	2	7	gaub	1	voiced	usable	171	C	Reduced
Roettger_etal_2014	2	7	gaug	1	voiced	usable	170	D	Reversed
Roettger_etal_2014	2	7	gauk	1	voiceless	usable	188	D	Reversed
Roettger_etal_2014	2	7	gaup	1	voiceless	usable	166	C	Reduced
Roettger_etal_2014	2	7	gleg	1	voiced	usable	140	C	Reduced
Roettger_etal_2014	2	7	glek	1	voiceless	usable	127	C	Reduced
Roettger_etal_2014	2	7	glieb	1	voiced	usable	100	C	Reduced
Roettger_etal_2014	2	7	gliep	1	voiceless	usable	105	C	Reduced
Roettger_etal_2014	2	7	gob	1	voiced	usable	141	B	Normal
Roettger_etal_2014	2	7	gop	1	voiceless	usable	121	B	Normal
Roettger_etal_2014	2	7	grieb	1	voiced	usable	106	B	Normal
Roettger_etal_2014	2	7	griep	1	voiceless	usable	127	B	Normal
Roettger_etal_2014	2	7	heg	1	voiced	usable	124	B	Normal
Roettger_etal_2014	2	7	hek	1	voiceless	usable	142	B	Normal
Roettger_etal_2014	2	7	klab	1	voiced	usable	153	B	Normal
Roettger_etal_2014	2	7	klap	1	voiceless	usable	144	B	Normal
Roettger_etal_2014	2	7	krob	1	voiced	usable	128	A	Enhanced
Roettger_etal_2014	2	7	krop	1	voiceless	usable	124	A	Enhanced
Roettger_etal_2014	2	7	mieb	1	voiced	usable	130	D	Reversed
Roettger_etal_2014	2	7	miep	1	voiceless	usable	129	D	Reversed
Roettger_etal_2014	2	7	naub	1	voiced	usable	154	D	Reversed
Roettger_etal_2014	2	7	naug	1	voiced	usable	184	C	Reduced
Roettger_etal_2014	2	7	nauk	1	voiceless	usable	180	C	Reduced
Roettger_etal_2014	2	7	naup	1	voiceless	usable	162	D	Reversed
Roettger_etal_2014	2	7	nug	1	voiced	usable	141	A	Enhanced
Roettger_etal_2014	2	7	nuk	1	voiceless	usable	121	A	Enhanced
Roettger_etal_2014	2	7	prieg	1	voiced	usable	132	A	Enhanced
Roettger_etal_2014	2	7	priek	1	voiceless	usable	105	A	Enhanced
Roettger_etal_2014	2	7	prug	1	voiced	usable	103	D	Reversed
Roettger_etal_2014	2	7	pruk	1	voiceless	usable	109	D	Reversed
Roettger_etal_2014	2	7	rog	1	voiced	usable	138	C	Reduced
Roettger_etal_2014	2	7	rok	1	voiceless	usable	138	C	Reduced
Roettger_etal_2014	2	7	schlab	1	voiced	usable	139	D	Reversed
Roettger_etal_2014	2	7	schlap	1	voiceless	usable	145	D	Reversed
Roettger_etal_2014	2	7	schmaub	1	voiced	usable	124	A	Enhanced
Roettger_etal_2014	2	7	schmaup	1	voiceless	usable	125	A	Enhanced
Roettger_etal_2014	2	7	schrieg	1	voiced	usable	135	D	Reversed
Roettger_etal_2014	2	7	schriek	1	voiceless	usable	116	D	Reversed
Roettger_etal_2014	2	7	schug	1	voiced	usable	107	C	Reduced
Roettger_etal_2014	2	7	schuk	1	voiceless	usable	97	C	Reduced
Roettger_etal_2014	2	7	spag	1	voiced	usable	181	A	Enhanced
Roettger_etal_2014	2	7	spak	1	voiceless	usable	168	A	Enhanced
Roettger_etal_2014	2	7	staug	1	voiced	usable	186	B	Normal
Roettger_etal_2014	2	7	stauk	1	voiceless	usable	177	B	Normal
Roettger_etal_2014	2	7	streg	1	voiced	usable	124	D	Reversed
Roettger_etal_2014	2	7	strek	1	voiceless	usable	152	D	Reversed
Roettger_etal_2014	2	7	sub	1	voiced	usable	119	D	Reversed
Roettger_etal_2014	2	7	sup	1	voiceless	usable	135	D	Reversed
Roettger_etal_2014	2	7	trieg	1	voiced	usable	120	C	Reduced
Roettger_etal_2014	2	7	triek	1	voiceless	usable	123	C	Reduced
Roettger_etal_2014	2	7	wieb	1	voiced	usable	139	A	Enhanced
Roettger_etal_2014	2	7	wiep	1	voiceless	usable	82	A	Enhanced
Roettger_etal_2014	2	7	wub	1	voiced	usable	104	B	Normal
Roettger_etal_2014	2	7	wug	1	voiced	usable	97	A	Enhanced
Roettger_etal_2014	2	7	wuk	1	voiceless	usable	76	A	Enhanced
Roettger_etal_2014	2	7	wup	1	voiceless	usable	104	B	Normal
Roettger_etal_2014	2	7	zeb	1	voiced	usable	128	B	Normal
Roettger_etal_2014	2	7	zep	1	voiceless	usable	116	B	Normal
Roettger_etal_2014	2	7	bleb	2	voiced	usable	124	D	Reversed
Roettger_etal_2014	2	7	blep	2	voiceless	usable	147	D	Reversed
Roettger_etal_2014	2	7	blog	2	voiced	usable	121	B	Normal
Roettger_etal_2014	2	7	blok	2	voiceless	usable	159	B	Normal
Roettger_etal_2014	2	7	dieg	2	voiced	usable	110	B	Normal
Roettger_etal_2014	2	7	diek	2	voiceless	usable	127	B	Normal
Roettger_etal_2014	2	7	dob	2	voiced	usable	133	D	Reversed
Roettger_etal_2014	2	7	dop	2	voiceless	usable	139	D	Reversed
Roettger_etal_2014	2	7	dug	2	voiced	usable	139	B	Normal
Roettger_etal_2014	2	7	duk	2	voiceless	usable	120	B	Normal
Roettger_etal_2014	2	7	fag	2	voiced	usable	169	B	Normal
Roettger_etal_2014	2	7	fak	2	voiceless	usable	171	B	Normal
Roettger_etal_2014	2	7	faub	2	voiced	usable	165	B	Normal
Roettger_etal_2014	2	7	faup	2	voiceless	usable	123	B	Normal
Roettger_etal_2014	2	7	frog	2	voiced	usable	142	D	Reversed
Roettger_etal_2014	2	7	frok	2	voiceless	usable	132	D	Reversed
Roettger_etal_2014	2	7	gag	2	voiced	usable	157	D	Reversed
Roettger_etal_2014	2	7	gak	2	voiceless	usable	178	D	Reversed
Roettger_etal_2014	2	7	gaug	2	voiced	usable	165	D	Reversed
Roettger_etal_2014	2	7	gauk	2	voiceless	usable	180	D	Reversed
Roettger_etal_2014	2	7	gob	2	voiced	usable	124	B	Normal
Roettger_etal_2014	2	7	gop	2	voiceless	usable	136	B	Normal
Roettger_etal_2014	2	7	grieb	2	voiced	usable	134	B	Normal
Roettger_etal_2014	2	7	griep	2	voiceless	usable	119	B	Normal
Roettger_etal_2014	2	7	heg	2	voiced	usable	103	B	Normal
Roettger_etal_2014	2	7	hek	2	voiceless	usable	126	B	Normal
Roettger_etal_2014	2	7	klab	2	voiced	usable	140	B	Normal
Roettger_etal_2014	2	7	klap	2	voiceless	usable	157	B	Normal
Roettger_etal_2014	2	7	mieb	2	voiced	usable	130	D	Reversed
Roettger_etal_2014	2	7	miep	2	voiceless	usable	106	D	Reversed
Roettger_etal_2014	2	7	naub	2	voiced	usable	147	D	Reversed
Roettger_etal_2014	2	7	naup	2	voiceless	usable	163	D	Reversed
Roettger_etal_2014	2	7	prug	2	voiced	usable	107	D	Reversed
Roettger_etal_2014	2	7	pruk	2	voiceless	usable	102	D	Reversed
Roettger_etal_2014	2	7	schlab	2	voiced	usable	150	D	Reversed
Roettger_etal_2014	2	7	schlap	2	voiceless	usable	143	D	Reversed
Roettger_etal_2014	2	7	schrieg	2	voiced	usable	113	D	Reversed
Roettger_etal_2014	2	7	schriek	2	voiceless	usable	123	D	Reversed
Roettger_etal_2014	2	7	staug	2	voiced	usable	168	B	Normal
Roettger_etal_2014	2	7	stauk	2	voiceless	usable	179	B	Normal
Roettger_etal_2014	2	7	streg	2	voiced	usable	133	D	Reversed
Roettger_etal_2014	2	7	strek	2	voiceless	usable	145	D	Reversed
Roettger_etal_2014	2	7	sub	2	voiced	usable	118	D	Reversed
Roettger_etal_2014	2	7	sup	2	voiceless	usable	133	D	Reversed
Roettger_etal_2014	2	7	wub	2	voiced	usable	92	B	Normal
Roettger_etal_2014	2	7	wup	2	voiceless	usable	92	B	Normal
Roettger_etal_2014	2	7	zeb	2	voiced	usable	165	B	Normal
Roettger_etal_2014	2	7	zep	2	voiceless	usable	130	B	Normal
Roettger_etal_2014	2	7	bleb	3	voiced	usable	123	D	Reversed
Roettger_etal_2014	2	7	blep	3	voiceless	usable	116	D	Reversed
Roettger_etal_2014	2	7	blog	3	voiced	usable	116	B	Normal
Roettger_etal_2014	2	7	blok	3	voiceless	usable	185	B	Normal
Roettger_etal_2014	2	7	dieg	3	voiced	usable	108	B	Normal
Roettger_etal_2014	2	7	diek	3	voiceless	usable	124	B	Normal
Roettger_etal_2014	2	7	dob	3	voiced	usable	129	D	Reversed
Roettger_etal_2014	2	7	dop	3	voiceless	usable	134	D	Reversed
Roettger_etal_2014	2	7	dug	3	voiced	usable	113	B	Normal
Roettger_etal_2014	2	7	duk	3	voiceless	usable	134	B	Normal
Roettger_etal_2014	2	7	fag	3	voiced	usable	151	B	Normal
Roettger_etal_2014	2	7	fak	3	voiceless	usable	172	B	Normal
Roettger_etal_2014	2	7	faub	3	voiced	usable	132	B	Normal
Roettger_etal_2014	2	7	faup	3	voiceless	usable	147	B	Normal
Roettger_etal_2014	2	7	frog	3	voiced	usable	111	D	Reversed
Roettger_etal_2014	2	7	frok	3	voiceless	usable	109	D	Reversed
Roettger_etal_2014	2	7	gag	3	voiced	usable	160	D	Reversed
Roettger_etal_2014	2	7	gak	3	voiceless	usable	164	D	Reversed
Roettger_etal_2014	2	7	gaug	3	voiced	usable	153	D	Reversed
Roettger_etal_2014	2	7	gauk	3	voiceless	usable	166	D	Reversed
Roettger_etal_2014	2	7	gob	3	voiced	usable	119	B	Normal
Roettger_etal_2014	2	7	gop	3	voiceless	usable	147	B	Normal
Roettger_etal_2014	2	7	grieb	3	voiced	usable	124	B	Normal
Roettger_etal_2014	2	7	griep	3	voiceless	usable	107	B	Normal
Roettger_etal_2014	2	7	heg	3	voiced	usable	99	B	Normal
Roettger_etal_2014	2	7	hek	3	voiceless	usable	109	B	Normal
Roettger_etal_2014	2	7	klab	3	voiced	usable	141	B	Normal
Roettger_etal_2014	2	7	klap	3	voiceless	usable	148	B	Normal
Roettger_etal_2014	2	7	mieb	3	voiced	usable	100	D	Reversed
Roettger_etal_2014	2	7	miep	3	voiceless	usable	129	D	Reversed
Roettger_etal_2014	2	7	naub	3	voiced	usable	155	D	Reversed
Roettger_etal_2014	2	7	naup	3	voiceless	usable	137	D	Reversed
Roettger_etal_2014	2	7	prug	3	voiced	usable	102	D	Reversed
Roettger_etal_2014	2	7	pruk	3	voiceless	usable	91	D	Reversed
Roettger_etal_2014	2	7	schlab	3	voiced	usable	142	D	Reversed
Roettger_etal_2014	2	7	schlap	3	voiceless	usable	136	D	Reversed
Roettger_etal_2014	2	7	schrieg	3	voiced	usable	113	D	Reversed
Roettger_etal_2014	2	7	schriek	3	voiceless	usable	115	D	Reversed
Roettger_etal_2014	2	7	staug	3	voiced	usable	144	B	Normal
Roettger_etal_2014	2	7	stauk	3	voiceless	usable	169	B	Normal
Roettger_etal_2014	2	7	streg	3	voiced	usable	120	D	Reversed
Roettger_etal_2014	2	7	strek	3	voiceless	usable	134	D	Reversed
Roettger_etal_2014	2	7	sub	3	voiced	usable	110	D	Reversed
Roettger_etal_2014	2	7	sup	3	voiceless	usable	124	D	Reversed
Roettger_etal_2014	2	7	wub	3	voiced	usable	88	B	Normal
Roettger_etal_2014	2	7	wup	3	voiceless	usable	111	B	Normal
Roettger_etal_2014	2	7	zeb	3	voiced	usable	121	B	Normal
Roettger_etal_2014	2	7	zep	3	voiceless	usable	130	B	Normal
Roettger_etal_2014	2	8	baug	1	voiced	usable	175	A	Enhanced
Roettger_etal_2014	2	8	bauk	1	voiceless	usable	168	A	Enhanced
Roettger_etal_2014	2	8	beg	1	voiced	usable	161	A	Enhanced
Roettger_etal_2014	2	8	bek	1	voiceless	usable	166	A	Enhanced
Roettger_etal_2014	2	8	bleb	1	voiced	usable	125	D	Reversed
Roettger_etal_2014	2	8	blep	1	voiceless	usable	132	D	Reversed
Roettger_etal_2014	2	8	blog	1	voiced	usable	187	B	Normal
Roettger_etal_2014	2	8	blok	1	voiceless	usable	113	B	Normal
Roettger_etal_2014	2	8	dab	1	voiced	usable	174	C	Reduced
Roettger_etal_2014	2	8	dag	1	voiced	usable	183	C	Reduced
Roettger_etal_2014	2	8	dak	1	voiceless	usable	185	C	Reduced
Roettger_etal_2014	2	8	dap	1	voiceless	usable	188	C	Reduced
Roettger_etal_2014	2	8	dieg	1	voiced	usable	114	B	Normal
Roettger_etal_2014	2	8	diek	1	voiceless	usable	106	B	Normal
Roettger_etal_2014	2	8	dob	1	voiced	usable	NA	D	Reversed
Roettger_etal_2014	2	8	dop	1	voiceless	usable	NA	D	Reversed
Roettger_etal_2014	2	8	drub	1	voiced	usable	139	C	Reduced
Roettger_etal_2014	2	8	drup	1	voiceless	usable	98	C	Reduced
Roettger_etal_2014	2	8	dug	1	voiced	usable	152	B	Normal
Roettger_etal_2014	2	8	duk	1	voiceless	usable	119	B	Normal
Roettger_etal_2014	2	8	fag	1	voiced	usable	168	B	Normal
Roettger_etal_2014	2	8	fak	1	voiceless	usable	187	B	Normal
Roettger_etal_2014	2	8	faub	1	voiced	usable	NA	B	Normal
Roettger_etal_2014	2	8	faup	1	voiceless	usable	NA	B	Normal
Roettger_etal_2014	2	8	flab	1	voiced	usable	157	A	Enhanced
Roettger_etal_2014	2	8	flap	1	voiceless	usable	156	A	Enhanced
Roettger_etal_2014	2	8	fleb	1	voiced	usable	122	C	Reduced
Roettger_etal_2014	2	8	flep	1	voiceless	usable	129	C	Reduced
Roettger_etal_2014	2	8	freb	1	voiced	usable	142	A	Enhanced
Roettger_etal_2014	2	8	frep	1	voiceless	usable	110	A	Enhanced
Roettger_etal_2014	2	8	frob	1	voiced	usable	NA	C	Reduced
Roettger_etal_2014	2	8	frog	1	voiced	usable	NA	D	Reversed
Roettger_etal_2014	2	8	frok	1	voiceless	usable	NA	D	Reversed
Roettger_etal_2014	2	8	frop	1	voiceless	usable	NA	C	Reduced
Roettger_etal_2014	2	8	frub	1	voiced	usable	124	A	Enhanced
Roettger_etal_2014	2	8	frup	1	voiceless	usable	95	A	Enhanced
Roettger_etal_2014	2	8	gag	1	voiced	usable	186	D	Reversed
Roettger_etal_2014	2	8	gak	1	voiceless	usable	196	D	Reversed
Roettger_etal_2014	2	8	gaub	1	voiced	usable	174	C	Reduced
Roettger_etal_2014	2	8	gaug	1	voiced	usable	195	D	Reversed
Roettger_etal_2014	2	8	gauk	1	voiceless	usable	170	D	Reversed
Roettger_etal_2014	2	8	gaup	1	voiceless	usable	170	C	Reduced
Roettger_etal_2014	2	8	gleg	1	voiced	usable	NA	C	Reduced
Roettger_etal_2014	2	8	glek	1	voiceless	usable	NA	C	Reduced
Roettger_etal_2014	2	8	glieb	1	voiced	usable	123	C	Reduced
Roettger_etal_2014	2	8	gliep	1	voiceless	usable	89	C	Reduced
Roettger_etal_2014	2	8	gob	1	voiced	usable	NA	B	Normal
Roettger_etal_2014	2	8	gop	1	voiceless	usable	NA	B	Normal
Roettger_etal_2014	2	8	grieb	1	voiced	usable	117	B	Normal
Roettger_etal_2014	2	8	griep	1	voiceless	usable	124	B	Normal
Roettger_etal_2014	2	8	heg	1	voiced	usable	136	B	Normal
Roettger_etal_2014	2	8	hek	1	voiceless	usable	118	B	Normal
Roettger_etal_2014	2	8	klab	1	voiced	usable	NA	B	Normal
Roettger_etal_2014	2	8	klap	1	voiceless	usable	NA	B	Normal
Roettger_etal_2014	2	8	krob	1	voiced	usable	NA	A	Enhanced
Roettger_etal_2014	2	8	krop	1	voiceless	usable	NA	A	Enhanced
Roettger_etal_2014	2	8	mieb	1	voiced	usable	127	D	Reversed
Roettger_etal_2014	2	8	miep	1	voiceless	usable	115	D	Reversed
Roettger_etal_2014	2	8	naub	1	voiced	usable	201	D	Reversed
Roettger_etal_2014	2	8	naug	1	voiced	usable	NA	C	Reduced
Roettger_etal_2014	2	8	nauk	1	voiceless	usable	NA	C	Reduced
Roettger_etal_2014	2	8	naup	1	voiceless	usable	156	D	Reversed
Roettger_etal_2014	2	8	nug	1	voiced	usable	NA	A	Enhanced
Roettger_etal_2014	2	8	nuk	1	voiceless	usable	NA	A	Enhanced
Roettger_etal_2014	2	8	prieg	1	voiced	usable	NA	A	Enhanced
Roettger_etal_2014	2	8	priek	1	voiceless	usable	NA	A	Enhanced
Roettger_etal_2014	2	8	prug	1	voiced	usable	137	D	Reversed
Roettger_etal_2014	2	8	pruk	1	voiceless	usable	117	D	Reversed
Roettger_etal_2014	2	8	rog	1	voiced	usable	151	C	Reduced
Roettger_etal_2014	2	8	rok	1	voiceless	usable	162	C	Reduced
Roettger_etal_2014	2	8	schlab	1	voiced	usable	NA	D	Reversed
Roettger_etal_2014	2	8	schlap	1	voiceless	usable	NA	D	Reversed
Roettger_etal_2014	2	8	schmaub	1	voiced	usable	186	A	Enhanced
Roettger_etal_2014	2	8	schmaup	1	voiceless	usable	178	A	Enhanced
Roettger_etal_2014	2	8	schrieg	1	voiced	usable	125	D	Reversed
Roettger_etal_2014	2	8	schriek	1	voiceless	usable	120	D	Reversed
Roettger_etal_2014	2	8	schug	1	voiced	usable	116	C	Reduced
Roettger_etal_2014	2	8	schuk	1	voiceless	usable	112	C	Reduced
Roettger_etal_2014	2	8	spag	1	voiced	usable	196	A	Enhanced
Roettger_etal_2014	2	8	spak	1	voiceless	usable	190	A	Enhanced
Roettger_etal_2014	2	8	staug	1	voiced	usable	184	B	Normal
Roettger_etal_2014	2	8	stauk	1	voiceless	usable	183	B	Normal
Roettger_etal_2014	2	8	streg	1	voiced	usable	146	D	Reversed
Roettger_etal_2014	2	8	strek	1	voiceless	usable	160	D	Reversed
Roettger_etal_2014	2	8	sub	1	voiced	usable	109	D	Reversed
Roettger_etal_2014	2	8	sup	1	voiceless	usable	116	D	Reversed
Roettger_etal_2014	2	8	trieg	1	voiced	usable	168	C	Reduced
Roettger_etal_2014	2	8	triek	1	voiceless	usable	137	C	Reduced
Roettger_etal_2014	2	8	wieb	1	voiced	usable	NA	A	Enhanced
Roettger_etal_2014	2	8	wiep	1	voiceless	usable	NA	A	Enhanced
Roettger_etal_2014	2	8	wub	1	voiced	usable	118	B	Normal
Roettger_etal_2014	2	8	wug	1	voiced	usable	112	A	Enhanced
Roettger_etal_2014	2	8	wuk	1	voiceless	usable	119	A	Enhanced
Roettger_etal_2014	2	8	wup	1	voiceless	usable	112	B	Normal
Roettger_etal_2014	2	8	zeb	1	voiced	usable	NA	B	Normal
Roettger_etal_2014	2	8	zep	1	voiceless	usable	NA	B	Normal
Roettger_etal_2014	2	8	bleb	2	voiced	usable	123	D	Reversed
Roettger_etal_2014	2	8	blep	2	voiceless	usable	130	D	Reversed
Roettger_etal_2014	2	8	blog	2	voiced	usable	NA	B	Normal
Roettger_etal_2014	2	8	blok	2	voiceless	usable	NA	B	Normal
Roettger_etal_2014	2	8	dieg	2	voiced	usable	148	B	Normal
Roettger_etal_2014	2	8	diek	2	voiceless	usable	107	B	Normal
Roettger_etal_2014	2	8	dob	2	voiced	usable	137	D	Reversed
Roettger_etal_2014	2	8	dop	2	voiceless	usable	155	D	Reversed
Roettger_etal_2014	2	8	dug	2	voiced	usable	174	B	Normal
Roettger_etal_2014	2	8	duk	2	voiceless	usable	129	B	Normal
Roettger_etal_2014	2	8	fag	2	voiced	usable	163	B	Normal
Roettger_etal_2014	2	8	fak	2	voiceless	usable	155	B	Normal
Roettger_etal_2014	2	8	faub	2	voiced	usable	155	B	Normal
Roettger_etal_2014	2	8	faup	2	voiceless	usable	138	B	Normal
Roettger_etal_2014	2	8	frog	2	voiced	usable	113	D	Reversed
Roettger_etal_2014	2	8	frok	2	voiceless	usable	123	D	Reversed
Roettger_etal_2014	2	8	gag	2	voiced	usable	185	D	Reversed
Roettger_etal_2014	2	8	gak	2	voiceless	usable	176	D	Reversed
Roettger_etal_2014	2	8	gaug	2	voiced	usable	160	D	Reversed
Roettger_etal_2014	2	8	gauk	2	voiceless	usable	144	D	Reversed
Roettger_etal_2014	2	8	gob	2	voiced	usable	NA	B	Normal
Roettger_etal_2014	2	8	gop	2	voiceless	usable	NA	B	Normal
Roettger_etal_2014	2	8	grieb	2	voiced	usable	NA	B	Normal
Roettger_etal_2014	2	8	griep	2	voiceless	usable	NA	B	Normal
Roettger_etal_2014	2	8	heg	2	voiced	usable	124	B	Normal
Roettger_etal_2014	2	8	hek	2	voiceless	usable	165	B	Normal
Roettger_etal_2014	2	8	klab	2	voiced	usable	169	B	Normal
Roettger_etal_2014	2	8	klap	2	voiceless	usable	137	B	Normal
Roettger_etal_2014	2	8	mieb	2	voiced	usable	114	D	Reversed
Roettger_etal_2014	2	8	miep	2	voiceless	usable	115	D	Reversed
Roettger_etal_2014	2	8	naub	2	voiced	usable	177	D	Reversed
Roettger_etal_2014	2	8	naup	2	voiceless	usable	114	D	Reversed
Roettger_etal_2014	2	8	prug	2	voiced	usable	99	D	Reversed
Roettger_etal_2014	2	8	pruk	2	voiceless	usable	98	D	Reversed
Roettger_etal_2014	2	8	schlab	2	voiced	usable	145	D	Reversed
Roettger_etal_2014	2	8	schlap	2	voiceless	usable	137	D	Reversed
Roettger_etal_2014	2	8	schrieg	2	voiced	usable	128	D	Reversed
Roettger_etal_2014	2	8	schriek	2	voiceless	usable	101	D	Reversed
Roettger_etal_2014	2	8	staug	2	voiced	usable	166	B	Normal
Roettger_etal_2014	2	8	stauk	2	voiceless	usable	154	B	Normal
Roettger_etal_2014	2	8	streg	2	voiced	usable	181	D	Reversed
Roettger_etal_2014	2	8	strek	2	voiceless	usable	148	D	Reversed
Roettger_etal_2014	2	8	sub	2	voiced	usable	108	D	Reversed
Roettger_etal_2014	2	8	sup	2	voiceless	usable	126	D	Reversed
Roettger_etal_2014	2	8	wub	2	voiced	usable	102	B	Normal
Roettger_etal_2014	2	8	wup	2	voiceless	usable	116	B	Normal
Roettger_etal_2014	2	8	zeb	2	voiced	usable	132	B	Normal
Roettger_etal_2014	2	8	zep	2	voiceless	usable	107	B	Normal
Roettger_etal_2014	2	8	bleb	3	voiced	usable	123	D	Reversed
Roettger_etal_2014	2	8	blep	3	voiceless	usable	100	D	Reversed
Roettger_etal_2014	2	8	blog	3	voiced	usable	NA	B	Normal
Roettger_etal_2014	2	8	blok	3	voiceless	usable	NA	B	Normal
Roettger_etal_2014	2	8	dieg	3	voiced	usable	106	B	Normal
Roettger_etal_2014	2	8	diek	3	voiceless	usable	102	B	Normal
Roettger_etal_2014	2	8	dob	3	voiced	usable	123	D	Reversed
Roettger_etal_2014	2	8	dop	3	voiceless	usable	123	D	Reversed
Roettger_etal_2014	2	8	dug	3	voiced	usable	117	B	Normal
Roettger_etal_2014	2	8	duk	3	voiceless	usable	109	B	Normal
Roettger_etal_2014	2	8	fag	3	voiced	usable	164	B	Normal
Roettger_etal_2014	2	8	fak	3	voiceless	usable	146	B	Normal
Roettger_etal_2014	2	8	faub	3	voiced	usable	112	B	Normal
Roettger_etal_2014	2	8	faup	3	voiceless	usable	126	B	Normal
Roettger_etal_2014	2	8	frog	3	voiced	usable	NA	D	Reversed
Roettger_etal_2014	2	8	frok	3	voiceless	usable	NA	D	Reversed
Roettger_etal_2014	2	8	gag	3	voiced	usable	157	D	Reversed
Roettger_etal_2014	2	8	gak	3	voiceless	usable	153	D	Reversed
Roettger_etal_2014	2	8	gaug	3	voiced	usable	157	D	Reversed
Roettger_etal_2014	2	8	gauk	3	voiceless	usable	170	D	Reversed
Roettger_etal_2014	2	8	gob	3	voiced	usable	NA	B	Normal
Roettger_etal_2014	2	8	gop	3	voiceless	usable	NA	B	Normal
Roettger_etal_2014	2	8	grieb	3	voiced	usable	107	B	Normal
Roettger_etal_2014	2	8	griep	3	voiceless	usable	101	B	Normal
Roettger_etal_2014	2	8	heg	3	voiced	usable	133	B	Normal
Roettger_etal_2014	2	8	hek	3	voiceless	usable	119	B	Normal
Roettger_etal_2014	2	8	klab	3	voiced	usable	128	B	Normal
Roettger_etal_2014	2	8	klap	3	voiceless	usable	137	B	Normal
Roettger_etal_2014	2	8	mieb	3	voiced	usable	111	D	Reversed
Roettger_etal_2014	2	8	miep	3	voiceless	usable	105	D	Reversed
Roettger_etal_2014	2	8	naub	3	voiced	usable	149	D	Reversed
Roettger_etal_2014	2	8	naup	3	voiceless	usable	146	D	Reversed
Roettger_etal_2014	2	8	prug	3	voiced	usable	99	D	Reversed
Roettger_etal_2014	2	8	pruk	3	voiceless	usable	93	D	Reversed
Roettger_etal_2014	2	8	schlab	3	voiced	usable	134	D	Reversed
Roettger_etal_2014	2	8	schlap	3	voiceless	usable	140	D	Reversed
Roettger_etal_2014	2	8	schrieg	3	voiced	usable	131	D	Reversed
Roettger_etal_2014	2	8	schriek	3	voiceless	usable	60	D	Reversed
Roettger_etal_2014	2	8	staug	3	voiced	usable	157	B	Normal
Roettger_etal_2014	2	8	stauk	3	voiceless	usable	144	B	Normal
Roettger_etal_2014	2	8	streg	3	voiced	usable	138	D	Reversed
Roettger_etal_2014	2	8	strek	3	voiceless	usable	132	D	Reversed
Roettger_etal_2014	2	8	sub	3	voiced	usable	103	D	Reversed
Roettger_etal_2014	2	8	sup	3	voiceless	usable	93	D	Reversed
Roettger_etal_2014	2	8	wub	3	voiced	usable	104	B	Normal
Roettger_etal_2014	2	8	wup	3	voiceless	usable	95	B	Normal
Roettger_etal_2014	2	8	zeb	3	voiced	usable	115	B	Normal
Roettger_etal_2014	2	8	zep	3	voiceless	usable	128	B	Normal
Roettger_etal_2014	2	9	baug	1	voiced	usable	195	A	Enhanced
Roettger_etal_2014	2	9	bauk	1	voiceless	usable	175	A	Enhanced
Roettger_etal_2014	2	9	beg	1	voiced	usable	172	A	Enhanced
Roettger_etal_2014	2	9	bek	1	voiceless	usable	172	A	Enhanced
Roettger_etal_2014	2	9	bleb	1	voiced	usable	136	D	Reversed
Roettger_etal_2014	2	9	blep	1	voiceless	usable	148	D	Reversed
Roettger_etal_2014	2	9	blog	1	voiced	usable	NA	B	Normal
Roettger_etal_2014	2	9	blok	1	voiceless	usable	NA	B	Normal
Roettger_etal_2014	2	9	dab	1	voiced	usable	194	C	Reduced
Roettger_etal_2014	2	9	dag	1	voiced	usable	205	C	Reduced
Roettger_etal_2014	2	9	dak	1	voiceless	usable	211	C	Reduced
Roettger_etal_2014	2	9	dap	1	voiceless	usable	186	C	Reduced
Roettger_etal_2014	2	9	dieg	1	voiced	usable	157	B	Normal
Roettger_etal_2014	2	9	diek	1	voiceless	usable	139	B	Normal
Roettger_etal_2014	2	9	dob	1	voiced	usable	191	D	Reversed
Roettger_etal_2014	2	9	dop	1	voiceless	usable	155	D	Reversed
Roettger_etal_2014	2	9	drub	1	voiced	usable	134	C	Reduced
Roettger_etal_2014	2	9	drup	1	voiceless	usable	139	C	Reduced
Roettger_etal_2014	2	9	dug	1	voiced	usable	113	B	Normal
Roettger_etal_2014	2	9	duk	1	voiceless	usable	134	B	Normal
Roettger_etal_2014	2	9	fag	1	voiced	usable	204	B	Normal
Roettger_etal_2014	2	9	fak	1	voiceless	usable	179	B	Normal
Roettger_etal_2014	2	9	faub	1	voiced	usable	169	B	Normal
Roettger_etal_2014	2	9	faup	1	voiceless	usable	164	B	Normal
Roettger_etal_2014	2	9	flab	1	voiced	usable	176	A	Enhanced
Roettger_etal_2014	2	9	flap	1	voiceless	usable	152	A	Enhanced
Roettger_etal_2014	2	9	fleb	1	voiced	usable	124	C	Reduced
Roettger_etal_2014	2	9	flep	1	voiceless	usable	142	C	Reduced
Roettger_etal_2014	2	9	freb	1	voiced	usable	166	A	Enhanced
Roettger_etal_2014	2	9	frep	1	voiceless	usable	132	A	Enhanced
Roettger_etal_2014	2	9	frob	1	voiced	usable	NA	C	Reduced
Roettger_etal_2014	2	9	frog	1	voiced	usable	NA	D	Reversed
Roettger_etal_2014	2	9	frok	1	voiceless	usable	NA	D	Reversed
Roettger_etal_2014	2	9	frop	1	voiceless	usable	NA	C	Reduced
Roettger_etal_2014	2	9	frub	1	voiced	usable	134	A	Enhanced
Roettger_etal_2014	2	9	frup	1	voiceless	usable	140	A	Enhanced
Roettger_etal_2014	2	9	gag	1	voiced	usable	214	D	Reversed
Roettger_etal_2014	2	9	gak	1	voiceless	usable	197	D	Reversed
Roettger_etal_2014	2	9	gaub	1	voiced	usable	179	C	Reduced
Roettger_etal_2014	2	9	gaug	1	voiced	usable	194	D	Reversed
Roettger_etal_2014	2	9	gauk	1	voiceless	usable	188	D	Reversed
Roettger_etal_2014	2	9	gaup	1	voiceless	usable	158	C	Reduced
Roettger_etal_2014	2	9	gleg	1	voiced	usable	148	C	Reduced
Roettger_etal_2014	2	9	glek	1	voiceless	usable	159	C	Reduced
Roettger_etal_2014	2	9	glieb	1	voiced	usable	133	C	Reduced
Roettger_etal_2014	2	9	gliep	1	voiceless	usable	145	C	Reduced
Roettger_etal_2014	2	9	gob	1	voiced	usable	174	B	Normal
Roettger_etal_2014	2	9	gop	1	voiceless	usable	123	B	Normal
Roettger_etal_2014	2	9	grieb	1	voiced	usable	153	B	Normal
Roettger_etal_2014	2	9	griep	1	voiceless	usable	113	B	Normal
Roettger_etal_2014	2	9	heg	1	voiced	usable	168	B	Normal
Roettger_etal_2014	2	9	hek	1	voiceless	usable	127	B	Normal
Roettger_etal_2014	2	9	klab	1	voiced	usable	167	B	Normal
Roettger_etal_2014	2	9	klap	1	voiceless	usable	183	B	Normal
Roettger_etal_2014	2	9	krob	1	voiced	usable	135	A	Enhanced
Roettger_etal_2014	2	9	krop	1	voiceless	usable	148	A	Enhanced
Roettger_etal_2014	2	9	mieb	1	voiced	usable	147	D	Reversed
Roettger_etal_2014	2	9	miep	1	voiceless	usable	123	D	Reversed
Roettger_etal_2014	2	9	naub	1	voiced	usable	155	D	Reversed
Roettger_etal_2014	2	9	naug	1	voiced	usable	181	C	Reduced
Roettger_etal_2014	2	9	nauk	1	voiceless	usable	178	C	Reduced
Roettger_etal_2014	2	9	naup	1	voiceless	usable	175	D	Reversed
Roettger_etal_2014	2	9	nug	1	voiced	usable	151	A	Enhanced
Roettger_etal_2014	2	9	nuk	1	voiceless	usable	141	A	Enhanced
Roettger_etal_2014	2	9	prieg	1	voiced	usable	158	A	Enhanced
Roettger_etal_2014	2	9	priek	1	voiceless	usable	133	A	Enhanced
Roettger_etal_2014	2	9	prug	1	voiced	usable	127	D	Reversed
Roettger_etal_2014	2	9	pruk	1	voiceless	usable	116	D	Reversed
Roettger_etal_2014	2	9	rog	1	voiced	usable	163	C	Reduced
Roettger_etal_2014	2	9	rok	1	voiceless	usable	165	C	Reduced
Roettger_etal_2014	2	9	schlab	1	voiced	usable	162	D	Reversed
Roettger_etal_2014	2	9	schlap	1	voiceless	usable	186	D	Reversed
Roettger_etal_2014	2	9	schmaub	1	voiced	usable	NA	A	Enhanced
Roettger_etal_2014	2	9	schmaup	1	voiceless	usable	NA	A	Enhanced
Roettger_etal_2014	2	9	schrieg	1	voiced	usable	129	D	Reversed
Roettger_etal_2014	2	9	schriek	1	voiceless	usable	152	D	Reversed
Roettger_etal_2014	2	9	schug	1	voiced	usable	138	C	Reduced
Roettger_etal_2014	2	9	schuk	1	voiceless	usable	99	C	Reduced
Roettger_etal_2014	2	9	spag	1	voiced	usable	212	A	Enhanced
Roettger_etal_2014	2	9	spak	1	voiceless	usable	199	A	Enhanced
Roettger_etal_2014	2	9	staug	1	voiced	usable	179	B	Normal
Roettger_etal_2014	2	9	stauk	1	voiceless	usable	162	B	Normal
Roettger_etal_2014	2	9	streg	1	voiced	usable	179	D	Reversed
Roettger_etal_2014	2	9	strek	1	voiceless	usable	160	D	Reversed
Roettger_etal_2014	2	9	sub	1	voiced	usable	134	D	Reversed
Roettger_etal_2014	2	9	sup	1	voiceless	usable	127	D	Reversed
Roettger_etal_2014	2	9	trieg	1	voiced	usable	132	C	Reduced
Roettger_etal_2014	2	9	triek	1	voiceless	usable	107	C	Reduced
Roettger_etal_2014	2	9	wieb	1	voiced	usable	119	A	Enhanced
Roettger_etal_2014	2	9	wiep	1	voiceless	usable	135	A	Enhanced
Roettger_etal_2014	2	9	wub	1	voiced	usable	112	B	Normal
Roettger_etal_2014	2	9	wug	1	voiced	usable	135	A	Enhanced
Roettger_etal_2014	2	9	wuk	1	voiceless	usable	137	A	Enhanced
Roettger_etal_2014	2	9	wup	1	voiceless	usable	123	B	Normal
Roettger_etal_2014	2	9	zeb	1	voiced	usable	119	B	Normal
Roettger_etal_2014	2	9	zep	1	voiceless	usable	132	B	Normal
Roettger_etal_2014	2	9	bleb	2	voiced	usable	166	D	Reversed
Roettger_etal_2014	2	9	blep	2	voiceless	usable	143	D	Reversed
Roettger_etal_2014	2	9	blog	2	voiced	usable	164	B	Normal
Roettger_etal_2014	2	9	blok	2	voiceless	usable	136	B	Normal
Roettger_etal_2014	2	9	dieg	2	voiced	usable	145	B	Normal
Roettger_etal_2014	2	9	diek	2	voiceless	usable	134	B	Normal
Roettger_etal_2014	2	9	dob	2	voiced	usable	175	D	Reversed
Roettger_etal_2014	2	9	dop	2	voiceless	usable	170	D	Reversed
Roettger_etal_2014	2	9	dug	2	voiced	usable	137	B	Normal
Roettger_etal_2014	2	9	duk	2	voiceless	usable	140	B	Normal
Roettger_etal_2014	2	9	fag	2	voiced	usable	207	B	Normal
Roettger_etal_2014	2	9	fak	2	voiceless	usable	179	B	Normal
Roettger_etal_2014	2	9	faub	2	voiced	usable	163	B	Normal
Roettger_etal_2014	2	9	faup	2	voiceless	usable	145	B	Normal
Roettger_etal_2014	2	9	frog	2	voiced	usable	151	D	Reversed
Roettger_etal_2014	2	9	frok	2	voiceless	usable	164	D	Reversed
Roettger_etal_2014	2	9	gag	2	voiced	usable	207	D	Reversed
Roettger_etal_2014	2	9	gak	2	voiceless	usable	199	D	Reversed
Roettger_etal_2014	2	9	gaug	2	voiced	usable	176	D	Reversed
Roettger_etal_2014	2	9	gauk	2	voiceless	usable	192	D	Reversed
Roettger_etal_2014	2	9	gob	2	voiced	usable	171	B	Normal
Roettger_etal_2014	2	9	gop	2	voiceless	usable	168	B	Normal
Roettger_etal_2014	2	9	grieb	2	voiced	usable	164	B	Normal
Roettger_etal_2014	2	9	griep	2	voiceless	usable	143	B	Normal
Roettger_etal_2014	2	9	heg	2	voiced	usable	159	B	Normal
Roettger_etal_2014	2	9	hek	2	voiceless	usable	149	B	Normal
Roettger_etal_2014	2	9	klab	2	voiced	usable	188	B	Normal
Roettger_etal_2014	2	9	klap	2	voiceless	usable	171	B	Normal
Roettger_etal_2014	2	9	mieb	2	voiced	usable	132	D	Reversed
Roettger_etal_2014	2	9	miep	2	voiceless	usable	133	D	Reversed
Roettger_etal_2014	2	9	naub	2	voiced	usable	178	D	Reversed
Roettger_etal_2014	2	9	naup	2	voiceless	usable	175	D	Reversed
Roettger_etal_2014	2	9	prug	2	voiced	usable	122	D	Reversed
Roettger_etal_2014	2	9	pruk	2	voiceless	usable	114	D	Reversed
Roettger_etal_2014	2	9	schlab	2	voiced	usable	178	D	Reversed
Roettger_etal_2014	2	9	schlap	2	voiceless	usable	177	D	Reversed
Roettger_etal_2014	2	9	schrieg	2	voiced	usable	147	D	Reversed
Roettger_etal_2014	2	9	schriek	2	voiceless	usable	147	D	Reversed
Roettger_etal_2014	2	9	staug	2	voiced	usable	193	B	Normal
Roettger_etal_2014	2	9	stauk	2	voiceless	usable	172	B	Normal
Roettger_etal_2014	2	9	streg	2	voiced	usable	186	D	Reversed
Roettger_etal_2014	2	9	strek	2	voiceless	usable	156	D	Reversed
Roettger_etal_2014	2	9	sub	2	voiced	usable	137	D	Reversed
Roettger_etal_2014	2	9	sup	2	voiceless	usable	136	D	Reversed
Roettger_etal_2014	2	9	wub	2	voiced	usable	110	B	Normal
Roettger_etal_2014	2	9	wup	2	voiceless	usable	138	B	Normal
Roettger_etal_2014	2	9	zeb	2	voiced	usable	148	B	Normal
Roettger_etal_2014	2	9	zep	2	voiceless	usable	143	B	Normal
Roettger_etal_2014	2	9	bleb	3	voiced	usable	148	D	Reversed
Roettger_etal_2014	2	9	blep	3	voiceless	usable	150	D	Reversed
Roettger_etal_2014	2	9	blog	3	voiced	usable	158	B	Normal
Roettger_etal_2014	2	9	blok	3	voiceless	usable	166	B	Normal
Roettger_etal_2014	2	9	dieg	3	voiced	usable	172	B	Normal
Roettger_etal_2014	2	9	diek	3	voiceless	usable	166	B	Normal
Roettger_etal_2014	2	9	dob	3	voiced	usable	180	D	Reversed
Roettger_etal_2014	2	9	dop	3	voiceless	usable	159	D	Reversed
Roettger_etal_2014	2	9	dug	3	voiced	usable	144	B	Normal
Roettger_etal_2014	2	9	duk	3	voiceless	usable	127	B	Normal
Roettger_etal_2014	2	9	fag	3	voiced	usable	222	B	Normal
Roettger_etal_2014	2	9	fak	3	voiceless	usable	204	B	Normal
Roettger_etal_2014	2	9	faub	3	voiced	usable	151	B	Normal
Roettger_etal_2014	2	9	faup	3	voiceless	usable	157	B	Normal
Roettger_etal_2014	2	9	frog	3	voiced	usable	160	D	Reversed
Roettger_etal_2014	2	9	frok	3	voiceless	usable	156	D	Reversed
Roettger_etal_2014	2	9	gag	3	voiced	usable	207	D	Reversed
Roettger_etal_2014	2	9	gak	3	voiceless	usable	204	D	Reversed
Roettger_etal_2014	2	9	gaug	3	voiced	usable	188	D	Reversed
Roettger_etal_2014	2	9	gauk	3	voiceless	usable	188	D	Reversed
Roettger_etal_2014	2	9	gob	3	voiced	usable	170	B	Normal
Roettger_etal_2014	2	9	gop	3	voiceless	usable	161	B	Normal
Roettger_etal_2014	2	9	grieb	3	voiced	usable	130	B	Normal
Roettger_etal_2014	2	9	griep	3	voiceless	usable	142	B	Normal
Roettger_etal_2014	2	9	heg	3	voiced	usable	155	B	Normal
Roettger_etal_2014	2	9	hek	3	voiceless	usable	151	B	Normal
Roettger_etal_2014	2	9	klab	3	voiced	usable	168	B	Normal
Roettger_etal_2014	2	9	klap	3	voiceless	usable	173	B	Normal
Roettger_etal_2014	2	9	mieb	3	voiced	usable	150	D	Reversed
Roettger_etal_2014	2	9	miep	3	voiceless	usable	135	D	Reversed
Roettger_etal_2014	2	9	naub	3	voiced	usable	169	D	Reversed
Roettger_etal_2014	2	9	naup	3	voiceless	usable	173	D	Reversed
Roettger_etal_2014	2	9	prug	3	voiced	usable	132	D	Reversed
Roettger_etal_2014	2	9	pruk	3	voiceless	usable	122	D	Reversed
Roettger_etal_2014	2	9	schlab	3	voiced	usable	154	D	Reversed
Roettger_etal_2014	2	9	schlap	3	voiceless	usable	174	D	Reversed
Roettger_etal_2014	2	9	schrieg	3	voiced	usable	138	D	Reversed
Roettger_etal_2014	2	9	schriek	3	voiceless	usable	148	D	Reversed
Roettger_etal_2014	2	9	staug	3	voiced	usable	206	B	Normal
Roettger_etal_2014	2	9	stauk	3	voiceless	usable	176	B	Normal
Roettger_etal_2014	2	9	streg	3	voiced	usable	177	D	Reversed
Roettger_etal_2014	2	9	strek	3	voiceless	usable	179	D	Reversed
Roettger_etal_2014	2	9	sub	3	voiced	usable	129	D	Reversed
Roettger_etal_2014	2	9	sup	3	voiceless	usable	139	D	Reversed
Roettger_etal_2014	2	9	wub	3	voiced	usable	137	B	Normal
Roettger_etal_2014	2	9	wup	3	voiceless	usable	140	B	Normal
Roettger_etal_2014	2	9	zeb	3	voiced	usable	148	B	Normal
Roettger_etal_2014	2	9	zep	3	voiceless	usable	135	B	Normal
Roettger_etal_2014	2	10	baug	1	voiced	usable	114	A	Enhanced
Roettger_etal_2014	2	10	bauk	1	voiceless	usable	115	A	Enhanced
Roettger_etal_2014	2	10	beg	1	voiced	usable	111	A	Enhanced
Roettger_etal_2014	2	10	bek	1	voiceless	usable	101	A	Enhanced
Roettger_etal_2014	2	10	bleb	1	voiced	usable	78	D	Reversed
Roettger_etal_2014	2	10	blep	1	voiceless	usable	96	D	Reversed
Roettger_etal_2014	2	10	blog	1	voiced	usable	84	B	Normal
Roettger_etal_2014	2	10	blok	1	voiceless	usable	75	B	Normal
Roettger_etal_2014	2	10	dab	1	voiced	usable	117	C	Reduced
Roettger_etal_2014	2	10	dag	1	voiced	usable	136	C	Reduced
Roettger_etal_2014	2	10	dak	1	voiceless	usable	129	C	Reduced
Roettger_etal_2014	2	10	dap	1	voiceless	usable	114	C	Reduced
Roettger_etal_2014	2	10	dieg	1	voiced	usable	75	B	Normal
Roettger_etal_2014	2	10	diek	1	voiceless	usable	93	B	Normal
Roettger_etal_2014	2	10	dob	1	voiced	usable	106	D	Reversed
Roettger_etal_2014	2	10	dop	1	voiceless	usable	94	D	Reversed
Roettger_etal_2014	2	10	drub	1	voiced	usable	86	C	Reduced
Roettger_etal_2014	2	10	drup	1	voiceless	usable	80	C	Reduced
Roettger_etal_2014	2	10	dug	1	voiced	usable	70	B	Normal
Roettger_etal_2014	2	10	duk	1	voiceless	usable	79	B	Normal
Roettger_etal_2014	2	10	fag	1	voiced	usable	108	B	Normal
Roettger_etal_2014	2	10	fak	1	voiceless	usable	107	B	Normal
Roettger_etal_2014	2	10	faub	1	voiced	usable	97	B	Normal
Roettger_etal_2014	2	10	faup	1	voiceless	usable	97	B	Normal
Roettger_etal_2014	2	10	flab	1	voiced	usable	114	A	Enhanced
Roettger_etal_2014	2	10	flap	1	voiceless	usable	112	A	Enhanced
Roettger_etal_2014	2	10	fleb	1	voiced	usable	83	C	Reduced
Roettger_etal_2014	2	10	flep	1	voiceless	usable	89	C	Reduced
Roettger_etal_2014	2	10	freb	1	voiced	usable	114	A	Enhanced
Roettger_etal_2014	2	10	frep	1	voiceless	usable	116	A	Enhanced
Roettger_etal_2014	2	10	frob	1	voiced	usable	92	C	Reduced
Roettger_etal_2014	2	10	frog	1	voiced	usable	98	D	Reversed
Roettger_etal_2014	2	10	frok	1	voiceless	usable	79	D	Reversed
Roettger_etal_2014	2	10	frop	1	voiceless	usable	78	C	Reduced
Roettger_etal_2014	2	10	frub	1	voiced	usable	93	A	Enhanced
Roettger_etal_2014	2	10	frup	1	voiceless	usable	81	A	Enhanced
Roettger_etal_2014	2	10	gag	1	voiced	usable	131	D	Reversed
Roettger_etal_2014	2	10	gak	1	voiceless	usable	124	D	Reversed
Roettger_etal_2014	2	10	gaub	1	voiced	usable	114	C	Reduced
Roettger_etal_2014	2	10	gaug	1	voiced	usable	124	D	Reversed
Roettger_etal_2014	2	10	gauk	1	voiceless	usable	119	D	Reversed
Roettger_etal_2014	2	10	gaup	1	voiceless	usable	108	C	Reduced
Roettger_etal_2014	2	10	gleg	1	voiced	usable	91	C	Reduced
Roettger_etal_2014	2	10	glek	1	voiceless	usable	85	C	Reduced
Roettger_etal_2014	2	10	glieb	1	voiced	usable	99	C	Reduced
Roettger_etal_2014	2	10	gliep	1	voiceless	usable	88	C	Reduced
Roettger_etal_2014	2	10	gob	1	voiced	usable	97	B	Normal
Roettger_etal_2014	2	10	gop	1	voiceless	usable	87	B	Normal
Roettger_etal_2014	2	10	grieb	1	voiced	usable	91	B	Normal
Roettger_etal_2014	2	10	griep	1	voiceless	usable	77	B	Normal
Roettger_etal_2014	2	10	heg	1	voiced	usable	91	B	Normal
Roettger_etal_2014	2	10	hek	1	voiceless	usable	97	B	Normal
Roettger_etal_2014	2	10	klab	1	voiced	usable	126	B	Normal
Roettger_etal_2014	2	10	klap	1	voiceless	usable	109	B	Normal
Roettger_etal_2014	2	10	krob	1	voiced	usable	90	A	Enhanced
Roettger_etal_2014	2	10	krop	1	voiceless	usable	77	A	Enhanced
Roettger_etal_2014	2	10	mieb	1	voiced	usable	93	D	Reversed
Roettger_etal_2014	2	10	miep	1	voiceless	usable	91	D	Reversed
Roettger_etal_2014	2	10	naub	1	voiced	usable	121	D	Reversed
Roettger_etal_2014	2	10	naug	1	voiced	usable	119	C	Reduced
Roettger_etal_2014	2	10	nauk	1	voiceless	usable	125	C	Reduced
Roettger_etal_2014	2	10	naup	1	voiceless	usable	128	D	Reversed
Roettger_etal_2014	2	10	nug	1	voiced	usable	77	A	Enhanced
Roettger_etal_2014	2	10	nuk	1	voiceless	usable	76	A	Enhanced
Roettger_etal_2014	2	10	prieg	1	voiced	usable	78	A	Enhanced
Roettger_etal_2014	2	10	priek	1	voiceless	usable	82	A	Enhanced
Roettger_etal_2014	2	10	prug	1	voiced	usable	79	D	Reversed
Roettger_etal_2014	2	10	pruk	1	voiceless	usable	66	D	Reversed
Roettger_etal_2014	2	10	rog	1	voiced	usable	117	C	Reduced
Roettger_etal_2014	2	10	rok	1	voiceless	usable	88	C	Reduced
Roettger_etal_2014	2	10	schlab	1	voiced	usable	103	D	Reversed
Roettger_etal_2014	2	10	schlap	1	voiceless	usable	117	D	Reversed
Roettger_etal_2014	2	10	schmaub	1	voiced	usable	NA	A	Enhanced
Roettger_etal_2014	2	10	schmaup	1	voiceless	usable	NA	A	Enhanced
Roettger_etal_2014	2	10	schrieg	1	voiced	usable	75	D	Reversed
Roettger_etal_2014	2	10	schriek	1	voiceless	usable	86	D	Reversed
Roettger_etal_2014	2	10	schug	1	voiced	usable	69	C	Reduced
Roettger_etal_2014	2	10	schuk	1	voiceless	usable	60	C	Reduced
Roettger_etal_2014	2	10	spag	1	voiced	usable	124	A	Enhanced
Roettger_etal_2014	2	10	spak	1	voiceless	usable	146	A	Enhanced
Roettger_etal_2014	2	10	staug	1	voiced	usable	114	B	Normal
Roettger_etal_2014	2	10	stauk	1	voiceless	usable	113	B	Normal
Roettger_etal_2014	2	10	streg	1	voiced	usable	109	D	Reversed
Roettger_etal_2014	2	10	strek	1	voiceless	usable	106	D	Reversed
Roettger_etal_2014	2	10	sub	1	voiced	usable	93	D	Reversed
Roettger_etal_2014	2	10	sup	1	voiceless	usable	74	D	Reversed
Roettger_etal_2014	2	10	trieg	1	voiced	usable	88	C	Reduced
Roettger_etal_2014	2	10	triek	1	voiceless	usable	71	C	Reduced
Roettger_etal_2014	2	10	wieb	1	voiced	usable	78	A	Enhanced
Roettger_etal_2014	2	10	wiep	1	voiceless	usable	73	A	Enhanced
Roettger_etal_2014	2	10	wub	1	voiced	usable	NA	B	Normal
Roettger_etal_2014	2	10	wug	1	voiced	usable	94	A	Enhanced
Roettger_etal_2014	2	10	wuk	1	voiceless	usable	82	A	Enhanced
Roettger_etal_2014	2	10	wup	1	voiceless	usable	NA	B	Normal
Roettger_etal_2014	2	10	zeb	1	voiced	usable	NA	B	Normal
Roettger_etal_2014	2	10	zep	1	voiceless	usable	NA	B	Normal
Roettger_etal_2014	2	10	bleb	2	voiced	usable	88	D	Reversed
Roettger_etal_2014	2	10	blep	2	voiceless	usable	115	D	Reversed
Roettger_etal_2014	2	10	blog	2	voiced	usable	91	B	Normal
Roettger_etal_2014	2	10	blok	2	voiceless	usable	88	B	Normal
Roettger_etal_2014	2	10	dieg	2	voiced	usable	78	B	Normal
Roettger_etal_2014	2	10	diek	2	voiceless	usable	94	B	Normal
Roettger_etal_2014	2	10	dob	2	voiced	usable	133	D	Reversed
Roettger_etal_2014	2	10	dop	2	voiceless	usable	106	D	Reversed
Roettger_etal_2014	2	10	dug	2	voiced	usable	87	B	Normal
Roettger_etal_2014	2	10	duk	2	voiceless	usable	87	B	Normal
Roettger_etal_2014	2	10	fag	2	voiced	usable	129	B	Normal
Roettger_etal_2014	2	10	fak	2	voiceless	usable	100	B	Normal
Roettger_etal_2014	2	10	faub	2	voiced	usable	93	B	Normal
Roettger_etal_2014	2	10	faup	2	voiceless	usable	103	B	Normal
Roettger_etal_2014	2	10	frog	2	voiced	usable	71	D	Reversed
Roettger_etal_2014	2	10	frok	2	voiceless	usable	95	D	Reversed
Roettger_etal_2014	2	10	gag	2	voiced	usable	163	D	Reversed
Roettger_etal_2014	2	10	gak	2	voiceless	usable	112	D	Reversed
Roettger_etal_2014	2	10	gaug	2	voiced	usable	96	D	Reversed
Roettger_etal_2014	2	10	gauk	2	voiceless	usable	111	D	Reversed
Roettger_etal_2014	2	10	gob	2	voiced	usable	92	B	Normal
Roettger_etal_2014	2	10	gop	2	voiceless	usable	92	B	Normal
Roettger_etal_2014	2	10	grieb	2	voiced	usable	109	B	Normal
Roettger_etal_2014	2	10	griep	2	voiceless	usable	84	B	Normal
Roettger_etal_2014	2	10	heg	2	voiced	usable	96	B	Normal
Roettger_etal_2014	2	10	hek	2	voiceless	usable	79	B	Normal
Roettger_etal_2014	2	10	klab	2	voiced	usable	106	B	Normal
Roettger_etal_2014	2	10	klap	2	voiceless	usable	136	B	Normal
Roettger_etal_2014	2	10	mieb	2	voiced	usable	106	D	Reversed
Roettger_etal_2014	2	10	miep	2	voiceless	usable	92	D	Reversed
Roettger_etal_2014	2	10	naub	2	voiced	usable	122	D	Reversed
Roettger_etal_2014	2	10	naup	2	voiceless	usable	117	D	Reversed
Roettger_etal_2014	2	10	prug	2	voiced	usable	65	D	Reversed
Roettger_etal_2014	2	10	pruk	2	voiceless	usable	79	D	Reversed
Roettger_etal_2014	2	10	schlab	2	voiced	usable	113	D	Reversed
Roettger_etal_2014	2	10	schlap	2	voiceless	usable	123	D	Reversed
Roettger_etal_2014	2	10	schrieg	2	voiced	usable	79	D	Reversed
Roettger_etal_2014	2	10	schriek	2	voiceless	usable	88	D	Reversed
Roettger_etal_2014	2	10	staug	2	voiced	usable	117	B	Normal
Roettger_etal_2014	2	10	stauk	2	voiceless	usable	113	B	Normal
Roettger_etal_2014	2	10	streg	2	voiced	usable	126	D	Reversed
Roettger_etal_2014	2	10	strek	2	voiceless	usable	112	D	Reversed
Roettger_etal_2014	2	10	sub	2	voiced	usable	89	D	Reversed
Roettger_etal_2014	2	10	sup	2	voiceless	usable	83	D	Reversed
Roettger_etal_2014	2	10	wub	2	voiced	usable	109	B	Normal
Roettger_etal_2014	2	10	wup	2	voiceless	usable	93	B	Normal
Roettger_etal_2014	2	10	zeb	2	voiced	usable	85	B	Normal
Roettger_etal_2014	2	10	zep	2	voiceless	usable	81	B	Normal
Roettger_etal_2014	2	10	bleb	3	voiced	usable	97	D	Reversed
Roettger_etal_2014	2	10	blep	3	voiceless	usable	104	D	Reversed
Roettger_etal_2014	2	10	blog	3	voiced	usable	NA	B	Normal
Roettger_etal_2014	2	10	blok	3	voiceless	usable	NA	B	Normal
Roettger_etal_2014	2	10	dieg	3	voiced	usable	92	B	Normal
Roettger_etal_2014	2	10	diek	3	voiceless	usable	89	B	Normal
Roettger_etal_2014	2	10	dob	3	voiced	usable	111	D	Reversed
Roettger_etal_2014	2	10	dop	3	voiceless	usable	102	D	Reversed
Roettger_etal_2014	2	10	dug	3	voiced	usable	97	B	Normal
Roettger_etal_2014	2	10	duk	3	voiceless	usable	77	B	Normal
Roettger_etal_2014	2	10	fag	3	voiced	usable	108	B	Normal
Roettger_etal_2014	2	10	fak	3	voiceless	usable	110	B	Normal
Roettger_etal_2014	2	10	faub	3	voiced	usable	97	B	Normal
Roettger_etal_2014	2	10	faup	3	voiceless	usable	83	B	Normal
Roettger_etal_2014	2	10	frog	3	voiced	usable	102	D	Reversed
Roettger_etal_2014	2	10	frok	3	voiceless	usable	96	D	Reversed
Roettger_etal_2014	2	10	gag	3	voiced	usable	133	D	Reversed
Roettger_etal_2014	2	10	gak	3	voiceless	usable	144	D	Reversed
Roettger_etal_2014	2	10	gaug	3	voiced	usable	124	D	Reversed
Roettger_etal_2014	2	10	gauk	3	voiceless	usable	119	D	Reversed
Roettger_etal_2014	2	10	gob	3	voiced	usable	85	B	Normal
Roettger_etal_2014	2	10	gop	3	voiceless	usable	85	B	Normal
Roettger_etal_2014	2	10	grieb	3	voiced	usable	127	B	Normal
Roettger_etal_2014	2	10	griep	3	voiceless	usable	119	B	Normal
Roettger_etal_2014	2	10	heg	3	voiced	usable	93	B	Normal
Roettger_etal_2014	2	10	hek	3	voiceless	usable	102	B	Normal
Roettger_etal_2014	2	10	klab	3	voiced	usable	NA	B	Normal
Roettger_etal_2014	2	10	klap	3	voiceless	usable	NA	B	Normal
Roettger_etal_2014	2	10	mieb	3	voiced	usable	99	D	Reversed
Roettger_etal_2014	2	10	miep	3	voiceless	usable	87	D	Reversed
Roettger_etal_2014	2	10	naub	3	voiced	usable	111	D	Reversed
Roettger_etal_2014	2	10	naup	3	voiceless	usable	125	D	Reversed
Roettger_etal_2014	2	10	prug	3	voiced	usable	103	D	Reversed
Roettger_etal_2014	2	10	pruk	3	voiceless	usable	75	D	Reversed
Roettger_etal_2014	2	10	schlab	3	voiced	usable	109	D	Reversed
Roettger_etal_2014	2	10	schlap	3	voiceless	usable	119	D	Reversed
Roettger_etal_2014	2	10	schrieg	3	voiced	usable	97	D	Reversed
Roettger_etal_2014	2	10	schriek	3	voiceless	usable	107	D	Reversed
Roettger_etal_2014	2	10	staug	3	voiced	usable	109	B	Normal
Roettger_etal_2014	2	10	stauk	3	voiceless	usable	118	B	Normal
Roettger_etal_2014	2	10	streg	3	voiced	usable	136	D	Reversed
Roettger_etal_2014	2	10	strek	3	voiceless	usable	83	D	Reversed
Roettger_etal_2014	2	10	sub	3	voiced	usable	100	D	Reversed
Roettger_etal_2014	2	10	sup	3	voiceless	usable	94	D	Reversed
Roettger_etal_2014	2	10	wub	3	voiced	usable	130	B	Normal
Roettger_etal_2014	2	10	wup	3	voiceless	usable	91	B	Normal
Roettger_etal_2014	2	10	zeb	3	voiced	usable	92	B	Normal
Roettger_etal_2014	2	10	zep	3	voiceless	usable	88	B	Normal
Roettger_etal_2014	2	11	baug	1	voiced	usable	211	A	Enhanced
Roettger_etal_2014	2	11	bauk	1	voiceless	usable	203	A	Enhanced
Roettger_etal_2014	2	11	beg	1	voiced	usable	165	A	Enhanced
Roettger_etal_2014	2	11	bek	1	voiceless	usable	178	A	Enhanced
Roettger_etal_2014	2	11	bleb	1	voiced	usable	151	D	Reversed
Roettger_etal_2014	2	11	blep	1	voiceless	usable	139	D	Reversed
Roettger_etal_2014	2	11	blog	1	voiced	usable	132	B	Normal
Roettger_etal_2014	2	11	blok	1	voiceless	usable	148	B	Normal
Roettger_etal_2014	2	11	dab	1	voiced	usable	182	C	Reduced
Roettger_etal_2014	2	11	dag	1	voiced	usable	179	C	Reduced
Roettger_etal_2014	2	11	dak	1	voiceless	usable	191	C	Reduced
Roettger_etal_2014	2	11	dap	1	voiceless	usable	188	C	Reduced
Roettger_etal_2014	2	11	dieg	1	voiced	usable	150	B	Normal
Roettger_etal_2014	2	11	diek	1	voiceless	usable	143	B	Normal
Roettger_etal_2014	2	11	dob	1	voiced	usable	156	D	Reversed
Roettger_etal_2014	2	11	dop	1	voiceless	usable	145	D	Reversed
Roettger_etal_2014	2	11	drub	1	voiced	usable	121	C	Reduced
Roettger_etal_2014	2	11	drup	1	voiceless	usable	126	C	Reduced
Roettger_etal_2014	2	11	dug	1	voiced	usable	141	B	Normal
Roettger_etal_2014	2	11	duk	1	voiceless	usable	118	B	Normal
Roettger_etal_2014	2	11	fag	1	voiced	usable	198	B	Normal
Roettger_etal_2014	2	11	fak	1	voiceless	usable	176	B	Normal
Roettger_etal_2014	2	11	faub	1	voiced	usable	170	B	Normal
Roettger_etal_2014	2	11	faup	1	voiceless	usable	163	B	Normal
Roettger_etal_2014	2	11	flab	1	voiced	usable	156	A	Enhanced
Roettger_etal_2014	2	11	flap	1	voiceless	usable	151	A	Enhanced
Roettger_etal_2014	2	11	fleb	1	voiced	usable	133	C	Reduced
Roettger_etal_2014	2	11	flep	1	voiceless	usable	149	C	Reduced
Roettger_etal_2014	2	11	freb	1	voiced	usable	158	A	Enhanced
Roettger_etal_2014	2	11	frep	1	voiceless	usable	154	A	Enhanced
Roettger_etal_2014	2	11	frob	1	voiced	usable	133	C	Reduced
Roettger_etal_2014	2	11	frog	1	voiced	usable	122	D	Reversed
Roettger_etal_2014	2	11	frok	1	voiceless	usable	147	D	Reversed
Roettger_etal_2014	2	11	frop	1	voiceless	usable	132	C	Reduced
Roettger_etal_2014	2	11	frub	1	voiced	usable	124	A	Enhanced
Roettger_etal_2014	2	11	frup	1	voiceless	usable	111	A	Enhanced
Roettger_etal_2014	2	11	gag	1	voiced	usable	177	D	Reversed
Roettger_etal_2014	2	11	gak	1	voiceless	usable	190	D	Reversed
Roettger_etal_2014	2	11	gaub	1	voiced	usable	195	C	Reduced
Roettger_etal_2014	2	11	gaug	1	voiced	usable	205	D	Reversed
Roettger_etal_2014	2	11	gauk	1	voiceless	usable	222	D	Reversed
Roettger_etal_2014	2	11	gaup	1	voiceless	usable	168	C	Reduced
Roettger_etal_2014	2	11	gleg	1	voiced	usable	149	C	Reduced
Roettger_etal_2014	2	11	glek	1	voiceless	usable	163	C	Reduced
Roettger_etal_2014	2	11	glieb	1	voiced	usable	133	C	Reduced
Roettger_etal_2014	2	11	gliep	1	voiceless	usable	145	C	Reduced
Roettger_etal_2014	2	11	gob	1	voiced	usable	151	B	Normal
Roettger_etal_2014	2	11	gop	1	voiceless	usable	129	B	Normal
Roettger_etal_2014	2	11	grieb	1	voiced	usable	148	B	Normal
Roettger_etal_2014	2	11	griep	1	voiceless	usable	133	B	Normal
Roettger_etal_2014	2	11	heg	1	voiced	usable	181	B	Normal
Roettger_etal_2014	2	11	hek	1	voiceless	usable	141	B	Normal
Roettger_etal_2014	2	11	klab	1	voiced	usable	189	B	Normal
Roettger_etal_2014	2	11	klap	1	voiceless	usable	139	B	Normal
Roettger_etal_2014	2	11	krob	1	voiced	usable	134	A	Enhanced
Roettger_etal_2014	2	11	krop	1	voiceless	usable	112	A	Enhanced
Roettger_etal_2014	2	11	mieb	1	voiced	usable	124	D	Reversed
Roettger_etal_2014	2	11	miep	1	voiceless	usable	140	D	Reversed
Roettger_etal_2014	2	11	naub	1	voiced	usable	211	D	Reversed
Roettger_etal_2014	2	11	naug	1	voiced	usable	235	C	Reduced
Roettger_etal_2014	2	11	nauk	1	voiceless	usable	203	C	Reduced
Roettger_etal_2014	2	11	naup	1	voiceless	usable	201	D	Reversed
Roettger_etal_2014	2	11	nug	1	voiced	usable	120	A	Enhanced
Roettger_etal_2014	2	11	nuk	1	voiceless	usable	154	A	Enhanced
Roettger_etal_2014	2	11	prieg	1	voiced	usable	151	A	Enhanced
Roettger_etal_2014	2	11	priek	1	voiceless	usable	154	A	Enhanced
Roettger_etal_2014	2	11	prug	1	voiced	usable	125	D	Reversed
Roettger_etal_2014	2	11	pruk	1	voiceless	usable	121	D	Reversed
Roettger_etal_2014	2	11	rog	1	voiced	usable	167	C	Reduced
Roettger_etal_2014	2	11	rok	1	voiceless	usable	188	C	Reduced
Roettger_etal_2014	2	11	schlab	1	voiced	usable	NA	D	Reversed
Roettger_etal_2014	2	11	schlap	1	voiceless	usable	NA	D	Reversed
Roettger_etal_2014	2	11	schmaub	1	voiced	usable	181	A	Enhanced
Roettger_etal_2014	2	11	schmaup	1	voiceless	usable	186	A	Enhanced
Roettger_etal_2014	2	11	schrieg	1	voiced	usable	149	D	Reversed
Roettger_etal_2014	2	11	schriek	1	voiceless	usable	140	D	Reversed
Roettger_etal_2014	2	11	schug	1	voiced	usable	146	C	Reduced
Roettger_etal_2014	2	11	schuk	1	voiceless	usable	115	C	Reduced
Roettger_etal_2014	2	11	spag	1	voiced	usable	185	A	Enhanced
Roettger_etal_2014	2	11	spak	1	voiceless	usable	177	A	Enhanced
Roettger_etal_2014	2	11	staug	1	voiced	usable	183	B	Normal
Roettger_etal_2014	2	11	stauk	1	voiceless	usable	169	B	Normal
Roettger_etal_2014	2	11	streg	1	voiced	usable	145	D	Reversed
Roettger_etal_2014	2	11	strek	1	voiceless	usable	158	D	Reversed
Roettger_etal_2014	2	11	sub	1	voiced	usable	144	D	Reversed
Roettger_etal_2014	2	11	sup	1	voiceless	usable	163	D	Reversed
Roettger_etal_2014	2	11	trieg	1	voiced	usable	135	C	Reduced
Roettger_etal_2014	2	11	triek	1	voiceless	usable	128	C	Reduced
Roettger_etal_2014	2	11	wieb	1	voiced	usable	137	A	Enhanced
Roettger_etal_2014	2	11	wiep	1	voiceless	usable	123	A	Enhanced
Roettger_etal_2014	2	11	wub	1	voiced	usable	148	B	Normal
Roettger_etal_2014	2	11	wug	1	voiced	usable	144	A	Enhanced
Roettger_etal_2014	2	11	wuk	1	voiceless	usable	145	A	Enhanced
Roettger_etal_2014	2	11	wup	1	voiceless	usable	116	B	Normal
Roettger_etal_2014	2	11	zeb	1	voiced	usable	131	B	Normal
Roettger_etal_2014	2	11	zep	1	voiceless	usable	131	B	Normal
Roettger_etal_2014	2	11	bleb	2	voiced	usable	129	D	Reversed
Roettger_etal_2014	2	11	blep	2	voiceless	usable	169	D	Reversed
Roettger_etal_2014	2	11	blog	2	voiced	usable	141	B	Normal
Roettger_etal_2014	2	11	blok	2	voiceless	usable	123	B	Normal
Roettger_etal_2014	2	11	dieg	2	voiced	usable	129	B	Normal
Roettger_etal_2014	2	11	diek	2	voiceless	usable	108	B	Normal
Roettger_etal_2014	2	11	dob	2	voiced	usable	145	D	Reversed
Roettger_etal_2014	2	11	dop	2	voiceless	usable	141	D	Reversed
Roettger_etal_2014	2	11	dug	2	voiced	usable	141	B	Normal
Roettger_etal_2014	2	11	duk	2	voiceless	usable	123	B	Normal
Roettger_etal_2014	2	11	fag	2	voiced	usable	181	B	Normal
Roettger_etal_2014	2	11	fak	2	voiceless	usable	169	B	Normal
Roettger_etal_2014	2	11	faub	2	voiced	usable	165	B	Normal
Roettger_etal_2014	2	11	faup	2	voiceless	usable	151	B	Normal
Roettger_etal_2014	2	11	frog	2	voiced	usable	133	D	Reversed
Roettger_etal_2014	2	11	frok	2	voiceless	usable	111	D	Reversed
Roettger_etal_2014	2	11	gag	2	voiced	usable	180	D	Reversed
Roettger_etal_2014	2	11	gak	2	voiceless	usable	219	D	Reversed
Roettger_etal_2014	2	11	gaug	2	voiced	usable	198	D	Reversed
Roettger_etal_2014	2	11	gauk	2	voiceless	usable	169	D	Reversed
Roettger_etal_2014	2	11	gob	2	voiced	usable	154	B	Normal
Roettger_etal_2014	2	11	gop	2	voiceless	usable	132	B	Normal
Roettger_etal_2014	2	11	grieb	2	voiced	usable	174	B	Normal
Roettger_etal_2014	2	11	griep	2	voiceless	usable	137	B	Normal
Roettger_etal_2014	2	11	heg	2	voiced	usable	161	B	Normal
Roettger_etal_2014	2	11	hek	2	voiceless	usable	142	B	Normal
Roettger_etal_2014	2	11	klab	2	voiced	usable	NA	B	Normal
Roettger_etal_2014	2	11	klap	2	voiceless	usable	NA	B	Normal
Roettger_etal_2014	2	11	mieb	2	voiced	usable	153	D	Reversed
Roettger_etal_2014	2	11	miep	2	voiceless	usable	133	D	Reversed
Roettger_etal_2014	2	11	naub	2	voiced	usable	NA	D	Reversed
Roettger_etal_2014	2	11	naup	2	voiceless	usable	NA	D	Reversed
Roettger_etal_2014	2	11	prug	2	voiced	usable	145	D	Reversed
Roettger_etal_2014	2	11	pruk	2	voiceless	usable	105	D	Reversed
Roettger_etal_2014	2	11	schlab	2	voiced	usable	143	D	Reversed
Roettger_etal_2014	2	11	schlap	2	voiceless	usable	146	D	Reversed
Roettger_etal_2014	2	11	schrieg	2	voiced	usable	179	D	Reversed
Roettger_etal_2014	2	11	schriek	2	voiceless	usable	142	D	Reversed
Roettger_etal_2014	2	11	staug	2	voiced	usable	169	B	Normal
Roettger_etal_2014	2	11	stauk	2	voiceless	usable	164	B	Normal
Roettger_etal_2014	2	11	streg	2	voiced	usable	156	D	Reversed
Roettger_etal_2014	2	11	strek	2	voiceless	usable	148	D	Reversed
Roettger_etal_2014	2	11	sub	2	voiced	usable	136	D	Reversed
Roettger_etal_2014	2	11	sup	2	voiceless	usable	135	D	Reversed
Roettger_etal_2014	2	11	wub	2	voiced	usable	133	B	Normal
Roettger_etal_2014	2	11	wup	2	voiceless	usable	109	B	Normal
Roettger_etal_2014	2	11	zeb	2	voiced	usable	142	B	Normal
Roettger_etal_2014	2	11	zep	2	voiceless	usable	128	B	Normal
Roettger_etal_2014	2	11	bleb	3	voiced	usable	119	D	Reversed
Roettger_etal_2014	2	11	blep	3	voiceless	usable	154	D	Reversed
Roettger_etal_2014	2	11	blog	3	voiced	usable	150	B	Normal
Roettger_etal_2014	2	11	blok	3	voiceless	usable	151	B	Normal
Roettger_etal_2014	2	11	dieg	3	voiced	usable	142	B	Normal
Roettger_etal_2014	2	11	diek	3	voiceless	usable	124	B	Normal
Roettger_etal_2014	2	11	dob	3	voiced	usable	149	D	Reversed
Roettger_etal_2014	2	11	dop	3	voiceless	usable	157	D	Reversed
Roettger_etal_2014	2	11	dug	3	voiced	usable	109	B	Normal
Roettger_etal_2014	2	11	duk	3	voiceless	usable	142	B	Normal
Roettger_etal_2014	2	11	fag	3	voiced	usable	170	B	Normal
Roettger_etal_2014	2	11	fak	3	voiceless	usable	164	B	Normal
Roettger_etal_2014	2	11	faub	3	voiced	usable	169	B	Normal
Roettger_etal_2014	2	11	faup	3	voiceless	usable	174	B	Normal
Roettger_etal_2014	2	11	frog	3	voiced	usable	120	D	Reversed
Roettger_etal_2014	2	11	frok	3	voiceless	usable	136	D	Reversed
Roettger_etal_2014	2	11	gag	3	voiced	usable	185	D	Reversed
Roettger_etal_2014	2	11	gak	3	voiceless	usable	197	D	Reversed
Roettger_etal_2014	2	11	gaug	3	voiced	usable	175	D	Reversed
Roettger_etal_2014	2	11	gauk	3	voiceless	usable	188	D	Reversed
Roettger_etal_2014	2	11	gob	3	voiced	usable	134	B	Normal
Roettger_etal_2014	2	11	gop	3	voiceless	usable	142	B	Normal
Roettger_etal_2014	2	11	grieb	3	voiced	usable	157	B	Normal
Roettger_etal_2014	2	11	griep	3	voiceless	usable	139	B	Normal
Roettger_etal_2014	2	11	heg	3	voiced	usable	158	B	Normal
Roettger_etal_2014	2	11	hek	3	voiceless	usable	148	B	Normal
Roettger_etal_2014	2	11	klab	3	voiced	usable	178	B	Normal
Roettger_etal_2014	2	11	klap	3	voiceless	usable	159	B	Normal
Roettger_etal_2014	2	11	mieb	3	voiced	usable	128	D	Reversed
Roettger_etal_2014	2	11	miep	3	voiceless	usable	117	D	Reversed
Roettger_etal_2014	2	11	naub	3	voiced	usable	201	D	Reversed
Roettger_etal_2014	2	11	naup	3	voiceless	usable	189	D	Reversed
Roettger_etal_2014	2	11	prug	3	voiced	usable	98	D	Reversed
Roettger_etal_2014	2	11	pruk	3	voiceless	usable	139	D	Reversed
Roettger_etal_2014	2	11	schlab	3	voiced	usable	188	D	Reversed
Roettger_etal_2014	2	11	schlap	3	voiceless	usable	170	D	Reversed
Roettger_etal_2014	2	11	schrieg	3	voiced	usable	NA	D	Reversed
Roettger_etal_2014	2	11	schriek	3	voiceless	usable	NA	D	Reversed
Roettger_etal_2014	2	11	staug	3	voiced	usable	175	B	Normal
Roettger_etal_2014	2	11	stauk	3	voiceless	usable	166	B	Normal
Roettger_etal_2014	2	11	streg	3	voiced	usable	160	D	Reversed
Roettger_etal_2014	2	11	strek	3	voiceless	usable	173	D	Reversed
Roettger_etal_2014	2	11	sub	3	voiced	usable	129	D	Reversed
Roettger_etal_2014	2	11	sup	3	voiceless	usable	118	D	Reversed
Roettger_etal_2014	2	11	wub	3	voiced	usable	144	B	Normal
Roettger_etal_2014	2	11	wup	3	voiceless	usable	124	B	Normal
Roettger_etal_2014	2	11	zeb	3	voiced	usable	110	B	Normal
Roettger_etal_2014	2	11	zep	3	voiceless	usable	126	B	Normal
Roettger_etal_2014	2	12	baug	1	voiced	usable	181	A	Enhanced
Roettger_etal_2014	2	12	bauk	1	voiceless	usable	171	A	Enhanced
Roettger_etal_2014	2	12	beg	1	voiced	usable	136	A	Enhanced
Roettger_etal_2014	2	12	bek	1	voiceless	usable	137	A	Enhanced
Roettger_etal_2014	2	12	bleb	1	voiced	usable	128	D	Reversed
Roettger_etal_2014	2	12	blep	1	voiceless	usable	121	D	Reversed
Roettger_etal_2014	2	12	blog	1	voiced	usable	135	B	Normal
Roettger_etal_2014	2	12	blok	1	voiceless	usable	103	B	Normal
Roettger_etal_2014	2	12	dab	1	voiced	usable	NA	C	Reduced
Roettger_etal_2014	2	12	dag	1	voiced	usable	163	C	Reduced
Roettger_etal_2014	2	12	dak	1	voiceless	usable	157	C	Reduced
Roettger_etal_2014	2	12	dap	1	voiceless	usable	NA	C	Reduced
Roettger_etal_2014	2	12	dieg	1	voiced	usable	107	B	Normal
Roettger_etal_2014	2	12	diek	1	voiceless	usable	83	B	Normal
Roettger_etal_2014	2	12	dob	1	voiced	usable	111	D	Reversed
Roettger_etal_2014	2	12	dop	1	voiceless	usable	129	D	Reversed
Roettger_etal_2014	2	12	drub	1	voiced	usable	84	C	Reduced
Roettger_etal_2014	2	12	drup	1	voiceless	usable	92	C	Reduced
Roettger_etal_2014	2	12	dug	1	voiced	usable	119	B	Normal
Roettger_etal_2014	2	12	duk	1	voiceless	usable	101	B	Normal
Roettger_etal_2014	2	12	fag	1	voiced	usable	128	B	Normal
Roettger_etal_2014	2	12	fak	1	voiceless	usable	142	B	Normal
Roettger_etal_2014	2	12	faub	1	voiced	usable	113	B	Normal
Roettger_etal_2014	2	12	faup	1	voiceless	usable	132	B	Normal
Roettger_etal_2014	2	12	flab	1	voiced	usable	124	A	Enhanced
Roettger_etal_2014	2	12	flap	1	voiceless	usable	138	A	Enhanced
Roettger_etal_2014	2	12	fleb	1	voiced	usable	120	C	Reduced
Roettger_etal_2014	2	12	flep	1	voiceless	usable	116	C	Reduced
Roettger_etal_2014	2	12	freb	1	voiced	usable	102	A	Enhanced
Roettger_etal_2014	2	12	frep	1	voiceless	usable	114	A	Enhanced
Roettger_etal_2014	2	12	frob	1	voiced	usable	109	C	Reduced
Roettger_etal_2014	2	12	frog	1	voiced	usable	132	D	Reversed
Roettger_etal_2014	2	12	frok	1	voiceless	usable	105	D	Reversed
Roettger_etal_2014	2	12	frop	1	voiceless	usable	76	C	Reduced
Roettger_etal_2014	2	12	frub	1	voiced	usable	90	A	Enhanced
Roettger_etal_2014	2	12	frup	1	voiceless	usable	85	A	Enhanced
Roettger_etal_2014	2	12	gag	1	voiced	usable	157	D	Reversed
Roettger_etal_2014	2	12	gak	1	voiceless	usable	170	D	Reversed
Roettger_etal_2014	2	12	gaub	1	voiced	usable	141	C	Reduced
Roettger_etal_2014	2	12	gaug	1	voiced	usable	158	D	Reversed
Roettger_etal_2014	2	12	gauk	1	voiceless	usable	172	D	Reversed
Roettger_etal_2014	2	12	gaup	1	voiceless	usable	139	C	Reduced
Roettger_etal_2014	2	12	gleg	1	voiced	usable	150	C	Reduced
Roettger_etal_2014	2	12	glek	1	voiceless	usable	128	C	Reduced
Roettger_etal_2014	2	12	glieb	1	voiced	usable	90	C	Reduced
Roettger_etal_2014	2	12	gliep	1	voiceless	usable	88	C	Reduced
Roettger_etal_2014	2	12	gob	1	voiced	usable	110	B	Normal
Roettger_etal_2014	2	12	gop	1	voiceless	usable	122	B	Normal
Roettger_etal_2014	2	12	grieb	1	voiced	usable	102	B	Normal
Roettger_etal_2014	2	12	griep	1	voiceless	usable	91	B	Normal
Roettger_etal_2014	2	12	heg	1	voiced	usable	118	B	Normal
Roettger_etal_2014	2	12	hek	1	voiceless	usable	120	B	Normal
Roettger_etal_2014	2	12	klab	1	voiced	usable	150	B	Normal
Roettger_etal_2014	2	12	klap	1	voiceless	usable	136	B	Normal
Roettger_etal_2014	2	12	krob	1	voiced	usable	119	A	Enhanced
Roettger_etal_2014	2	12	krop	1	voiceless	usable	112	A	Enhanced
Roettger_etal_2014	2	12	mieb	1	voiced	usable	100	D	Reversed
Roettger_etal_2014	2	12	miep	1	voiceless	usable	103	D	Reversed
Roettger_etal_2014	2	12	naub	1	voiced	usable	146	D	Reversed
Roettger_etal_2014	2	12	naug	1	voiced	usable	126	C	Reduced
Roettger_etal_2014	2	12	nauk	1	voiceless	usable	165	C	Reduced
Roettger_etal_2014	2	12	naup	1	voiceless	usable	145	D	Reversed
Roettger_etal_2014	2	12	nug	1	voiced	usable	110	A	Enhanced
Roettger_etal_2014	2	12	nuk	1	voiceless	usable	100	A	Enhanced
Roettger_etal_2014	2	12	prieg	1	voiced	usable	84	A	Enhanced
Roettger_etal_2014	2	12	priek	1	voiceless	usable	85	A	Enhanced
Roettger_etal_2014	2	12	prug	1	voiced	usable	NA	D	Reversed
Roettger_etal_2014	2	12	pruk	1	voiceless	usable	NA	D	Reversed
Roettger_etal_2014	2	12	rog	1	voiced	usable	107	C	Reduced
Roettger_etal_2014	2	12	rok	1	voiceless	usable	142	C	Reduced
Roettger_etal_2014	2	12	schlab	1	voiced	usable	149	D	Reversed
Roettger_etal_2014	2	12	schlap	1	voiceless	usable	171	D	Reversed
Roettger_etal_2014	2	12	schmaub	1	voiced	usable	135	A	Enhanced
Roettger_etal_2014	2	12	schmaup	1	voiceless	usable	140	A	Enhanced
Roettger_etal_2014	2	12	schrieg	1	voiced	usable	113	D	Reversed
Roettger_etal_2014	2	12	schriek	1	voiceless	usable	84	D	Reversed
Roettger_etal_2014	2	12	schug	1	voiced	usable	77	C	Reduced
Roettger_etal_2014	2	12	schuk	1	voiceless	usable	97	C	Reduced
Roettger_etal_2014	2	12	spag	1	voiced	usable	172	A	Enhanced
Roettger_etal_2014	2	12	spak	1	voiceless	usable	167	A	Enhanced
Roettger_etal_2014	2	12	staug	1	voiced	usable	159	B	Normal
Roettger_etal_2014	2	12	stauk	1	voiceless	usable	174	B	Normal
Roettger_etal_2014	2	12	streg	1	voiced	usable	NA	D	Reversed
Roettger_etal_2014	2	12	strek	1	voiceless	usable	NA	D	Reversed
Roettger_etal_2014	2	12	sub	1	voiced	usable	101	D	Reversed
Roettger_etal_2014	2	12	sup	1	voiceless	usable	113	D	Reversed
Roettger_etal_2014	2	12	trieg	1	voiced	usable	84	C	Reduced
Roettger_etal_2014	2	12	triek	1	voiceless	usable	87	C	Reduced
Roettger_etal_2014	2	12	wieb	1	voiced	usable	113	A	Enhanced
Roettger_etal_2014	2	12	wiep	1	voiceless	usable	105	A	Enhanced
Roettger_etal_2014	2	12	wub	1	voiced	usable	87	B	Normal
Roettger_etal_2014	2	12	wug	1	voiced	usable	94	A	Enhanced
Roettger_etal_2014	2	12	wuk	1	voiceless	usable	97	A	Enhanced
Roettger_etal_2014	2	12	wup	1	voiceless	usable	111	B	Normal
Roettger_etal_2014	2	12	zeb	1	voiced	usable	115	B	Normal
Roettger_etal_2014	2	12	zep	1	voiceless	usable	115	B	Normal
Roettger_etal_2014	2	12	bleb	2	voiced	usable	125	D	Reversed
Roettger_etal_2014	2	12	blep	2	voiceless	usable	115	D	Reversed
Roettger_etal_2014	2	12	blog	2	voiced	usable	127	B	Normal
Roettger_etal_2014	2	12	blok	2	voiceless	usable	134	B	Normal
Roettger_etal_2014	2	12	dieg	2	voiced	usable	88	B	Normal
Roettger_etal_2014	2	12	diek	2	voiceless	usable	104	B	Normal
Roettger_etal_2014	2	12	dob	2	voiced	usable	125	D	Reversed
Roettger_etal_2014	2	12	dop	2	voiceless	usable	128	D	Reversed
Roettger_etal_2014	2	12	dug	2	voiced	usable	114	B	Normal
Roettger_etal_2014	2	12	duk	2	voiceless	usable	115	B	Normal
Roettger_etal_2014	2	12	fag	2	voiced	usable	162	B	Normal
Roettger_etal_2014	2	12	fak	2	voiceless	usable	154	B	Normal
Roettger_etal_2014	2	12	faub	2	voiced	usable	114	B	Normal
Roettger_etal_2014	2	12	faup	2	voiceless	usable	132	B	Normal
Roettger_etal_2014	2	12	frog	2	voiced	usable	119	D	Reversed
Roettger_etal_2014	2	12	frok	2	voiceless	usable	129	D	Reversed
Roettger_etal_2014	2	12	gag	2	voiced	usable	193	D	Reversed
Roettger_etal_2014	2	12	gak	2	voiceless	usable	182	D	Reversed
Roettger_etal_2014	2	12	gaug	2	voiced	usable	166	D	Reversed
Roettger_etal_2014	2	12	gauk	2	voiceless	usable	170	D	Reversed
Roettger_etal_2014	2	12	gob	2	voiced	usable	149	B	Normal
Roettger_etal_2014	2	12	gop	2	voiceless	usable	123	B	Normal
Roettger_etal_2014	2	12	grieb	2	voiced	usable	139	B	Normal
Roettger_etal_2014	2	12	griep	2	voiceless	usable	107	B	Normal
Roettger_etal_2014	2	12	heg	2	voiced	usable	144	B	Normal
Roettger_etal_2014	2	12	hek	2	voiceless	usable	110	B	Normal
Roettger_etal_2014	2	12	klab	2	voiced	usable	144	B	Normal
Roettger_etal_2014	2	12	klap	2	voiceless	usable	157	B	Normal
Roettger_etal_2014	2	12	mieb	2	voiced	usable	NA	D	Reversed
Roettger_etal_2014	2	12	miep	2	voiceless	usable	NA	D	Reversed
Roettger_etal_2014	2	12	naub	2	voiced	usable	142	D	Reversed
Roettger_etal_2014	2	12	naup	2	voiceless	usable	172	D	Reversed
Roettger_etal_2014	2	12	prug	2	voiced	usable	85	D	Reversed
Roettger_etal_2014	2	12	pruk	2	voiceless	usable	112	D	Reversed
Roettger_etal_2014	2	12	schlab	2	voiced	usable	129	D	Reversed
Roettger_etal_2014	2	12	schlap	2	voiceless	usable	139	D	Reversed
Roettger_etal_2014	2	12	schrieg	2	voiced	usable	116	D	Reversed
Roettger_etal_2014	2	12	schriek	2	voiceless	usable	81	D	Reversed
Roettger_etal_2014	2	12	staug	2	voiced	usable	166	B	Normal
Roettger_etal_2014	2	12	stauk	2	voiceless	usable	166	B	Normal
Roettger_etal_2014	2	12	streg	2	voiced	usable	137	D	Reversed
Roettger_etal_2014	2	12	strek	2	voiceless	usable	138	D	Reversed
Roettger_etal_2014	2	12	sub	2	voiced	usable	97	D	Reversed
Roettger_etal_2014	2	12	sup	2	voiceless	usable	97	D	Reversed
Roettger_etal_2014	2	12	wub	2	voiced	usable	119	B	Normal
Roettger_etal_2014	2	12	wup	2	voiceless	usable	97	B	Normal
Roettger_etal_2014	2	12	zeb	2	voiced	usable	118	B	Normal
Roettger_etal_2014	2	12	zep	2	voiceless	usable	115	B	Normal
Roettger_etal_2014	2	12	bleb	3	voiced	usable	131	D	Reversed
Roettger_etal_2014	2	12	blep	3	voiceless	usable	119	D	Reversed
Roettger_etal_2014	2	12	blog	3	voiced	usable	143	B	Normal
Roettger_etal_2014	2	12	blok	3	voiceless	usable	130	B	Normal
Roettger_etal_2014	2	12	dieg	3	voiced	usable	118	B	Normal
Roettger_etal_2014	2	12	diek	3	voiceless	usable	96	B	Normal
Roettger_etal_2014	2	12	dob	3	voiced	usable	125	D	Reversed
Roettger_etal_2014	2	12	dop	3	voiceless	usable	133	D	Reversed
Roettger_etal_2014	2	12	dug	3	voiced	usable	146	B	Normal
Roettger_etal_2014	2	12	duk	3	voiceless	usable	123	B	Normal
Roettger_etal_2014	2	12	fag	3	voiced	usable	154	B	Normal
Roettger_etal_2014	2	12	fak	3	voiceless	usable	162	B	Normal
Roettger_etal_2014	2	12	faub	3	voiced	usable	135	B	Normal
Roettger_etal_2014	2	12	faup	3	voiceless	usable	141	B	Normal
Roettger_etal_2014	2	12	frog	3	voiced	usable	149	D	Reversed
Roettger_etal_2014	2	12	frok	3	voiceless	usable	142	D	Reversed
Roettger_etal_2014	2	12	gag	3	voiced	usable	182	D	Reversed
Roettger_etal_2014	2	12	gak	3	voiceless	usable	180	D	Reversed
Roettger_etal_2014	2	12	gaug	3	voiced	usable	175	D	Reversed
Roettger_etal_2014	2	12	gauk	3	voiceless	usable	175	D	Reversed
Roettger_etal_2014	2	12	gob	3	voiced	usable	151	B	Normal
Roettger_etal_2014	2	12	gop	3	voiceless	usable	120	B	Normal
Roettger_etal_2014	2	12	grieb	3	voiced	usable	121	B	Normal
Roettger_etal_2014	2	12	griep	3	voiceless	usable	133	B	Normal
Roettger_etal_2014	2	12	heg	3	voiced	usable	135	B	Normal
Roettger_etal_2014	2	12	hek	3	voiceless	usable	127	B	Normal
Roettger_etal_2014	2	12	klab	3	voiced	usable	170	B	Normal
Roettger_etal_2014	2	12	klap	3	voiceless	usable	146	B	Normal
Roettger_etal_2014	2	12	mieb	3	voiced	usable	103	D	Reversed
Roettger_etal_2014	2	12	miep	3	voiceless	usable	112	D	Reversed
Roettger_etal_2014	2	12	naub	3	voiced	usable	161	D	Reversed
Roettger_etal_2014	2	12	naup	3	voiceless	usable	151	D	Reversed
Roettger_etal_2014	2	12	prug	3	voiced	usable	98	D	Reversed
Roettger_etal_2014	2	12	pruk	3	voiceless	usable	86	D	Reversed
Roettger_etal_2014	2	12	schlab	3	voiced	usable	150	D	Reversed
Roettger_etal_2014	2	12	schlap	3	voiceless	usable	158	D	Reversed
Roettger_etal_2014	2	12	schrieg	3	voiced	usable	113	D	Reversed
Roettger_etal_2014	2	12	schriek	3	voiceless	usable	91	D	Reversed
Roettger_etal_2014	2	12	staug	3	voiced	usable	161	B	Normal
Roettger_etal_2014	2	12	stauk	3	voiceless	usable	172	B	Normal
Roettger_etal_2014	2	12	streg	3	voiced	usable	141	D	Reversed
Roettger_etal_2014	2	12	strek	3	voiceless	usable	143	D	Reversed
Roettger_etal_2014	2	12	sub	3	voiced	usable	102	D	Reversed
Roettger_etal_2014	2	12	sup	3	voiceless	usable	105	D	Reversed
Roettger_etal_2014	2	12	wub	3	voiced	usable	106	B	Normal
Roettger_etal_2014	2	12	wup	3	voiceless	usable	86	B	Normal
Roettger_etal_2014	2	12	zeb	3	voiced	usable	114	B	Normal
Roettger_etal_2014	2	12	zep	3	voiceless	usable	123	B	Normal
Roettger_etal_2014	2	13	baug	1	voiced	usable	165	A	Enhanced
Roettger_etal_2014	2	13	bauk	1	voiceless	usable	165	A	Enhanced
Roettger_etal_2014	2	13	beg	1	voiced	usable	127	A	Enhanced
Roettger_etal_2014	2	13	bek	1	voiceless	usable	109	A	Enhanced
Roettger_etal_2014	2	13	bleb	1	voiced	usable	114	D	Reversed
Roettger_etal_2014	2	13	blep	1	voiceless	usable	100	D	Reversed
Roettger_etal_2014	2	13	blog	1	voiced	usable	182	B	Normal
Roettger_etal_2014	2	13	blok	1	voiceless	usable	106	B	Normal
Roettger_etal_2014	2	13	dab	1	voiced	usable	176	C	Reduced
Roettger_etal_2014	2	13	dag	1	voiced	usable	187	C	Reduced
Roettger_etal_2014	2	13	dak	1	voiceless	usable	175	C	Reduced
Roettger_etal_2014	2	13	dap	1	voiceless	usable	148	C	Reduced
Roettger_etal_2014	2	13	dieg	1	voiced	usable	98	B	Normal
Roettger_etal_2014	2	13	diek	1	voiceless	usable	69	B	Normal
Roettger_etal_2014	2	13	dob	1	voiced	usable	130	D	Reversed
Roettger_etal_2014	2	13	dop	1	voiceless	usable	127	D	Reversed
Roettger_etal_2014	2	13	drub	1	voiced	usable	112	C	Reduced
Roettger_etal_2014	2	13	drup	1	voiceless	usable	101	C	Reduced
Roettger_etal_2014	2	13	dug	1	voiced	usable	107	B	Normal
Roettger_etal_2014	2	13	duk	1	voiceless	usable	101	B	Normal
Roettger_etal_2014	2	13	fag	1	voiced	usable	172	B	Normal
Roettger_etal_2014	2	13	fak	1	voiceless	usable	143	B	Normal
Roettger_etal_2014	2	13	faub	1	voiced	usable	121	B	Normal
Roettger_etal_2014	2	13	faup	1	voiceless	usable	134	B	Normal
Roettger_etal_2014	2	13	flab	1	voiced	usable	131	A	Enhanced
Roettger_etal_2014	2	13	flap	1	voiceless	usable	152	A	Enhanced
Roettger_etal_2014	2	13	fleb	1	voiced	usable	94	C	Reduced
Roettger_etal_2014	2	13	flep	1	voiceless	usable	126	C	Reduced
Roettger_etal_2014	2	13	freb	1	voiced	usable	137	A	Enhanced
Roettger_etal_2014	2	13	frep	1	voiceless	usable	111	A	Enhanced
Roettger_etal_2014	2	13	frob	1	voiced	usable	127	C	Reduced
Roettger_etal_2014	2	13	frog	1	voiced	usable	118	D	Reversed
Roettger_etal_2014	2	13	frok	1	voiceless	usable	108	D	Reversed
Roettger_etal_2014	2	13	frop	1	voiceless	usable	121	C	Reduced
Roettger_etal_2014	2	13	frub	1	voiced	usable	99	A	Enhanced
Roettger_etal_2014	2	13	frup	1	voiceless	usable	85	A	Enhanced
Roettger_etal_2014	2	13	gag	1	voiced	usable	186	D	Reversed
Roettger_etal_2014	2	13	gak	1	voiceless	usable	163	D	Reversed
Roettger_etal_2014	2	13	gaub	1	voiced	usable	163	C	Reduced
Roettger_etal_2014	2	13	gaug	1	voiced	usable	187	D	Reversed
Roettger_etal_2014	2	13	gauk	1	voiceless	usable	172	D	Reversed
Roettger_etal_2014	2	13	gaup	1	voiceless	usable	139	C	Reduced
Roettger_etal_2014	2	13	gleg	1	voiced	usable	103	C	Reduced
Roettger_etal_2014	2	13	glek	1	voiceless	usable	94	C	Reduced
Roettger_etal_2014	2	13	glieb	1	voiced	usable	99	C	Reduced
Roettger_etal_2014	2	13	gliep	1	voiceless	usable	79	C	Reduced
Roettger_etal_2014	2	13	gob	1	voiced	usable	117	B	Normal
Roettger_etal_2014	2	13	gop	1	voiceless	usable	95	B	Normal
Roettger_etal_2014	2	13	grieb	1	voiced	usable	119	B	Normal
Roettger_etal_2014	2	13	griep	1	voiceless	usable	100	B	Normal
Roettger_etal_2014	2	13	heg	1	voiced	usable	107	B	Normal
Roettger_etal_2014	2	13	hek	1	voiceless	usable	82	B	Normal
Roettger_etal_2014	2	13	klab	1	voiced	usable	154	B	Normal
Roettger_etal_2014	2	13	klap	1	voiceless	usable	145	B	Normal
Roettger_etal_2014	2	13	krob	1	voiced	usable	109	A	Enhanced
Roettger_etal_2014	2	13	krop	1	voiceless	usable	79	A	Enhanced
Roettger_etal_2014	2	13	mieb	1	voiced	usable	121	D	Reversed
Roettger_etal_2014	2	13	miep	1	voiceless	usable	87	D	Reversed
Roettger_etal_2014	2	13	naub	1	voiced	usable	168	D	Reversed
Roettger_etal_2014	2	13	naug	1	voiced	usable	NA	C	Reduced
Roettger_etal_2014	2	13	nauk	1	voiceless	usable	NA	C	Reduced
Roettger_etal_2014	2	13	naup	1	voiceless	usable	127	D	Reversed
Roettger_etal_2014	2	13	nug	1	voiced	usable	101	A	Enhanced
Roettger_etal_2014	2	13	nuk	1	voiceless	usable	104	A	Enhanced
Roettger_etal_2014	2	13	prieg	1	voiced	usable	72	A	Enhanced
Roettger_etal_2014	2	13	priek	1	voiceless	usable	70	A	Enhanced
Roettger_etal_2014	2	13	prug	1	voiced	usable	99	D	Reversed
Roettger_etal_2014	2	13	pruk	1	voiceless	usable	89	D	Reversed
Roettger_etal_2014	2	13	rog	1	voiced	usable	136	C	Reduced
Roettger_etal_2014	2	13	rok	1	voiceless	usable	117	C	Reduced
Roettger_etal_2014	2	13	schlab	1	voiced	usable	147	D	Reversed
Roettger_etal_2014	2	13	schlap	1	voiceless	usable	136	D	Reversed
Roettger_etal_2014	2	13	schmaub	1	voiced	usable	NA	A	Enhanced
Roettger_etal_2014	2	13	schmaup	1	voiceless	usable	NA	A	Enhanced
Roettger_etal_2014	2	13	schrieg	1	voiced	usable	93	D	Reversed
Roettger_etal_2014	2	13	schriek	1	voiceless	usable	108	D	Reversed
Roettger_etal_2014	2	13	schug	1	voiced	usable	91	C	Reduced
Roettger_etal_2014	2	13	schuk	1	voiceless	usable	71	C	Reduced
Roettger_etal_2014	2	13	spag	1	voiced	usable	177	A	Enhanced
Roettger_etal_2014	2	13	spak	1	voiceless	usable	152	A	Enhanced
Roettger_etal_2014	2	13	staug	1	voiced	usable	168	B	Normal
Roettger_etal_2014	2	13	stauk	1	voiceless	usable	147	B	Normal
Roettger_etal_2014	2	13	streg	1	voiced	usable	111	D	Reversed
Roettger_etal_2014	2	13	strek	1	voiceless	usable	118	D	Reversed
Roettger_etal_2014	2	13	sub	1	voiced	usable	100	D	Reversed
Roettger_etal_2014	2	13	sup	1	voiceless	usable	90	D	Reversed
Roettger_etal_2014	2	13	trieg	1	voiced	usable	87	C	Reduced
Roettger_etal_2014	2	13	triek	1	voiceless	usable	80	C	Reduced
Roettger_etal_2014	2	13	wieb	1	voiced	usable	134	A	Enhanced
Roettger_etal_2014	2	13	wiep	1	voiceless	usable	83	A	Enhanced
Roettger_etal_2014	2	13	wub	1	voiced	usable	NA	B	Normal
Roettger_etal_2014	2	13	wug	1	voiced	usable	NA	A	Enhanced
Roettger_etal_2014	2	13	wuk	1	voiceless	usable	96	A	Enhanced
Roettger_etal_2014	2	13	wup	1	voiceless	usable	82	B	Normal
Roettger_etal_2014	2	13	zeb	1	voiced	usable	NA	B	Normal
Roettger_etal_2014	2	13	zep	1	voiceless	usable	NA	B	Normal
Roettger_etal_2014	2	13	bleb	2	voiced	usable	109	D	Reversed
Roettger_etal_2014	2	13	blep	2	voiceless	usable	102	D	Reversed
Roettger_etal_2014	2	13	blog	2	voiced	usable	125	B	Normal
Roettger_etal_2014	2	13	blok	2	voiceless	usable	97	B	Normal
Roettger_etal_2014	2	13	dieg	2	voiced	usable	94	B	Normal
Roettger_etal_2014	2	13	diek	2	voiceless	usable	75	B	Normal
Roettger_etal_2014	2	13	dob	2	voiced	usable	119	D	Reversed
Roettger_etal_2014	2	13	dop	2	voiceless	usable	112	D	Reversed
Roettger_etal_2014	2	13	dug	2	voiced	usable	117	B	Normal
Roettger_etal_2014	2	13	duk	2	voiceless	usable	89	B	Normal
Roettger_etal_2014	2	13	fag	2	voiced	usable	162	B	Normal
Roettger_etal_2014	2	13	fak	2	voiceless	usable	162	B	Normal
Roettger_etal_2014	2	13	faub	2	voiced	usable	130	B	Normal
Roettger_etal_2014	2	13	faup	2	voiceless	usable	122	B	Normal
Roettger_etal_2014	2	13	frog	2	voiced	usable	127	D	Reversed
Roettger_etal_2014	2	13	frok	2	voiceless	usable	109	D	Reversed
Roettger_etal_2014	2	13	gag	2	voiced	usable	172	D	Reversed
Roettger_etal_2014	2	13	gak	2	voiceless	usable	169	D	Reversed
Roettger_etal_2014	2	13	gaug	2	voiced	usable	153	D	Reversed
Roettger_etal_2014	2	13	gauk	2	voiceless	usable	153	D	Reversed
Roettger_etal_2014	2	13	gob	2	voiced	usable	110	B	Normal
Roettger_etal_2014	2	13	gop	2	voiceless	usable	104	B	Normal
Roettger_etal_2014	2	13	grieb	2	voiced	usable	100	B	Normal
Roettger_etal_2014	2	13	griep	2	voiceless	usable	103	B	Normal
Roettger_etal_2014	2	13	heg	2	voiced	usable	116	B	Normal
Roettger_etal_2014	2	13	hek	2	voiceless	usable	111	B	Normal
Roettger_etal_2014	2	13	klab	2	voiced	usable	150	B	Normal
Roettger_etal_2014	2	13	klap	2	voiceless	usable	144	B	Normal
Roettger_etal_2014	2	13	mieb	2	voiced	usable	114	D	Reversed
Roettger_etal_2014	2	13	miep	2	voiceless	usable	73	D	Reversed
Roettger_etal_2014	2	13	naub	2	voiced	usable	157	D	Reversed
Roettger_etal_2014	2	13	naup	2	voiceless	usable	159	D	Reversed
Roettger_etal_2014	2	13	prug	2	voiced	usable	104	D	Reversed
Roettger_etal_2014	2	13	pruk	2	voiceless	usable	86	D	Reversed
Roettger_etal_2014	2	13	schlab	2	voiced	usable	171	D	Reversed
Roettger_etal_2014	2	13	schlap	2	voiceless	usable	149	D	Reversed
Roettger_etal_2014	2	13	schrieg	2	voiced	usable	107	D	Reversed
Roettger_etal_2014	2	13	schriek	2	voiceless	usable	76	D	Reversed
Roettger_etal_2014	2	13	staug	2	voiced	usable	155	B	Normal
Roettger_etal_2014	2	13	stauk	2	voiceless	usable	129	B	Normal
Roettger_etal_2014	2	13	streg	2	voiced	usable	126	D	Reversed
Roettger_etal_2014	2	13	strek	2	voiceless	usable	122	D	Reversed
Roettger_etal_2014	2	13	sub	2	voiced	usable	105	D	Reversed
Roettger_etal_2014	2	13	sup	2	voiceless	usable	84	D	Reversed
Roettger_etal_2014	2	13	wub	2	voiced	usable	87	B	Normal
Roettger_etal_2014	2	13	wup	2	voiceless	usable	100	B	Normal
Roettger_etal_2014	2	13	zeb	2	voiced	usable	NA	B	Normal
Roettger_etal_2014	2	13	zep	2	voiceless	usable	NA	B	Normal
Roettger_etal_2014	2	13	bleb	3	voiced	usable	103	D	Reversed
Roettger_etal_2014	2	13	blep	3	voiceless	usable	108	D	Reversed
Roettger_etal_2014	2	13	blog	3	voiced	usable	105	B	Normal
Roettger_etal_2014	2	13	blok	3	voiceless	usable	117	B	Normal
Roettger_etal_2014	2	13	dieg	3	voiced	usable	81	B	Normal
Roettger_etal_2014	2	13	diek	3	voiceless	usable	90	B	Normal
Roettger_etal_2014	2	13	dob	3	voiced	usable	135	D	Reversed
Roettger_etal_2014	2	13	dop	3	voiceless	usable	110	D	Reversed
Roettger_etal_2014	2	13	dug	3	voiced	usable	107	B	Normal
Roettger_etal_2014	2	13	duk	3	voiceless	usable	80	B	Normal
Roettger_etal_2014	2	13	fag	3	voiced	usable	168	B	Normal
Roettger_etal_2014	2	13	fak	3	voiceless	usable	145	B	Normal
Roettger_etal_2014	2	13	faub	3	voiced	usable	133	B	Normal
Roettger_etal_2014	2	13	faup	3	voiceless	usable	120	B	Normal
Roettger_etal_2014	2	13	frog	3	voiced	usable	88	D	Reversed
Roettger_etal_2014	2	13	frok	3	voiceless	usable	108	D	Reversed
Roettger_etal_2014	2	13	gag	3	voiced	usable	186	D	Reversed
Roettger_etal_2014	2	13	gak	3	voiceless	usable	166	D	Reversed
Roettger_etal_2014	2	13	gaug	3	voiced	usable	163	D	Reversed
Roettger_etal_2014	2	13	gauk	3	voiceless	usable	161	D	Reversed
Roettger_etal_2014	2	13	gob	3	voiced	usable	NA	B	Normal
Roettger_etal_2014	2	13	gop	3	voiceless	usable	NA	B	Normal
Roettger_etal_2014	2	13	grieb	3	voiced	usable	106	B	Normal
Roettger_etal_2014	2	13	griep	3	voiceless	usable	90	B	Normal
Roettger_etal_2014	2	13	heg	3	voiced	usable	134	B	Normal
Roettger_etal_2014	2	13	hek	3	voiceless	usable	88	B	Normal
Roettger_etal_2014	2	13	klab	3	voiced	usable	156	B	Normal
Roettger_etal_2014	2	13	klap	3	voiceless	usable	139	B	Normal
Roettger_etal_2014	2	13	mieb	3	voiced	usable	111	D	Reversed
Roettger_etal_2014	2	13	miep	3	voiceless	usable	82	D	Reversed
Roettger_etal_2014	2	13	naub	3	voiced	usable	166	D	Reversed
Roettger_etal_2014	2	13	naup	3	voiceless	usable	148	D	Reversed
Roettger_etal_2014	2	13	prug	3	voiced	usable	85	D	Reversed
Roettger_etal_2014	2	13	pruk	3	voiceless	usable	85	D	Reversed
Roettger_etal_2014	2	13	schlab	3	voiced	usable	139	D	Reversed
Roettger_etal_2014	2	13	schlap	3	voiceless	usable	123	D	Reversed
Roettger_etal_2014	2	13	schrieg	3	voiced	usable	99	D	Reversed
Roettger_etal_2014	2	13	schriek	3	voiceless	usable	71	D	Reversed
Roettger_etal_2014	2	13	staug	3	voiced	usable	164	B	Normal
Roettger_etal_2014	2	13	stauk	3	voiceless	usable	152	B	Normal
Roettger_etal_2014	2	13	streg	3	voiced	usable	105	D	Reversed
Roettger_etal_2014	2	13	strek	3	voiceless	usable	112	D	Reversed
Roettger_etal_2014	2	13	sub	3	voiced	usable	78	D	Reversed
Roettger_etal_2014	2	13	sup	3	voiceless	usable	90	D	Reversed
Roettger_etal_2014	2	13	wub	3	voiced	usable	89	B	Normal
Roettger_etal_2014	2	13	wup	3	voiceless	usable	86	B	Normal
Roettger_etal_2014	2	13	zeb	3	voiced	usable	98	B	Normal
Roettger_etal_2014	2	13	zep	3	voiceless	usable	80	B	Normal
Roettger_etal_2014	2	14	baug	1	voiced	usable	120	A	Enhanced
Roettger_etal_2014	2	14	bauk	1	voiceless	usable	128	A	Enhanced
Roettger_etal_2014	2	14	beg	1	voiced	usable	131	A	Enhanced
Roettger_etal_2014	2	14	bek	1	voiceless	usable	107	A	Enhanced
Roettger_etal_2014	2	14	bleb	1	voiced	usable	98	D	Reversed
Roettger_etal_2014	2	14	blep	1	voiceless	usable	89	D	Reversed
Roettger_etal_2014	2	14	blog	1	voiced	usable	137	B	Normal
Roettger_etal_2014	2	14	blok	1	voiceless	usable	115	B	Normal
Roettger_etal_2014	2	14	dab	1	voiced	usable	134	C	Reduced
Roettger_etal_2014	2	14	dag	1	voiced	usable	159	C	Reduced
Roettger_etal_2014	2	14	dak	1	voiceless	usable	169	C	Reduced
Roettger_etal_2014	2	14	dap	1	voiceless	usable	137	C	Reduced
Roettger_etal_2014	2	14	dieg	1	voiced	usable	105	B	Normal
Roettger_etal_2014	2	14	diek	1	voiceless	usable	92	B	Normal
Roettger_etal_2014	2	14	dob	1	voiced	usable	108	D	Reversed
Roettger_etal_2014	2	14	dop	1	voiceless	usable	126	D	Reversed
Roettger_etal_2014	2	14	drub	1	voiced	usable	98	C	Reduced
Roettger_etal_2014	2	14	drup	1	voiceless	usable	96	C	Reduced
Roettger_etal_2014	2	14	dug	1	voiced	usable	101	B	Normal
Roettger_etal_2014	2	14	duk	1	voiceless	usable	109	B	Normal
Roettger_etal_2014	2	14	fag	1	voiced	usable	140	B	Normal
Roettger_etal_2014	2	14	fak	1	voiceless	usable	125	B	Normal
Roettger_etal_2014	2	14	faub	1	voiced	usable	98	B	Normal
Roettger_etal_2014	2	14	faup	1	voiceless	usable	104	B	Normal
Roettger_etal_2014	2	14	flab	1	voiced	usable	108	A	Enhanced
Roettger_etal_2014	2	14	flap	1	voiceless	usable	111	A	Enhanced
Roettger_etal_2014	2	14	fleb	1	voiced	usable	87	C	Reduced
Roettger_etal_2014	2	14	flep	1	voiceless	usable	83	C	Reduced
Roettger_etal_2014	2	14	freb	1	voiced	usable	97	A	Enhanced
Roettger_etal_2014	2	14	frep	1	voiceless	usable	96	A	Enhanced
Roettger_etal_2014	2	14	frob	1	voiced	usable	83	C	Reduced
Roettger_etal_2014	2	14	frog	1	voiced	usable	97	D	Reversed
Roettger_etal_2014	2	14	frok	1	voiceless	usable	95	D	Reversed
Roettger_etal_2014	2	14	frop	1	voiceless	usable	94	C	Reduced
Roettger_etal_2014	2	14	frub	1	voiced	usable	90	A	Enhanced
Roettger_etal_2014	2	14	frup	1	voiceless	usable	92	A	Enhanced
Roettger_etal_2014	2	14	gag	1	voiced	usable	113	D	Reversed
Roettger_etal_2014	2	14	gak	1	voiceless	usable	157	D	Reversed
Roettger_etal_2014	2	14	gaub	1	voiced	usable	122	C	Reduced
Roettger_etal_2014	2	14	gaug	1	voiced	usable	137	D	Reversed
Roettger_etal_2014	2	14	gauk	1	voiceless	usable	151	D	Reversed
Roettger_etal_2014	2	14	gaup	1	voiceless	usable	116	C	Reduced
Roettger_etal_2014	2	14	gleg	1	voiced	usable	115	C	Reduced
Roettger_etal_2014	2	14	glek	1	voiceless	usable	109	C	Reduced
Roettger_etal_2014	2	14	glieb	1	voiced	usable	74	C	Reduced
Roettger_etal_2014	2	14	gliep	1	voiceless	usable	62	C	Reduced
Roettger_etal_2014	2	14	gob	1	voiced	usable	90	B	Normal
Roettger_etal_2014	2	14	gop	1	voiceless	usable	110	B	Normal
Roettger_etal_2014	2	14	grieb	1	voiced	usable	102	B	Normal
Roettger_etal_2014	2	14	griep	1	voiceless	usable	92	B	Normal
Roettger_etal_2014	2	14	heg	1	voiced	usable	89	B	Normal
Roettger_etal_2014	2	14	hek	1	voiceless	usable	87	B	Normal
Roettger_etal_2014	2	14	klab	1	voiced	usable	112	B	Normal
Roettger_etal_2014	2	14	klap	1	voiceless	usable	119	B	Normal
Roettger_etal_2014	2	14	krob	1	voiced	usable	77	A	Enhanced
Roettger_etal_2014	2	14	krop	1	voiceless	usable	84	A	Enhanced
Roettger_etal_2014	2	14	mieb	1	voiced	usable	72	D	Reversed
Roettger_etal_2014	2	14	miep	1	voiceless	usable	89	D	Reversed
Roettger_etal_2014	2	14	naub	1	voiced	usable	124	D	Reversed
Roettger_etal_2014	2	14	naug	1	voiced	usable	129	C	Reduced
Roettger_etal_2014	2	14	nauk	1	voiceless	usable	131	C	Reduced
Roettger_etal_2014	2	14	naup	1	voiceless	usable	129	D	Reversed
Roettger_etal_2014	2	14	nug	1	voiced	usable	110	A	Enhanced
Roettger_etal_2014	2	14	nuk	1	voiceless	usable	97	A	Enhanced
Roettger_etal_2014	2	14	prieg	1	voiced	usable	88	A	Enhanced
Roettger_etal_2014	2	14	priek	1	voiceless	usable	91	A	Enhanced
Roettger_etal_2014	2	14	prug	1	voiced	usable	126	D	Reversed
Roettger_etal_2014	2	14	pruk	1	voiceless	usable	76	D	Reversed
Roettger_etal_2014	2	14	rog	1	voiced	usable	113	C	Reduced
Roettger_etal_2014	2	14	rok	1	voiceless	usable	92	C	Reduced
Roettger_etal_2014	2	14	schlab	1	voiced	usable	113	D	Reversed
Roettger_etal_2014	2	14	schlap	1	voiceless	usable	137	D	Reversed
Roettger_etal_2014	2	14	schmaub	1	voiced	usable	110	A	Enhanced
Roettger_etal_2014	2	14	schmaup	1	voiceless	usable	108	A	Enhanced
Roettger_etal_2014	2	14	schrieg	1	voiced	usable	107	D	Reversed
Roettger_etal_2014	2	14	schriek	1	voiceless	usable	95	D	Reversed
Roettger_etal_2014	2	14	schug	1	voiced	usable	94	C	Reduced
Roettger_etal_2014	2	14	schuk	1	voiceless	usable	63	C	Reduced
Roettger_etal_2014	2	14	spag	1	voiced	usable	142	A	Enhanced
Roettger_etal_2014	2	14	spak	1	voiceless	usable	152	A	Enhanced
Roettger_etal_2014	2	14	staug	1	voiced	usable	143	B	Normal
Roettger_etal_2014	2	14	stauk	1	voiceless	usable	148	B	Normal
Roettger_etal_2014	2	14	streg	1	voiced	usable	113	D	Reversed
Roettger_etal_2014	2	14	strek	1	voiceless	usable	109	D	Reversed
Roettger_etal_2014	2	14	sub	1	voiced	usable	81	D	Reversed
Roettger_etal_2014	2	14	sup	1	voiceless	usable	119	D	Reversed
Roettger_etal_2014	2	14	trieg	1	voiced	usable	91	C	Reduced
Roettger_etal_2014	2	14	triek	1	voiceless	usable	110	C	Reduced
Roettger_etal_2014	2	14	wieb	1	voiced	usable	105	A	Enhanced
Roettger_etal_2014	2	14	wiep	1	voiceless	usable	97	A	Enhanced
Roettger_etal_2014	2	14	wub	1	voiced	usable	80	B	Normal
Roettger_etal_2014	2	14	wug	1	voiced	usable	88	A	Enhanced
Roettger_etal_2014	2	14	wuk	1	voiceless	usable	77	A	Enhanced
Roettger_etal_2014	2	14	wup	1	voiceless	usable	67	B	Normal
Roettger_etal_2014	2	14	zeb	1	voiced	usable	112	B	Normal
Roettger_etal_2014	2	14	zep	1	voiceless	usable	92	B	Normal
Roettger_etal_2014	2	14	bleb	2	voiced	usable	107	D	Reversed
Roettger_etal_2014	2	14	blep	2	voiceless	usable	100	D	Reversed
Roettger_etal_2014	2	14	blog	2	voiced	usable	129	B	Normal
Roettger_etal_2014	2	14	blok	2	voiceless	usable	105	B	Normal
Roettger_etal_2014	2	14	dieg	2	voiced	usable	113	B	Normal
Roettger_etal_2014	2	14	diek	2	voiceless	usable	91	B	Normal
Roettger_etal_2014	2	14	dob	2	voiced	usable	114	D	Reversed
Roettger_etal_2014	2	14	dop	2	voiceless	usable	103	D	Reversed
Roettger_etal_2014	2	14	dug	2	voiced	usable	110	B	Normal
Roettger_etal_2014	2	14	duk	2	voiceless	usable	93	B	Normal
Roettger_etal_2014	2	14	fag	2	voiced	usable	157	B	Normal
Roettger_etal_2014	2	14	fak	2	voiceless	usable	129	B	Normal
Roettger_etal_2014	2	14	faub	2	voiced	usable	111	B	Normal
Roettger_etal_2014	2	14	faup	2	voiceless	usable	106	B	Normal
Roettger_etal_2014	2	14	frog	2	voiced	usable	108	D	Reversed
Roettger_etal_2014	2	14	frok	2	voiceless	usable	72	D	Reversed
Roettger_etal_2014	2	14	gag	2	voiced	usable	181	D	Reversed
Roettger_etal_2014	2	14	gak	2	voiceless	usable	171	D	Reversed
Roettger_etal_2014	2	14	gaug	2	voiced	usable	149	D	Reversed
Roettger_etal_2014	2	14	gauk	2	voiceless	usable	139	D	Reversed
Roettger_etal_2014	2	14	gob	2	voiced	usable	104	B	Normal
Roettger_etal_2014	2	14	gop	2	voiceless	usable	108	B	Normal
Roettger_etal_2014	2	14	grieb	2	voiced	usable	118	B	Normal
Roettger_etal_2014	2	14	griep	2	voiceless	usable	113	B	Normal
Roettger_etal_2014	2	14	heg	2	voiced	usable	96	B	Normal
Roettger_etal_2014	2	14	hek	2	voiceless	usable	100	B	Normal
Roettger_etal_2014	2	14	klab	2	voiced	usable	125	B	Normal
Roettger_etal_2014	2	14	klap	2	voiceless	usable	127	B	Normal
Roettger_etal_2014	2	14	mieb	2	voiced	usable	90	D	Reversed
Roettger_etal_2014	2	14	miep	2	voiceless	usable	88	D	Reversed
Roettger_etal_2014	2	14	naub	2	voiced	usable	133	D	Reversed
Roettger_etal_2014	2	14	naup	2	voiceless	usable	126	D	Reversed
Roettger_etal_2014	2	14	prug	2	voiced	usable	68	D	Reversed
Roettger_etal_2014	2	14	pruk	2	voiceless	usable	72	D	Reversed
Roettger_etal_2014	2	14	schlab	2	voiced	usable	130	D	Reversed
Roettger_etal_2014	2	14	schlap	2	voiceless	usable	125	D	Reversed
Roettger_etal_2014	2	14	schrieg	2	voiced	usable	101	D	Reversed
Roettger_etal_2014	2	14	schriek	2	voiceless	usable	100	D	Reversed
Roettger_etal_2014	2	14	staug	2	voiced	usable	155	B	Normal
Roettger_etal_2014	2	14	stauk	2	voiceless	usable	140	B	Normal
Roettger_etal_2014	2	14	streg	2	voiced	usable	129	D	Reversed
Roettger_etal_2014	2	14	strek	2	voiceless	usable	118	D	Reversed
Roettger_etal_2014	2	14	sub	2	voiced	usable	87	D	Reversed
Roettger_etal_2014	2	14	sup	2	voiceless	usable	119	D	Reversed
Roettger_etal_2014	2	14	wub	2	voiced	usable	75	B	Normal
Roettger_etal_2014	2	14	wup	2	voiceless	usable	76	B	Normal
Roettger_etal_2014	2	14	zeb	2	voiced	usable	106	B	Normal
Roettger_etal_2014	2	14	zep	2	voiceless	usable	102	B	Normal
Roettger_etal_2014	2	14	bleb	3	voiced	usable	119	D	Reversed
Roettger_etal_2014	2	14	blep	3	voiceless	usable	87	D	Reversed
Roettger_etal_2014	2	14	blog	3	voiced	usable	108	B	Normal
Roettger_etal_2014	2	14	blok	3	voiceless	usable	116	B	Normal
Roettger_etal_2014	2	14	dieg	3	voiced	usable	121	B	Normal
Roettger_etal_2014	2	14	diek	3	voiceless	usable	110	B	Normal
Roettger_etal_2014	2	14	dob	3	voiced	usable	121	D	Reversed
Roettger_etal_2014	2	14	dop	3	voiceless	usable	125	D	Reversed
Roettger_etal_2014	2	14	dug	3	voiced	usable	106	B	Normal
Roettger_etal_2014	2	14	duk	3	voiceless	usable	102	B	Normal
Roettger_etal_2014	2	14	fag	3	voiced	usable	151	B	Normal
Roettger_etal_2014	2	14	fak	3	voiceless	usable	156	B	Normal
Roettger_etal_2014	2	14	faub	3	voiced	usable	119	B	Normal
Roettger_etal_2014	2	14	faup	3	voiceless	usable	96	B	Normal
Roettger_etal_2014	2	14	frog	3	voiced	usable	103	D	Reversed
Roettger_etal_2014	2	14	frok	3	voiceless	usable	87	D	Reversed
Roettger_etal_2014	2	14	gag	3	voiced	usable	142	D	Reversed
Roettger_etal_2014	2	14	gak	3	voiceless	usable	145	D	Reversed
Roettger_etal_2014	2	14	gaug	3	voiced	usable	140	D	Reversed
Roettger_etal_2014	2	14	gauk	3	voiceless	usable	136	D	Reversed
Roettger_etal_2014	2	14	gob	3	voiced	usable	116	B	Normal
Roettger_etal_2014	2	14	gop	3	voiceless	usable	101	B	Normal
Roettger_etal_2014	2	14	grieb	3	voiced	usable	116	B	Normal
Roettger_etal_2014	2	14	griep	3	voiceless	usable	101	B	Normal
Roettger_etal_2014	2	14	heg	3	voiced	usable	114	B	Normal
Roettger_etal_2014	2	14	hek	3	voiceless	usable	114	B	Normal
Roettger_etal_2014	2	14	klab	3	voiced	usable	120	B	Normal
Roettger_etal_2014	2	14	klap	3	voiceless	usable	128	B	Normal
Roettger_etal_2014	2	14	mieb	3	voiced	usable	100	D	Reversed
Roettger_etal_2014	2	14	miep	3	voiceless	usable	86	D	Reversed
Roettger_etal_2014	2	14	naub	3	voiced	usable	125	D	Reversed
Roettger_etal_2014	2	14	naup	3	voiceless	usable	125	D	Reversed
Roettger_etal_2014	2	14	prug	3	voiced	usable	79	D	Reversed
Roettger_etal_2014	2	14	pruk	3	voiceless	usable	66	D	Reversed
Roettger_etal_2014	2	14	schlab	3	voiced	usable	120	D	Reversed
Roettger_etal_2014	2	14	schlap	3	voiceless	usable	119	D	Reversed
Roettger_etal_2014	2	14	schrieg	3	voiced	usable	97	D	Reversed
Roettger_etal_2014	2	14	schriek	3	voiceless	usable	93	D	Reversed
Roettger_etal_2014	2	14	staug	3	voiced	usable	156	B	Normal
Roettger_etal_2014	2	14	stauk	3	voiceless	usable	147	B	Normal
Roettger_etal_2014	2	14	streg	3	voiced	usable	111	D	Reversed
Roettger_etal_2014	2	14	strek	3	voiceless	usable	121	D	Reversed
Roettger_etal_2014	2	14	sub	3	voiced	usable	89	D	Reversed
Roettger_etal_2014	2	14	sup	3	voiceless	usable	112	D	Reversed
Roettger_etal_2014	2	14	wub	3	voiced	usable	89	B	Normal
Roettger_etal_2014	2	14	wup	3	voiceless	usable	83	B	Normal
Roettger_etal_2014	2	14	zeb	3	voiced	usable	120	B	Normal
Roettger_etal_2014	2	14	zep	3	voiceless	usable	106	B	Normal
Roettger_etal_2014	2	15	baug	1	voiced	usable	176	A	Enhanced
Roettger_etal_2014	2	15	bauk	1	voiceless	usable	148	A	Enhanced
Roettger_etal_2014	2	15	beg	1	voiced	usable	145	A	Enhanced
Roettger_etal_2014	2	15	bek	1	voiceless	usable	153	A	Enhanced
Roettger_etal_2014	2	15	bleb	1	voiced	usable	137	D	Reversed
Roettger_etal_2014	2	15	blep	1	voiceless	usable	131	D	Reversed
Roettger_etal_2014	2	15	blog	1	voiced	usable	132	B	Normal
Roettger_etal_2014	2	15	blok	1	voiceless	usable	124	B	Normal
Roettger_etal_2014	2	15	dab	1	voiced	usable	187	C	Reduced
Roettger_etal_2014	2	15	dag	1	voiced	usable	160	C	Reduced
Roettger_etal_2014	2	15	dak	1	voiceless	usable	198	C	Reduced
Roettger_etal_2014	2	15	dap	1	voiceless	usable	172	C	Reduced
Roettger_etal_2014	2	15	dieg	1	voiced	usable	106	B	Normal
Roettger_etal_2014	2	15	diek	1	voiceless	usable	109	B	Normal
Roettger_etal_2014	2	15	dob	1	voiced	usable	148	D	Reversed
Roettger_etal_2014	2	15	dop	1	voiceless	usable	139	D	Reversed
Roettger_etal_2014	2	15	drub	1	voiced	usable	105	C	Reduced
Roettger_etal_2014	2	15	drup	1	voiceless	usable	117	C	Reduced
Roettger_etal_2014	2	15	dug	1	voiced	usable	121	B	Normal
Roettger_etal_2014	2	15	duk	1	voiceless	usable	132	B	Normal
Roettger_etal_2014	2	15	fag	1	voiced	usable	140	B	Normal
Roettger_etal_2014	2	15	fak	1	voiceless	usable	127	B	Normal
Roettger_etal_2014	2	15	faub	1	voiced	usable	134	B	Normal
Roettger_etal_2014	2	15	faup	1	voiceless	usable	142	B	Normal
Roettger_etal_2014	2	15	flab	1	voiced	usable	NA	A	Enhanced
Roettger_etal_2014	2	15	flap	1	voiceless	usable	NA	A	Enhanced
Roettger_etal_2014	2	15	fleb	1	voiced	usable	132	C	Reduced
Roettger_etal_2014	2	15	flep	1	voiceless	usable	127	C	Reduced
Roettger_etal_2014	2	15	freb	1	voiced	usable	120	A	Enhanced
Roettger_etal_2014	2	15	frep	1	voiceless	usable	111	A	Enhanced
Roettger_etal_2014	2	15	frob	1	voiced	usable	128	C	Reduced
Roettger_etal_2014	2	15	frog	1	voiced	usable	NA	D	Reversed
Roettger_etal_2014	2	15	frok	1	voiceless	usable	NA	D	Reversed
Roettger_etal_2014	2	15	frop	1	voiceless	usable	169	C	Reduced
Roettger_etal_2014	2	15	frub	1	voiced	usable	106	A	Enhanced
Roettger_etal_2014	2	15	frup	1	voiceless	usable	104	A	Enhanced
Roettger_etal_2014	2	15	gag	1	voiced	usable	182	D	Reversed
Roettger_etal_2014	2	15	gak	1	voiceless	usable	199	D	Reversed
Roettger_etal_2014	2	15	gaub	1	voiced	usable	182	C	Reduced
Roettger_etal_2014	2	15	gaug	1	voiced	usable	164	D	Reversed
Roettger_etal_2014	2	15	gauk	1	voiceless	usable	180	D	Reversed
Roettger_etal_2014	2	15	gaup	1	voiceless	usable	165	C	Reduced
Roettger_etal_2014	2	15	gleg	1	voiced	usable	129	C	Reduced
Roettger_etal_2014	2	15	glek	1	voiceless	usable	144	C	Reduced
Roettger_etal_2014	2	15	glieb	1	voiced	usable	108	C	Reduced
Roettger_etal_2014	2	15	gliep	1	voiceless	usable	107	C	Reduced
Roettger_etal_2014	2	15	gob	1	voiced	usable	138	B	Normal
Roettger_etal_2014	2	15	gop	1	voiceless	usable	146	B	Normal
Roettger_etal_2014	2	15	grieb	1	voiced	usable	130	B	Normal
Roettger_etal_2014	2	15	griep	1	voiceless	usable	130	B	Normal
Roettger_etal_2014	2	15	heg	1	voiced	usable	118	B	Normal
Roettger_etal_2014	2	15	hek	1	voiceless	usable	115	B	Normal
Roettger_etal_2014	2	15	klab	1	voiced	usable	150	B	Normal
Roettger_etal_2014	2	15	klap	1	voiceless	usable	147	B	Normal
Roettger_etal_2014	2	15	krob	1	voiced	usable	112	A	Enhanced
Roettger_etal_2014	2	15	krop	1	voiceless	usable	129	A	Enhanced
Roettger_etal_2014	2	15	mieb	1	voiced	usable	103	D	Reversed
Roettger_etal_2014	2	15	miep	1	voiceless	usable	108	D	Reversed
Roettger_etal_2014	2	15	naub	1	voiced	usable	154	D	Reversed
Roettger_etal_2014	2	15	naug	1	voiced	usable	156	C	Reduced
Roettger_etal_2014	2	15	nauk	1	voiceless	usable	166	C	Reduced
Roettger_etal_2014	2	15	naup	1	voiceless	usable	157	D	Reversed
Roettger_etal_2014	2	15	nug	1	voiced	usable	108	A	Enhanced
Roettger_etal_2014	2	15	nuk	1	voiceless	usable	123	A	Enhanced
Roettger_etal_2014	2	15	prieg	1	voiced	usable	104	A	Enhanced
Roettger_etal_2014	2	15	priek	1	voiceless	usable	94	A	Enhanced
Roettger_etal_2014	2	15	prug	1	voiced	usable	91	D	Reversed
Roettger_etal_2014	2	15	pruk	1	voiceless	usable	103	D	Reversed
Roettger_etal_2014	2	15	rog	1	voiced	usable	NA	C	Reduced
Roettger_etal_2014	2	15	rok	1	voiceless	usable	NA	C	Reduced
Roettger_etal_2014	2	15	schlab	1	voiced	usable	135	D	Reversed
Roettger_etal_2014	2	15	schlap	1	voiceless	usable	138	D	Reversed
Roettger_etal_2014	2	15	schmaub	1	voiced	usable	164	A	Enhanced
Roettger_etal_2014	2	15	schmaup	1	voiceless	usable	129	A	Enhanced
Roettger_etal_2014	2	15	schrieg	1	voiced	usable	92	D	Reversed
Roettger_etal_2014	2	15	schriek	1	voiceless	usable	108	D	Reversed
Roettger_etal_2014	2	15	schug	1	voiced	usable	106	C	Reduced
Roettger_etal_2014	2	15	schuk	1	voiceless	usable	93	C	Reduced
Roettger_etal_2014	2	15	spag	1	voiced	usable	147	A	Enhanced
Roettger_etal_2014	2	15	spak	1	voiceless	usable	143	A	Enhanced
Roettger_etal_2014	2	15	staug	1	voiced	usable	154	B	Normal
Roettger_etal_2014	2	15	stauk	1	voiceless	usable	153	B	Normal
Roettger_etal_2014	2	15	streg	1	voiced	usable	133	D	Reversed
Roettger_etal_2014	2	15	strek	1	voiceless	usable	116	D	Reversed
Roettger_etal_2014	2	15	sub	1	voiced	usable	113	D	Reversed
Roettger_etal_2014	2	15	sup	1	voiceless	usable	118	D	Reversed
Roettger_etal_2014	2	15	trieg	1	voiced	usable	108	C	Reduced
Roettger_etal_2014	2	15	triek	1	voiceless	usable	103	C	Reduced
Roettger_etal_2014	2	15	wieb	1	voiced	usable	112	A	Enhanced
Roettger_etal_2014	2	15	wiep	1	voiceless	usable	102	A	Enhanced
Roettger_etal_2014	2	15	wub	1	voiced	usable	120	B	Normal
Roettger_etal_2014	2	15	wug	1	voiced	usable	108	A	Enhanced
Roettger_etal_2014	2	15	wuk	1	voiceless	usable	94	A	Enhanced
Roettger_etal_2014	2	15	wup	1	voiceless	usable	116	B	Normal
Roettger_etal_2014	2	15	zeb	1	voiced	usable	108	B	Normal
Roettger_etal_2014	2	15	zep	1	voiceless	usable	113	B	Normal
Roettger_etal_2014	2	15	bleb	2	voiced	usable	123	D	Reversed
Roettger_etal_2014	2	15	blep	2	voiceless	usable	116	D	Reversed
Roettger_etal_2014	2	15	blog	2	voiced	usable	126	B	Normal
Roettger_etal_2014	2	15	blok	2	voiceless	usable	112	B	Normal
Roettger_etal_2014	2	15	dieg	2	voiced	usable	132	B	Normal
Roettger_etal_2014	2	15	diek	2	voiceless	usable	121	B	Normal
Roettger_etal_2014	2	15	dob	2	voiced	usable	146	D	Reversed
Roettger_etal_2014	2	15	dop	2	voiceless	usable	153	D	Reversed
Roettger_etal_2014	2	15	dug	2	voiced	usable	NA	B	Normal
Roettger_etal_2014	2	15	duk	2	voiceless	usable	NA	B	Normal
Roettger_etal_2014	2	15	fag	2	voiced	usable	146	B	Normal
Roettger_etal_2014	2	15	fak	2	voiceless	usable	134	B	Normal
Roettger_etal_2014	2	15	faub	2	voiced	usable	133	B	Normal
Roettger_etal_2014	2	15	faup	2	voiceless	usable	121	B	Normal
Roettger_etal_2014	2	15	frog	2	voiced	usable	117	D	Reversed
Roettger_etal_2014	2	15	frok	2	voiceless	usable	85	D	Reversed
Roettger_etal_2014	2	15	gag	2	voiced	usable	158	D	Reversed
Roettger_etal_2014	2	15	gak	2	voiceless	usable	168	D	Reversed
Roettger_etal_2014	2	15	gaug	2	voiced	usable	NA	D	Reversed
Roettger_etal_2014	2	15	gauk	2	voiceless	usable	NA	D	Reversed
Roettger_etal_2014	2	15	gob	2	voiced	usable	149	B	Normal
Roettger_etal_2014	2	15	gop	2	voiceless	usable	136	B	Normal
Roettger_etal_2014	2	15	grieb	2	voiced	usable	131	B	Normal
Roettger_etal_2014	2	15	griep	2	voiceless	usable	117	B	Normal
Roettger_etal_2014	2	15	heg	2	voiced	usable	NA	B	Normal
Roettger_etal_2014	2	15	hek	2	voiceless	usable	NA	B	Normal
Roettger_etal_2014	2	15	klab	2	voiced	usable	155	B	Normal
Roettger_etal_2014	2	15	klap	2	voiceless	usable	148	B	Normal
Roettger_etal_2014	2	15	mieb	2	voiced	usable	NA	D	Reversed
Roettger_etal_2014	2	15	miep	2	voiceless	usable	NA	D	Reversed
Roettger_etal_2014	2	15	naub	2	voiced	usable	163	D	Reversed
Roettger_etal_2014	2	15	naup	2	voiceless	usable	161	D	Reversed
Roettger_etal_2014	2	15	prug	2	voiced	usable	79	D	Reversed
Roettger_etal_2014	2	15	pruk	2	voiceless	usable	76	D	Reversed
Roettger_etal_2014	2	15	schlab	2	voiced	usable	129	D	Reversed
Roettger_etal_2014	2	15	schlap	2	voiceless	usable	154	D	Reversed
Roettger_etal_2014	2	15	schrieg	2	voiced	usable	103	D	Reversed
Roettger_etal_2014	2	15	schriek	2	voiceless	usable	101	D	Reversed
Roettger_etal_2014	2	15	staug	2	voiced	usable	163	B	Normal
Roettger_etal_2014	2	15	stauk	2	voiceless	usable	159	B	Normal
Roettger_etal_2014	2	15	streg	2	voiced	usable	119	D	Reversed
Roettger_etal_2014	2	15	strek	2	voiceless	usable	106	D	Reversed
Roettger_etal_2014	2	15	sub	2	voiced	usable	110	D	Reversed
Roettger_etal_2014	2	15	sup	2	voiceless	usable	107	D	Reversed
Roettger_etal_2014	2	15	wub	2	voiced	usable	118	B	Normal
Roettger_etal_2014	2	15	wup	2	voiceless	usable	117	B	Normal
Roettger_etal_2014	2	15	zeb	2	voiced	usable	112	B	Normal
Roettger_etal_2014	2	15	zep	2	voiceless	usable	97	B	Normal
Roettger_etal_2014	2	15	bleb	3	voiced	usable	119	D	Reversed
Roettger_etal_2014	2	15	blep	3	voiceless	usable	112	D	Reversed
Roettger_etal_2014	2	15	blog	3	voiced	usable	125	B	Normal
Roettger_etal_2014	2	15	blok	3	voiceless	usable	110	B	Normal
Roettger_etal_2014	2	15	dieg	3	voiced	usable	108	B	Normal
Roettger_etal_2014	2	15	diek	3	voiceless	usable	98	B	Normal
Roettger_etal_2014	2	15	dob	3	voiced	usable	147	D	Reversed
Roettger_etal_2014	2	15	dop	3	voiceless	usable	147	D	Reversed
Roettger_etal_2014	2	15	dug	3	voiced	usable	121	B	Normal
Roettger_etal_2014	2	15	duk	3	voiceless	usable	131	B	Normal
Roettger_etal_2014	2	15	fag	3	voiced	usable	127	B	Normal
Roettger_etal_2014	2	15	fak	3	voiceless	usable	139	B	Normal
Roettger_etal_2014	2	15	faub	3	voiced	usable	129	B	Normal
Roettger_etal_2014	2	15	faup	3	voiceless	usable	123	B	Normal
Roettger_etal_2014	2	15	frog	3	voiced	usable	118	D	Reversed
Roettger_etal_2014	2	15	frok	3	voiceless	usable	124	D	Reversed
Roettger_etal_2014	2	15	gag	3	voiced	usable	176	D	Reversed
Roettger_etal_2014	2	15	gak	3	voiceless	usable	185	D	Reversed
Roettger_etal_2014	2	15	gaug	3	voiced	usable	171	D	Reversed
Roettger_etal_2014	2	15	gauk	3	voiceless	usable	145	D	Reversed
Roettger_etal_2014	2	15	gob	3	voiced	usable	137	B	Normal
Roettger_etal_2014	2	15	gop	3	voiceless	usable	134	B	Normal
Roettger_etal_2014	2	15	grieb	3	voiced	usable	117	B	Normal
Roettger_etal_2014	2	15	griep	3	voiceless	usable	130	B	Normal
Roettger_etal_2014	2	15	heg	3	voiced	usable	112	B	Normal
Roettger_etal_2014	2	15	hek	3	voiceless	usable	115	B	Normal
Roettger_etal_2014	2	15	klab	3	voiced	usable	141	B	Normal
Roettger_etal_2014	2	15	klap	3	voiceless	usable	134	B	Normal
Roettger_etal_2014	2	15	mieb	3	voiced	usable	119	D	Reversed
Roettger_etal_2014	2	15	miep	3	voiceless	usable	119	D	Reversed
Roettger_etal_2014	2	15	naub	3	voiced	usable	163	D	Reversed
Roettger_etal_2014	2	15	naup	3	voiceless	usable	152	D	Reversed
Roettger_etal_2014	2	15	prug	3	voiced	usable	87	D	Reversed
Roettger_etal_2014	2	15	pruk	3	voiceless	usable	81	D	Reversed
Roettger_etal_2014	2	15	schlab	3	voiced	usable	137	D	Reversed
Roettger_etal_2014	2	15	schlap	3	voiceless	usable	126	D	Reversed
Roettger_etal_2014	2	15	schrieg	3	voiced	usable	113	D	Reversed
Roettger_etal_2014	2	15	schriek	3	voiceless	usable	94	D	Reversed
Roettger_etal_2014	2	15	staug	3	voiced	usable	145	B	Normal
Roettger_etal_2014	2	15	stauk	3	voiceless	usable	148	B	Normal
Roettger_etal_2014	2	15	streg	3	voiced	usable	142	D	Reversed
Roettger_etal_2014	2	15	strek	3	voiceless	usable	121	D	Reversed
Roettger_etal_2014	2	15	sub	3	voiced	usable	119	D	Reversed
Roettger_etal_2014	2	15	sup	3	voiceless	usable	102	D	Reversed
Roettger_etal_2014	2	15	wub	3	voiced	usable	106	B	Normal
Roettger_etal_2014	2	15	wup	3	voiceless	usable	126	B	Normal
Roettger_etal_2014	2	15	zeb	3	voiced	usable	117	B	Normal
Roettger_etal_2014	2	15	zep	3	voiceless	usable	113	B	Normal
Roettger_etal_2014	2	16	baug	1	voiced	usable	158	A	Enhanced
Roettger_etal_2014	2	16	bauk	1	voiceless	usable	150	A	Enhanced
Roettger_etal_2014	2	16	beg	1	voiced	usable	143	A	Enhanced
Roettger_etal_2014	2	16	bek	1	voiceless	usable	109	A	Enhanced
Roettger_etal_2014	2	16	bleb	1	voiced	usable	86	D	Reversed
Roettger_etal_2014	2	16	blep	1	voiceless	usable	107	D	Reversed
Roettger_etal_2014	2	16	blog	1	voiced	usable	NA	B	Normal
Roettger_etal_2014	2	16	blok	1	voiceless	usable	NA	B	Normal
Roettger_etal_2014	2	16	dab	1	voiced	usable	145	C	Reduced
Roettger_etal_2014	2	16	dag	1	voiced	usable	167	C	Reduced
Roettger_etal_2014	2	16	dak	1	voiceless	usable	167	C	Reduced
Roettger_etal_2014	2	16	dap	1	voiceless	usable	142	C	Reduced
Roettger_etal_2014	2	16	dieg	1	voiced	usable	NA	B	Normal
Roettger_etal_2014	2	16	diek	1	voiceless	usable	NA	B	Normal
Roettger_etal_2014	2	16	dob	1	voiced	usable	115	D	Reversed
Roettger_etal_2014	2	16	dop	1	voiceless	usable	136	D	Reversed
Roettger_etal_2014	2	16	drub	1	voiced	usable	143	C	Reduced
Roettger_etal_2014	2	16	drup	1	voiceless	usable	91	C	Reduced
Roettger_etal_2014	2	16	dug	1	voiced	usable	NA	B	Normal
Roettger_etal_2014	2	16	duk	1	voiceless	usable	NA	B	Normal
Roettger_etal_2014	2	16	fag	1	voiced	usable	141	B	Normal
Roettger_etal_2014	2	16	fak	1	voiceless	usable	158	B	Normal
Roettger_etal_2014	2	16	faub	1	voiced	usable	114	B	Normal
Roettger_etal_2014	2	16	faup	1	voiceless	usable	122	B	Normal
Roettger_etal_2014	2	16	flab	1	voiced	usable	NA	A	Enhanced
Roettger_etal_2014	2	16	flap	1	voiceless	usable	NA	A	Enhanced
Roettger_etal_2014	2	16	fleb	1	voiced	usable	104	C	Reduced
Roettger_etal_2014	2	16	flep	1	voiceless	usable	82	C	Reduced
Roettger_etal_2014	2	16	freb	1	voiced	usable	105	A	Enhanced
Roettger_etal_2014	2	16	frep	1	voiceless	usable	106	A	Enhanced
Roettger_etal_2014	2	16	frob	1	voiced	usable	111	C	Reduced
Roettger_etal_2014	2	16	frog	1	voiced	usable	NA	D	Reversed
Roettger_etal_2014	2	16	frok	1	voiceless	usable	NA	D	Reversed
Roettger_etal_2014	2	16	frop	1	voiceless	usable	110	C	Reduced
Roettger_etal_2014	2	16	frub	1	voiced	usable	94	A	Enhanced
Roettger_etal_2014	2	16	frup	1	voiceless	usable	98	A	Enhanced
Roettger_etal_2014	2	16	gag	1	voiced	usable	NA	D	Reversed
Roettger_etal_2014	2	16	gak	1	voiceless	usable	NA	D	Reversed
Roettger_etal_2014	2	16	gaub	1	voiced	usable	131	C	Reduced
Roettger_etal_2014	2	16	gaug	1	voiced	usable	152	D	Reversed
Roettger_etal_2014	2	16	gauk	1	voiceless	usable	148	D	Reversed
Roettger_etal_2014	2	16	gaup	1	voiceless	usable	119	C	Reduced
Roettger_etal_2014	2	16	gleg	1	voiced	usable	116	C	Reduced
Roettger_etal_2014	2	16	glek	1	voiceless	usable	117	C	Reduced
Roettger_etal_2014	2	16	glieb	1	voiced	usable	114	C	Reduced
Roettger_etal_2014	2	16	gliep	1	voiceless	usable	73	C	Reduced
Roettger_etal_2014	2	16	gob	1	voiced	usable	105	B	Normal
Roettger_etal_2014	2	16	gop	1	voiceless	usable	106	B	Normal
Roettger_etal_2014	2	16	grieb	1	voiced	usable	83	B	Normal
Roettger_etal_2014	2	16	griep	1	voiceless	usable	85	B	Normal
Roettger_etal_2014	2	16	heg	1	voiced	usable	96	B	Normal
Roettger_etal_2014	2	16	hek	1	voiceless	usable	111	B	Normal
Roettger_etal_2014	2	16	klab	1	voiced	usable	139	B	Normal
Roettger_etal_2014	2	16	klap	1	voiceless	usable	134	B	Normal
Roettger_etal_2014	2	16	krob	1	voiced	usable	89	A	Enhanced
Roettger_etal_2014	2	16	krop	1	voiceless	usable	92	A	Enhanced
Roettger_etal_2014	2	16	mieb	1	voiced	usable	NA	D	Reversed
Roettger_etal_2014	2	16	miep	1	voiceless	usable	NA	D	Reversed
Roettger_etal_2014	2	16	naub	1	voiced	usable	148	D	Reversed
Roettger_etal_2014	2	16	naug	1	voiced	usable	153	C	Reduced
Roettger_etal_2014	2	16	nauk	1	voiceless	usable	159	C	Reduced
Roettger_etal_2014	2	16	naup	1	voiceless	usable	145	D	Reversed
Roettger_etal_2014	2	16	nug	1	voiced	usable	NA	A	Enhanced
Roettger_etal_2014	2	16	nuk	1	voiceless	usable	NA	A	Enhanced
Roettger_etal_2014	2	16	prieg	1	voiced	usable	NA	A	Enhanced
Roettger_etal_2014	2	16	priek	1	voiceless	usable	NA	A	Enhanced
Roettger_etal_2014	2	16	prug	1	voiced	usable	NA	D	Reversed
Roettger_etal_2014	2	16	pruk	1	voiceless	usable	NA	D	Reversed
Roettger_etal_2014	2	16	rog	1	voiced	usable	131	C	Reduced
Roettger_etal_2014	2	16	rok	1	voiceless	usable	111	C	Reduced
Roettger_etal_2014	2	16	schlab	1	voiced	usable	104	D	Reversed
Roettger_etal_2014	2	16	schlap	1	voiceless	usable	139	D	Reversed
Roettger_etal_2014	2	16	schmaub	1	voiced	usable	135	A	Enhanced
Roettger_etal_2014	2	16	schmaup	1	voiceless	usable	114	A	Enhanced
Roettger_etal_2014	2	16	schrieg	1	voiced	usable	98	D	Reversed
Roettger_etal_2014	2	16	schriek	1	voiceless	usable	105	D	Reversed
Roettger_etal_2014	2	16	schug	1	voiced	usable	NA	C	Reduced
Roettger_etal_2014	2	16	schuk	1	voiceless	usable	NA	C	Reduced
Roettger_etal_2014	2	16	spag	1	voiced	usable	172	A	Enhanced
Roettger_etal_2014	2	16	spak	1	voiceless	usable	135	A	Enhanced
Roettger_etal_2014	2	16	staug	1	voiced	usable	144	B	Normal
Roettger_etal_2014	2	16	stauk	1	voiceless	usable	138	B	Normal
Roettger_etal_2014	2	16	streg	1	voiced	usable	114	D	Reversed
Roettger_etal_2014	2	16	strek	1	voiceless	usable	120	D	Reversed
Roettger_etal_2014	2	16	sub	1	voiced	usable	NA	D	Reversed
Roettger_etal_2014	2	16	sup	1	voiceless	usable	NA	D	Reversed
Roettger_etal_2014	2	16	trieg	1	voiced	usable	110	C	Reduced
Roettger_etal_2014	2	16	triek	1	voiceless	usable	94	C	Reduced
Roettger_etal_2014	2	16	wieb	1	voiced	usable	NA	A	Enhanced
Roettger_etal_2014	2	16	wiep	1	voiceless	usable	NA	A	Enhanced
Roettger_etal_2014	2	16	wub	1	voiced	usable	74	B	Normal
Roettger_etal_2014	2	16	wug	1	voiced	usable	NA	A	Enhanced
Roettger_etal_2014	2	16	wuk	1	voiceless	usable	NA	A	Enhanced
Roettger_etal_2014	2	16	wup	1	voiceless	usable	91	B	Normal
Roettger_etal_2014	2	16	zeb	1	voiced	usable	NA	B	Normal
Roettger_etal_2014	2	16	zep	1	voiceless	usable	NA	B	Normal
Roettger_etal_2014	2	16	bleb	2	voiced	usable	89	D	Reversed
Roettger_etal_2014	2	16	blep	2	voiceless	usable	102	D	Reversed
Roettger_etal_2014	2	16	blog	2	voiced	usable	NA	B	Normal
Roettger_etal_2014	2	16	blok	2	voiceless	usable	NA	B	Normal
Roettger_etal_2014	2	16	dieg	2	voiced	usable	106	B	Normal
Roettger_etal_2014	2	16	diek	2	voiceless	usable	94	B	Normal
Roettger_etal_2014	2	16	dob	2	voiced	usable	132	D	Reversed
Roettger_etal_2014	2	16	dop	2	voiceless	usable	117	D	Reversed
Roettger_etal_2014	2	16	dug	2	voiced	usable	130	B	Normal
Roettger_etal_2014	2	16	duk	2	voiceless	usable	129	B	Normal
Roettger_etal_2014	2	16	fag	2	voiced	usable	160	B	Normal
Roettger_etal_2014	2	16	fak	2	voiceless	usable	138	B	Normal
Roettger_etal_2014	2	16	faub	2	voiced	usable	119	B	Normal
Roettger_etal_2014	2	16	faup	2	voiceless	usable	143	B	Normal
Roettger_etal_2014	2	16	frog	2	voiced	usable	113	D	Reversed
Roettger_etal_2014	2	16	frok	2	voiceless	usable	99	D	Reversed
Roettger_etal_2014	2	16	gag	2	voiced	usable	170	D	Reversed
Roettger_etal_2014	2	16	gak	2	voiceless	usable	167	D	Reversed
Roettger_etal_2014	2	16	gaug	2	voiced	usable	NA	D	Reversed
Roettger_etal_2014	2	16	gauk	2	voiceless	usable	NA	D	Reversed
Roettger_etal_2014	2	16	gob	2	voiced	usable	126	B	Normal
Roettger_etal_2014	2	16	gop	2	voiceless	usable	94	B	Normal
Roettger_etal_2014	2	16	grieb	2	voiced	usable	95	B	Normal
Roettger_etal_2014	2	16	griep	2	voiceless	usable	88	B	Normal
Roettger_etal_2014	2	16	heg	2	voiced	usable	125	B	Normal
Roettger_etal_2014	2	16	hek	2	voiceless	usable	104	B	Normal
Roettger_etal_2014	2	16	klab	2	voiced	usable	145	B	Normal
Roettger_etal_2014	2	16	klap	2	voiceless	usable	143	B	Normal
Roettger_etal_2014	2	16	mieb	2	voiced	usable	NA	D	Reversed
Roettger_etal_2014	2	16	miep	2	voiceless	usable	NA	D	Reversed
Roettger_etal_2014	2	16	naub	2	voiced	usable	130	D	Reversed
Roettger_etal_2014	2	16	naup	2	voiceless	usable	143	D	Reversed
Roettger_etal_2014	2	16	prug	2	voiced	usable	NA	D	Reversed
Roettger_etal_2014	2	16	pruk	2	voiceless	usable	NA	D	Reversed
Roettger_etal_2014	2	16	schlab	2	voiced	usable	132	D	Reversed
Roettger_etal_2014	2	16	schlap	2	voiceless	usable	147	D	Reversed
Roettger_etal_2014	2	16	schrieg	2	voiced	usable	95	D	Reversed
Roettger_etal_2014	2	16	schriek	2	voiceless	usable	129	D	Reversed
Roettger_etal_2014	2	16	staug	2	voiced	usable	169	B	Normal
Roettger_etal_2014	2	16	stauk	2	voiceless	usable	125	B	Normal
Roettger_etal_2014	2	16	streg	2	voiced	usable	120	D	Reversed
Roettger_etal_2014	2	16	strek	2	voiceless	usable	117	D	Reversed
Roettger_etal_2014	2	16	sub	2	voiced	usable	94	D	Reversed
Roettger_etal_2014	2	16	sup	2	voiceless	usable	90	D	Reversed
Roettger_etal_2014	2	16	wub	2	voiced	usable	103	B	Normal
Roettger_etal_2014	2	16	wup	2	voiceless	usable	93	B	Normal
Roettger_etal_2014	2	16	zeb	2	voiced	usable	NA	B	Normal
Roettger_etal_2014	2	16	zep	2	voiceless	usable	NA	B	Normal
Roettger_etal_2014	2	16	bleb	3	voiced	usable	80	D	Reversed
Roettger_etal_2014	2	16	blep	3	voiceless	usable	79	D	Reversed
Roettger_etal_2014	2	16	blog	3	voiced	usable	112	B	Normal
Roettger_etal_2014	2	16	blok	3	voiceless	usable	125	B	Normal
Roettger_etal_2014	2	16	dieg	3	voiced	usable	101	B	Normal
Roettger_etal_2014	2	16	diek	3	voiceless	usable	102	B	Normal
Roettger_etal_2014	2	16	dob	3	voiced	usable	119	D	Reversed
Roettger_etal_2014	2	16	dop	3	voiceless	usable	122	D	Reversed
Roettger_etal_2014	2	16	dug	3	voiced	usable	88	B	Normal
Roettger_etal_2014	2	16	duk	3	voiceless	usable	103	B	Normal
Roettger_etal_2014	2	16	fag	3	voiced	usable	192	B	Normal
Roettger_etal_2014	2	16	fak	3	voiceless	usable	169	B	Normal
Roettger_etal_2014	2	16	faub	3	voiced	usable	NA	B	Normal
Roettger_etal_2014	2	16	faup	3	voiceless	usable	NA	B	Normal
Roettger_etal_2014	2	16	frog	3	voiced	usable	111	D	Reversed
Roettger_etal_2014	2	16	frok	3	voiceless	usable	114	D	Reversed
Roettger_etal_2014	2	16	gag	3	voiced	usable	179	D	Reversed
Roettger_etal_2014	2	16	gak	3	voiceless	usable	174	D	Reversed
Roettger_etal_2014	2	16	gaug	3	voiced	usable	163	D	Reversed
Roettger_etal_2014	2	16	gauk	3	voiceless	usable	166	D	Reversed
Roettger_etal_2014	2	16	gob	3	voiced	usable	110	B	Normal
Roettger_etal_2014	2	16	gop	3	voiceless	usable	108	B	Normal
Roettger_etal_2014	2	16	grieb	3	voiced	usable	86	B	Normal
Roettger_etal_2014	2	16	griep	3	voiceless	usable	91	B	Normal
Roettger_etal_2014	2	16	heg	3	voiced	usable	124	B	Normal
Roettger_etal_2014	2	16	hek	3	voiceless	usable	106	B	Normal
Roettger_etal_2014	2	16	klab	3	voiced	usable	162	B	Normal
Roettger_etal_2014	2	16	klap	3	voiceless	usable	157	B	Normal
Roettger_etal_2014	2	16	mieb	3	voiced	usable	88	D	Reversed
Roettger_etal_2014	2	16	miep	3	voiceless	usable	83	D	Reversed
Roettger_etal_2014	2	16	naub	3	voiced	usable	166	D	Reversed
Roettger_etal_2014	2	16	naup	3	voiceless	usable	145	D	Reversed
Roettger_etal_2014	2	16	prug	3	voiced	usable	104	D	Reversed
Roettger_etal_2014	2	16	pruk	3	voiceless	usable	105	D	Reversed
Roettger_etal_2014	2	16	schlab	3	voiced	usable	137	D	Reversed
Roettger_etal_2014	2	16	schlap	3	voiceless	usable	141	D	Reversed
Roettger_etal_2014	2	16	schrieg	3	voiced	usable	103	D	Reversed
Roettger_etal_2014	2	16	schriek	3	voiceless	usable	112	D	Reversed
Roettger_etal_2014	2	16	staug	3	voiced	usable	155	B	Normal
Roettger_etal_2014	2	16	stauk	3	voiceless	usable	142	B	Normal
Roettger_etal_2014	2	16	streg	3	voiced	usable	NA	D	Reversed
Roettger_etal_2014	2	16	strek	3	voiceless	usable	NA	D	Reversed
Roettger_etal_2014	2	16	sub	3	voiced	usable	93	D	Reversed
Roettger_etal_2014	2	16	sup	3	voiceless	usable	101	D	Reversed
Roettger_etal_2014	2	16	wub	3	voiced	usable	83	B	Normal
Roettger_etal_2014	2	16	wup	3	voiceless	usable	83	B	Normal
Roettger_etal_2014	2	16	zeb	3	voiced	usable	104	B	Normal
Roettger_etal_2014	2	16	zep	3	voiceless	usable	90	B	Normal
